:020000041004E6
:1000000000000120CDAD061005AE06100DAE0610A5
:1000100000000000000000000000000000000000E0
:1000200000000000000000000000000015AE0610F7
:10003000000000000000000017AE061019AE061008
:100040003F7904106BC8041073CA04108BCA0410E3
:10005000000000000000000000000000EBD30410CE
:1000600021AE061083D404109BEA04101FFF041075
:100070006F09051049AE061000000000EF0F0510D3
:1000800007230510CB27051071AE061000000000F5
:1000900069AE0610000000000000000061AE06100E
:1000A000F72A051079AE06109F2F05102F33051083
:1000B00053340510000000000000000000000000A4
:1000C0000000000000002440000000000000594033
:1000D000000000000088C3400000000084D7974162
:1000E0000080E03779C34143176E05B5B5B8934634
:1000F000F5F93FE9034F384D321D30F94877825A00
:100100003CBF737FDD4F15754572726F7220696E4B
:1001100020424C455F535441434B5F496E697428FC
:1001200029203078253032780D0A000020204661E1
:10013000696C2020203A206163695F68616C5F7799
:10014000726974655F636F6E6669675F646174612D
:1001500020636F6D6D616E64202D20434F4E4649C4
:10016000475F444154415F505542414444525F4FC0
:1001700046465345542C20726573756C743A203092
:1001800078253032580A0000202053756363657368
:10019000733A206163695F68616C5F777269746547
:1001A0005F636F6E6669675F6461746120636F6D22
:1001B0006D616E64202D20434F4E4649475F444198
:1001C00054415F505542414444525F4F4646534567
:1001D000540A000020204661696C2020203A2061EA
:1001E00063695F68616C5F7365745F74785F706F7B
:1001F0007765725F6C6576656C20636F6D6D616E9F
:10020000642C20726573756C743A20307825303216
:10021000580A00002020537563636573733A2061A8
:1002200063695F68616C5F7365745F74785F706F3A
:100230007765725F6C6576656C20636F6D6D616E5E
:10024000640A000020204661696C2020203A206862
:1002500063695F6C655F77726974655F7375676703
:1002600065737465645F64656661756C745F646111
:1002700074615F6C656E67746820636F6D6D616E2D
:10028000642C20726573756C743A20307825303296
:10029000580A000020204661696C2020203A206125
:1002A00063695F676174745F7372765F70726F66A3
:1002B000696C655F696E697420636F6D6D616E64F2
:1002C0002C20726573756C743A2030782530325862
:1002D0000A0000002020537563636573733A206140
:1002E00063695F676174745F7372765F70726F6663
:1002F000696C655F696E697420636F6D6D616E64B2
:100300000A00000020204661696C2020203A20610C
:1003100063695F6761705F696E697420636F6D6D9B
:10032000616E642C20726573756C743A2030782588
:100330003032580A00000000202053756363657353
:10034000733A206163695F6761705F696E697420E9
:10035000636F6D6D616E640A0000000020205075AF
:10036000626C696320426C7565746F6F74682041BC
:100370006464726573733A20253032783A253032DE
:10038000783A253032783A253032783A253032784A
:100390003A253032780A000020204661696C20201E
:1003A000203A204761705F70726F66696C655F7399
:1003B00065745F6465765F6E616D65202D204465B0
:1003C00076696365204E616D652C20726573756C6E
:1003D000743A203078253032580A000020205375B6
:1003E00063636573733A204761705F70726F66690B
:1003F0006C655F7365745F6465765F6E616D6520C3
:100400002D20446576696365204E616D650A0000A4
:1004100020204661696C2020203A204761705F707F
:10042000726F66696C655F7365745F61707065613A
:1004300072616E6365202D20417070656172616E1E
:1004400063652C20726573756C743A2030782530A2
:1004500032580A002020537563636573733A20474E
:1004600061705F70726F66696C655F7365745F6100
:100470007070656172616E6365202D2041707065DA
:100480006172616E63650A0020204661696C2020FC
:10049000203A206163695F6761705F7365745F69AB
:1004A0006F5F6361706162696C69747920636F6DFD
:1004B0006D616E642C20726573756C743A203078AF
:1004C000253032580A00000020205375636365739D
:1004D000733A206163695F6761705F7365745F6918
:1004E0006F5F6361706162696C69747920636F6DBD
:1004F0006D616E640A00000020204661696C202056
:10050000203A206163695F6761705F7365745F7330
:10051000656375726974795F726571756972656D0D
:10052000656E747320636F6D6D616E642C207265EF
:1005300073756C743A203078253032580A00000008
:100540002020537563636573733A206163695F6745
:1005500061705F7365745F73656375726974795FE9
:10056000726571756972656D656E747320636F6D08
:100570006D616E640A00000020204661696C2020D5
:10058000203A206163695F6761705F636F6E6669BF
:10059000677572655F66696C7465725F61636365D8
:1005A00070745F616E645F7265736F6C76696E679D
:1005B0005F6C69737420636F6D6D616E642C207263
:1005C0006573756C743A203078253032580A000013
:1005D0002020537563636573733A206163695F67B5
:1005E00061705F636F6E6669677572655F66696C7F
:1005F0007465725F6163636570745F616E645F727E
:1006000065736F6C76696E675F6C69737420636F76
:100610006D6D616E640A0000FFFFFFFFC0FFFFFF0A
:1006200020204661696C2020203A206163695F6761
:1006300061705F7365745F6C655F6576656E745F2E
:100640006D61736B20636F6D6D616E642C207265DC
:1006500073756C743A203078253032580A000000E7
:100660002020537563636573733A206163695F6724
:1006700061705F7365745F6C655F6576656E745FEE
:100680006D61736B20636F6D6D616E640A000000B5
:100690003D3D3E3E20456E6420424C455F496E69BB
:1006A000742066756E6374696F6E0A003E3E3D3D50
:1006B000204843495F444953434F4E4E45435449B4
:1006C0004F4E5F434F4D504C4554455F4556545F28
:1006D000434F44450A00000020202020202D2043C5
:1006E0006F6E6E656374696F6E2048616E646C65D1
:1006F0003A2020203078253032580A20202020202F
:100700002D20526561736F6E3A20202020307825AD
:100710003032580A000000003E3E3D3D204843492B
:100720005F4C455F434F4E4E454354494F4E5F55D6
:1007300050444154455F434F4D504C4554455F53E1
:1007400055424556545F434F44450A00202020201F
:10075000202D20436F6E6E656374696F6E20496E45
:1007600074657276616C3A20202025642E25303223
:1007700064206D730A20202020202D20436F6E6E90
:10078000656374696F6E206C6174656E63793A207D
:1007900020202025640A20202020202D2053757041
:1007A0006572766973696F6E2054696D656F7574D3
:1007B0003A2020202564206D730A00004843495FD9
:1007C0004C455F454E48414E4345445F434F4E4E76
:1007D000454354494F4E5F434F4D504C4554455F40
:1007E0005355424556545F434F44450A00000000AC
:1007F0004843495F4C455F454E48414E4345445F41
:10080000434F4E4E454354494F4E5F434F4D504C1E
:100810004554455F56325F5355424556545F434FEA
:1008200044450A004843495F4C455F434F4E4E459F
:100830004354494F4E5F434F4D504C4554455F53D1
:1008400055424556545F434F44450A004C455F4668
:10085000656174757265733A200000003078253048
:10086000325820004843495F4C455F504552494F3C
:100870004449435F4144564552544953494E475FAA
:10088000524553504F4E53455F5245504F52540AB4
:10089000000000004843495F4C455F4D4554415FAF
:1008A0004556543A203078253032580A000000006E
:1008B00020204661696C2020203A206163695F6CCA
:1008C000326361705F636F6E6E656374696F6E5FD4
:1008D000706172616D657465725F75706461746575
:1008E0005F7265737020636F6D6D616E640A0000E6
:1008F0002020537563636573733A206163695F6C8D
:10090000326361705F636F6E6E656374696F6E5F93
:10091000706172616D657465725F75706461746534
:100920005F7265737020636F6D6D616E640A0000A5
:100930003E3E3D3D204143495F4741505F50524F4D
:10094000435F434F4D504C4554455F5653455654B5
:100950005F434F44450A00002B5343414E454E44EC
:100960000D0A00003E3E3D3D204143495F47415056
:100970005F4B455950524553535F4E4F544946497A
:10098000434154494F4E5F56534556545F434F447D
:10099000450A00003E3E3D3D204143495F474150EE
:1009A0005F504153534B45595F5245515F56534534
:1009B00056545F434F44450A000000003D3D3E3E13
:1009C000206163695F6761705F706173736B6579E4
:1009D0005F72657370203A204661696C2C207265E5
:1009E00061736F6E3A203078253032580A0000006B
:1009F0003D3D3E3E206163695F6761705F7061737A
:100A0000736B65795F72657370203A205375636309
:100A10006573730A000000003E3E3D3D204143499E
:100A20005F4741505F4E554D455249435F434F4DDF
:100A300050415249534F4E5F56414C55455F5653B6
:100A40004556545F434F44450A00000020202020B3
:100A5000202D206E756D657269635F76616C7565BA
:100A6000203D2025640A000020202020202D204841
:100A700065785F76616C7565203D2025780A0000F9
:100A80003D3D3E3E206163695F6761705F6E756DDD
:100A9000657269635F636F6D70617269736F6E5FBA
:100AA00076616C75655F636F6E6669726D5F79659F
:100AB000736E6F203A204661696C2C2072656173F9
:100AC0006F6E3A203078253032580A003D3D3E3E68
:100AD000206163695F6761705F6E756D65726963E0
:100AE0005F636F6D70617269736F6E5F76616C7555
:100AF000655F636F6E6669726D5F7965736E6F2097
:100B00003A20537563636573730A00003E3E3D3DB2
:100B1000204143495F4741505F50414952494E4748
:100B20005F434F4D504C4554455F56534556545FB7
:100B3000434F44450A00000020202020202D205053
:100B4000616972696E67204B4F0A20202020202D9A
:100B5000205374617475733A203078253032580A06
:100B600020202020202D20526561736F6E3A2030A6
:100B700078253032580A000020202020202D2050D7
:100B8000616972696E6720537563636573730A00E8
:100B900050616972696E67206661696C6564206680
:100BA0006F72206B6579206D697373696E67206F52
:100BB0006E2070656572206465766963650A000061
:100BC00052656D6F7665206465766963652066722F
:100BD0006F6D204E564D206C6973740A0000000042
:100BE00052656D6F766520626F6E640A00000000CA
:100BF0003E3E3D3D204143495F4C324341505F43BF
:100C00004F535F434F4E4E454354494F4E5F5245FD
:100C100053505F56534556545F434F44450A0000B6
:100C20004368616E6E656C5F547970653A20256427
:100C30000A506565725F4D54553A2025640A506527
:100C400065725F4D50533A2025640A4349445F431F
:100C50006F756E743A2025640A0000003E3E3D3DEB
:100C6000204143495F4C324341505F434F535F53F0
:100C700044555F444154415F54585F565345565460
:100C80005F434F44450A00003E3E3D3D20414349FD
:100C90005F4C324341505F434F535F444953434F8E
:100CA0004E4E454354494F4E5F434F4D504C455473
:100CB000455F56534556545F434F44450A00000074
:100CC0004143495F48414C5F46575F4552524F523E
:100CD0005F5653455654203078253032580A00006C
:100CE0004843495F56454E444F525F4556543A205B
:100CF0003078253034580A004843495F484152440F
:100D0000574152455F4552524F525F45565420302D
:100D100078253032580A00004843495F4556454E11
:100D2000543A203078253032580A00003E3E3D3D8E
:100D3000206863695F6C655F636F6E6E656374697D
:100D40006F6E5F636F6D706C6574655F6576656E01
:100D500074202D20436F6E6E656374696F6E20681A
:100D6000616E646C653A203078253034580A000092
:100D700020202020202D20436F6E6E656374696FE4
:100D80006E2065737461626C69736865642077694D
:100D9000746820403A253032783A253032783A2546
:100DA0003032783A253032783A253032783A253068
:100DB00032780A0020202020202D20436F6E6E659F
:100DC0006374696F6E20496E74657276616C3A2047
:100DD000202025642E25303264206D730A202020C7
:100DE00020202D20436F6E6E656374696F6E206CDA
:100DF0006174656E63793A2020202025640A2020E2
:100E00002020202D205375706572766973696F6E8E
:100E10002054696D656F75743A202564206D7320C8
:100E20002020202D205374617475733A203078256A
:100E30003032780A000000006163695F6761705FAB
:100E40007465726D696E617465206661696C757236
:100E5000653A20726561736F6E3D30782530325887
:100E60000A0000003D3D3E3E206163695F6761709E
:100E70005F7465726D696E617465203A20537563A5
:100E8000636573730A0000006163695F676174746E
:100E90005F636C745F65786368616E67655F636FDD
:100EA0006E666967206661696C7572653A20726565
:100EB00061736F6E3D3078253032580A00000000B3
:100EC0003D3D3E3E206163695F676174745F636CA2
:100ED000745F65786368616E67655F636F6E66698E
:100EE00067203A20537563636573730A000000003E
:100EF0006163695F6761705F7365745F7363616E7F
:100F00005F636F6E66696775726174696F6E202DBD
:100F1000206661696C2C20726573756C743A2030A0
:100F200078253032580A00003D3D3E3E206163691D
:100F30005F6761705F7365745F7363616E5F636F3A
:100F40006E66696775726174696F6E202D205375C6
:100F500063636573730A00006163695F6761705F53
:100F600073746172745F70726F636564757265200B
:100F70002D206661696C2C20726573756C743A2043
:100F80003078253032580A003D3D3E3E206163698D
:100F90005F6761705F73746172745F70726F6365B5
:100FA00064757265202D20537563636573730A0041
:100FB0003D3D3E3E206163695F6761705F736574AC
:100FC0005F6164766572746973696E675F636F6E83
:100FD00066696775726174696F6E202D206661693C
:100FE0006C2C20726573756C743A20307825303221
:100FF000580A00003D3D3E3E2053756363657373A0
:101000003A206163695F6761705F7365745F6164F3
:10101000766572746973696E675F636F6E66696720
:1010200075726174696F6E0A000000003D3D3E3EBE
:10103000206863695F6C655F7365745F7065726972
:101040006F6469635F6164766572746973696E6702
:101050005F706172616D65746572735F7632202DA9
:10106000206661696C2C20726573756C743A20304F
:1010700078253032580A00003D3D3E3E20537563CE
:10108000636573733A206863695F6C655F73657449
:101090005F706572696F6469635F616476657274BD
:1010A0006973696E675F706172616D657465727393
:1010B0005F76320A000000003D3D3E3E20686369D5
:1010C0005F6C655F7365745F706572696F64696397
:1010D0005F6164766572746973696E675F656E617E
:1010E000626C65202D206661696C2C2072657375B9
:1010F0006C743A203078253032580A003D3D3E3E2F
:1011000020537563636573733A206863695F6C6528
:101110005F7365745F706572696F6469635F616452
:10112000766572746973696E675F656E61626C651E
:101130000A0000003D3D3E3E206863695F6C655FCC
:101140007365745F657874656E6465645F61647609
:101150006572746973696E675F656E61626C652044
:101160002D206661696C2C20726573756C743A2051
:101170003078253032580A003D3D3E3E205375639D
:10118000636573733A206863695F6C655F73657448
:101190005F657874656E6465645F616476657274BA
:1011A0006973696E675F656E61626C650A00000055
:1011B0003D3D3E3E206163695F6761705F736574AA
:1011C0005F636F6E6E656374696F6E5F636F6E668B
:1011D000696775726174696F6E20537563636573B7
:1011E000732C20726573756C743A20307825303218
:1011F000780A00003D3D3E3E206163695F67617093
:101200005F7365745F636F6E6E656374696F6E5F45
:10121000636F6E66696775726174696F6E2046618F
:10122000696C65642C20726573756C743A20307833
:10123000253032780A0000006163695F6761705F82
:1012400073746172745F70726F6365647572652028
:101250002867656E6572616C20636F6E6E6563747E
:10126000696F6E29202D206661696C2C2072657370
:10127000756C743A203078253032580A000000002E
:101280003D3D3E3E206163695F6761705F737461DD
:1012900072745F70726F636564757265202867652C
:1012A0006E6572616C20636F6E6E656374696F6EDC
:1012B00029202D20537563636573730A00000000B5
:1012C0006863695F6C655F706572696F6469635FAD
:1012D0006164766572746973696E675F7365745F64
:1012E000696E666F5F7472616E73666572202D2021
:1012F0006661696C2C20726573756C743A20307865
:10130000253032582C20636F6E6E2068616E646CDD
:10131000653A203078253034580A00003D3D3E3E85
:10132000206863695F6C655F706572696F6469638B
:101330005F6164766572746973696E675F73657403
:101340005F696E666F5F7472616E73666572202D81
:1013500020537563636573730A0000006863695FF7
:101360006C655F726561645F72656D6F74655F6601
:1013700065617475726573202D20726573756C7468
:101380003A203078253032580A00000050616972E6
:10139000696E67207265717565737420636D642072
:1013A0006661696C7572653A203078253032580A6A
:1013B0000000000050616972696E67207265717586
:1013C00065737420636D6420737563636573730A5A
:1013D00000000000212121212120637265617465D4
:1013E0005F706572696F6469635F6164766572746A
:1013F0006973696E675F636F6E6E656374696F6E44
:10140000200A20506565725F4164647265737320C1
:10141000403A253032783A253032783A25303278E1
:101420003A253032783A253032783A253032780A07
:1014300000000000202020202020436F6E6E656396
:1014400074696F6E20496E74657276616C3A202003
:10145000202564206D730A20202D2053757065723D
:10146000766973696F6E2054696D656F75743A2083
:101470002564206D730A00006163695F6761705FB6
:101480006372656174655F706572696F6469635FDB
:101490006164766572746973696E675F636F6E6E9F
:1014A000656374696F6E202D206661696C2C2072F3
:1014B0006573756C743A203078253032580A000014
:1014C0003D3D3E3E206163695F6761705F637265A9
:1014D0006174655F706572696F6469635F6164768A
:1014E0006572746973696E675F636F6E6E6563744E
:1014F000696F6E202D20537563636573730A000056
:10150000436F6E666967757265642045534C20664B
:101510006F756E643A20253032783A253032783A49
:10152000253032783A253032783A253032783A25EB
:101530003032780A000000002B5343414E3A2025F8
:10154000642C253032582530325825303258253019
:10155000325825303258253032580A0043726561BE
:10156000746520636F6E6E656374696F6E20746F4F
:101570002045534C0A0000003D3D3E3E204741506F
:101580002043726561746520636F6E6E6563746974
:101590006F6E20537563636573730A003D3D3E3E75
:1015A000204741502043726561746520636F6E6E01
:1015B000656374696F6E204661696C65642C207286
:1015C0006573756C743A203078253032780A0000E3
:1015D00045534C41500000003C0F00209632000063
:1015E0000000010400003200F7000000FFFFFFFFD1
:1015F0006400011008020004F7000100000101026C
:101600000202020000010003000400000A0A574120
:10161000544348444F4720524553455421212121EA
:1016200021212121210A0A000A0A53595354454D08
:101630002052455345542121212121212121210AD4
:101640000A00000000C201000000000000000000CD
:1016500000000000526574726965766564207361EC
:101660007665642041502073796E63206B65790A3A
:101670000000000053657373696F6E206B65793AE3
:101680002000000025303258200000000A49563A58
:10169000200000004E6F2073617665642041502069
:1016A00053796E63206B65790A0000004572726F92
:1016B000722072657472696576696E672041502088
:1016C00053796E63206B65790A0000004E564D20F9
:1016D0006572617365640A0047656E657261746561
:1016E00064206E65772041502053796E63206B65CE
:1016F000790A00004572726F72207768696C652004
:10170000736176696E67206B65790A004B65792095
:1017100073617665640A000045534C20616C726504
:1017200061647920636F6E666967757265640A002B
:101730004E6F206E65656420746F207570646174EF
:101740006520696E666F0A005265636F726420647B
:10175000656C657465640A004572726F7220776803
:10176000696C6520616464696E67207265636F727D
:101770006420696E204E564D0A0000004E657720A9
:101780007265636F72642061646465640A000000BE
:1017900045534C5F41505F44656C65746545534CDF
:1017A000496E666F0A0000005265636F72642072B2
:1017B000656D6F7665640A00436C656172205365E0
:1017C0006375726974792044420A0000436C656154
:1017D000722045534C20696E666F2044420A000017
:1017E0003D3D3E3E20474154545F434C49454E5495
:1017F0005F4150505F5772697465454350202D20FA
:101800006661696C2C20726573756C743A2030784F
:10181000253032580A0000003D3D3E3E205375639E
:10182000636573733A20474154545F434C49454EB6
:10183000545F4150505F57726974654543500A00C8
:1018400053796E6368726F6E697A65642053746150
:101850007465207472616E736974696F6E0A00003A
:101860003D3D3E3E206C6C5F7365745F70657269D0
:101870006F6469635F6164766572746973696E67CA
:101880005F7375626576656E745F646174615F70C5
:101890007472202D206661696C2C20726573756CE2
:1018A000743A203078253032580A00003D3D3E3EE3
:1018B00020537563636573733A206C6C5F73657452
:1018C0005F706572696F6469635F61647665727485
:1018D0006973696E675F7375626576656E745F6460
:1018E0006174615F7074720A000000004465637285
:1018F000797074696F6E206661696C2E0A00000051
:1019000045534C5F41505F5374617274557064610C
:1019100074653A20696E666F206E6F7420666F750D
:101920006E640A0045534C204164647265737320F1
:10193000283078253034582920616C7265616479CB
:101940002061737369676E6564210A0053544D33D7
:10195000325742300000000002000000280F002033
:1019600000000000080000005802002000000000F5
:1019700001000000900400200A4741545420736580
:1019800072766963657320646973636F76657279D3
:101990000A0000006163695F676174745F636C745F
:1019A0005F646973635F616C6C5F7072696D6172B3
:1019B000795F7365727669636573206661696C2C03
:1019C00020737461747573203078253032580A0A98
:1019D000000000000A446973636F76657220616CD1
:1019E0006C204368617261637465726973746963C2
:1019F00073202868616E646C6573205B30782530D5
:101A00003458202D203078253034585D290A0000C4
:101A10006163695F676174745F636C745F64697349
:101A2000635F616C6C5F636861725F6F665F736553
:101A30007276696365206661696C2C2073746174C9
:101A40007573203078253032580A0A000A446973C9
:101A5000636F76657220616C6C20436861726163AC
:101A60007465726973746963732044657363726922
:101A700070746F7273205B307825303458202D20BD
:101A80003078253034585D0A000000006163695FDA
:101A9000676174745F636C745F646973635F616CC6
:101AA0006C5F636861725F64657363206661696C13
:101AB0002C20737461747573203078253032580A85
:101AC0000A00000020536572766963654368616EA1
:101AD000676564436861724465736348646C203D64
:101AE0003078253034580A00456E61626C65206E8E
:101AF0006F74696669636174696F6E73206F6E20BD
:101B0000454350202868616E646C6520307825302C
:101B10003458290A00000000456E61626C65206936
:101B20006E6469636174696F6E73206F6E204F41DC
:101B30004350202868616E646C652030782530340D
:101B400058290A00456E61626C6520696E6469639C
:101B50006174696F6E73206F6E204F4C4350202864
:101B600068616E646C6520307825303458290A002D
:101B70004E6F74696669636174696F6E7320656E18
:101B800061626C6564207375636365737366756CFD
:101B90006C790A00456E61626C696E67206E6F74C5
:101BA000696669636174696F6E73206661696C65EB
:101BB000642C20737461747573203078253032582A
:101BC0002C2067617474206572726F7220636F6479
:101BD000653D3078253032580A0000004143495FA6
:101BE000474154545F434C545F494E444943415428
:101BF000494F4E5F56534556545F434F44450A0084
:101C000053657276696365204368616E6765642019
:101C1000496E6469636174696F6E0A004741545488
:101C20002070726F63656475726520636F6D706C90
:101C30006574653A203078253032780A000000005B
:101C400020204D54552065786368616E6765642077
:101C500073697A65203D2025640A000020204741F1
:101C60005454204572726F7220526573706F6E7398
:101C70006520636F64653A20307825303278200A19
:101C80000000000020204741545420526561642028
:101C9000426C6F6220526573706F6E7365206C6565
:101CA0006E6768743A20307825303278200A000058
:101CB000555549443D3078253034582C2068616EA4
:101CC000646C65205B307825303458202D203078C6
:101CD000253034585D0000002C204741505F5345AB
:101CE00052564943455F5555494420666F756E64A9
:101CF0000A0000002C2047454E455249435F41549D
:101D0000545249425554455F534552564943455FE5
:101D10005555494420666F756E640A002C20455362
:101D20004C5F534552564943455F555549442066DB
:101D30006F756E640A0000002C2044657669636547
:101D400020496E666F726D6174696F6E20536572A3
:101D50007669636520666F756E640A004143495F6A
:101D60004154545F524541445F42595F47524F5579
:101D7000505F545950455F524553505F5653455636
:101D8000545F434F44452C206661696C6564206E46
:101D90006F206672656520696E64657820696E20C3
:101DA000636F6E6E656374696F6E207461626C65DB
:101DB00020210A004143495F4154545F46494E4443
:101DC0005F42595F545950455F56414C55455F52EB
:101DD0004553505F56534556545F434F4445202D5D
:101DE00020436F6E6E48646C3D3078253034582C3B
:101DF000204E756D5F6F665F48616E646C655F5005
:101E00006169723D25640A004143495F4154545F52
:101E100046494E445F42595F545950455F56414CC4
:101E200055455F524553505F56534556545F434F97
:101E30004445202D205061697449643D2564204645
:101E40006F756E645F4174747269627574655F4822
:101E5000616E646C653D3078253034582C204772B3
:101E60006F75705F456E645F48616E646C653D3090
:101E700078253034580A0000555549443D307825BE
:101E80003034582C2050726F706572746965733DE0
:101E90003078253034582C204368617248616E6474
:101EA0006C65205B307825303458202D2030782523
:101EB0003034585D000000002C204741502044453C
:101EC000564943455F4E414D4520636861726163E9
:101ED00020666F756E640A002C20474150204150E7
:101EE00050454152414E4345206368617261632011
:101EF000666F756E640A00002C20474154542053CD
:101F00004552564943455F4348414E4745445F4328
:101F1000484152414354455249535449435F5555F2
:101F200049442063686172616320666F756E640A5C
:101F3000000000002C2045534C5F434F4E54524F3D
:101F40004C5F504F494E545F55554944206368617A
:101F500072616320666F756E640A00002C20455321
:101F60004C5F414444524553535F555549442063A7
:101F7000686172616320666F756E640A000000001C
:101F80002C2041505F53594E435F4B45595F4D41A3
:101F900054455249414C5F5555494420636861722C
:101FA000616320666F756E640A0000002C20455343
:101FB0004C5F524553505F4B45595F4D415445521C
:101FC00049414C5F55554944206368617261632003
:101FD000666F756E640A00002C2045534C5F4355B4
:101FE00052525F4142535F54494D455F55554944F4
:101FF0002063686172616320666F756E640A000019
:102000002C2045534C5F444953504C41595F494E35
:10201000464F5F555549442063686172616320668D
:102020006F756E640A0000002C2045534C5F494DCB
:102030004147455F494E464F5F55554944206368C7
:102040006172616320666F756E640A002C204553CF
:102050004C5F53454E534F525F494E464F5F555567
:1020600049442063686172616320666F756E640A1B
:10207000000000002C2045534C5F4C45445F494E06
:10208000464F5F555549442063686172616320661D
:102090006F756E640A0000002C204F54535F464554
:1020A00041545552455F55554944206368617261FA
:1020B0006320666F756E640A000000002C204F429A
:1020C0004A4543545F4E414D455F55554944206351
:1020D000686172616320666F756E640A00000000BB
:1020E0002C204F424A4543545F545950455F555543
:1020F00049442063686172616320666F756E640A8B
:10210000000000002C204F424A4543545F53495A77
:10211000455F555549442063686172616320666F6D
:10212000756E640A000000002C204F424A4543545B
:102130005F4C4153545F4D4F4449464945445F55B8
:102140005549442063686172616320666F756E64EF
:102150000A0000002C204F424A4543545F49445F27
:10216000555549442063686172616320666F756EDE
:10217000640A00002C204F424A4543545F50524F9E
:10218000504552544945535F555549442063686151
:1021900072616320666F756E640A00002C204F42E6
:1021A0004A4543545F414354494F4E5F434F4E5459
:1021B000524F4C5F504F494E545F55554944206330
:1021C000686172616320666F756E640A00000000CA
:1021D0002C204F424A4543545F4C4953545F434F70
:1021E0004E54524F4C5F504F494E545F55554944E1
:1021F0002063686172616320666F756E640A000017
:102200002C204F424A4543545F4C4953545F464942
:102210004C5445525F504F494E545F5555494420E8
:1022200063686172616320666F756E640A00000006
:102230002C20504E5049445F5555494420636861F5
:1022400072616320666F756E640A00004143495FE6
:102250004154545F524541445F42595F545950457F
:102260005F524553505F56534556545F434F444564
:102270002C206661696C65642068616E646C652001
:102280006E6F7420666F756E6420696E20636F6E6A
:102290006E656374696F6E207461626C6520210ADB
:1022A0000000000044657363726970746F7220559A
:1022B0005549443D3078253034582C2068616E648F
:1022C0006C653D3078253034580000002C20536573
:1022D0007276696365204368616E67656420434375
:1022E000434420666F756E640A0000002C2045533D
:1022F0004C20436F6E74726F6C20506F696E742047
:102300004343434420666F756E643A2068616E648F
:102310006C653D3078253034580A00002C204F6A17
:1023200065637420416374696F6E20436F6E7472CD
:102330006F6C20506F696E74204343434420666F76
:10234000756E643A2068616E646C653D3078253046
:1023500034580A002C204F6A656374204C697374EA
:1023600020436F6E74726F6C20506F696E742043DF
:1023700043434420666F756E643A2068616E646CF6
:10238000653D3078253034580A0000004143495FEC
:102390004154545F46494E445F494E464F5F524553
:1023A00053505F56534556545F434F44452C206667
:1023B00061696C65642068616E646C65206E6F7421
:1023C00020666F756E6420696E20636F6E6E656344
:1023D00074696F6E207461626C6520210A000000D0
:1023E000496E636F6D696E67204E6F6669666963DB
:1023F0006174696F6E2066726F6D204543500A00EC
:102400004143495F474154545F4E4F544946494305
:102410004154494F4E5F56534556545F434F4445D0
:102420002C206661696C65642068616E646C65204F
:102430006E6F7420666F756E6420696E20636F6EB8
:102440006E656374696F6E207461626C6520210A29
:10245000000000006163695F676174745F636C749E
:102460005F65786368616E67655F636F6E666967F5
:10247000206661696C7572653A20726561736F6E72
:102480003D3078253032580A000000003D3D3E3E88
:10249000206163695F676174745F636C745F657802
:1024A0006368616E67655F636F6E666967203A2077
:1024B000537563636573730A000000005772697493
:1024C000696E672045534C204164647265737320C4
:1024D00028307825303458290A00000020466169E8
:1024E0006C65642C20636F6E6E48646C3D3078259B
:1024F0003034582C2056616C756548646C3D3078DA
:10250000253034580A00000057726974696E6720DC
:1025100041502053796E63204D6174657269616C1E
:102520000A00000057726974696E67205265737003
:102530006F6E7365204B6579204D617465726961BA
:102540006C3A0A0053657373696F6E206B65793A54
:102550002000000025303258200000000A49563A79
:102560002000000057726974696E67204162736FC2
:102570006C7574652074696D6520282564290A00CE
:102580004661696C2073656E64696E67207570645E
:1025900061746520636F6D706C65746520636F6D29
:1025A0006D616E640A00000045534C20636F6E66D7
:1025B000696775726174696F6E2073617665640A0C
:1025C000000000004572726F72207768696C6520A8
:1025D000736176696E6720636F6E66696775726195
:1025E00074696F6E0A00000057726974696E672023
:1025F0004543500A000000002050726F6365647507
:102600007265206661696C6564207769746820670B
:102610006174745F6572726F725F636F6465203D91
:10262000203078253032580A000000004543502001
:1026300070726F636564757265206661696C65644C
:102640000A00000025303258000000005265616425
:1026500020446973706C617920496E666F726D6198
:1026600074696F6E0A0000005265616420496D61F3
:10267000676520496E666F726D6174696F6E0A00DE
:10268000526561642053656E736F7220496E666F88
:10269000726D6174696F6E0A0000000052656164BA
:1026A000204C454420496E666F726D6174696F6E8F
:1026B0000A0000005265616420506E502049440AAF
:1026C000000000006163695F676174745F636C742C
:1026D0005F72656164206661696C65642C20636F5C
:1026E0006E6E48646C3D3078253034582C2056612D
:1026F0006C756548646C3D3078253034580A0000AC
:102700006163695F676174745F636C745F72656154
:10271000642C20636F6E6E48646C3D3078253034D5
:10272000582C2056616C756548646C3D30782530B6
:1027300034580A0052656164204C6F6E670A0000CD
:102740006163695F676174745F636C745F72656114
:10275000645F6C6F6E67206661696C65642C2063D2
:102760006F6E6E48646C3D3078253034582C20569E
:10277000616C756548646C3D3078253034580A00CA
:102780006163695F676174745F636C745F726561D4
:10279000645F6C6F6E672C20636F6E6E48646C3D77
:1027A0003078253034582C2056616C756548646C3F
:1027B0003D3078253034580A000000006163695FBD
:1027C000676174745F636C745F77726974652066A7
:1027D00061696C65642C20636F6E6E48646C3D307B
:1027E00078253034582C2056616C756548646C3DF2
:1027F0003078253034580A006163695F676174740A
:102800005F636C745F77726974652C20636F6E6EA2
:1028100048646C3D3078253034582C2056616C75F6
:102820006548646C3D3078253034580A000000005B
:102830000000FFFF0000000004000000302804102A
:102840000000000003000000D00E00200000000087
:1028500001000000D241051001000000020000004C
:102860002C0F002020000000FB349B5F80000080C4
:1028700000100000052A0000100000000100000008
:102880003C030020342804100A000000FB349B5F46
:102890008000008000100000292B000010000000C4
:1028A00000000000000000004028041002000000AA
:1028B000FB349B5F80000080001000002A2B00008A
:1028C00010000000000000000000000000000000F8
:1028D00002000000FB349B5F8000008000100000BD
:1028E0003A2B000010000000000000000000000073
:1028F0004C28041096C298D84539A1F4A033EB2D8A
:10290000817D0377F240A463E5E6BCF847422CE101
:10291000F2D1176BF551BF376840B6CBCE5E316B45
:102920005733CE2B169E0F7C4AEBE78E9B7F1AFE09
:10293000E242E34F0001000000000000000100003F
:102940000000000000010000000000000100000085
:1029500000000000FFFFFFFFFFFFFFFFFFFFFFFF83
:102960000000000000000000000000000100000066
:10297000FFFFFFFF02000000050000000300000051
:10298000FEFFFFFFF9FFFFFFFBFFFFFFFCFFFFFF65
:10299000FCFFFFFF0300000000000000000000003B
:1029A0000000000000000000000000000000000027
:1029B000000000004B60D2273E3CCE3BF6B053CC2B
:1029C000B0061D65BC86987655BDEBB3E7933AAA71
:1029D000D835C65AFFFFFFFFFFFFFFFFFFFFFFFFD6
:1029E000FFFFFFFFFFFFFFFFFFFFFFFFFFFFFFFFF7
:1029F000FFFFFFFFFFFFFFFFFFFFFFFFFFFFFFFFE7
:102A0000FFFFFFFFFFFFFFFFFFFFFFFFFFFFFFFFD6
:102A1000FFFFFFFFFFFFFFFFFFFFFFFFFFFFFFFFC6
:102A2000FFFFFFFFFFFFFFFFFFFFFFFFFFFFFFFFB6
:102A3000FFFFFFFFFFFFFFFFFFFFFFFFFFFFFFFFA6
:102A4000FFFFFFFFFFFFFFFFFFFFFFFFFFFFFFFF96
:102A5000FFFFFFFFFFFFFFFFFFFFFFFFFFFFFFFF86
:102A6000FFFFFFFFFFFFFFFFFFFFFFFFFFFFFFFF76
:102A7000FFFFFFFFFFFFFFFFFFFFFFFFFFFFFFFF66
:102A8000FFFFFFFFFFFFFFFFFFFFFFFFFFFFFFFF56
:102A9000FFFFFFFFFFFFFFFFFFFFFFFFFFFFFFFF46
:102AA000FFFFFFFFFFFFFFFFFFFFFFFFFFFFFFFF36
:102AB000FFFFFFFFFFFFFFFFFFFFFFFFFFFFFFFF26
:102AC000FFFFFFFFFFFFFFFFFFFFFFFFFFFFFFFF16
:102AD000FFFFFFFFFFFFFFFFFFFFFFFFFFFFFFFF06
:102AE000FFFFFFFFFFFFFFFFFFFFFFFFFFFFFFFFF6
:102AF000FFFFFFFFFFFFFFFFFFFFFFFFFFFFFFFFE6
:102B0000FFFFFFFFFFFFFFFFFFFFFFFFFFFFFFFFD5
:102B1000FFFFFFFFFFFFFFFFFFFFFFFFFFFFFFFFC5
:102B2000FFFFFFFFFFFFFFFFFFFFFFFFFFFFFFFFB5
:102B3000FFFFFFFFFFFFFFFFFFFFFFFFFFFFFFFFA5
:102B4000FFFFFFFFFFFFFFFFFFFFFFFFFFFFFFFF95
:102B5000FFFFFFFFFFFFFFFFFFFFFFFFFFFFFFFF85
:102B6000FFFFFFFFFFFFFFFFFFFFFFFFFFFFFFFF75
:102B7000FFFFFFFFFFFFFFFFFFFFFFFFFFFFFFFF65
:102B8000FFFFFFFFFFFFFFFFFFFFFFFFFFFFFFFF55
:102B9000FFFFFFFFFFFFFFFFFFFFFFFFFFFFFFFF45
:102BA000FFFFFFFFFFFFFFFFFFFFFFFFFFFFFFFF35
:102BB000FFFFFFFFFFFFFFFFFFFFFFFFFFFFFFFF25
:102BC000FFFFFFFFFFFFFFFFFFFFFFFFFFFFFFFF15
:102BD000FFFFFFFFFFFFFFFFFFFFFFFFFFFFFFFF05
:102BE000FFFFFFFFFFFFFFFFFFFFFFFFFFFFFFFFF5
:102BF000FFFFFFFFFFFFFFFFFFFFFFFFFFFFFFFFE5
:102C0000FFFFFFFFFFFFFFFFFFFFFFFFFFFFFFFFD4
:102C1000FFFFFFFFFFFFFFFFFFFFFFFFFFFFFFFFC4
:102C2000FFFFFFFFFFFFFFFFFFFFFFFFFFFFFFFFB4
:102C3000FFFFFFFFFFFFFFFFFFFFFFFFFFFFFFFFA4
:102C4000FFFFFFFFFFFFFFFFFFFFFFFFFFFFFFFF94
:102C5000FFFFFFFFFFFFFFFFFFFFFFFFFFFFFFFF84
:102C6000FFFFFFFFFFFFFFFFFFFFFFFFFFFFFFFF74
:102C7000FFFFFFFFFFFFFFFFFFFFFFFFFFFFFFFF64
:102C8000FFFFFFFFFFFFFFFFFFFFFFFFFFFFFFFF54
:102C9000FFFFFFFFFFFFFFFFFFFFFFFFFFFE000142
:102CA000FFFFFFFFFFFFFFFFFFFFFFFFFFFFFFFF34
:102CB000F000FFFFFFFFF800007FFFFFFFFFFFFFB7
:102CC000FFFFFFFFFFFFFFFFFFB0000001FFFFF06E
:102CD00000003FFFFFFFFFFFFFFFFFFFFFFFFFFFC2
:102CE000FFFF98000001FFFFE0FFFC1FFFFFFFFF59
:102CF000FFFFFFFFFFFFFFFFFFFFFF18000000FFC8
:102D0000FFE1FFFF1FFFFFFFFFFFFFFFFFFFFFFFD1
:102D1000FFFFFFFF08000000FFFFE3FFFF1FFFFFB3
:102D2000FFFFFFFFFFFFFFFFFFFFFFFFFE0C0000A5
:102D3000007FFFE7FFFF9FFFFFFFFFFFFFFFFFFF9A
:102D4000FFFFFFFFFFFE040000007FFFE3FFFF1F08
:102D5000FFFFFFFFFFFFFFFFFFFFFFFFFFFFFC067F
:102D60000000003FFFE3FFFF1FFFFFFFFFFFFFFF2C
:102D7000FFFFFFFFFFFFFFF8060000003FFFF0FF2F
:102D8000F83FFFFFFFFFFFFFFFFFFFFFFFFFFFFF1A
:102D9000F8030000001FFFF000003FFFFFFFFFFFF0
:102DA000FFFFFFFFFFFFFFFFFFF0030000001FFF1B
:102DB000F800007FFFFFFFFFFFFFFFFFFFFFFFFFA8
:102DC000FFFFF0010000000FFFFF0003FFFFFFFF08
:102DD000FFFFFFFFFFFFFFFFFFFFFFE0018000009D
:102DE0000FFFFFFFFFFFFFFFFFFFFFFFFFFFFFFFE3
:102DF000FFFFFFFFE00080000007FFFFFFFFFFFF76
:102E0000FFFFFFFFFFFFFFFFFFFFFFFFFFC000C04F
:102E1000000007FFFFFF01FFFFFFFFFFFFFFFFFFB6
:102E2000FFFFFFFFFFFFC000C0000003FFF80E0020
:102E30007FFFFFFFFFFFFFFFFFFFFFFFFFFFFF80A1
:102E40000040000003FFF004007FFFFFFFFFFFFFD3
:102E5000FFFFFFFFFFFFFFFF000060000001FFE03A
:102E600000383FFFFFFFFFFFFFFFFFFFFFFFFFFFF8
:102E7000FF000020000001FFE1E0FE3FFFFFFFFF39
:102E8000FFFFFFFFFFFFFFFFFFFE0000300000001D
:102E9000FFC3E0FE3FFFFFFFFFFFFFFFFFFFFFFF5E
:102EA000FFFFFE000030000000FFC7F1FF1FFFFF23
:102EB000FFFFFFFFFFFFFFFFFFFFFFFC0000180009
:102EC00000007FC7F9FF1FFFFFFFFFFFFFFFFFFFAE
:102ED000FFFFFFFFFE0000180000007FC7F9FF1F83
:102EE000FFFFFFFFFFFFFFFFFFFFFFFFFFFE0000F1
:102EF000080000003FC7F9FF1FFFFFFFFFFFFFFFB4
:102F0000FFFFFFFFFFFFFE00000C0000003FC7F9BE
:102F1000FF1FFFFFFFFFFFFFFFFFFFFFFFFFFFFFA1
:102F20000000040000001FC000001FFFFFFFFFFFA4
:102F3000FFFFFFFFFFFFFFFFFF000007FFFFFFBFD7
:102F4000C000001FFFFFFFFFFFFFFFFFFFFFFFFFAE
:102F5000FFFF000007FFFFFFFFC000001FFFFFFF94
:102F6000FFFFFFFFFFFFFFFFFFFFFF8000040000E8
:102F7000001FC000003FFFFFFFFFFFFFFFFFFFFF3D
:102F8000FFFFFFFF80000C0000003FFFFFFFFFFF7F
:102F9000FFFFFFFFFFFFFFFFFFFFFFFFFF800018A6
:102FA0000000007FDFFFFFFFFFFFFFFFFFFFFFFFCE
:102FB000FFFFFFFFFFFFC00010000000FFC0FFFF8A
:102FC000FFFFFFFFFFFFFFFFFFFFFFFFFFFFFFC050
:102FD0000020000001FFC007FFFFFFFFFFFFFFFF12
:102FE000FFFFFFFFFFFFFFFFC00060000003FFC007
:102FF000007FFFFFFFFFFFFFFFFFFFFFFFFFFFFF60
:10300000FFE000C0000003FFFC0003FFFFFFFFFF25
:10301000FFFFFFFFFFFFFFFFFFFFE0008000000753
:10302000FFFFF0001FFFFFFFFFFFFFFFFFFFFFFF9E
:10303000FFFFFFE0018000000FFFFFFF801FFFFF89
:10304000FFFFFFFFFFFFFFFFFFFFFFFFF003000099
:10305000001FFFFFFFE01FFFFFFFFFFFFFFFFFFF5E
:10306000FFFFFFFFFFF0020000003FFFFFFC001F1B
:10307000FFFFFFFFFFFFFFFFFFFFFFFFFFFFF80462
:103080000000007FFFFF00007FFFFFFFFFFFFFFF4B
:10309000FFFFFFFFFFFFFFF80C0000007FFFC000F5
:1030A0001FFFFFFFFFFFFFFFFFFFFFFFFFFFFFFF10
:1030B000F808000000FFFFC007FFFFFFFFFFFFFF52
:1030C000FFFFFFFFFFFFFFFFFFFC10000001FFFFFE
:1030D000C0FFFFFFFFFFFFFFFFFFFFFFFFFFFFFF3F
:1030E000FFFFFC30000003FFFFC003FFFFFFFFFFF7
:1030F000FFFFFFFFFFFFFFFFFFFFFFFC6000000778
:10310000FFFFE0001FFFFFFFFFFFFFFFFFFFFFFFCD
:10311000FFFFFFFFFE4000000FFFFFFF80007FFF6B
:10312000FFFFFFFFFFFFFFFFFFFFFFFFFFFE80002E
:10313000001FFFFFFFFE001FFFFFFFFFFFFFFFFF5E
:10314000FFFFFFFFFFFFFF800FFFFFFFFFFFFFF00D
:103150001FFFFFFFFFFFFFFFFFFFFFFFFFFFFFFF5F
:10316000FFFFFFFFFFFFFFFF801FFFFFFFFFFFFFCE
:10317000FFFFFFFFFFFFFFFFFFFFFFFFFFFFFFFF5F
:10318000F0001FFFFFFFFFFFFFFFFFFFFFFFFFFF3D
:10319000FFFFFFFFFFFFFFFFFC0003FFFFFFFFFF3D
:1031A000FFFFFFFFFFFFFFFFFFFFFFFFFFFFFFFF2F
:1031B000FFC0007FFFFFFFFFFFFFFFFFFFFFFFFFDD
:1031C000FFFFFFFFFFFFFFFFFFFFC00FFFFFFFFF3E
:1031D000FFFFFFFFFFFFFFFFFFFFFFFFFFFFFFFFFF
:1031E000FFFFFFC1FFFFFFFFFFFFFFFFFFFFFFFF2D
:1031F000FFFFFFFFFFFFFFFFFFFFFFFFDFFFFFFFFF
:10320000FFFFFFFFFFFFFFFFFFFFFFFFFFFFFFFFCE
:10321000FFFFFFFFE7FFFFFFFFFFFFFFFFFFFFFFD6
:10322000FFFFFFFFFFFFFFFFFFFFFE01FFE7FFFFC5
:10323000FFFFFFFFFFFFFFFFFFFFFFFFFFFFFFFF9E
:10324000FFFFFFFC007FE7FFF033FFFFFFFFFFFF03
:10325000FFFFFFFFFFFFFFFFFFFFFFFFF8783FE7E4
:10326000FFC0307FFFFFFFFFFFFFFFFFFFFFFFFFFC
:10327000FFFFFFFFFFF8FE1FE7FF80303FFFFFFF6C
:10328000FFFFFFFFFFFFFFFFFFFFFFFFFFFFF9FF54
:103290001FE7FF00303FFFFFFFFFFFFFFFFFFFFFC4
:1032A000FFFFFFFFFFFFFFF9FF8FE7FF00301FFF6A
:1032B000FFFFFFFFFFFFFFFFFFFFFFFFFFFFFFFF1E
:1032C000F9FFC7E7FF0E3E1FFFFFFFFFFFFFFFFFF6
:1032D000FFFFFFFFFFFFFFFFFFF9FFE3E7FF1E3EDA
:1032E0001FFFFFFFFFFFFFFFFFFFFFFFFFFFFFFFCE
:1032F000FFFFF9FFF1E7FF1E3E1FFFFFFFFFFFFF8C
:10330000FFFFFFFFFFFFFFFFFFFFFFF8FFF8E7FFF3
:103310000E3E1FFFFFFFFFFFFFFFFFFFFFFFFFFF4F
:10332000FFFFFFFFFC0FFC07FF00001FFFFFFFFF79
:10333000FFFFFFFFFFFFFFFFFFFFFFFFFFFE0FFE8F
:1033400007FF00003FFFFFFFFFFFFFFFFFFFFFFF43
:10335000FFFFFFFFFFFFFF8FFF87FF80003FFFFFA3
:10336000FFFFFFFFFFFFFFFFFFFFFFFFFFFFFFFF6D
:10337000FFFFFFFFC0007FFFFFFFFFFFFFFFFFFF1B
:10338000FFFFFFFFFFFFFFFFFFFFFFFFFFF001FF5A
:10339000FFFFFFFFFFFFFFFFFFFFFFFFFFFFFFFF3D
:1033A000FFFFFFFFFFFFFFFFFFFFFFFFFFFFFFFF2D
:1033B000FFFFFFFFFFFFFFFFFFFFFF87C03FFFFF94
:1033C000FFFFFFFFFFFFFFFFFFFFFFFFFFFFFFFF0D
:1033D000FFFFFFFC01801FFFF001FFFFFFFFFFFF6A
:1033E000FFFFFFFFFFFFFFFFFFFFFFFFFC001F0FBF
:1033F000FFC0007FFFFFFFFFFFFFFFFFFFFFFFFF9B
:10340000FFFFFFFFFFF8FC3FC7FF80003FFFFFFF0C
:10341000FFFFFFFFFFFFFFFFFFFFFFFFFFFFF9FCC5
:103420003FE7FF00001FFFFFFFFFFFFFFFFFFFFF62
:10343000FFFFFFFFFFFFFFF9FE7FE7FF00001FFF19
:10344000FFFFFFFFFFFFFFFFFFFFFFFFFFFFFFFF8C
:10345000F9FE7FE7FF0FFC1FFFFFFFFFFFFFFFFFEE
:10346000FFFFFFFFFFFFFFFFFFF9FE7FE7FF0FFEFC
:103470001FFFFFFFFFFFFFFFFFFFFFFFFFFFFFFF3C
:10348000FFFFF9FFFFE7FF0FFE1FFFFFFFFFFFFF3B
:10349000FFFFFFFFFFFFFFFFFFFFFFF8FFFFC7FF7B
:1034A0008FFC3FFFFFFFFFFFFFFFFFFFFFFFFFFF5F
:1034B000FFFFFFFFFC1FFF0FC000007FFFFFFFFFAC
:1034C000FFFFFFFFFFFFFFFFFFFFFFFFFFFE1FFCF0
:1034D0001FC000001FFFFFFFFFFFFFFFFFFFFFFFF9
:1034E000FFFFFFFFFFFFFF1FFC3FC000001FFFFFAC
:1034F000FFFFFFFFFFFFFFFFFFFFFFFFFFFFFFFFDC
:10350000FFFFFFC000001FFFFFFFFFFFFFFFFFFFE8
:10351000FFFFFFFFFFFFFFFFFFFFFFFFC000001FD8
:10352000FFFFFFFFFFFFFFFFFFFFFFFFFFFFFFFFAB
:10353000FFFFFFFFFFFFFFFFFFFFFFFFFFFFFFFF9B
:10354000FFFFFFFFFFFFFFFFFFFFF0000007FFFF90
:10355000FFFFFFFFFFFFFFFFFFFFFFFFFFFFFFFF7B
:10356000FFFFFFF0000007FFFFFFFFFFFFFFFFFF70
:10357000FFFFFFFFFFFFFFFFFFFFFFFFF000000760
:10358000FF00001FFFFFFFFFFFFFFFFFFFFFFFFF29
:10359000FFFFFFFFFFF0000007FF00001FFFFFFF1E
:1035A000FFFFFFFFFFFFFFFFFFFFFFFFFFFFF00039
:1035B0000007FF00001FFFFFFFFFFFFFFFFFFFFFF0
:1035C000FFFFFFFFFFFFFFF003FFFFFF00001FFFF4
:1035D000FFFFFFFFFFFFFFFFFFFFFFFFFFFFFFFFFB
:1035E000F0003FFFFF00001FFFFFFFFFFFFFFFFF97
:1035F000FFFFFFFFFFFFFFFFFFF00001FFFFFFFCEA
:103600003FFFFFFFFFFFFFFFFFFFFFFFFFFFFFFF8A
:10361000FFFFFF80001FFFFFFE3FFFFFFFFFFFFFD9
:10362000FFFFFFFFFFFFFFFFFFFFFFFFFC0007FFA4
:10363000FFFE1FFFFFFFFFFFFFFFFFFFFFFFFFFF7B
:10364000FFFFFFFFFFFFE007FFFFFE1FFFFFFFFF82
:10365000FFFFFFFFFFFFFFFFFFFFFFFFFFFFFFC0B9
:1036600007FF00001FFFFFFFFFFFFFFFFFFFFFFF40
:10367000FFFFFFFFFFFFFFF80007FF00001FFFFF36
:10368000FFFFFFFFFFFFFFFFFFFFFFFFFFFFFFFF4A
:1036900000003FFF00001FFFFFFFFFFFFFFFFFFFD6
:1036A000FFFFFFFFFFFFFFFFF00003FFFF00003FF2
:1036B000FFFFFFFFFFFFFFFFFFFFFFFFFFFFFFFF1A
:1036C000FFF0007FFFFF00007FFFFFFFFFFFFFFF16
:1036D000FFFFFFFFFFFFFFFFFFFFF007FFFFFFFF01
:1036E000FFFFFFFFFFFFFFFFFFFFFFFFFFFFFFFFEA
:1036F000FFFFFFF0000007FFFFFFFFFFFFFFFFFFDF
:10370000FFFFFFFFFFFFFFFFFFFFFFFFF0000007CE
:10371000FFFF8FFFFFFFFFFFFFFFFFFFFFFFFFFF29
:10372000FFFFFFFFFFF0000007F81F81FFFFFFFF13
:10373000FFFFFFFFFFFFFFFFFFFFFFFFFFFFF000A7
:103740000007F01F807FFFFFFFFFFFFFFFFFFFFF6E
:10375000FFFFFFFFFFFFFFF0000007E01F803FFFBC
:10376000FFFFFFFFFFFFFFFFFFFFFFFFFFFFFFFF69
:10377000FFFFFFFFC01F803FFFFFFFFFFFFFFFFFB7
:10378000FFFFFFFFFFFFFFFFFFFFFFFFFFC01F80E7
:103790001FFFFFFFFFFFFFFFFFFFFFFFFFFFFFFF19
:1037A000FFFFF07FFFFFC1FFFC1FFFFFFFFFFFFFD9
:1037B000FFFFFFFFFFFFFFFFFFFFFFF07FFFFFC3E4
:1037C000FFFC1FFFFFFFFFFFFFFFFFFFFFFFFFFFEC
:1037D000FFFFFFFFF07FFFFFC3FFFE1FFFFFFFFFA5
:1037E000FFFFFFFFFFFFFFFFFFFFFFFFFFF07FFF78
:1037F000FFC3FFFE1FFFFFFFFFFFFFFFFFFFFFFFF6
:10380000FFFFFFFFFFFFF07FFFFFC1FFFC1FFFFF78
:10381000FFFFFFFFFFFFFFFFFFFFFFFFFFFFFFF0C7
:10382000000007C000001FFFFFFFFFFFFFFFFFFFBB
:10383000FFFFFFFFFFFFFFFFF0000007E000003F7A
:10384000FFFFFFFFFFFFFFFFFFFFFFFFFFFFFFFF88
:10385000FFF0000007E000003FFFFFFFFFFFFFFF5A
:10386000FFFFFFFFFFFFFFFFFFFFF0000007F0007B
:10387000007FFFFFFFFFFFFFFFFFFFFFFFFFFFFFD7
:10388000FFFFFFF0000007FC0001FFFFFFFFFFFF4D
:10389000FFFFFFFFFFFFFFFFFFFFFFFFF07FFFFFC7
:1038A000FFFFFFFFFFFFFFFFFFFFFFFFFFFFFFFF28
:1038B000FFFFFFFFFFF07FFFFFFFFFFFFFFFFFFFA7
:1038C000FFFFFFFFFFFFFFFFFFFFFFFFFFFFF07F97
:1038D000FFFFFFFFFFFFFFFFFFFFFFFFFFFFFFFFF8
:1038E000FFFFFFFFFFFFFFF07FFFFFFFFFFFFFFF77
:1038F000FFFFFFFFFFFFFFFFFFFFFFFFFFFFFFFFD8
:10390000F07FFFFFFFFFFFFFFFFFFFFFFFFFFFFF56
:10391000FFFFFFFFFFFFFFFFFFFFFFFFFFFFFFFFB7
:10392000FFFFFFFFFFFFFFFFFFFFFFFFFFFFFFFFA7
:10393000FFFFFFFFC07FFFFFFFFFFFFFFFFFFFFF56
:10394000FFFFFFFFFFFFFFFFFFFFFFFE1F801FFFC7
:10395000FFFFFFFFFFFFFFFFFFFFFFFFFFFFFFFF77
:10396000FFFFFFFFFC1F000FFFFFFFFFFFFFFFFF39
:10397000FFFFFFFFFFFFFFFFFFFFFFFFFFF81F003D
:103980000FFFFFFFFFFFFFFFFFFFFFFFFFFFFFFF37
:10399000FFFFFFFFFFFFF81E0007FFFFFFFFFFFF16
:1039A000FFFFFFFFFFFFFFFFFFFFFFFFFFFFFFF036
:1039B0001E0207FFFFFFFFFFFFFFFFFFFFFFFFFFED
:1039C000FFFFFFFFFFFFFFFFF07C0F07FFFFFFFF81
:1039D000FFFFFFFFFFFFFFFFFFFFFFFFFFFFFFFFF7
:1039E000FFF0FC1F87FFFFFFFFFFFFFFFFFFFFFF51
:1039F000FFFFFFFFFFFFFFFFFFFFF0F81F87FFFF45
:103A0000FFFFFFFFFFFFFFFFFFFFFFFFFFFFFFFFC6
:103A1000FFFFFFF0F81F87FFFFFFFFFFFFFFFFFF24
:103A2000FFFFFFFFFFFFFFFFFFFFFFFFF0703F07FC
:103A3000FFFFFFFFFFFFFFFFFFFFFFFFFFFFFFFF96
:103A4000FFFFFFFFFFF0003807FFFFFFFFFFFFFF53
:103A5000FFFFFFFFFFFFFFFFFFFFFFFFFFFFF8007C
:103A60007807FFFFFFFFFFFFFFFFFFFFFFFFFFFFE5
:103A7000FFFFFFFFFFFFFFF800780FFFFFFFFFFFD3
:103A8000FFFFFFFFFFFFFFFFFFFFFFFFFFFFFFFF46
:103A9000FC00F81FFFFFFFFFFFFFFFFFFFFFFFFF1F
:103AA000FFFFFFFFFFFFFFFFFFFF03F83FFFFFFFE9
:103AB000FFFFFFFFFFFFFFFFFFFFFFFFFFFFFFFF16
:103AC000FFFFFFFFFFFFFFFFFFFFFFFFFFFFFFFF06
:103AD000FFFFFFFFFFFFFFFFFFFFFFFFFFFFFFFFF6
:103AE000FFFFFFFFFFFFFFFFFFFFFFFFFFFFFFFFE6
:103AF000FFFFFFFFFFFFFFFFFFFFFFFFFFFFFFFFD6
:103B0000FFFFFFFFFFFFFFFFFFFFFFFFFFFFFFFFC5
:103B1000FFFFFFFFFFFFFFFFFFFFFFFFFFFFFFFFB5
:103B2000FFFFFFFFFFFFFFFFFFFFFFFFFFFFFFFFA5
:103B3000FFFFFFFFFFFFFFFFFFFFFFFFFFFFFFFF95
:103B4000FFFFFFFFFFFFFFFFFFFFFFFFFFFFFFFF85
:103B5000FFFFFFFFFFFFFFFFFFFFFFFFFFFFFFFF75
:103B6000FFFFFFFFFFFFFFFFFFFFFFFFFFFFFFFF65
:103B7000FFFFFFFFFFFFFFFFFFFFFFFFFFFFFFFF55
:103B8000FFFFFFFFFFFFFFFFFFFFFFFFFFFFFFFF45
:103B9000FFFFFFFFFFFFFFFFFFFFFFFFFFFFFFFF35
:103BA000FFFFFFFFFFFFFFFFFFFFFFFFFFFFFFFF25
:103BB000FFFFFFFFFFFFFFFFFFFFFFFFFFFFFFFF15
:103BC000FFFFFFFFFFFFFFFFFFFFFFFFFFFFFFFF05
:103BD000FFFFFFFFFFFFFFFFFFFFFFFFFFFFFFFFF5
:103BE000FFFFFFFFFFFFFFFFFFFFFFFFFFFFFFFFE5
:103BF000FFFFFFFFFFFFFFFFFFFFFFFFFFFFFFFFD5
:103C0000FFFFFFFFFFFFFFFFFFFFFFFFFFFFFFFFC4
:103C1000FFFFFFFFFFFFFFFFFFFFFFFFFFFFFFFFB4
:103C2000FFFFFFFFFFFFFFFFFFFFFFFFFFFFFFFFA4
:103C3000FFFFFFFFFFFFFFFFFFFFFFFFFFFFFFFF94
:103C4000FFFFFFFFFFFFFFFFFFFFFFFFFFFFFFFF84
:103C5000FFFFFFFFFFFFFFFFFFFFFFFFFFFFFFFF74
:103C6000FFFFFFFFFFFFFFFFFFFFFFFFFFFFFFFF64
:103C7000FFFFFFFFFFFFFFFFFFFFFFFFFFFFFFFF54
:103C8000FFFFFFFFFFFFFFFFFFFFFFFFFFFFFFFF44
:103C9000FFFFFFFFFFFFFFFFFFFFFFFFFFFFFFFF34
:103CA000FFFFFFFFFFFFFFFFFFFFFFFFFFFFFFFF24
:103CB000FFFFFFFFFFFFFFFFFFFFFFFFFFFFFFFF14
:103CC000FFFFFFFFFFFFFFFFFFFFFFFFFFFFFFFF04
:103CD000FFFFFFFFFFFFFFFFFFFFFFFFFFFFFFFFF4
:103CE000FFFFFFFFFFFFFFFFFFFFFFFFFFFFFFFFE4
:103CF000FFFFFFFFFFFFFFFFFFFFFFFFFFFFFFFFD4
:103D0000FFFFFFFFFFFFFFFFFFFFFFFFFFFFFFFFC3
:103D1000FFFFFFFFFFFFFFFFFFFFFFFFFFFFFFFFB3
:103D2000FFFFFFFFFFFFFFFFFFFFFFFFFFFFFFFFA3
:103D3000FFFFFFFFFFFFFFFFFFFFFFFFFFFFFFFF93
:103D4000FFFFFFFFFFFFFFFFFFFFFFFFFFFFFFFF83
:103D5000FFFFFFFFFFFFFFFFFFFFFFFF000000006F
:103D600000E80B1000080200AA02000000F00B108F
:103D700000080000AA02000000F00B10F807010084
:103D8000000000004F414350204665617475726524
:103D900073203078253038580A0000004F4C4350CB
:103DA0002046656174757265732030782530385807
:103DB0000A0000004F4C43502074696D656F7574A4
:103DC0000A0000004F4C4350204C69737420656E0C
:103DD000640A00004F4C4350206572726F720A00F3
:103DE0004F4C43502070726F636564757265206933
:103DF0006E7465727275707465640A004F41435049
:103E0000206572726F720A004F4143502070726FCA
:103E100063656475726520696E746572727570741D
:103E200065640A0057616974696E67204C324341CA
:103E300050206576656E742025640A004C3243413B
:103E400050204576656E7420726563656976656499
:103E50000A0000004C324341502070726F63656469
:103E6000757265206661696C7572650A00000000F4
:103E70004F626A656374206E616D6520666F756E52
:103E800064210A00437572722073697A653A2025AD
:103E90006420416C6C6F632073697A653A202564F5
:103EA0000A0000006163695F6C326361705F636F79
:103EB000735F7364755F646174615F7472616E7364
:103EC0006D6974203078253032580A004F54505FA5
:103ED000434C49454E545F4F4C4350496E646963AF
:103EE0006174696F6E0A00004F54505F434C49453E
:103EF0004E545F4F414350496E6469636174696F0A
:103F00006E0A000096C298D84539A1F4A033EB2D73
:103F1000817D0377F240A463E5E6BCF847422CE1DB
:103F2000F2D1176BF551BF376840B6CBCE5E316B1F
:103F30005733CE2B169E0F7C4AEBE78E9B7F1AFEE3
:103F4000E242E34FCAEBECEDEFF0F1F2F3F4F5F6F9
:103F5000F7F8F9FAFAFCFDFDFEFEFFFF0000010292
:103F600003040506CAEBECEDEFF0F1F2F3F4F5F61D
:103F7000F7F8F9FAFAFCFDFDFEFEFFFF0000010272
:103F80000304050608000000040302020101010108
:103F90000000000000000000010002000400060014
:103FA00008000A000C001000200040008000000102
:103FB00001010103070100000804020408010101D6
:103FC000526573706F6E73652066726F6D20455316
:103FD0004C202825642C202564293A20000000006C
:103FE00030782530325820002B53544154453A251F
:103FF0003032582C253032582C25642C25640D0A7B
:10400000000000002B4C45443A253032582C253016
:1040100032582C25640D0A002B5458543A2530325E
:10402000582C253032582C25640D0A002B5052494B
:1040300043453A253032582C253032582C25640D12
:104040000A0000002B53454E533A253032582C2598
:104050003032582C25642C25640D0A002B4449531A
:10406000503A253032582C253032582C25642C25D6
:10407000642C25640D0A00002B4F54503A20252E45
:104080002A730A0041542B50494E473D000000005E
:1040900025782C257800000041542B554E41535370
:1040A0004F433D0041542B5352565253543D000050
:1040B00041542B465253540041542B555044434DC8
:1040C0005000000041542B53454E533D000000006A
:1040D00041542B524546524553483D0025782C25E6
:1040E000782C25750000000041542B494D473D00B8
:1040F00025782C25782C25752C25750041542B49C5
:104100004D4754494D3D000025782C25782C2575C8
:104110002C25752C2575000041542B4C45443D0041
:1041200025782C25782C25752C25782C256C6C78F9
:104130002C25752C25752C25752C25780000000064
:1041400041542B4C454454494D3D000025782C25C5
:10415000782C25752C25782C256C6C782C25752CC5
:1041600025752C25752C25782C25750041542B544C
:1041700058543D0025782C25782C255B5E090D0AC6
:104180005D00000041542B50524943453D00000062
:1041900025782C25782C25752E25750041542B5219
:1041A00045434F4E463D000041542B434F4E4E3D3C
:1041B0000000000041542B494E464F0041542B440F
:1041C0004953504C4159494E464F000041542B53DE
:1041D000454E534F52494E464F00000041542B4C20
:1041E0004544494E464F000041542B434C524E56D5
:1041F0004D00000041542B41425354494D453F006E
:104200002B41425354494D453A2025640A00000091
:1042100041542B5343414E0041542B4144443D00F3
:1042200025642C256C6C782C25782C2578000000D2
:1042300041542B4F54505345415243483D000000D8
:10424000255B5E090D0A5D0041542B4F54505345C8
:10425000415243480000000041542B4F54504D45FB
:10426000544100004E616D653A2025730A0000003C
:10427000547970653A20307820000000253032589B
:1042800020000000437572722053697A653A202538
:10429000640A0000416C6C6F632053697A653A20B0
:1042A00025640A0050726F703A20307825303858F3
:1042B0000A00000049443A203078000041542B4F56
:1042C000545053544152543D0000000041542B4F70
:1042D000545057524954453D0000000041542B4F63
:1042E0005450434C4F53450041542B48454C5000CB
:1042F0005374616E646172642045534C20636F6D2A
:104300006D616E6473202847726F757020616E64F2
:1043100020494420746F20626520676976656E20AD
:1043200061732068657861646563696D616C20768E
:10433000616C75652C206F746865722076616C7590
:1043400065732061726520646563696D616C2075B9
:104350006E6C657373206F7468657277697365201E
:10436000737065636966696564293A0A0000000034
:1043700020202D2041542B50494E473D3C67726F01
:1043800075705F69643E2C3C65736C5F69643E3A8E
:104390002050696E670A000020202D2041542B55C3
:1043A0004E4153534F433D3C67726F75705F696474
:1043B0003E2C3C65736C5F69643E3A20556E6173B8
:1043C000736F63696174652066726F6D2041500A76
:1043D0000000000020202D2041542B5352565253F0
:1043E000543D3C67726F75705F69643E2C3C657329
:1043F0006C5F69643E3A205365727669636520524A
:10440000657365740A00000020202D2041542B465E
:104410005253543D3C67726F75705F69643E2C3C2B
:1044200065736C5F69643E3A20466163746F7279AC
:104430002052657365740A0020202D2041542B55AD
:104440005044434D503D3C67726F75705F69643EE8
:104450002C3C65736C5F69643E3A205570646174EE
:104460006520436F6D706C6574650A0020202D20F7
:1044700041542B53454E533D3C67726F75705F69D5
:10448000643E2C3C65736C5F69643E2C3C73656EC6
:10449000736F725F696E6465783E3A20526561643D
:1044A0002053656E736F7220446174610A000000CE
:1044B00020202D2041542B524546524553483D3C27
:1044C00067726F75705F69643E2C3C65736C5F69E1
:1044D000643E2C3C646973706C61795F696E6465DD
:1044E000783E3A205265667265736820446973703D
:1044F0006C61790A0000000020202D2041542B49D6
:104500004D473D3C67726F75705F69643E2C3C653A
:10451000736C5F69643E2C3C646973706C61795F95
:10452000696E6465783E2C3C696D6167655F696E94
:104530006465783E3A20446973706C617920496DF6
:104540006167650A0000000020202D2041542B499E
:104550004D4754494D3D3C67726F75705F69643ECD
:104560002C3C65736C5F69643E2C3C646973706CB1
:1045700061795F696E6465783E2C3C696D61676541
:104580005F696E6465783E2C3C6162736F6C757414
:10459000655F74696D653E3A20446973706C61793A
:1045A0002054696D656420496D6167650A000000EB
:1045B00020202D2041542B4C45443D3C67726F75A3
:1045C000705F69643E2C3C65736C5F69643E2C3C93
:1045D0006C65645F696E6465783E2C3C6C65645FF5
:1045E000636F6D706F6E656E745F6865783E2C3CAE
:1045F0007061747465726E5F6865783E2C3C6F669E
:10460000665F706572696F643E2C3C6F6E5F7065AB
:1046100072696F643E2C3C7265706561745F747979
:1046200070653E2C3C7265706561745F6475726183
:1046300074696F6E3E3A204C454420436F6E74722D
:104640006F6C0A0020202D2041542B4C45445449C6
:104650004D3D3C67726F75705F69643E2C3C6573BD
:104660006C5F69643E2C3C6C65645F696E64657860
:104670003E2C3C6C65645F636F6D706F6E656E742D
:104680003E2C3C7061747465726E3E2C3C6F6666A5
:104690005F706572696F643E2C3C6F6E5F7065720F
:1046A000696F643E2C3C7265706561745F747970EB
:1046B000653E2C3C7265706561745F6475726174EF
:1046C000696F6E3E2C3C6162736F6C7574655F74CC
:1046D000696D653E3A204C45442054696D656420FF
:1046E000436F6E74726F6C0A000000000A50726FA4
:1046F00070726965746172792045534C20636F6DE7
:104700006D616E64733A200A0000000020202D20A5
:1047100041542B5458543D3C67726F75705F696407
:104720003E2C3C65736C5F69643E2C3C7465787408
:104730003E3A2053657420746578740A20202D2039
:104740003C746578743E2063616E20626520612050
:10475000737472696E672077697468206D61786917
:104760006D756D20313520636861726163746572A7
:10477000730A000020202D2041542B5052494345FC
:104780003D3C67726F75705F69643E2C3C65736C6D
:104790005F69643E2C3C76616C5F696E743E2C3CB4
:1047A00076616C5F66726163743E3A205365742073
:1047B0007072696365200A000A436F6D6D616E64F3
:1047C0007320666F72207370656369616C206F700F
:1047D00065726174696F6E73206F72207465737493
:1047E000730A000020202D2041542B5343414E3AA0
:1047F000205363616E20666F722045534C730A002C
:1048000020202D2041542B4144443D3C616464727E
:104810005F747970653E2C3C6164647265733E2CF4
:104820003C67726F75705F69643E2C3C65736C5FAA
:1048300069643E3A2041646420616E2045534C20F7
:10484000746F20746865206E6574776F726B0A00F0
:1048500020202D2041542B434F4E4E3D3C67726F1C
:1048600075705F69643E2C3C65736C5F69643E3AA9
:1048700020436F6E6E65637420746F20616E2045F7
:10488000534C20666F72207570646174650A000075
:1048900020202D2041542B5245434F4E463D3C6E27
:1048A00065775F67726F75705F69643E2C3C6E65FB
:1048B000775F65736C5F69643E3A205265636F6E23
:1048C0006669677572652074686520636F6E6E6EC9
:1048D00065637465642045534C2077697468206172
:1048E000206E657720616464726573730A0000004E
:1048F00020202D2041542B494E464F3A20526561CD
:104900006420616C6C2074686520496E666F726DFE
:104910006174696F6E204368617261637465726966
:1049200073746963732066726F6D207468652063A9
:104930006F6E6E65637465642045534C0A00000019
:1049400020202D2041542B444953504C4159494E6D
:10495000464F3A205265616420746865204469734B
:10496000706C617920496E666F726D6174696F6EEB
:10497000204368617261637465726973746963204E
:1049800066726F6D2074686520636F6E6E65637408
:1049900065642045534C0A0020202D2041542B53A0
:1049A000454E534F52494E464F3A2052656164205E
:1049B0007468652053656E736F7220496E666F72FE
:1049C0006D6174696F6E20436861726163746572B2
:1049D00069737469632066726F6D20746865206303
:1049E0006F6E6E65637465642045534C0A00000069
:1049F00020202D2041542B4C4544494E464F3A200F
:104A00005265616420746865204C454420496E6697
:104A10006F726D6174696F6E204368617261637457
:104A2000657269737469632066726F6D207468655E
:104A300020636F6E6E65637465642045534C0A0095
:104A400020202D2041542B434C52534344423A20C2
:104A5000436C656172207468652073656375726963
:104A600074792064620A000020202D2041542B41DB
:104A7000425354494D453F3A205265616420637565
:104A80007272656E74206162736F6C7574652074E8
:104A9000696D650A0000000020202D2041542B4F35
:104AA00054505345415243483A20446973636F76EA
:104AB000657220696D61676573206F6E207468652B
:104AC00020636F6E6E6563746564207365727665CE
:104AD00072206F6E207468652045534C0A000000F8
:104AE00020202D2041542B4F5450534541524348D0
:104AF0003D3C6E616D653E3A20536561726368208E
:104B0000616E642073656C656374207468652073DE
:104B1000706563696669656420696D616765206FAA
:104B20006E2074686520636F6E6E656374656420C3
:104B300045534C0A0000000020202D2041542B4FEB
:104B400054504D4554413A2052656164206D65745E
:104B5000616461746120666F722063757272656E44
:104B600074206F626A6563740A00000020202D20A3
:104B700041542B4F545053544152543D3C74727520
:104B80006E636174653E3A204F70656E20616E20E1
:104B90004C32434150206368616E6E656C20746FC7
:104BA000207472616E7366657220616E20696D613A
:104BB000676520746F2074686520636F6E6E65632F
:104BC0007465642045534C2E20536574203C7472E8
:104BD000756E636174653E20746F203120746F20A0
:104BE0007472756E6361746520696D6167652C20F0
:104BF0006F74686572776973652073657420697472
:104C000020746F20302E0A0020202D2041542B4F7D
:104C1000545057524954453D3C73697A653E3A2099
:104C200053656E6420696D61676520646174612CF1
:104C300020757020746F2074686520676976656ED2
:104C40002073697A6520696E206279746573202803
:104C50006D6178696D756D2069732035303030294C
:104C60002E204461746120746F2062652073656E2C
:104C7000742069732073746F72656420696E736940
:104C8000646520696D6167652E632066696C652EB9
:104C90000A00000020202D2041542B4F5450434C3B
:104CA0004F53453A20436C6F7365204C324341505B
:104CB000206368616E6E656C20746F207472616E23
:104CC0007366657220696D61676520646174612E29
:104CD0002049742073686F756C6420626520697365
:104CE00073756564207768656E20746865726520E9
:104CF000617265206E6F74206F7468657220696DD3
:104D00006167657320746F2062652073656E742E11
:104D10000A00000020202D2041542B48454C503AD9
:104D2000204C697374206F6620415420636F6D6D51
:104D3000616E64730A0000004F4B0D0A0000000012
:104D40004552524F520D0A00686A6C747A4C00004A
:104D50007072696E74665F733A20256E20646973A1
:104D6000616C6C6F776564007072696E74663A206E
:104D700062616420256E20617267756D656E7400D6
:104D80007072696E74665F733A2062616420257385
:104D900020617267756D656E740000000000000090
:104DA0006E616E004E414E00696E6600494E4600CF
:104DB00030002E007363616E665F733A2062616437
:104DC0002025632C2025732C206F7220255B206109
:104DD0007267756D656E74007363616E665F733ABA
:104DE0002062616420666C6F6174696E672D706FFC
:104DF000696E7420617267756D656E7400000000E5
:104E0000686A6C747A4C000063436E5B00000000BB
:104E10007363616E665F733A2062616420256E2061
:104E2000617267756D656E740000000000004129B5
:104E3000211C19171615141312121111111010102C
:104E40000F0F0F0F0E0E0E0E0E0E0E0D0D0D0D0D83
:104E50000D00000030313233343536373839616275
:104E6000636465666768696A6B6C6D6E6F7071729A
:104E7000737475767778797A00000000FB349B5F55
:104E80008000008000100000292B000010000000AE
:104E9000FB349B5F8000008000100000052A0000AA
:104EA00010000000020000000300000003000000EA
:104EB0000600000003000000030000003C000000AA
:104EC0007000000070000000D003000070000000BF
:104ED000C30100006DDF0610B76B0410F96B0410FE
:104EE000216C0410136C0410876904102D6A0410DF
:104EF00019720410277204103572041043720410E2
:104F00005172041099E70610C9710410A3710410BE
:104F1000D7710410B73D0510BB3B05105B6A041048
:104F20000F700410776C0410856C0410D1E3061028
:104F30008B540710DD5107108B5607109D58071032
:104F40009D580710B35907108B5607108D5B07103B
:104F50008D5B07108D5B07108F5507109751071059
:104F60005B510710B35907103B6A04104B6A0410D9
:104F7000315F0710395F0710355F0710896A041029
:104F8000996A0410A96A0410B96A0410096B041024
:104F9000D96A0410E96A0410F96A0410C96A041095
:104FA000F95E0710196B0410296B0410396B04109B
:104FB000496B041000B5BFF34F8F0348A649086042
:104FC000BFF34F8F00BFFDE70400FA0580B501F085
:104FD000B7F901F077FA0021C943884201D101F005
:104FE0009BFB01BDF8B598B0002069460873062503
:104FF00001950020009007AC009A0199200001F073
:1050000091FB28006946087400206946C8810BA8F6
:105010009249342201F0B2FB0BA801F0E5FB070036
:105020003800C0B2002806D03900C9B28C4801F05F
:1050300011FC01F071FB07ACAD202070AB2060705B
:10504000AA20A070E120E070802020710220607111
:1050500007AA0621002001F011FC06003000C0B2B2
:10506000002805D03100C9B27E4801F0F3FB02E010
:105070007D4801F0EFFB1821002001F003FC694698
:10508000087068460078002805D06846017877489F
:1050900001F0E0FB02E0764801F0DCFB7549FB2003
:1050A00002F097FA07003800C0B2002804D0390097
:1050B000C9B2AA4801F0CEFB06A9012002F0DAFA33
:1050C00006003000C0B2002805D03100C9B2A448A3
:1050D00001F0C0FB02E0A34801F0BCFB0020054347
:1050E0006846457300216846007B02F01FFB0500FF
:1050F0002800C0B2002805D02900C9B29A4801F0A2
:10510000A9FB02E0994801F0A5FB04A8801C0090CF
:1051100005AB05AA921C6846017B6846407B02F0FD
:105120000DFB06002078029060780190A078009036
:10513000E378227961798E4801F08CFB8D4A052154
:10514000002002F044FB04002000C0B2002805D07B
:105150002100C9B2884801F07DFB02E0874801F0D8
:1051600079FB03AA921C0221002002F043FB0600F7
:105170003000C0B2002805D03100C9B2804801F02B
:1051800069FB02E07F4801F065FB7F4C01252800A8
:105190002070207802F0E8F807003800C0B200283C
:1051A00005D03900C9B2794801F054FB02E07848D3
:1051B00001F050FB280060700820E0701020207182
:1051C000A5700020029020790190E07800900023E3
:1051D00002226178A07802F0CEF805002800C0B263
:1051E000002805D02900C9B26A4801F033FB02E06B
:1051F000694801F02FFBA078002810D0012002F0B0
:105200007BFB05002800C0B2002805D02900C9B2E8
:10521000624801F01FFB02E0614801F01BFB09A896
:1052200060490CC90CC00839083809A802F074FBA1
:1052300004002000C0B2002805D02100C9B25A489D
:1052400001F008FB02E0594801F004FB584801F066
:1052500001FB19B0F0BD00000CED00E0D815041002
:10526000080104102C01041088010410D40104105A
:10527000140204104808000080B50121012002F04A
:1052800026FC01BD80B5012002F0AAFC02F0ABFCB7
:10529000012002F0A6FC01BD80B502F0B3FD01BD06
:1052A00080B50021022002F012FC01BD80B504F09F
:1052B000D2FA01BD80B50121042002F008FC01BD35
:1052C00080B5FFF7EDFF01BD10B50400200004F02C
:1052D00013FBFFF7E5FFFFF7EDFF10BD80B50021E1
:1052E0008020800002F0F3FB01BD80B5FFF7C4FF12
:1052F00001BD80B52F4A0021012002F0D8FB2E4AC3
:105300000021022002F0D3FB2C4A0021042002F0ED
:10531000CEFBFFF75BFEFFF765FE04F099FB284A22
:1053200000218020800002F0C2FB264A002180205C
:1053300002F0BDFB244A00218020400002F0B7FBB0
:10534000224A00218020C00002F0B1FB06F08AF85A
:1053500000F0FCFC00F08AFD01BD000044020410D6
:1053600094020410D402041004030410380304103F
:105370005C030410D015041098030410DC0304101F
:105380001004041054040410480E00208804041073
:10539000C8040410F8040410400504107805041033
:1053A000D00504101806041020060410600604102E
:1053B000900604108552041099520410AD52041046
:1053C000C5BB06107D610410595F041059C5041057
:1053D000F1B594B0862069460875149800780428C1
:1053E00004D014980078822800D075E31498401CEB
:1053F000079014980078042803D10798801C09901E
:1054000003E01498401CC01C0990079800780528F8
:1054100008D0102800D14BE33E2844D0FF2800D10B
:10542000DAE154E30798871C7878B9780906090C03
:105430000843CC4CA18980B2884231D1CA48A081AE
:1054400000252800A073C94801F004FA7978B878DB
:105450000006000C0143FA7889B2DC4801F0FAF941
:10546000062610342A003100200001F05BF968465E
:10547000012101707978BA781206120C114341802B
:10548000684604F02DFB7878B9780906090C0843C2
:1054900080B207F091F8082002F02BFB00F0E6FC48
:1054A00000F04AFC18E30798801C069006980078E4
:1054B000012800D103E1022800D128E1032815D0FA
:1054C000042800D137E10A2800D1A8E00C2800D137
:1054D000A0E00D2800D124E1272800D148E12828A8
:1054E00000D154E1292800D1C1E069E10698441CAB
:1054F000B74801F0AFF9E07821790906090C0843B3
:1055000080B207F0BDF80022B24B07F0D3F80022BA
:1055100080235B0307F090F92BD8E0782179090606
:10552000090C0843E57821790906090C0D4380B27E
:1055300007F0A6F80022A74B07F0BCF806000F0002
:10554000ADB2280007F09CF80022A24B07F0B2F899
:1055500007F08CF907F0A4F802000B0030003900C6
:1055600007F010FA0022D54B07F0A4F807F07EF9F7
:1055700028E0E07821790906090C0843E5782179CB
:105580000906090C0D4380B207F07AF80022914B0E
:1055900007F090F807F06AF907F082F806000F00AC
:1055A000ADB2280007F06CF80022CF4B07F082F86C
:1055B00032003B0007F083F90022C04B07F07AF875
:1055C00007F054F9E279217A0906090C0A43637954
:1055D000A1790906090C0B43E17825792D062D0CDC
:1055E000294392B20A25554300959BB2020016004A
:1055F0001D00080080B207F043F80022754B07F049
:1056000059F807F033F901002B003200C34801F0CC
:1056100021F9DAE00698441C00F08EFBD5E00698EC
:10562000441CBF4801F016F9E07E217F0906090CF1
:105630000843627EA17E0906090C0A43E37D217EB0
:105640000906090C0B436178A5782D062D0C29431A
:1056500080B2039092B202929BB20193601D0090BF
:105660002379E27889B2207800F05EFAADE00698FE
:10567000441CC94801F0EEF8E07E217F0906090CC0
:105680000843627EA17E0906090C0A43E37D217E60
:105690000906090C0B436178A5782D062D0C2943CA
:1056A00080B2039092B202929BB20193601D00906F
:1056B0002379E27889B2207800F036FA85E00698FE
:1056C000441CB64801F0C6F8E07B217C0906090CB1
:1056D0000843627BA17B0906090C0A43E37A217B1C
:1056E0000906090C0B436178A5782D062D0C29437A
:1056F00080B2039092B202929BB20193601D00901F
:105700002379E27889B2207800F00EFA5DE00698FD
:10571000441CE31CA27821000A31607A00F0B0FC3E
:1057200053E00698441C231DE27821001931207EA5
:1057300000F0A6FC49E00698441CCC4801F08AF829
:105740000025082D06DA6019C178C94801F082F8F1
:105750006D1CF6E7C7A001F07DF8082002F0C9F93A
:1057600033E000BF480E0020FFFF0000AC0604102D
:105770000698441C65786078A1784018854205DA5F
:105780002800C0B206F01AFD6D1CF4E71DE0069873
:10579000461CC64801F05EF8341D0025F0788542AD
:1057A0000DDAA31D6279E178707806F0BDFD6079AD
:1057B000062148432018040024346D1CEEE704E061
:1057C00006980178C54801F045F885E1D80604102F
:1057D000180704100000F43F099C2078617809063E
:1057E000090C084380B2001F78D0801E00D149E127
:1057F000BB49401A00D1BDE0401E77D0401F5FD0AA
:10580000801E00D18EE0401E69D0FE218900401A22
:1058100015D0801E00D12FE1801E00D11FE1093874
:1058200000D102E1FD218900401A012800D831E1B0
:10583000001F00D12EE1093800D12BE12BE1A71C7C
:105840000125F87A397B0906090C08437A7AB97A76
:105850000906090C0A4369460A84FA79397A090665
:10586000090C0A437979BB791B061B0C19433B7859
:105870007E783606360C33436E46F3822B00DBB25D
:105880000493BB780393102302931023019380B2F7
:1058900000906846038C92B289B26846C08A01F0D3
:1058A00035FE06003000C0B2002803D08D4800F05D
:1058B000D1FF02E08C4800F0CDFFF5E00000594038
:1058C0008A4800F0C7FFA51C2878012805D1687810
:1058D000002802D1864800F0BDFFE5E0E4E08548FD
:1058E00000F0B8FFE0E000BF0000F4BF824800F025
:1058F000B1FF82498248808901F063FD69460875DD
:105900006846007D002805D06846017D7D4800F08E
:10591000A1FF02E07C4800F09DFFC5E04C070410A9
:10592000BC070410794800F095FF201D07F0A2F88D
:105930000100774800F08EFF201D07F09BF8010062
:10594000744800F087FF01252900C9B26C4880899E
:1059500001F040FD694608756846007D002805D0C5
:105960006846017D6C4800F075FF02E06B4800F06E
:1059700071FF99E06A4800F06DFFA01C009000984C
:10598000807800280CD00098C2780098817865480B
:1059900000F060FF07E000BFF007041024080410C7
:1059A000B84800F057FF33A000F054FF009880780B
:1059B000002807D1524802001032C17B808906F0CE
:1059C000DBFD28E000988078042824D1AE4800F060
:1059D00041FF4B4DAD4F01AB0AAA3900E87B05F002
:1059E0005BFE06003000C0B2002805D1A84800F0D8
:1059F00031FF01A803F0A8FE3000C0B2002803D098
:105A00003000C0B2012806D1A24800F023FF3900BF
:105A1000E87B01F0EDFC00988078002804D0132189
:105A20003748808901F01BFC3EE0B54800F012FFCA
:105A3000A51C6B79A8790006000C0343EA78287945
:105A40000006000C0243E87A00909BB292B2A9785B
:105A5000AC4800F0FFFE280007F088FC24E0AA48CC
:105A600000F0F8FE07F0AEFC1EE000BF4C0804108A
:105A70005C0804100A000000A44800F0EBFE07F0E8
:105A800033F811E0A51C2978A14800F0E3FEFFF7E8
:105A900091FA09E008E0217860780006000C0143E3
:105AA00089B29C4800F0D6FE16E000BF64080410DE
:105AB0000798841C2178984800F0CCFE20780428B0
:105AC00004DA052007F092FCFFF774FA04E0079867
:105AD0000178924800F0BEFE15B0F0BD94080410A5
:105AE000FB030000B0080410F00804103009041093
:105AF00058090410640904109409041007B2010045
:105B0000480E0020BC090410F0090410180A041003
:105B10004C0A0410680A0410800A0410CC0A04100D
:105B20000C0B0410380B0410FFB583B00C9C0D9EB9
:105B30006846018A7A4800F08DFE207802906078ED
:105B40000190A0780090E37822796179754800F09F
:105B500081FE300080B206F093FD0022724B06F009
:105B6000A9FD002280235B0306F066FE22D83000E8
:105B700080B206F085FD00226B4B06F09BFD009085
:105B80000191300080B206F07BFD0022664B06F0EA
:105B900091FD06F06BFE06F083FD02000B000098FD
:105BA000019906F0EFFE0022604B06F083FD06F03F
:105BB0005DFE1FE0300080B206F062FD00225A4B0D
:105BC00006F078FD06F052FE06F06AFD00900191A5
:105BD000300080B206F054FD0022554B06F06AFDFD
:105BE000009A019B06F06BFE0022504B06F062FD0E
:105BF00006F03CFE6946097B01916946898F0A22BD
:105C00004A43009269460B8F020017001D003000C6
:105C100080B206F035FD0022434B06F04BFD06F046
:105C200025FE01002B003A00424800F013FE6846B2
:105C3000007B002824D1894DA87B012802D10320B4
:105C4000A87301E00220A8736846008AA88102A810
:105C5000002101706946098A418002A803F040FFD3
:105C600000218020400001F032FF6846007EE8738A
:105C70000627009410353A000099280000F098FD9E
:105C800007B0F0BD780B0410900B0410580E0020E4
:105C9000C00B0410E00B041038B505002800C0B29A
:105CA000012802D0022816D028E013216B488089F1
:105CB00001F0D5FA04002000C0B2002805D0210070
:105CC000C9B2674800F0C6FD04E0664800F0C2FDB6
:105CD00000F037F812E06148808901F0ADFB040064
:105CE0002000C0B2002805D02100C9B25E4800F0F3
:105CF000B1FD02E0954800F0ADFDFFE731BD0000C9
:105D0000F00B0410200C04105C0C0410880C041020
:105D1000C00C0410E00C0410F80C0410180D041052
:105D20002C0D0410700D04100000F43F00005940C9
:105D30000000F4BFB40D041080B5012001F0D9FEBD
:105D400001BD80B5012001F0F7FE01BD30B58DB079
:105D5000C823DB0000200A90002009900120089051
:105D6000002007900120069000200590002004905C
:105D70000020039000200290072001900093002251
:105D80000021002007F048FB05002800C0B20028D1
:105D900005D02900C9B28C4800F05CFD02E08B48B8
:105DA00000F058FDA02292000820049010200390DB
:105DB0002820029050200190042000900023110020
:105DC000002001F01AFC04002000C0B2002805D019
:105DD0002100C9B2A34800F03DFD02E0A24800F056
:105DE00039FD0021012001F0FEFB05002800C0B2B2
:105DF000002805D02900C9B29C4800F02BFD02E024
:105E00009B4800F027FD00200BA902000A70020049
:105E10004A8008710BAA0121012001F0CEFB040089
:105E20002000C0B2002805D02100C9B2914800F07E
:105E300011FD02E0904800F00DFD0BAA01210020A9
:105E400001F0BBFB05002800C0B2002804D02900E7
:105E5000C9B2884800F0FEFC0DB030BD480E0020ED
:105E6000380E0410640E0410880E04107FB501244F
:105E700082480470C8208000010001910090002336
:105E800001220021012001F0F4F905002800C0B230
:105E9000002807D02900C9B22D4800F0DBFC00F033
:105EA0003BFC02E02B4800F0D5FC022002900220CF
:105EB000019032200090002320222021012001F0B7
:105EC000EEF906003000C0B2002805D13100C9B299
:105ED000A44800F0BFFC06E03100C9B2A24800F0BF
:105EE000B9FC00F019FC002300220121032001F07D
:105EF000FBF905002800C0B200280AD02900C9B269
:105F00009A4800F0A7FC00209949887300F004FC2F
:105F100004E0984800F09EFC954884737FBD38B536
:105F2000934C00220021A08901F088FB0500280085
:105F3000C0B2002806D0A2892900C9B28E4800F05C
:105F400089FC02E0B94800F085FC31BDC00E0410A8
:105F5000F00E0410280F041038B5082001F0D8FD09
:105F6000834CA08901F022FB05002900C9B2B0488A
:105F700000F070FC2800C0B23A2805D10021802032
:105F8000400001F0A4FD1DE02800C0B2002803D0AD
:105F90000120FFF781FE15E0082001F0CDFD002271
:105FA0000221A08901F000FA04002000C0B20028FC
:105FB00005D02100C9B29F4800F04CFC02E0CE4859
:105FC00000F048FC31BD0000B00F0410F40F0410C5
:105FD000F8B588B007000E001400207802906078B1
:105FE0000190A0780090E37822796179924800F0DE
:105FF00031FCFA2252002821B64800F02BFC032085
:1060000001F082F9FFF79DFE00201C490870022074
:106010000790022006903220059000200490202056
:1060200003902020029001943000C0B20090002321
:1060300000223900C9B2002001F06DF905002800E6
:10604000C0B2002805D02900C9B2AD4800F002FC5A
:1060500005E0AC4800F0FEFB0120AB49887309B0B5
:10606000F0BD00002C10041078100410B8100410BB
:10607000FC1004103411041078110410300F0020AB
:10608000F5B593B00F001E0000252800694648743E
:106090009E48007800281AD005AB09AA310014A840
:1060A000007805F0F9FA002857D13078029070781E
:1060B0000190B0780090F37832797179944800F0CB
:1060C000C9FB310014A8007806F0BEFA45E02800AC
:1060D00013A9097880B289B288423ED2280080B2E2
:1060E000385C69460874280080B2381840786946E0
:1060F00088746846807C801E012826D82C00A4B2B3
:10610000A41C280080B26946097C401884421BDA2E
:10611000385D572816D138194078182812D13078B0
:10612000039070780290B0780190F0780090337905
:10613000727914A80178774800F08CFB0120694639
:10614000487401E0641CDCE7FFE76846007C2D181A
:106150006D1C6846407C0028B9D06846407C15B06C
:10616000F0BD0000B0110410F41104103812041036
:10617000480E002080120410C01204107FB50320C6
:1061800001F0C2F8002061490870C82080000100B9
:1061900001910090002301220121012001F069F802
:1061A00004002000C0B2002805D02100C9B25A481E
:1061B00000F050FB38E0594800F04CFB584800F024
:1061C00049FB02200290022001903220009000231F
:1061D00020222021012001F062F806003000C0B228
:1061E000002805D13100C9B24E4800F033FB04E06D
:1061F0003100C9B24C4800F02DFB434C2200103254
:10620000E17B012001F064F805002800C0B20028FD
:1062100005D10120A073454800F01CFB04E02900D3
:10622000C9B2434800F016FB7FBD00001C130410E8
:106230005C1304108C130410D4130410F8B584B04C
:10624000C82080000390029004272F4CA07B0328D5
:106250003AD0032001F058F800202C490870029829
:1062600080B20190039880B20090012301220021A6
:10627000012000F0FEFF06003000C0B2002807D069
:106280003100C9B2244800F0E5FA3000C0B21EE087
:10629000224800F0DFFA002300220121012001F052
:1062A00023F805002800C0B2002807D02900C9B291
:1062B000204800F0CFFA2800C0B208E03800A073F0
:1062C0001D4800F0C7FA00E081252800C0B205B0E3
:1062D000F0BD000034140410F8B504000D000A48A5
:1062E000C473062600950700103732000099380065
:1062F00000F05EFAF1BD0000B41304100F487047BF
:1063000078140410C0140410480E0020300F002030
:106310000015041038150410F00E0410280F041096
:106320005C150410B0110410F41104107815041059
:106330009C150410580F0410880F0410580E0020EC
:1063400010B503F09DF85C4C2100002003F064F9C7
:106350005A49012003F060F95948046010BDFEB5A8
:1063600004000F0016001D002000C0B2022803D157
:1063700052485349086002E04F485149086001956E
:106380006846008C00903B00320092B22100C9B2F6
:106390004B48006803F0A4F901000800C0B20028CF
:1063A00001D1002008E00800C0B2022802D100207C
:1063B000C04301E00120C043FEBDF3B583B0170028
:1063C0001E000A9D6846007C022804D13B483C49D7
:1063D0000860012403E03848394908600024684611
:1063E000007B02280CD102A800902B009BB2320047
:1063F000390089B23248006803F052F9010018E010
:106400006846007B002805D12D4801682000C0B2F5
:1064100003F002F902A80190280080B20090330036
:106420003A0092B26846017C2548006803F011F9F1
:1064300001000800C0B2002801D1002008E00800D7
:10644000C0B2042802D10220C04301E00120C043B1
:1064500005B0F0BD70B506000D00140023009BB21E
:106460002A00310089B21648006802F058FC010089
:10647000002901D1002006E0002902D5A4B22000A5
:1064800001E00220C04370BD10B504002000C0B27E
:10649000022808D10A480168084A91420AD00068D7
:1064A00003F052F906E02000C0B2032802D1002018
:1064B00003F050F910BD0000780E0020880E002077
:1064C000300000200120194908600020704700B505
:1064D0000020EFF3108172B6144A1368012B03D029
:1064E0000122D243100001E00323136081F31088DE
:1064F00040B200BD00B50020EFF3108172B60B4A28
:106500001368032B03D00122D243100001E00123C2
:10651000136081F3108840B200BD38B505000C004F
:1065200022000349280007F017F832BD800300203D
:10653000043F041000B5BFF34F8F694869490860F4
:10654000BFF34F8F00BFFDE70069704781B0664918
:106550000A6802430A60096801400091009901B08D
:10656000704781B061490A6802430A6009680140C6
:106570000091009901B0704700B55C49096801407D
:10658000814201D1012000E0002000BD58490A6885
:1065900002430A60704756490A6882430A6070479E
:1065A00080B507F0EBF900F010F800F038F800F0D3
:1065B000A9F800F055F800F06CF800F046F800205B
:1065C00007F042FA07F09CFAFCE738B588B01821CA
:1065D0000024220002AD280000F0A4F808212200C7
:1065E0006D46280000F09EF80320029080204002B3
:1065F00003901020059002A807F060FB002801D04E
:1066000000F08AF80094202001900021684607F0ED
:1066100053FC002801D000F07FF809B030BD10B560
:1066200086B0182100226C46200000F07BF8022082
:106630000090802040010590684607F01FFD00286B
:1066400001D000F069F806B010BD80B529482A498C
:10665000016007F0CDFD002801D000F05DF801BD1C
:1066600080B52648006800900120FFF785FF0028CC
:1066700008D10120FFF78AFF0120FFF78CFF0120DE
:10668000FFF76FFFC020C0050090684607F008FFC5
:1066900001BD3EB50821002422006D46280000F00F
:1066A00041F80120FFF768FF002808D10120FFF71B
:1066B0006DFF0120FFF76FFF0120FFF752FF104829
:1066C000FFF742FF1028FAD36846A0214900018055
:1066D000210081700194684601F0F2FA37BD000094
:1066E0000400FA050CED00E050004048600040480E
:1066F00040004048A80E0020000030485C3D0410D7
:106700000018006080B50820FFF720FF0420FFF785
:106710001DFF01F067FA01BD80B572B6FFF70AFFF1
:1067200001BD43001206130A1A43130C1A4300BF9B
:10673000094205D0830707D00270401C491EF9D1D9
:10674000704700000022FFE71300103906D330B471
:106750001400150010393CC0FCD230BC490700D3EE
:106760000CC000D504C0890002D30280801C00291F
:1067700000D50270704718005001500170B4103AF3
:1067800003D378C9103A78C0FBD2530701D318C994
:1067900018C001D508C908C0D20704D30B880380EC
:1067A000891C801C002A01D50B78037070BC7047CF
:1067B0008B0701D18307E1D0124205D00B78491C29
:1067C0000370401C521EF9D17047830085000700FA
:1067D00007008300850005000700030003000F0089
:1067E0000500820081000500B0B50546C07A12247C
:1067F000802829D8298C172926D31448821D914234
:1068000022D8298A17291FD381421DD8A87E0028A3
:106810001AD000F099FA002808D0E87E002813D09A
:10682000802811D8287F401E0E280DD80848342211
:10683000294608F06BF808F031F9002803D408F075
:1068400061FB002400E087242046B0BDFA0300006D
:106850007C0D00200EB4C0B5020003A801900020FA
:10686000009001AB0121044878440C3008F0B4FBDF
:10687000029906B0084700BFA1E8020080B509F000
:106880004FFB80BD80B509F029FC80BDF0B58BB011
:1068900007000E0015001C001AA800780A9019A81D
:1068A0000078099018A80078089017A80078079039
:1068B00016A800780690694654200856059014A83A
:1068C000007804901398039012A80078029011A801
:1068D000007801901098009023002A0092B23100B5
:1068E000C9B23800C0B209F01DFC0BB0F0BD70B5E4
:1068F00006000D00140022002900C9B23000C0B209
:1069000009F0AEFC70BDF8B507000E0015001C00C4
:106910006846007E00902300DBB22A00D2B231002C
:10692000C9B2380009F022FDF2BD38B505000C00EF
:106930002100C9B22800C0B209F064FD32BD38B5EB
:1069400005000C002100C9B22800C0B209F090FD7A
:1069500032BDF8B507000E0015001C0023002A0008
:10696000D2B23100C9B23800C0B209F099FDF2BD0F
:1069700010B504002000C0B209F0EAFD10BD80B5DA
:1069800009F020FE02BD10B50400200080B209F01D
:106990003BFE10BD38B505000C00210089B228006F
:1069A000C0B209F057FE31BD38B505000C0021001A
:1069B000C9B2280009F072FE32BD38B505000C00DE
:1069C0002100C9B2280009F07DFE32BD10B50400D7
:1069D0002000C0B209F002FF10BD10B50400200075
:1069E000C0B209F021FF10BD38B505000C00210030
:1069F000C9B22800C0B209F03FFF31BD10B5040094
:106A0000200080B209F03FFF10BD10B50400200047
:106A100009F03AFF10BD80B509F052FF02BD10B574
:106A200004002000C0B209F077FF10BD10B50400CB
:106A3000200080B209F096FF10BD38B505000C00AB
:106A40002100280009F094FF32BD38B505000C0084
:106A50002100280009F0B6FF32BD10B50400200067
:106A600080B209F0DFFF10BD80B50AF043F802BD27
:106A700080B50AF041F802BD80B50AF03FF802BDCA
:106A800080B50AF03DF802BD38B505000C002100C4
:106A900028000AF051F832BD38B505000C0021007D
:106AA00028000AF079F832BD38B505000C00210045
:106AB00028000AF08DF832BD38B505000C00210021
:106AC00028000AF0A1F832BD38B505000C002100FD
:106AD00028000AF0D9F832BD38B505000C002100B5
:106AE00028000AF017F932BD38B505000C00210066
:106AF00028000AF03FF932BD38B505000C0021002E
:106B000028000AF055F932BD38B505000C00210007
:106B100028000AF069F932BD38B505000C002100E3
:106B200028000AF07FF932BD38B505000C002100BD
:106B300028000AF095F932BD38B505000C00210097
:106B400028000AF0A3F932BD38B505000C00210079
:106B500028000AF0B7F932BD80B50AF0F9F902BD94
:106B600010B5040020000AF02DFA10BD80B50AF01F
:106B70002BFA02BD10B504002000C0B20AF026FABC
:106B800010BD38B505000C0021002800C0B20AF085
:106B90002FFA31BD38B505000C0021002800C0B225
:106BA0000AF03EFA31BD80B50AF07AFA02BD80B52E
:106BB0000AF078FA02BD10B50400200080B20AF095
:106BC000C3FA10BD10B50400200080B20AF088FBA3
:106BD00010BD10B5040020000AF0BAFB10BD10B5BE
:106BE00004002000C0B20AF009FC10BD10B504007A
:106BF00020000AF019FC10BD10B50400200080B27E
:106C00000AF082FC10BD10B5040020000AF06CFDF3
:106C100010BD10B50400200080B20AF0DBFD10BDED
:106C200010B50400200080B20AF0F8FE10BD10B5C7
:106C300004002000C0B20AF02FFF10BDFEB507000F
:106C40000E0015001C0009A80078019008A8007823
:106C500000902300DBB22A00D2B23100C9B2380062
:106C6000C0B20AF06FFFF7BD10B504002000C0B23B
:106C70000BF018F810BD10B50400200080B20BF026
:106C800019F810BD10B50400200080B20BF02EF8EA
:106C900010BDF8B507000E0015001C0023002A00E7
:106CA000D2B23100C9B23800C0B20BF03BF8F1BD2E
:106CB00080B50BF0C1F801BD10B5040020000BF049
:106CC000CFF810BD38B505000C00210028000BF0EE
:106CD00061FA32BD70B506000D00140022002900D3
:106CE000C9B230000BF096FA70BD80B50BF0E4FA33
:106CF00002BD38B505000C002100C9B228000BF018
:106D0000DDFA32BD10B5040020000BF0FDFA10BD15
:106D100010B5040020000BF073FB10BD38B5050062
:106D20000C00210028000BF09FFC32BD38B5050097
:106D30000C00210028000BF0B8FC31BD10B5040098
:106D400020000BF0BEFC10BD80B50BF0DDFC02BDD9
:106D500010B5040020000BF0D9FC10BDF8B50700F9
:106D60000E0015001C002300DBB22A00D2B2310055
:106D7000C9B23800C0B20BF0F9FCF1BD10B5040087
:106D80002000C0B20BF00EFD10BDF8B507000E00DC
:106D900015001C000698009023009BB22A003100C9
:106DA00038000BF013FDF1BD38B505000C002100D3
:106DB000C9B228000BF0CAFD31BD80B50BF09CFEB6
:106DC00001BDF8B507000E0015001C0023002A00C5
:106DD000310038000BF098FEF2BD10B50400200021
:106DE0000BF0DEFE10BD80B50CF01EF801BD70B5D5
:106DF00006000D0014002200D2B22900C9B23000F2
:106E0000C0B20CF033F870BD10B5040020000CF0D7
:106E100061F810BD10B5040020000CF06FF810BD33
:106E200010B5040020000CF07DF810BD10B5040072
:106E300020000CF08BF810BD10B5040020000CF001
:106E4000AFF810BD80B50CF025FA01BDF8B507000C
:106E50000E0015001C006846007E00902300DBB287
:106E60002A00D2B23100C9B23800C0B20CF020FA08
:106E7000F1BD10B504002000C0B20CF041FA10BD05
:106E800038B505000C002100C9B228000CF050FAFA
:106E900031BD70B506000D0014002200290030003D
:106EA000C0B20CF0B9FA70BD10B504002000C0B239
:106EB0000CF0D0FA10BD10B5040020000CF0E6FA7A
:106EC00010BD38B505000C002100C9B228000CF037
:106ED00007FB32BD38B505000C00210028000CF07E
:106EE0003DFB31BD10B5040020000CF069FB10BD66
:106EF00038B505000C002100C9B228000CF094FB45
:106F000031BD10B5040020000CF0DAFB10BD10B547
:106F1000040020000CF0DBFB10BDFEB507000E00E6
:106F200015001C000998019008A800780090230023
:106F3000DBB22A00310038000CF0D0FBFEBD70B58A
:106F400006000D0014002200D2B2290030000CF01F
:106F5000BFFC70BD10B504002000C0B20CF006FDEF
:106F600010BD38B505000C002100C9B22800C0B220
:106F70000CF054FD31BD70B506000D001400220068
:106F8000D2B22900C9B230000CF0B4FD70BD10B50A
:106F9000040020000CF0F6FD10BDF8B507000E004F
:106FA00015001C002300DBB22A00D2B23100C9B2A6
:106FB00038000CF003FEF1BD38B505000C002100CF
:106FC00028000CF06BFE32BD0FB581B06846007E24
:106FD000009001A80FC80CF0ACFE05B000BD10B5C4
:106FE000040020000CF0E8FE10BD10B504002000E5
:106FF000C0B20CF013FF10BD10B504002000C0B2E9
:107000000CF03EFF10BD80B50CF050FF01BD10B577
:107010000400200080B20CF051FF10BD70B50600D6
:107020000D0014002200290030000CF0D7FF70BDC5
:1070300010B5040020000DF00BF810BD38B50500A8
:107040000C00210028000DF03FF831BD10B5040000
:1070500020000DF073F810BD38B505000C002100BC
:10706000280080B20DF0A2F832BD10B50400200057
:107070000DF0B0F810BD80B50DF06CF902BD10B583
:10708000040020000DF068F910BDF8B507000E00EF
:1070900015001C0023009BB22A0092B2310089B275
:1070A000380080B20DF07EF9F2BDF0B587B0070070
:1070B0000E0015001C0012A80078069011A8007898
:1070C000059010A8007804900FA8007803900EA8EF
:1070D000007802900DA8007801900CA8007800902C
:1070E0002300DBB22A00D2B23100C9B23800C0B2EC
:1070F0000DF0E4F907B0F0BD10B5040020000DF06C
:107100000BFA10BD10B5040020000DF049FA10BDB7
:1071100010B5040020000DF0F3FA10BD10B5040006
:1071200020000DF007FB10BD10B5040020000DF08D
:1071300019FB10BD10B5040020000DF02DFB10BD93
:1071400010B5040020000DF03FFB10BD10B5040089
:1071500020000DF061FB10BD10B5040020000DF003
:1071600089FB10BD10B5040020000DF0A3FB10BD7D
:1071700010B504002000C0B20DF0E6FB10BD10B544
:10718000040020000DF000FC10BD10B5040020002C
:107190000DF016FC10BD10B5040020000DF03EFCF3
:1071A00010BD10B50400200080B20DF071FC10BDC0
:1071B00010B5040020000DF04DFD10BD10B5040009
:1071C00020000DF05FFD10BD10B50400200080B25E
:1071D0000DF080FD10BD10B50400200080B20DF050
:1071E0007DFD10BD10B5040020000DF03DFE10BD6A
:1071F00010B5040020000DF08DFE10BD10B5040088
:1072000020000DF0B3FE10BD80B50DF0E7FE01BD0E
:1072100080B50DF033FF01BD10B50400200080B231
:107220000DF090FF10BD10B50400200080B20DF0ED
:107230009BFF10BD10B50400200080B20DF0B6FF1A
:1072400010BD10B50400200080B20DF0D3FF10BDBA
:1072500010B50400200080B20EF086F810BD38B5DD
:1072600005000C002100C9B2280080B20EF092F88F
:1072700032BDFEB507000E0015001C006846808C6C
:1072800001906846008C00902300DBB22A00D2B245
:107290003100C9B23800C0B20EF080F8FEBDFEB5B4
:1072A00007000E0015001C006846008D029068461D
:1072B000808C01906846008C009023009BB22A00CD
:1072C00092B2310089B23800C0B20EF079F8FEBD3A
:1072D00070B506000D00140022002900C9B230006C
:1072E000C0B20EF080F870BDF8B507000E001500B2
:1072F0001C0023009BB22A0092B23100C9B23800B0
:10730000C0B20EF079F8F2BD10B504002000C0B292
:107310000EF088F810BDF8B588B007000E00150013
:107320001C0015A80088079014A80088069013A8D0
:107330000088059012A80088049011A80088039086
:1073400010A8008802900F9801900EA80078009075
:107350002300DBB22A00D2B23100C9B23800C0B279
:107360000EF070F809B0F0BD10B504002000C0B2F6
:107370000EF0AEF810BDFEB507000E0015001C00A3
:107380000AA80078029009A80078019008A800785F
:1073900000902300DBB22A00D2B23100C9B238001B
:1073A000C0B20EF09DF8FEBD70B506000D001400D1
:1073B0002200D2B22900C9B2300080B20EF0D4F857
:1073C00070BD38B505000C002100280080B20EF019
:1073D000D9F832BD38B505000C002100C9B228002B
:1073E00080B20EF0DBF832BD80B50EF0DFF802BDE2
:1073F00038B505000C0021002800C0B20EF0DBF803
:1074000032BD10B5040020000EF0E0F810BD10B53C
:10741000040020000EF0DEF810BD38B505000C00A9
:10742000210089B228000EF0D9F832BD10B5040051
:1074300020000EF0D7F810BD10B50400200080B277
:107440000EF0D4F810BD38B505000C00210089B24B
:10745000280080B20EF0CEF832BDF8B507000E005D
:1074600015001C0023009BB22A0092B2310089B2A1
:10747000380080B20EF0C2F8F2BDF8B507000E0079
:1074800015001C0023009BB22A0092B2310089B281
:10749000380080B20EF0BDF8F2BD70B506000D00E8
:1074A0001400220092B2290089B2300080B20EF09E
:1074B000B6F870BDF8B507000E0015001C002300DB
:1074C0009BB22A0092B2310089B2380080B20EF02D
:1074D000AEF8F2BDF8B507000E0015001C000698C6
:1074E000009023009BB22A0092B2310089B238008A
:1074F00080B20EF0A4F8F2BD38B505000C002100F2
:1075000089B2280080B20EF0A9F832BDF0B585B07E
:1075100007000E0015001C000EA8007804900DA8AE
:10752000007803906846008E02906846808D019036
:107530006846008D009023009BB22A0092B2310071
:1075400089B2380080B20EF08DF805B0F0BDFEB5FE
:1075500007000E0015001C0009A80078019008A87B
:107560000078009023009BB22A0092B2310089B2C9
:10757000380080B20EF08AF8FEBD38B505000C0068
:10758000210089B2280080B20EF0B0F832BDF8B503
:1075900007000E0015001C0023002A0092B23100E3
:1075A00089B2380080B20EF0A5F8F2BD10B5040023
:1075B000200080B20EF0A2F810BD70B506000D00DC
:1075C000140022002900C9B23000C0B20EF09CF8AD
:1075D00070BD38B505000C00210089B2280080B2CA
:1075E0000EF0E0F832BD38B505000C002100C9B23C
:1075F0002800C0B20EF0DAF832BDF0B585B0070051
:107600000E0015001C000EA8007804900DA800784C
:1076100003900CA8007802900BA8007801900AA8AB
:107620000078009023009BB22A0092B2310089B208
:107630003800C0B20EF0D8F805B0F0BD70B5060045
:107640000D0014002200D2B2290089B2300080B2AD
:107650000EF04CF970BD0300FFFFFFFFFFFFFFFFBF
:10766000FFFFFFFFFFFF010000000000FFFF010020
:107670000000FFFFF1B50F0000203880264C2000ED
:10768000FFF7BFFE05002800C0B2002802D0280086
:10769000C0B240E02000FFF7BAFE04006846007860
:1076A000C0070CD5210089B21C48FFF7B6FE0500C3
:1076B0002800C0B2002802D02800C0B22BE0174832
:1076C000FFF7B4FE3880210089B21548FFF7A5FE08
:1076D00006003000C0B2002802D03000C0B21AE06C
:1076E000210089B20F48FFF798FE05002800C0B2BC
:1076F000002802D02800C0B20DE0210089B20A485B
:10770000FFF78BFE01000800C0B2002802D008007D
:10771000C0B200E00020F2BD58030020642804102D
:1077200088280410AC280410D028041080B5022842
:1077300001D9122080BD0EF0EDF880BDFFB581B0FB
:107740000A9F002503980580049805803D806846BF
:10775000007905210140002936D0634E3000FFF743
:1077600050FE6946087068460078002802D06846D6
:1077700000782AE05D4C2000FFF758FE039908804E
:1077800020002430FFF752FE049908803000FFF7F4
:107790003EFE694648803D806846007A02280ED148
:1077A0006846418820006C30FFF737FE6946087054
:1077B00068460078002802D06846007805E04C4A08
:1077C0000821002000F003F8002005B0F0BDF8B556
:1077D00007000E0015004548FFF728FE0400641C52
:1077E0002B00320092B2390089B2200080B200F042
:1077F00014F8F2BDF8B507000E0015003D48FFF77C
:1078000015FE0400641C2B00320092B2390089B2CC
:10781000200080B200F001F8F2BDFBB584B0150085
:1078200000242000C0B2052816D230482100C9B279
:10783000242251434018FFF7F9FD69460880684645
:107840000088002806D068460088401C6946098ADE
:10785000884201D0641CE4E72000C0B2052801D1B1
:1078600012203FE0214E2000C0B2242148433018AE
:10787000006A80886946898A2A0092B289188842FB
:1078800001DA12202EE02000C0B224214843301833
:10789000006A002801D1122024E0280080B2029062
:1078A000069801902000C0B2242148433018006A95
:1078B00080686946898A4718029A01993800FEF75C
:1078C00077FF2000C0B2242148433018006A0078B6
:1078D000800706D52000C0B2242148433018006A32
:1078E0004580002007B0F0BD140300206002002096
:1078F0004C19041084020020E0B501A9087001228F
:10790000084611460EF060F8002800D08CBD01A892
:1079100000780EF077F88CBD1CB5044668460EF072
:107920008DF80020082806D06946095C225C0A43CD
:107930002254401CF6E720460EF0B8F81CBDFEE7C6
:10794000F1B588B0774800680690764800680899D5
:107950000140744801606C480068029072480068F9
:1079600001906A48006800907048006804906D4F6C
:1079700002980099014038680840002869D00198B1
:1079800004990140002964D10024804DE00028586A
:107990000099014038680840002801D1641CF4E7D0
:1079A000E000285800990140386808400390E00042
:1079B0002818406803990140002904D10020C043E1
:1079C000E100691848605A4F0399E00028184068A0
:1079D000084000F0DDF838600121E0002818426816
:1079E0003B68080098408243E00028184260EFF3AB
:1079F0001080059072B6444802683B6808009840C1
:107A00008243414802600226002E0DD0F000281863
:107A1000083802683B68080098408243F000281844
:107A200008380260761EEFE7059880F31088414819
:107A300039688900405880473348006802903A48C6
:107A40000068019031480068009038480068049050
:107A50008DE70020C04336490860344C0198216806
:107A6000014000291FD106F051F8EFF3108572B6DE
:107A70002548006802902C4800680190234800685F
:107A8000009002980099014038680840002806D10B
:107A9000019821680140002901D106F038F885F3EA
:107AA00010880EF013F80698386009B0F0BDF8B5EC
:107AB00004000F001500EFF3108672B6200000F0EE
:107AC00067F880001B490D5086F31088F1BD30B473
:107AD000EFF3108272B60C4B1C6804431C602B4BF6
:107AE000CC001C590443CD005C5182F3108830BC9B
:107AF0007047EFF3108172B60B4A136803431360AB
:107B000081F3108870470000E40E002084030020F9
:107B1000EFF3108172B6044A13688343136081F354
:107B20001088704788030020E80E0020EC0E00202B
:107B3000F00E00203C0B0020FEB50400244E3068FF
:107B4000009030680021C943884201D1002502E03D
:107B50000125306885401F4F386801903C601E4801
:107B600001682140002904D1210028000DF0AFFF59
:107B7000F5E700993160EFF3108172B60268A24315
:107B8000026081F3108801983860F7BD980E0020DC
:107B900010B5010000200A00130C1B04002B02D1B9
:107BA000102318001204130E1B06002B01D10830FD
:107BB0001202130F1B07002B01D1001D1201074BEE
:107BC000140F1B5DC0181F23181AC0B210BD00008F
:107BD000F00E0020EC0E0020E80E0020883F04107C
:107BE00070477047704780B500200DF077FF80BD6B
:107BF00000B5010049B2002905D40121C206D20E08
:107C000091407E4A116000BDC16803229143022267
:107C10000A43C2607047C16803229143C160704744
:107C2000C16803229143C160704701617047816A56
:107C30008022D2050A4382627047816A704A0A40F4
:107C400082627047016B8022D2050A43026370474B
:107C5000016B6B4A0A40026370470A00D2B282602D
:107C6000704741627047C162704700697047816A1E
:107C7000802292050A43826270477047816C01221C
:107C80000A4382647047C16C01220A43C264704790
:107C9000C16C0800C007C00F7047416070470021E9
:107CA0008160704780687047C06870470169012231
:107CB0000A430261704701690800C007C00F70479E
:107CC000F1B5BD48FFF7DFFFBB48FFF7D7FF17202F
:107CD000FFF78EFF1420FFF78BFF00984068002805
:107CE00001D0012000E00020B44C20702078002852
:107CF00003D100988078002802D000F0AFFA09E0A4
:107D0000C82040032062E061B248A061B24820610F
:107D1000B248606100984068002805D1A020C005E5
:107D200000F0FEF9606014E0251D00984068000333
:107D30000A210DF032FF2860A94E300000F0F0F962
:107D40006168814201D2606802E0300000F0E8F929
:107D5000286000252800207200980088A066A1698C
:107D6000A06E80B200F060FB2800842160540026E1
:107D70000027266767679048FFF777FF80216050EC
:107D8000A667E76720002830C0C0083828003421E3
:107D90006054944AA16960680DF056FF2063207812
:107DA000942160548C20255001209021605428009B
:107DB000932160542800912160542800922160543E
:107DC000280061216054280062216054280063214A
:107DD0006054A665E7658448A064656500F0A9F96C
:107DE0006268002312184B412000403000F050FB25
:107DF0000121200000F0A6FAF1BD000000E100E042
:107E0000FFFFFFBFFEB5002069460870EFF310804A
:107E1000029072B6694C6120205C00280BD000F003
:107E200088F9A26DE36D8B4205D801D3824202D25C
:107E3000002061216054029880F31088250091355C
:107E400028789221615C884204D328789221615C71
:107E5000401A06E028789221615C401A802149008E
:107E60004018002847D028789221615C884206D3C8
:107E700028789221615C401A6946487005E02878AC
:107E80009221615C401A6946487001A98C202058F3
:107E900000F03AFC8C216050019F002F0AD03E690F
:107EA00000203873B868002802D03800B9688847C5
:107EB0003700F2E76C4E6946306800F069FB3060CD
:107EC0006846007801280FD1EFF3108072B6297848
:107ED000491C9222A25C914201D1297801E02978C3
:107EE000491C297080F31088604801786A465278EE
:107EF00089180170A2E7207A002843D05C48FFF778
:107F0000DAFE002857D00021080020729420205C5F
:107F1000002806D1200093300278002A01D0017099
:107F20001CE000F022FC26008C366946306800F028
:107F30002FFB30606846007801280FD1EFF31080E6
:107F400072B62978491C9222A25C914201D129780B
:107F500001E02978491C297080F3108869462000C7
:107F6000583000F06FFC25004035280000F026F95D
:107F700000F0DFF86268002312184B41280000F07F
:107F800087FA18E02078002815D000F0D2F82200F7
:107F900028320CCAFA2676030027B6185F418F42B2
:107FA00009D801D3864206D24034200000F006F9F9
:107FB000200000F054FAF7BD00180060100A0020FD
:107FC00010B5040021005548006800F047FD10BDC1
:107FD00000000000C2F528008D5B0000ECEB65019D
:107FE000FFEFFFFF260300005F840410F5B583B0A8
:107FF0000F000024684604723800C0B2002801D087
:10800000012000E020001B4D642168546846007C7C
:10801000002801D0012000E02000602168548E4E2D
:108020002800283003C800900191039A28002830C6
:1080300003C8101A0021009A019B8018594103C6F9
:10804000083E61202C5463202C5401206221685486
:1080500002A9300000F0F6FB012000F01BFB68468F
:10806000007A05B0F0BD00009C0A0020A20A0020A2
:1080700000100060100A002070B5C024E405200044
:10808000FFF7C9FD2000FFF7CBFD1648FFF7D5FD30
:108090000024AB4D61202C5462202C5463202C54BE
:1080A000EFF3108672B600F044F8AA6DEB6D121A69
:1080B0008B418420285C0021121A8B4186F31088A2
:1080C000002B04DC01DB012A01D2012007E0002B98
:1080D00004DC01DB0F2A01D2022000E02000C0B244
:1080E00070BD00000018006070B5EFF3108672B626
:1080F0007148FFF7BAFD0400C025ED052100091DF8
:108100002800FFF792FD2800FFF77EFD86F3108818
:1081100070BD70470020B1490870704714000060BE
:1081200010B50400634A8648C16920000DF08CFD3B
:1081300010BD80B56946824800F0E2F904BD00B583
:10814000801A99410A2200230DF0A0FD000B0A05B8
:108150001043090B00BDF2B582B00700029C002558
:10816000FFF7E7FF00900191200029000903020DAD
:10817000114300030A2200230DF0A1FD009A019B88
:108180008018594102000B00380000F081F9060008
:10819000012000F07FFAF6B23000FEBDF8B507000E
:1081A00014001D0022002B00380000F071F90600B9
:1081B000012000F06FFAF6B23000F2BDF8B506000B
:1081C000874C27008C373100386800F087FA0500AB
:1081D00000206946087030733868A8421BD0694691
:1081E000280000F0D5F9386068460078002813D0E0
:1081F000EFF3108072B6210091310A78521C92235D
:10820000E35C9A4201D10A7801E00A78521C0A70B4
:1082100080F3108800E03D60F1BD1CB500200090A7
:108220000098254C2000FFF713FD6D4801009131A7
:108230000A78521C9223C05C824201D1087801E086
:108240000878401C08702000FFF71DFD2000FFF794
:108250001FFD009013BD0000680A002010B5C84C37
:108260002000FFF728FD0028F9D017212000FFF794
:1082700014FD334C2000103000F00EF8E06920624D
:1082800010BD000010B5BE4C2000FFF70FFD200010
:10829000FFF705FD10BD000010B50400FFF7F2FF69
:1082A000B748FFF708FD0028FAD0200000F006F8D4
:1082B00010BD00003506000000180060F1B584B064
:1082C000AF4C2000FFF7EEFC05002000FFF7EAFCB2
:1082D000854201D1002D04D12000FFF7E3FC050009
:1082E000F3E7A84F28120290E8B201900298784371
:1082F0000199794309124018103040110499C8605F
:1083000004980560A04800902000FFF7CDFC06000F
:108310002000FFF7C9FC864201D1002E04D12000C5
:10832000FFF7C2FC0600F3E7B011009941430A00D1
:1083300080321212049B9A60049A566005B0F0BD18
:10834000100A0020F8B505000F0090480078C0B270
:108350007D214843FA2189000DF01CFC0400641CB7
:10836000B84AA9691B200DF06FFCB7490870B748DF
:108370000078C0B200F03FF83D216854B44E307828
:108380002100C9B2401800F036F838216854B148CD
:108390000078C0B22100C9B2401800F02CF8392191
:1083A0006854AD480078C0B200F025F83A2168540E
:1083B000C6480078C0B200F01EF83B21685438006F
:1083C000C0B2002808D030782100C9B2401800F0AF
:1083D00009F81B303C216854F1BD0000730A0020ED
:1083E000100A0020010068204843DB224A43000AAB
:1083F000120C8018704738B50400B5484069002158
:10840000220000230DF042FC032200230DF03EFC6D
:1084100002000B008020C004002180185941C00ECA
:108420004D012843C90E32BD70B506000C00854AC7
:108430002100300080B20DF007FC050080204001D3
:10844000854201DBA3480500102D01DA102005004C
:1084500028110100C9B2A048FFF7FFFB70BD38B575
:1084600005009B4C207A002806D12078002801D0F6
:10847000FFF708FF01202072FFF75BFE0022643047
:10848000514102000B002000403000F001F831BDE6
:10849000F8B5040016001F00002069460870207B14
:1084A000002801D0012028E0C0C4083C012020732E
:1084B000124D2100286800F0D1F8A0421BD1694676
:1084C000200000F065F8286068460078002812D087
:1084D000EFF3108072B67E4B190091310A78521C6E
:1084E00092255B5D9A4201D10A7801E00A78521C1C
:1084F0000A7080F3108868460078F2BD9C0A00205C
:10850000F2B584B00600EFF31080019072B6306FC0
:10851000716F02AA03C2083A6F48FFF7A6FB0499DD
:1085200008600498006880217158401A0090C34F79
:1085300002A830C808383A00F16900980DF084FBB1
:1085400000210019694104000D00B06FF16F8D42E8
:108550000DD801D384420AD23A00F1690020C04309
:108560000DF072FB00210019694104000D00B46791
:10857000F567019880F310882000290005B0F0BD50
:1085800000100060F6BC080053070000CE00002079
:10859000F8B584B006000D00340000960020287065
:1085A000002C26D0207B002821D0EFF3108772B654
:1085B000FFF7BFFD02000B0003CC083C801A994175
:1085C00002AA03C2083A02A803C800290ADB01DC98
:1085D000012807D301210A0002A803C8110000F0F6
:1085E00010F801E00120287087F3108801E0246969
:1085F000D6E72878002801D0009800E0200005B0D8
:10860000F0BDF8B504000F000E4A31488169200022
:108610000DF01AFB212801D3060000E02026884C2B
:108620002000FFF722FB0500A91908312000FFF701
:108630001AFB2000FFF71BFB2000FFF703FB2800BD
:10864000F2BD000026030000C5000020C600002087
:10865000C8000020C9000020CA000020F8B50400AE
:108660000F00250000260094002D0BD00CCD083DF6
:1086700003CF083F8B4205D801D3824202D22E009D
:108680002D69F1E73D61002E01D1009700E03761CF
:108690000098F2BD38B504002000C0B200280BD00D
:1086A0009C4805009035297800290DD14030FFF70E
:1086B000D6FE0120287007E0964D28004030FFF7D5
:1086C0007DFD00209021685431BD0000CB000020CA
:1086D000100A0020FF0F00000018006030B50200F3
:1086E000130000241000002B04D08B4202D01C0089
:1086F0001B69F8E7002B06D0934202D11D692800C0
:1087000001E01D69256130BDF2B584B007003C0071
:10871000002501950097049807602E00002C19D0C1
:10872000207B002812D0FFF704FD02000B0003CCD1
:10873000083C801A994102AA03C2083A02A803C859
:10874000002903DB01DC062800D303E0019424693F
:10875000761CE3E7002E03D001980561009401E048
:1087600004980560009805B0F0BD38B58AB0694C32
:10877000207800281FD06846FFF7A0FD0299A06E60
:1087800080B2FFF751FEEFF3108572B6012034215D
:108790006054019860610298A0610098206103987C
:1087A000E061200000F011F885F31088002120001E
:1087B000FFF7C8FD07E0EFF3108572B6200000F068
:1087C00004F885F310880BB030BDF8B504001C48E0
:1087D000FFF74BFA0600276A184D2A00390080205F
:1087E0002058301A0DF030FA210028310CC9083910
:1087F000002180185941206761672078002812D134
:1088000080202058301A216B88420CD22A0039006F
:108810000020C0430DF018FA226F636F002180180A
:1088200059412067616780202650206F616F2200C8
:10883000283203C2083AE0692062F1BD3506000023
:1088400000180060F2B586B0060000240698047097
:10885000B07A00285CD02F4D280028300CC808388A
:10886000686800218018594104AA03C2083AEFF34E
:10887000108772B6FFF75DFC02AA03C2083A03CE66
:10888000083E0090019104A803C8C8229202002368
:1088900012184B4100980199994210D301D8904287
:1088A0000DD304A803C8B9225200002312184B416B
:1088B00002A803C88B4229D801D3824226D202A83B
:1088C00003C800220A3051410090019103CE083EB6
:1088D00000224C389141009A019B8B4211D801D360
:1088E00082420ED2327A317B0B0003CE083E190051
:1088F00000F012F806990870B47201207072F072DC
:1089000004E062202C5401200699087087F3108837
:1089100007B0F0BD100A0020F7B586B06846007FAA
:10892000012813D108A80078002807D06048382112
:10893000415C00913C21405C01901AE05C48392187
:10894000415C00913C21405C019012E008A8007855
:10895000002807D056483A21415C00913C21405CF8
:10896000019006E052483B21415C00913C21405C73
:1089700001904F4C069D03A92000FFF7C1FD281A66
:1089800005904C4AA16905980DF05EF90490019894
:10899000A16E4018C8300599884223D2464F0498EA
:1089A0003978401A0099401A0290444D0398029970
:1089B00041182800FFF755F900212800FFF75DF95D
:1089C000C026F6053000FFF726F93000FFF728F93A
:1089D0002800FFF72CF92800FFF749F900983978AB
:1089E000451818E004983D21615C401A0099401A2E
:1089F0000290C025ED050398029941182800FFF761
:108A000014F92E48FFF719F92800FFF7FDF8009830
:108A10003D21615C451803980499401888216050F5
:108A2000029841192800401D81420CD2C024E4055F
:108A30002000FFF7F0F82000FFF7F2F81F48FFF7DB
:108A4000FCF8012007E01E4AE16928000DF0FCF85F
:108A5000842160540020C0B209B0F0BD7CB506008E
:108A60000D00134C69462000FFF74AFD03C5083D81
:108A7000134AE1690098801B0DF0E6F8020003CD6F
:108A8000083D0023801A99417CBD80B5FFF7C5FBE6
:108A9000FCF716FC01BD81B0002000900098094849
:108AA000016801220A4302600068009001B070472B
:108AB000100A002026030000C500002000180060F6
:108AC000350600007400006010B502001368002035
:108AD000108150819081907319000878FF2806D189
:108AE00050681C00001B001F908100201BE00878CC
:108AF000FE2803D11089401C108108E00878002866
:108B000003D15089401C508101E003200BE04888CC
:108B1000C01C03240443641C1B191800401D546826
:108B2000A042D9D3002010BDF6B50200079C089DD5
:108B3000200080B2002805D068464480FE260670DA
:108B40006E4600E0566850689768B84202D23078A6
:108B5000FF2801D1042036E0107B002802D000203D
:108B6000107314E05768BC467788FF1C0320384315
:108B7000401C674638185060506806005068976877
:108B8000B84202D23078FF2801D104201BE03078AF
:108B90000028E1D03078FE2801D0032013E008003F
:108BA000C0B2FF2804D070780F00FFB2B842D3D112
:108BB0005068001D019F386070881880002D01D01A
:108BC000707828700020F6BDFBB584B0140000203A
:108BD0000D9908800F9801906846008F009002ABB5
:108BE00003AA6846017D0498FFF79EFF0500280050
:108BF000C0B2002802D02800C0B228E02000694698
:108C0000098980B2884201D3062020E068460089A5
:108C1000210089B2401A6946098E884205DA684601
:108C20000089210089B2461A01E06846068E039841
:108C3000210089B240180090069F32000099380048
:108C4000FDF7B6FD684600890D990880002007B041
:108C5000F0BDF7B584B00600069802906846808A99
:108C6000AC490140684601806846808A69460988A7
:108C7000401A69468870002468460088844210DAE9
:108C8000042502980019039001AF2A0003993800C7
:108C9000FDF78EFD019A311900200DF04FF8241DCB
:108CA000EAE70020C043019068468478029869464C
:108CB0000988451801AF220029003800FDF778FD2A
:108CC000019A68460088311800200DF037F807B087
:108CD000F0BDFBB50400089E6D46521E03271743E6
:108CE0007F1CFE202870684600796870B81968807B
:108CF000009A210000200DF021F8029A390089B273
:108D00002000001DFFF7A5FF099A310089B2380045
:108D100080B22018001DFFF79CFF0020FEBDF8B5B3
:108D200004000D00160067686068A168884202D2DE
:108D30003878FF2801D1042020E0207B002802D1D0
:108D40003878FE2801D0052018E02800798880B204
:108D5000884201D3062011E0002020736846028873
:108D60006068290089B24018011D30000DF080F8BC
:108D7000002801D1002001E00020C043F2BDFCB575
:108D800083B004000D0000200A9908806946898D8F
:108D9000002907D001A96A46928D4A80FE220A70F6
:108DA00001AE00E066686168A268914202D2317843
:108DB000FF2901D1042030E0217B002902D1317844
:108DC000FE2901D0052028E02900728889B291424D
:108DD00001D3062021E020737088290089B2401A4F
:108DE0006946098A884204DA7088290089B2471ADC
:108DF00001E06846078A6068290089B24018001DB2
:108E00000290039800903A0002990098FDF7D0FC78
:108E1000009870880A990880002005B0F0BD38B528
:108E20000500FF24E4432200290000200CF086FF07
:108E3000002032BD70B5040065686068A168884292
:108E400002D22878FF2801D1042027E02878FE28C4
:108E500023D12800FFF7E3FF01000800C0B200287B
:108E600002D00800C0B219E0BE48227814235A4349
:108E70008218237814267343C3181B895B1E138141
:108E8000227814235A438218237814267343C01877
:108E90004089401C5081002000E0052070BD7FB556
:108EA00005000C00B0482818C60A01A80C21FDF7DF
:108EB00049FC02962000C0B20390694601A80CF05C
:108EC000E7FF7FBDF8B506000F0015006805400DEF
:108ED000002806D12A00390030000CF0C9FF002814
:108EE00017D0681EA1490143491CC90AC9B2300004
:108EF000FFF7D5FF0024AC420BD2200004210CF078
:108F000049FE80003A58311900200CF017FF241D4B
:108F1000F1E7F1BDFCFF000001210170002141805B
:108F200081807047FFB587B0109E00273C006846DF
:108F3000808C0190FF200090089D009A01992800E4
:108F4000FDF7F0FBFE20694608766846808C001B22
:108F5000001F69464882307800283AD006AD681C68
:108F60000390B088029005A801906846408A00905E
:108F70000898210089B24018031D0022FF2107989C
:108F8000FFF722FE694608746846808AB08068460A
:108F9000007C002804D00A9804806846007C6EE0BB
:108FA0006846808A68800420029006A8019008988C
:108FB000210089B240180090029A01990098FDF7AB
:108FC000F7FB00986888C01C032101436418641CE7
:108FD0001FE0B088019005A800906846438A089871
:108FE000210089B2421871880798FFF7C8FE6946C8
:108FF00008746846007C002802D06846007C3EE089
:109000006846808A7188401A401E03210143491C2A
:109010000C006846808A7188401A401E0321014373
:10902000491C6846C1826846408A6946C98A8842A6
:109030000BD2377070886946498A4018708068463C
:10904000808C0A990880002019E06846C08A694629
:10905000498A884208D10120307077806846808C28
:109060000A99088000200AE06846C08A6946498A51
:10907000884200D369E701203070778065E70BB044
:10908000F0BDF1B5BC488544364F832000016844EB
:1090900000781421484338184089002801D1002065
:1090A0005CE008A9832000016844007800F0B4FA6D
:1090B0000600099D06A8FFF72FFF8024240106A8BB
:1090C000009001AB22000CA908A8FFF72BFF0600B7
:1090D0003000C0B2042806D03000C0B2002802D050
:1090E0003000C0B23AE0684680882100884203D050
:1090F0003000C0B20028E0D06846808800280AD03E
:10910000684682880CA92800FFF7DCFE2D19300084
:10911000C0B20028D1D00A98401E14490143491C0E
:10912000481BC40A10482818C00A6946087003A8DA
:109130000C21FDF707FB6846007804902000C0B2C0
:10914000059002A903A80CF0A3FE83200001684447
:109150000078142148433818FFF7B6FCC3498D4402
:10916000F0BD0000C80C00200000FCEFFF0700006D
:10917000F8B5BF4CA544060000206946C871002020
:109180006946887100243079844213DAB0680C2172
:109190006143405C69460871784869460979142240
:1091A000514340184089002802D001206946887147
:1091B000641CE8E768468079002801D100205AE065
:1091C00080273F013A00FF210AA80CF0BDFE0025D0
:1091D000307985422ADAB0680C216943405C6946DF
:1091E0000871B0680C21694340184068039006A9D3
:1091F0006846007900F010FA69464871684640797F
:10920000002801D0002036E004A8FFF785FE04A85E
:10921000009002AB38000399421A92B20AA803994F
:10922000411806A8FFF77EFE6D1CD1E73A000AA997
:109230003068FFF747FE00243079844219DAB068BD
:109240000C216143405C694608714C4869460979C4
:10925000142251434018FFF737FC694648716846AD
:109260004079002803D0684640796946C871641C7B
:10927000E2E76846C0797F498D44F0BDF2B5010050
:1092800000200300032B0FDA7B4C0C255D4364198F
:10929000A479220014000D00E4B2EDB2AC4201D179
:1092A000022026E05B1CEDE70300002B20D5040024
:1092B000724D0C265E43AE193679B44216DA0C268E
:1092C0005E43AE19B6680C276743F65D32001600A0
:1092D0000F00F6B2FFB2BE4206D10C205843281848
:1092E000009D2860012004E0641CE1E75B1CDCE7D2
:1092F0000020F2BDF1B5C74885440E0080273F012C
:109300003A00FF2108A80CF01FFE002430798442A7
:1093100029DAB0680C216143405C694608716846EF
:1093200000798221090169440978884219D004A989
:109330006846007900F070F9B0680C21614340186C
:10934000456802A8FFF7E8FD02A8009001AB9B1C4E
:1093500038002900421A92B208A8411904A8FFF760
:10936000E1FD641CD2E73A0008A93068FFF7AAFDC6
:109370000020C9498D44F0BDD0F7FFFFC80C002084
:10938000FBB582B004000320C44E31005118050023
:109390000D436D1C6168491DA26891420BD3CE48F4
:1093A00021781422514340184089002801D00B2015
:1093B0005AE0022058E061680F003978FF2913D184
:1093C000A0686168401AB04203D2A0686168461A7A
:1093D000FFE7300080B2290089B26A46128D8918F1
:1093E000091D88421CDA0FE03978FE2904D039784B
:1093F000002901D0032037E061687A88D21C02433B
:10940000521C89186160C5E7B34821781422514382
:1094100040184089002801D00B2025E0022023E0DD
:109420000B9801906846008D0090049B2A0092B230
:109430006846017B6068FFF74CFC01000800C0B281
:10944000002802D00800C0B20EE0A34B20781422FE
:1094500050431A189C462078142358436346181822
:109460000089401C1081002005B0F0BD34080000C8
:10947000D8F7FFFF2C080000603D0410E00E00202C
:10948000FEB50025002D7AD5944F0C20684338583E
:10949000019000260C2068433818007986426CDA67
:1094A0000C206843381880680C217143405C04002C
:1094B0000C206843381880680C21714340184068BC
:1094C00002900C206843381880680C2171434018C2
:1094D00000896946488080482100C9B2142251435E
:1094E0004158002903D12100C9B2032901DB012021
:1094F0008FE00199029A89182200D2B214235A43AC
:1095000081500C21694379180979491E8E420AD18C
:1095100001998022120189182200D2B214235A43E1
:10952000821851600FE001990C226A43BA189268C0
:109530000C237343D218126989182200D2B2142363
:109540005A4382185160694649882200D2B21423D6
:109550005A43821811822100C9B214225143401883
:10956000FFF7B2FA6946087068460078002802D012
:10957000684600784DE0761C8CE76D1C82E700257C
:10958000032D45DA6F480C216943411889790C0095
:1095900051492200D2B214235A438A58002A03D1D7
:1095A0002200D2B2032A01DB012032E00C226A43FE
:1095B00082582300DBB214267343CA500C226A433C
:1095C00082580C236B43C3189B88D2182300DBB24C
:1095D00014267343CB185A600C226A438018008902
:1095E0002200D2B214235A438A1810822000C0B23B
:1095F000142250430818FFF767FA69460870684656
:109600000078002802D06846007802E06D1CB7E7B9
:109610000020FEBDE0F7FFFF10B502001000C0B251
:10962000032801DB012013E02B481300DBB21424D4
:109630006343C3584B601300DBB214246343C01868
:1096400040688860012008730A7000204873002079
:1096500010BDF8B584B004000F0016001D001E48B0
:109660002178142251434018807B002801D00A2021
:1096700010E000200390002002900B9801906846B3
:10968000008D00902B00320092B23900C9B2200048
:10969000FFF79AFA05B0F0BD24080000FFFF0000B4
:1096A000FEB504000F0016001D000B48217814229F
:1096B00051434018807B002801D00A200BE0002095
:1096C0000190089800902B009BB23200390089B2BB
:1096D0002000FFF754FBFEBDC80C0020E00E002068
:1096E000F2B582B0040016001F00089D0998019091
:1096F000280080B200903B00320092B26846017AA6
:109700002000FFF73DFE01000800C0B2002802D093
:109710000800C0B215E0744A207814235843131887
:109720009446207814225043624610188289944649
:109730007219521E032010436246101A401F98816E
:109740000020FEBD603D041010B504002000FFF7AE
:1097500071FB10BDF0B587B0050001A92800C0B2AB
:10976000FFF78CFD694608706846007802282FD103
:109770005D4C2800C0B21421484327582800C0B2CD
:109780001421484320184068039058483818C00AEC
:10979000694648700398401E55490143491CC81B3F
:1097A000C60A04A80C21FCF7CDFF68464078059056
:1097B0003000C0B2069002A904A80CF069FB280092
:1097C000C0B2142148432018FFF77EF9002025E09D
:1097D00068460078012820D101992800C0B2FFF71F
:1097E00089FD04002000C0B2002813D10026019892
:1097F000007986420EDA019880680C217143475C3B
:1098000039483900C9B2142251434018FFF75CF9B6
:10981000761CECE72000C0B200E0012007B0F0BDEC
:1098200038B5040069462000C0B2FFF727FD0500E7
:109830002800C0B2022804D12000C0B2FFF721FCEA
:1098400008E02800C0B2012803D10098FFF790FC7F
:1098500000E0012032BD10B500F00BF8040020003C
:1098600040B2002803D42000C0B2FFF7D9FF002087
:1098700010BD30B51F4801781B4A0B00DBB2142421
:109880006343D3185B89002B19D00B00DBB214247F
:109890006343D3189B890C00E4B214256C4312195E
:1098A000128A93420BD20A00521C02700022825686
:1098B000032A01D100220270080040B212E0491CC4
:1098C0000A00D2B2032A01D1002211000A00D2B24A
:1098D0000023C35612B21BB29A42CDD100220270AD
:1098E0000020C04330BD0000C80C00200000FCEF89
:1098F000FF070000320F0020F0B583B004464C484B
:10990000046020460CF069FF054620460CF055FF28
:109910000646684605F0B7F80099091A4B0B454909
:109920000A681146D031002B02D11060012000E0FE
:109930000020087040480068447B0021FF2C0AD0BA
:109940002C2060433D4A12681018827C002A02D005
:10995000416AC068FFE70127002E03D0002D01D126
:10996000002911E0002D15D0354A8B1A5A425A4170
:10997000344BCD1A6B426B41334D4E1B75427541D2
:10998000002907D013431D432A4E294D04D0884790
:10999000002701E0274E264D28680CF01AFF00280A
:1099A00001D0042520E028680CF0FCFE002801D03E
:1099B000012519E028680CF0F9FE002801D00225E5
:1099C00012E028680CF00DFF2946052500280BD170
:1099D00008680CF00AFF002806D1154800680CF052
:1099E000D2FE002820D000250120A8401749096890
:1099F0000A6802430A6000200DF08EF9FBF775FC3F
:109A000005F03CF820460DF099F93468607D012896
:109A100008D1217C0F200840E26809090DF054FBB1
:109A20000020607503B0F0BD002FE9D1EDE7C0461E
:109A3000000F0020B40E0020B80E0020BC0E002045
:109A4000036F0410DB6D04100F6F04100C0F002067
:109A500038B50020010004002100C9B200290AD154
:109A60000100564A2300DBB2A225AD006B43D21899
:109A70005170641CF0E752480DF028FB514A002158
:109A80000820FEF714F8002000F006F800200DF082
:109A900075FB02F0FBFF31BDFEB50400A225AD0051
:109AA000029500260196454F2000C0B26843381841
:109AB0000090019A02990098FCF734FE009820006B
:109AC000C0B268433E542000C0B2684338183E49D3
:109AD00041802000C0B2684338183C490167F7BD97
:109AE00070B504002078002802D001281ED043E081
:109AF00000252800C0B2FFF7CFFF002001F0C3FA15
:109B0000A22189002D4801222B00DBB24B43C25415
:109B10002A00D2B24A43811862884A8017218022E3
:109B200081524188403002F0B9FF25E00020050055
:109B30002900C9B200291ED1A22189001F4A2B0089
:109B4000DBB24B43D3185B886688B34211D12B003C
:109B5000DBB24B43D0542800C0B248431018BD4B71
:109B600043802800C0B2484310186830FEF726FB37
:109B700001E06D1CDCE7FFE770BD10B504000021BB
:109B80002000C0B200F024F801212000C0B200F093
:109B90001FF802212000C0B200F01AF803212000B3
:109BA000C0B200F015F8AD484078002803D001F0AD
:109BB0009FFA01F0C9F810BD0000000098040020D1
:109BC000819E0410D9AC0410FFFF000075B0041092
:109BD000F2B582B0050000272800C0B2002803D0EB
:109BE00001206946887131E1002069468871684624
:109BF000007A002805D002284CD023D3032871D046
:109C000024E1A226B600944C04202900C9B2714375
:109C100060549348FCF71EFE04212800C0B2704334
:109C200020184088FDF70FFC07003800C0B200285C
:109C300002D101F084F804E03900C9B28948FCF788
:109C400009FE03E1844E05202900C9B2A222920038
:109C5000514370547F4C220001218348FCF7FAFDE8
:109C60002300012204212800C0B2A224A4006043E2
:109C700030184088FDF7F1FB07003800C0B200281B
:109C800002D101F05CF804E03900C9B27748FCF772
:109C9000E1FDDBE0704E06202900C9B2A22292004D
:109CA000514370546B4C220001217148FCF7D2FDE6
:109CB0002300012204212800C0B2A224A400604392
:109CC00030184088FDF7D9FB07003800C0B20028E3
:109CD00002D101F034F804E03900C9B26548FCF75C
:109CE000B9FDB3E0A226B6005B4C2800C0B27043B9
:109CF0002018808A00281DD002206946888001A88B
:109D0000009002232800C0B270432018828A0421E8
:109D10002800C0B2704320184088FDF7DBFB070025
:109D200001F00DF82800C0B270432018818A524813
:109D3000FCF790FD2800C0B270432018C08D0028A9
:109D40001DD00120694688802800C0B270432018C9
:109D5000C18D4A48FCF77EFD01A80090022328002F
:109D6000C0B270432018C28D04212800C0B27043D5
:109D700020184088FDF7AEFB070000F0E0FF280048
:109D8000C0B2704320185021405A00281FD0022032
:109D9000694688802800C0B2704320185021415A7B
:109DA000C248FCF757FD01A8009002232800C0B26A
:109DB000704320185021425A04212800C0B2704339
:109DC00020184088FDF786FB070000F0B8FF280048
:109DD000C0B2704320185421405A00281FD00220DE
:109DE000694688802800C0B2704320185421415A27
:109DF000AF48FCF72FFD01A8009002232800C0B255
:109E0000704320185421425A04212800C0B27043E4
:109E100020184088FDF75EFB070000F090FF380037
:109E2000C0B2002807D16220205C002803D1A148DD
:109E3000FCF710FD06E06220225C3900C9B29E48A2
:109E4000FCF708FD002062216054FFE76846807936
:109E5000FEBD0000FFFF0000980400204C0C002015
:109E60007819041094190410D4190410101A04104D
:109E70004C1A04108C1A0410C41A0410E81A0410A6
:109E8000F8B584B004000026300031006A46117035
:109E9000217862781206120C114389B2874A891A16
:109EA00000D19EE0491E27D0491E1BD0491E1ED05E
:109EB000491E00D1ADE0491E00D1C6E0891E0CD07C
:109EC000091F23D0491E1CD0491E73D0491E00D142
:109ED00099E0491F00D17FE0E3E0A51C280000F0D5
:109EE00007F9DEE0A51C280000F02AFAD9E0A51C3D
:109EF000280000F06DFAD4E0A51C280000F07CFDDD
:109F0000CFE0A51C280000F091FECAE0A51C6C481B
:109F1000FCF7A0FC297968790006000C0143814810
:109F2000428A89B2914207D16648FCF793FC00212E
:109F30000820FDF7CCFD2EE029796A791206120C73
:109F400011435222825A89B291420DD101206946B1
:109F50000870A979E8790006000C014389B228004D
:109F6000083003F0BDF916E029796A791206120C5F
:109F700011434E22805A89B281420CD10120694698
:109F80000870A979E8790006000C014389B228001D
:109F9000083003F0C7F9A978E8780006000C0143FF
:109FA00028786A781206120C104389B280B2FDF745
:109FB000A3FA76E0A51C00F0BDFE287959493200CD
:109FC000D2B2A2239B005A4389186222885429796D
:109FD0003D48FCF73FFC64E0A51C2020FDF789FD0F
:109FE0005FE0A51CA978E8780006000C014389B25F
:109FF0003648FCF72FFCA878E9780906090C0843D5
:10A00000334908804DE0A51CE979CA48FCF722FCD9
:10A0100047E0A01C0190019908794A791206120CB8
:10A020001043404DC44E3080308803900198801D0D
:10A0300002902F008437039A02993800FCF7B8FB8E
:10A040003088A121890068522BE0A01C0190019862
:10A05000017942791206120C114389B2B748FCF714
:10A06000F9FB019908794A791206120C10432D4D1B
:10A070008221695A0818822168528220285A039046
:10A080000198801D0290C54E30882818070084373B
:10A09000039A02993800FCF78BFB8220285A308003
:10A0A000FFE76846007805B0F0BD0000181B0410FB
:10A0B000441B0410701B0410941B0410030C0000BC
:10A0C000DC1B0410001C04101C1C0410401C041099
:10A0D0001805002010B504002078002805D00128BC
:10A0E00004D1606801F0C8FB00E0FFE710BD00008C
:10A0F000FEB5070000242000C0B2002814D1387833
:10A1000079780906090C084306492200D2B2A22335
:10A110009B005A438918498880B2814204D0641C4C
:10A12000E9E700BF98040020387879780906090C1F
:10A130000843A226B600B34D2100C9B27143691885
:10A14000498880B2814200D0F0E07879B979090677
:10A15000090C084380B239790BF01CFD6946C870C0
:10A16000387914280AD110206946887204216A4679
:10A1700011706946C8720C206946887038790628C3
:10A180000BD1042001006A469172694608700220D2
:10A190006946C87200206946887000206946487088
:10A1A000684640786946C978884200D3C1E068466D
:10A1B00000783818C0786946097879180979090251
:10A1C00001436846C180684600783818407969467E
:10A1D00009787918897909020143684681806846BF
:10A1E00000786946897840183818C0796946097836
:10A1F0006A46927889187918097A090201436846F3
:10A200000181684683886846C28868460189644837
:10A21000FCF720FB2000C0B270432818808800287B
:10A2200008D06846C0882100C9B27143691889887E
:10A23000884206D22000C0B2704328186946C988F7
:10A2400081802000C0B270432818C088002808D040
:10A250002000C0B270432818C088694689888842A7
:10A2600006D22000C0B27043281869468988C18090
:10A2700068460089C0214901884211D12000C0B23E
:10A28000704328186946C98801812000C0B2704314
:10A2900028186946898841814248FCF7DBFA39E091
:10A2A000684600894049884211D12000C0B27043FD
:10A2B00028186946C98881812000C0B270432818D7
:10A2C00069468988C1813948FCF7C4FA22E06846AA
:10A2D00000893749884211D12000C0B27043281844
:10A2E0006946C988C1822000C0B2704328186946F7
:10A2F000898801832F48FCF7ADFA0BE06846008996
:10A300002D49884203D12D48FCF7A4FA02E02CA085
:10A31000FCF7A0FA68460078397940186946087059
:10A3200068464078401C6946487039E72548FCF784
:10A3300091FAF7BD5C1C04101A050020841C04105F
:10A3400038B50500297868780006000C01432A79A1
:10A3500089B21D48FCF77EFA002420002979C0B29A
:10A3600088421AD22000C0B280002818C379017A2E
:10A370000906090C0B432000C0B28000281842795E
:10A3800081790906090C0A439BB292B22100C9B235
:10A390000E48FCF75FFA641CDFE731BD1C070020A4
:10A3A000B01C0410D81C041001180000F41C041088
:10A3B000571800001C1D04100A180000381D041056
:10A3C0000A0000005C1D0410B41D0410081E0410D7
:10A3D000F1B584B000242000C0B2002814D1049943
:10A3E00008784A781206120C104306492200D2B2AD
:10A3F000A2239B005A438918498880B2814203D026
:10A40000641CE8E798040020049908784A7812064A
:10A41000120C1043A226B600CD4D2100C9B27143E3
:10A420006918498880B2814200D0A5E20499487930
:10A430008A791206120C104380B2049909790BF044
:10A44000A9FB694608730498007915280BD11120DF
:10A4500069464873052069468871102069468873EB
:10A460000C206946C8720498007907280BD1052092
:10A4700001006A46517369468871022069468873F3
:10A4800000206946C872049948798A791206120C2C
:10A4900010430499401E4871000A887100206946E3
:10A4A00088726846807A6946097B884200D366E2F2
:10A4B0000498694689794018807804996A469279A7
:10A4C0008918C978090201436846018104986946E0
:10A4D0008979401800796946C87104986946897974
:10A4E0004018407904996A46927989188979090255
:10A4F0000143684681800498694689796A46D27A20
:10A5000089184018C07904996A4692796B46DB7ABB
:10A51000D2188918097A090201430F00380080B265
:10A52000002800D11BE26846C079002800D116E25D
:10A5300068460089002800D111E26846808800281A
:10A5400000D10CE26846808800906846038968461E
:10A55000C279390089B2C848FCF77CF93800A821D3
:10A56000890180B2884203D1C448FCF773F9F6E14F
:10A570003800CC4980B2884203D1CB48FCF76AF955
:10A58000EDE13800C94980B2884211D12000C0B243
:10A59000704328186946098901822000C0B27043BF
:10A5A0002818694689884182C148FCF753F9D6E1E9
:10A5B0003800C04980B2884211D12000C0B2704337
:10A5C00028186946098941852000C0B270432818BF
:10A5D000694689888185CD48FCF73CF9BFE13800A0
:10A5E000CB4980B2884211D12000C0B270432818F4
:10A5F0006946098941832000C0B270432818694622
:10A6000089888183C348FCF725F9A8E13800CF4940
:10A6100080B2884211D12000C0B270432818694628
:10A620000989C1832000C0B270432818694689880F
:10A630000184C748FCF70EF991E13800C54980B2A2
:10A64000884211D12000C0B2704328186946098998
:10A6500041842000C0B270432818694689888184EB
:10A66000C848FCF7F7F87AE13800C74980B2884259
:10A6700011D12000C0B27043281869460989C184ED
:10A680002000C0B270432818694689880185BF48F8
:10A69000FCF7E0F863E13800BD4980B2884211D18F
:10A6A0002000C0B27043281869460989018620003D
:10A6B000C0B270432818694689884186B548FCF7BE
:10A6C000C9F84CE13800B44980B2884211D1200069
:10A6D000C0B2704328186946098981862000C0B23B
:10A6E0007043281869468988C186AC48FCF7B2F8DF
:10A6F00035E13800AA4980B2884211D12000C0B2A9
:10A70000704328186946098901872000C0B2704348
:10A710002818694689884187A248FCF79BF81EE102
:10A720003800A14980B2884214D12000C0B27043E1
:10A7300028186946098981872000C0B2704328180B
:10A7400069468988C1879948FCF784F807E100BF0A
:10A75000980400203800964980B288420BD120002E
:10A76000C0B27043281840216A46928842529148EC
:10A77000FCF770F8F3E038008F4980B288420BD1C3
:10A780002000C0B27043281842216A469288425283
:10A790008A48FCF75FF8E2E03800894980B28842D5
:10A7A0000BD12000C0B27043281844216A46928819
:10A7B00042528448FCF74EF8D1E03800AB218901C1
:10A7C00080B288420BD12000C0B2704328184621C5
:10A7D0006A46928842527C48FCF73CF8BFE0380059
:10A7E0007A4980B2884213D12000C0B27043281841
:10A7F00048216A46928842522000C0B2704328180D
:10A800005C216A46D27942547148FCF723F8A6E0ED
:10A810003800704980B288420BD12000C0B270432A
:10A8200028184A216A46928842526B48FCF712F86F
:10A8300095E03800694980B288420BD12000C0B24F
:10A84000704328184C216A46928842526448FCF7AB
:10A8500001F884E03800634980B2884210D12000BA
:10A86000C0B2704328184E216A46928842525E4810
:10A87000FBF7F0FF73E000BF781E0410B81E041051
:10A8800038005A4980B2884216D12000C0B27043C5
:10A89000281852216A46928842525548FBF7DAFF3F
:10A8A0005DE000BF012A0000D81E0410052A000048
:10A8B000F81E0410FE2B000038004E4980B288427A
:10A8C0002AD100200100C9B203291ADA2100C9B235
:10A8D000714369180200D2B2520089185622895A6F
:10A8E00000290CD12100C9B2714369180200D2B20B
:10A8F0005200891856226B469B888B5201E0401CFF
:10A90000E0E7C648FBF7A6FF29E000BF341F0410AC
:10A91000F62B00005C1F04103800C14980B2884249
:10A920001AD12000C0B2704328185E216A461289ED
:10A9300042522000C0B27043281860216A469288B3
:10A940004252B848FBF786FF09E000BFF72B000032
:10A95000801F0410F82B0000B3A0FBF77BFF6846B4
:10A960008079049909794018694688716846807A27
:10A97000401C6946887294E5D648FBF76BFF05B02A
:10A98000F0BD00BFAC1F0410F92B0000D81F04104D
:10A99000FA2B000000200410FB2B000028200410DC
:10A9A000FC2B00004C200410FD2B00007420041030
:10A9B000BD2A000098200410BE2A0000BC2004100C
:10A9C000BF2A0000E020041004210410C22A000065
:10A9D00028210410C32A000054210410C42A0000B6
:10A9E00074210410C52A00009C210410C62A00000E
:10A9F000D0210410C72A0000F1B584B00024200043
:10AA0000C0B2002812D1049908784A781206120CB4
:10AA10001043BE492200D2B2A2239B005A43891898
:10AA2000498880B2814201D0641CE8E70499087823
:10AA30004A781206120C1043A226B600B34D21002C
:10AA4000C9B271436918498880B2814200D0DFE001
:10AA50000498007901280AD1022001006A46117287
:10AA60000700002069460871042069468870049830
:10AA7000007902280AD110206946087202200700D6
:10AA80000C2069460871122069468870049948793B
:10AA90008A791206120C104380B2694689780BF04D
:10AAA00079F86946487100206946C8706846C078E0
:10AAB00069464979884200D3ADE004983900C9B2AB
:10AAC0004018407904993A00D2B28918897909026C
:10AAD00001436846018004983900C9B26A46127978
:10AAE00089184018C179049A3800C0B26B461B79A6
:10AAF000C0181018007A000208436946C8806846EA
:10AB0000C088A0218901884279D06846C0888049E0
:10AB1000884203D100207F49088070E06846C088E1
:10AB2000A4218901884204D06846C0887A498842B5
:10AB300061D1684602886846C1887848FBF78AFE7A
:10AB400074482100C9B271436918498A0288914248
:10AB50000AD12000C0B27043281869460988818252
:10AB60006F48FBF777FE4AE02100C9B271436918CC
:10AB7000898D028891420CD12000C0B27043281800
:10AB800069460988C185684601886648FBF762FE08
:10AB900035E02100C9B2714369184E22895A0288F2
:10ABA00091420DD12000C0B27043281850216A464E
:10ABB00012884252684601885B48FBF74BFE1EE054
:10ABC0002100C9B2714369185222895A0088814212
:10ABD0000DD12000C0B27043281854216A46128853
:10ABE0004252684601885148FBF734FE07E00EA048
:10ABF000FBF730FE03E06846008846490880684657
:10AC000080783F186846C078401C6946C8704DE798
:10AC10004748FBF71FFE05B0F0BD000000220410FE
:10AC2000502A0000302204100A0000003EB5040043
:10AC300000252800C0B2002811D1207861780906CB
:10AC4000090C084331492A00D2B2A2239B005A437F
:10AC50008918498880B2814201D06D1CE9E72078CB
:10AC600061780906090C0843A2218900274A2B00B4
:10AC7000DBB24B43D3185B8880B2834226D1207964
:10AC800063791B061B0C18432B00DBB24B43D31814
:10AC90009B8D80B298421CD12800C0B24843101846
:10ACA0006830FDF78BFABB48FBF7D4FD68460121FD
:10ACB0000170A179E2791206120C11430172200091
:10ACC000083001906846FFF705FA02E0B248FBF74A
:10ACD000C1FD37BD4C22041010B50C484088FCF76C
:10ACE000ABFB04002000C0B2002805D02100C9B28F
:10ACF000AA48FBF7AFFD04E0A948FBF7ABFD00F065
:10AD00001EF80020FEF739FF10BD00009804002057
:10AD1000032800002A0F002002290000A4220410AA
:10AD2000CC220410EC2204101C2304105423041021
:10AD30008C23041080B50220FCF7DBFE01BD80B53A
:10AD40000220FCF7F9FE01BDF0B585B0002795485B
:10AD50000490049802900298C179027A1206120CAB
:10AD6000114389B29048FBF775FDA226B6008F4CBF
:10AD70000298C01D009002233800C0B27043201812
:10AD8000828B04213800C0B2704320184088FCF741
:10AD9000A1FB05002800C0B200280ED03800C0B2C8
:10ADA00070432018828B3800C0B27043201841884D
:10ADB000BB48FBF74FFD0120E9E0FFF7C0FF622031
:10ADC000205C002801D00120E1E0B648007800288E
:10ADD00000D182E0B448FBF73DFDB4480090182351
:10ADE0003800C0B270432018028C04213800C0B271
:10ADF000704320184088FCF76DFB6946087168466F
:10AE0000007900280ED03800C0B270432018028CA0
:10AE10003800C0B2704320184188A148FBF71AFDE2
:10AE20000120B4E0FFF78BFF6220205C002801D0F6
:10AE30000120ACE00298093000F0A4FCAA48FBF71E
:10AE400009FDAA48FBF706FD1025002D07D402983E
:10AE50004019417AB548FBF7FDFC6D1EF5E7B44893
:10AE6000FBF7F8FC0825002D07D402984019417E15
:10AE7000AE48FBF7EFFC6D1EF5E7AEA0FBF7EAFC72
:10AE800002980930009018233800C0B2704320188F
:10AE9000828C04213800C0B2704320184088FCF72F
:10AEA00019FB05002800C0B200280ED03800C0B23F
:10AEB00070432018828C3800C0B27043201841883B
:10AEC0007748FBF7C7FC012061E0FFF738FF6220FD
:10AED000205C002801D0012059E00CF07AF90390A1
:10AEE0000399B648FBF7B6FC03A80090042338008A
:10AEF000C0B270432018028D04213800C0B27043E4
:10AF000020184088FCF7E6FA69460871684600791F
:10AF100000280ED03800C0B270432018028D3800CF
:10AF2000C0B27043201841885D48FBF793FC0120B4
:10AF30002DE0FFF704FF6220205C002801D00120F3
:10AF400025E05848407800280CD001F00CF96946FB
:10AF5000087168460079002804D0B048FBF77AFCF5
:10AF6000022014E0049800F010FB05002800C0B295
:10AF7000002804D1AA48FBF76DFC002007E0D04868
:10AF8000FBF768FC13216088FCF769F9022005B023
:10AF9000F0BD0000E0230410002404105424041029
:10AFA0008C2404104E0C0020BC24041098040020B3
:10AFB000F7B582B012270025A226B600994C2800CA
:10AFC000C0B270432018BF49405C00284ED1BE4833
:10AFD000FBF740FC029800906846037B9BB2280078
:10AFE000C0B270432018828D04212800C0B2704383
:10AFF00020184088FCF76EFA07003800C0B200281D
:10B000000FD02800C0B270432018828D2800C0B233
:10B010007043201841882248FBF71CFC3800C0B25E
:10B0200026E0FFF78CFE2800C0B270432018622192
:10B03000405C00280ED02800C0B270432018622166
:10B04000415CBF48FBF706FCEDB275436019622115
:10B05000405C0DE06846007C002807D0B949280014
:10B06000C0B2704320186830FDF775F83800C0B2E0
:10B0700005B0F0BD10B50400D248FBF7EBFB012092
:10B0800000F001F810BD10B40021664A0B00DBB2DD
:10B09000A224A4006343D2188A4BD05410BC70473A
:10B0A000DC2404104C0C0020082504106F0C002038
:10B0B00038B500245B480500823529888C420EDAB9
:10B0C00000198421415CC048FBF7C4FB2888401E5E
:10B0D000844202DABDA0FBF7BDFB641CEAE715A0C1
:10B0E000FBF7B8FB31BD00002425041044250410F3
:10B0F00010B50024B648FBF7ADFB00F01DF8B548CD
:10B10000FBF7A8FB00F02EF8B348FBF7A3FB00F019
:10B110003FF8C948FBF79EFB00F052F8C748FBF721
:10B1200099FB00F063F82000C0B210BD5425041054
:10B130005C2504100A00000010B50024A220800045
:10B1400038492200D2B242438A18528E002A01D1D5
:10B15000862006E02200D2B242438818408E00F0DA
:10B1600063F810BD10B50024A22080002D492200F4
:10B17000D2B242438A18D28E002A01D1862006E03C
:10B180002200D2B242438818C08E00F04DF810BDA4
:10B1900010B50024A220800022492200D2B24243EE
:10B1A0008A18528F002A01D1862006E02200D2B2EE
:10B1B00042438818408F00F037F810BD6425041012
:10B1C00010B50024A220800016492200D2B24243CA
:10B1D0008A18D28F002A01D1862006E02200D2B23E
:10B1E00042438818C08F00F01FF810BD10B500242E
:10B1F000A22080000B492200D2B242438A18602369
:10B20000D25A002A01D1862007E02200D2B242435E
:10B2100088186021405A00F007F810BD80250410FE
:10B22000A825041098040020F1B582B00020070082
:10B2300012216A461170A225AD00814C3900C9B2B5
:10B2400069436118A122920088526846028904214C
:10B250003800C0B2684320184088FCF71EF9060089
:10B260003000C0B200280CD0684602893800C0B255
:10B270006843201841887348FBF7ECFA3000C0B2ED
:10B280001DE0684602893800C0B268432018418832
:10B290006D48FBF7DFFAFFF752FD2000823001888E
:10B2A0008022A25A521E914205DB0188684600891D
:10B2B00000F00CF80600FFF7FBFE3000C0B2FEBD48
:10B2C000C425041086020000E8250410F3B581B0FF
:10B2D00000271220694608705C48FBF7BBFAA225DC
:10B2E000AD00574C684603896846828804213800BF
:10B2F000C0B2684320184088FCF7DCF80600300034
:10B30000C0B200280CD0684682883800C0B26843BA
:10B31000201841884E48FBF79DFA3000C0B20DE07E
:10B32000FFF70DFD684682883800C0B268432018D8
:10B3300041884848FBF78EFA6220205CFEBD000081
:10B34000F825041030750000F7B507001220694693
:10B3500008703B4C0020A121890060523A0092B253
:10B3600004216088FCF799F806003000C0B200287C
:10B3700008D03A0092B261883248FBF76BFA30008D
:10B38000C0B21DE03A0092B261882F48FBF762FA22
:10B39000FFF7D5FC304D28888021615A491E88422C
:10B3A00005DB2988380080B2FFF790FF06002000F7
:10B3B0008430019908602888029908803000C0B262
:10B3C000FEBD00002C260410442604103A000000A4
:10B3D0004C2604106826041080260410F2B582B0B2
:10B3E00006001700122069460871154C00206221E2
:10B3F0006054029800903B009BB2320092B204214C
:10B400006088FCF767F805002800C0B2002808D063
:10B41000320092B261881148FBF71CFA2800C0B2D2
:10B4200009E0320092B261880D48FBF713FAFFF78A
:10B4300086FC6220205CFEBD9C260410B42604100D
:10B4400098040020C4260410002704103427041098
:10B4500040270410802704101A050020BC27041080
:10B46000F8270410F0B587B00024042C07DA8048D0
:10B470007C21614340180BF0D1FE641CF5E703A961
:10B480000220FEF7C9F87B4C2700233702A8019061
:10B49000182000903B000022012103A8FEF7D9F8F4
:10B4A00006003000C0B2002822D17348FBF7D2F961
:10B4B0007248FBF7CFF91025002D07D4601923211E
:10B4C000415C6F48FBF7C6F96D1EF5E76D48FBF769
:10B4D000C1F90825002D07D460193321415C684863
:10B4E000FBF7B8F96D1EF5E767A0FBF7B3F94AE083
:10B4F0003000C0B2042803D16448FBF7ABF908E080
:10B500006348FBF7A7F90220FEF724F96148FBF72F
:10B51000A1F9380000F036F99848FBF79BF9574835
:10B52000FBF798F91025002D07D460192321415C01
:10B530005348FBF78FF96D1EF5E75248FBF78AF980
:10B540000825002D07D460193321415C4C48FBF7D6
:10B5500081F96D1EF5E74CA0FBF77CF901971820E7
:10B56000009000230022012103A8FEF7B9F806008D
:10B570003000C0B2002803D08148FBF76BF902E02D
:10B58000A048FBF767F907B0F0BD30B58FB00400F5
:10B5900002AB06AA611C207800F07EF8002814D1C6
:10B5A0009948FBF757F92122210006A80AF060FC10
:10B5B000002804D19F48FBF74DF900201CE09E486D
:10B5C000FBF748F902A8FEF7BFF80194212000908C
:10B5D00000230022002102A8FEF782F805002800BF
:10B5E000C0B2002804D0A348FBF734F9022003E0DE
:10B5F000A648FBF72FF900200FB030BD70B590B012
:10B600000400A348FBF726F903A90220FEF704F87B
:10B6100002A801902120009007AB0022002103A87E
:10B62000FEF717F8060007ADE879297A0906090C34
:10B630000843210080B289B288420BD103A8FEF7EB
:10B6400083F8691C2878FBF7D3FE9248FBF702F9D0
:10B6500000200AE03000C0B20028D9D03000C0B2CB
:10B66000042801D1012000E0022010B070BD0000CC
:10B67000200700204C0C00205416041074160410EF
:10B68000841604108C1604100A000000941604108E
:10B69000AC160410CC160410FEB507000E00140002
:10B6A0001D0029000220FDF7B7FF02A8801C0190B1
:10B6B000212000902300002200212800FDF7C9FF6F
:10B6C0006946087220783900C9B2884208D106223A
:10B6D0003100601C0AF0CCFB002801D100200AE0F8
:10B6E0006846007A0028E0D06846007A042801D134
:10B6F000012000E00220FEBDFEB506000C00150092
:10B7000029000220FDF788FF02A801902120009067
:10B710002300002200212800FDF79BFF0700E079AD
:10B72000217A0906090C0843310080B289B28842A7
:10B7300001D1002004E03800C0B20028E4D001208C
:10B74000FEBD10B5CF48FBF785F8FBF74DFE0400B2
:10B750002000C0B2002801D001200DE0CA48FBF74C
:10B7600079F80220FDF7F6FF01000800C0B20028BA
:10B7700001D0022000E0002010BD0000D816041007
:10B78000F416041010B5040020000BF099FD200001
:10B7900008300BF095FD200010300BF091FD10BD2E
:10B7A000FEB506000D002800C0B2042801DB002011
:10B7B00026E03700FFB23F09BF1C3800C0B210308E
:10B7C0000BF086FD0400002C01D1002018E02100C0
:10B7D000AE482A00D2B27C235A4380180BF029FDD0
:10B7E0000298E06068460079FF2802D101202072AB
:10B7F00001E0012020722674684600796074200000
:10B80000FEBD00000C1704101817041030B504001A
:10B810000800C0B2042801DB00200AE02000C0B20A
:10B820000009801C9A4D29706A706B602C726A72D4
:10B83000C0B230BD301704104817041070B50600B0
:10B840000C002200D2B23100C9B29248FFF7B0FB1F
:10B8500005002800C0B2002805D02900C9B28E48D2
:10B86000FAF7F8FF02E08D48FAF7F4FF2800C0B2BB
:10B8700070BD00005817041010B50400844B22005E
:10B88000597818785B68984710BD00007C17041041
:10B8900090170410A8170410F0B58FB007000D0022
:10B8A00014001E002000C0B2FF2812D002AA06A970
:10B8B0002800C0B200022300DBB2184380B2FFF7B9
:10B8C0001BFF6946487068464078002801D0022076
:10B8D00038E02000C0B2FF2808D0FAF70FFD06229A
:10B8E00006A9491C0AF0C4FA00280ED03300220031
:10B8F000D2B22900C9B23800C0B2FFF751FF01909F
:10B90000019800281DD102201CE033002200D2B291
:10B910002900C9B23800C0B2FFF778FF6946087045
:10B9200068460078002801D101200BE02000C0B259
:10B93000FF2801D1012005E0012168460078FFF7CA
:10B940007DFF00200FB0F0BDF7B582B0040068465F
:10B95000007BA0706846007CE070052001900AA87A
:10B960000090251D019A00992800FAF721FF0CA8E4
:10B97000007860720DA80078A07202250EAE270034
:10B980000B372A0031003800FAF712FF05B0F0BD7E
:10B99000FEB594B006000C00B0272000C0B2FF280E
:10B9A00012D007AA0BA93000C0B200022300DBB2FC
:10B9B000184380B2FFF7A0FE694608756846007D0F
:10B9C000002801D002205BE02000C0B2FF2808D090
:10B9D000FAF794FC06220BA9491C0AF049FA002840
:10B9E00024D0159B2200D2B23100C9B23800C0B2B7
:10B9F000FFF7D6FE06900698002801D101203FE00F
:10BA000022A80088049021A80078039020A800783C
:10BA100002901EA803C8009001911CA8027816A8E5
:10BA2000017806981030FFF78FFF28E0159B220061
:10BA3000D2B23100C9B23800C0B2FFF7E7FE05004C
:10BA40002800C0B2002801D1012019E022A80088F6
:10BA5000049021A80078039020A8007802901EA8E6
:10BA600003C8009001911CA8027816A80178094823
:10BA7000FFF76AFF01212800C0B2FFF7DFFE0020B8
:10BA800017B0F0BDB8170410CC1704102007002021
:10BA9000E40D0020EC0D0020E0170410181804102D
:10BAA000F5B593B00F001E00BF206946087038003E
:10BAB000C0B2FF2812D005AA09A913A80078000275
:10BAC0003B00DBB2184380B2FFF716FE69464870B0
:10BAD00068464078002801D0022083E03800C0B2D8
:10BAE000FF2808D0FAF70AFC062209A9491C0AF027
:10BAF000BFF900283CD0149B3A00D2B213A80178B9
:10BB000068460078FFF74CFE01900198002801D1AB
:10BB1000012067E0684600780400E4B22409A41C10
:10BB20002000C0B2801E0390002002900198050002
:10BB30001235029A03992800FAF7F4FD30000BF051
:10BB400067FC2100C9B2891E884203D230000BF085
:10BB50005FFC02E02000C0B2801E039002960198B4
:10BB600005001235039A02992800FAF721FE38E001
:10BB7000149B3A00D2B213A8017868460078FFF708
:10BB800045FE04002000C0B2002801D1012029E0B8
:10BB90002000C0B2801E049000200390A44D0295A6
:10BBA000039A04990298FAF7BDFD029830000BF051
:10BBB0002FFC2100C9B2891E884203D230000BF04D
:10BBC00027FC02E02000C0B2801E03900296039A78
:10BBD00002992800FAF7ECFD01212000C0B2FFF71E
:10BBE0002DFE002015B0F0BDF6B58FB007000C009B
:10BBF0001E003F20694608702000C0B2FF2812D006
:10BC000002AA06A93800C0B200022300DBB2184322
:10BC100080B2FFF771FD6946487068464078002899
:10BC200001D0022048E02000C0B2FF2808D0FAF777
:10BC300065FB062206A9491C0AF01AF900281BD048
:10BC4000109B2200D2B23900C9B268460078FFF7D3
:10BC5000A7FD01900198002801D101202CE03000BF
:10BC600001998874300080B2000A0199C87416A83E
:10BC70000078019908751EE0109B2200D2B23900AD
:10BC8000C9B268460078FFF7C1FD05002800C0B2C0
:10BC9000002801D101200FE0B1483100817231004C
:10BCA00089B2090AC17216A9097801730121280015
:10BCB000C0B2FFF7C3FD002011B0F0BDFCB58FB0DE
:10BCC00006000C0010272000C0B2FF2812D002AAE4
:10BCD00006A93000C0B200022300DBB2184380B2D4
:10BCE000FFF70AFD6946087068460078002801D011
:10BCF00002203AE02000C0B2FF2808D0FAF7FEFA8E
:10BD0000062206A9491C0AF0B3F8002813D00F9B9D
:10BD10002200D2B23100C9B23800C0B2FFF740FDF4
:10BD200001900198002801D101201EE010A80078A0
:10BD30000199887418E00F9B2200D2B23100C9B279
:10BD40003800C0B2FFF762FD05002800C0B200282D
:10BD500001D1012009E010A80078814988720121F1
:10BD60002800C0B2FFF76AFD002011B0F0BDFCB59D
:10BD70008FB006000C0020272000C0B2FF2812D090
:10BD800002AA06A93000C0B200022300DBB21843A9
:10BD900080B2FFF7B1FC6946087068460078002859
:10BDA00001D0022041E02000C0B2FF2808D0FAF7FD
:10BDB000A5FA062206A9491C0AF05AF8002817D04D
:10BDC0000F9B2200D2B23100C9B23800C0B2FFF7D7
:10BDD000E7FC01900198002801D1012025E010A87E
:10BDE00000780199887416A800780199C8741BE03E
:10BDF0000F9B2200D2B23100C9B23800C0B2FFF7A7
:10BE000005FD05002800C0B2002801D101200CE08A
:10BE1000534810A90978817216A90978C1720121C5
:10BE20002800C0B2FFF70AFD002011B0F0BD0000ED
:10BE3000EE0D0020FDB594B00E00239DF020694664
:10BE400008753000C0B2FF2812D007AA0BA914A8A9
:10BE5000007800023300DBB2184380B2FFF74CFCDD
:10BE6000694648756846407D002801D0022074E08C
:10BE70003000C0B2FF2808D0FAF740FA06220BA91A
:10BE8000491C09F0F5FF002832D0159B3200D2B2D0
:10BE900014A801786846007DFFF782FC069006989A
:10BEA000002801D1012058E022A80088049021A890
:10BEB0000078039020A8007802901EA803C8009084
:10BEC00001911CA8027816A8017806981030FFF797
:10BED0003BFD280006994877280A069988772800AC
:10BEE000000C0699C877280E06992022885433E062
:10BEF000159B3200D2B214A801786846007DFFF786
:10BF000085FC07003800C0B2002801D1012024E0E0
:10BF1000134C22A80088049021A80078039020A840
:10BF2000007802901EA803C8009001911CA8027816
:10BF300016A8017820000830FFF706FD280060757C
:10BF4000280AA0752800000CE075280E2076012133
:10BF50003800C0B2FFF772FC002017B0F0BD00003F
:10BF6000E40D0020FCB58FB007000E00179C602088
:10BF7000694608703000C0B2FF2812D002AA06A994
:10BF80003800C0B200023300DBB2184380B2FFF7C2
:10BF9000B3FB6946487068464078002801D002200B
:10BFA00057E03000C0B2FF2808D0FAF7A7F9062200
:10BFB00006A9491C09F05CFF002824D00F9B320021
:10BFC000D2B23900C9B268460078FFF7E9FB0190A8
:10BFD0000198002801D101203BE010A800780199C8
:10BFE000887416A800780199C87420000199087512
:10BFF000200A019948752000000C01998875200ECF
:10C000000199C87524E00F9B3200D2B23900C9B241
:10C0100068460078FFF7FAFB05002800C0B2002848
:10C0200001D1012015E0BE4810A90978817216A936
:10C030000978C17221000173210A41732100090CA2
:10C040008173210EC17301212800C0B2FFF7F6FBF6
:10C05000002011B0F0BDFCB58FB006000C00112718
:10C060002000C0B2FF2812D002AA06A93000C0B238
:10C0700000022300DBB2184380B2FFF73DFB6946A4
:10C08000087068460078002801D002203AE02000BD
:10C09000C0B2FF2808D0FAF731F9062206A9491CD8
:10C0A00009F0E6FE002813D0109B2200D2B2310026
:10C0B000C9B23800C0B2FFF773FB019001980028A5
:10C0C00001D101201EE00FA800780199887418E0C2
:10C0D000109B2200D2B23100C9B23800C0B2FFF7C3
:10C0E00095FB05002800C0B2002801D1012009E01D
:10C0F0000FA800788A49887201212800C0B2FFF792
:10C100009DFB002011B0F0BD38B5864C22786078D8
:10C110000006000C0243207861780906090C0843E8
:10C120000023D2B2010089B2090AC9B20320FFF785
:10C130006DFB05002800C0B2002801D1012011E0EC
:10C1400000212800C0B2FFF779FB002801D00120B0
:10C1500008E0207861780906090C084380B2FFF7EF
:10C160004DFA002032BD10B56E48027841780906BC
:10C17000090C0A43017843781B061B0C1943002362
:10C18000D2B289B2090AC9B20420FFF73FFB04000A
:10C190002000C0B2002801D101200EE000212000C3
:10C1A000C0B2FFF74BFB002806D1F9F7B8FECA482A
:10C1B000FAF750FB002000E0012010BDF1B58AB075
:10C1C0000026059635000AA80078042800DBA5E0C3
:10C1D000CD480AA909787C2251434018039003985E
:10C1E0000C3004903420049948700AA8007804990F
:10C1F0008870032403980690069800F03BFC029098
:10C2000002980699884243D06D1C2800C0B20928C4
:10C2100003DB0298407CFF283AD10298007CC0B230
:10C220000009801C694608712000C0B2694609797E
:10C23000401831282CD20298007A002805D10298A3
:10C240000BF015F80298059016E00298007A401E4F
:10C2500002990872684600790790029810300090A1
:10C2600004982100C9B24718079A00993800FAF7D4
:10C270009FFA68460079241802A902980BF013F877
:10C2800005980028BCD005980BF0C9F80596B7E7CB
:10C290002000C0B2032802D1039806723EE0601E5F
:10C2A00004990870C248039940310091049B220010
:10C2B000D2B20100333123300BF0B5F80700200073
:10C2C0000A3003993E228854312003993F22885432
:10C2D00003983E21405C401C0399087208A80AA9F3
:10C2E000097801704670082181700399097AC1703C
:10C2F00003983E30099008AA012100200BF09EF817
:10C3000006003000C0B2002805D03100C9B2A948EB
:10C31000FAF7A0FA02E0CB48FAF79CFA0BB0F0BDAE
:10C32000E40D0020550C0020FFB59FB00500002053
:10C3300003902800C0B2042800DB92E02298007825
:10C3400021A90978491E884203D1229840783128D2
:10C3500000D086E001AA20A801782800C0B200F031
:10C3600082F800287DD121A80078FE306946487106
:10C3700006AA0AA92800C0B200026B461B7918431E
:10C3800080B2FFF7B9F904002000C0B2002868D1DC
:10C390000AA813A9009122998B1C69464A790100C9
:10C3A000193109300BF063F8694608706846007867
:10C3B000002803D0AE48FAF74DFA52E013AE3778B2
:10C3C0007F1C3800C0B2694649790939884202D1D8
:10C3D0007078342800D044E04B482900C9B27C2250
:10C3E00051434018059005980490049800F042FBD2
:10C3F000029013A8841C02980499884231D0380016
:10C40000C0B2301884422CD20298407C6946097927
:10C41000884219D10298C068002807D022006846D7
:10C4200001792800C0B2029BDB68984702980AF0A5
:10C430001EFF029803902078C0B20009801C694654
:10C44000887168468079241802A902980AF02BFFA7
:10C4500003980028CFD003980AF0E1FF0020039052
:10C46000C9E723B0F0BDF7B502000021C9431000B1
:10C47000C0B2042801DB01202DE023481300DBB209
:10C480007C246343C3181C000E341E7B761E651C7F
:10C490003000C0B2201885421CD2491C080040B2AE
:10C4A0006F463F7900B23FB2B84209D16878FF28A1
:10C4B00001D101200FE06878029F387000200AE067
:10C4C0002878C0B20009801C6F4638706846007832
:10C4D0002D18DDE70120FEBD4018041038B5050019
:10C4E0000C002800C0B2042801DB01200BE030481A
:10C4F0002900C9B209022200D2B211434172090ACD
:10C500008172FEF721FC32BD200700207FB50500B7
:10C510000E002800C0B2042801DB01201AE0244CE0
:10C520006A46A11C2800C0B200023300DBB21843E7
:10C5300080B2FFF7E1F8002804D04E48FAF78AF9F4
:10C54000022007E00020607000218020C000FBF77F
:10C55000BEFA002004B070BD80B51548437A817AD8
:10C560000906090C0B43C21C8178180080B2000A2E
:10C57000C0B2F9F72DFD01BD7FB506000D00140016
:10C580000B48017800290ED16B46821C210028003F
:10C59000C0B2FFF781F8002805D01321300080B227
:10C5A000FAF75DFE03E000210820FBF790FA7FBD5B
:10C5B0004C0C00206018041010B5040000F083FA41
:10C5C00010BDFBB590B015002800C0B2040212A83F
:10C5D000007804432800C0B2042801DB01202EE0CB
:10C5E00002AA06A9200080B2FFF786F8002806D12B
:10C5F000210089B22048FAF72DF901201FE001201F
:10C600001E4E01003170707010A80078B0700620C6
:10C61000019011980090F71C019A00993800FAF7E0
:10C62000C7F820007072000AB072119910A8007843
:10C63000F9F752FE00218020FBF749FA002013B0E1
:10C64000F0BD0000AC18041038B504000D0029003E
:10C650002000C0B2F9F740FE084800210170012116
:10C66000417000218020FBF732FA002032BD00002B
:10C67000EC18041000190410241904104C0C0020AC
:10C68000010042221201D21E004207D002D4521EE3
:10C690000018FCD5C10A4005120589187047000032
:10C6A0000100EED54042F446FFF7EBFF0122D2072E
:10C6B00011436047F0B50E005E400125ED072E40A6
:10C6C000B446AE0ADF184C18F44208D2F7420ED234
:10C6D000640D01D07F0D12D100206146F0BD05D15F
:10C6E000F74201D87F0D05D10020C143F0BDFBD139
:10C6F000640DF9D00020C143490549088FE0E419D1
:10C70000C902DB0229432B43DB0A460DC002314339
:10C710008E4630B487B295B27D432E0CADB2140C68
:10C720007C43A419260C240425439CB27C43A41901
:10C73000190C7943270CC919A4B20F043C43090C06
:10C74000000C97B247432E0CBE193543ADB2170CFF
:10C750004743360CBF19A6B2BF193E043543240C1B
:10C760003E0C36199FB24743BF19BCB23E0C891923
:10C770001F0C47437F183E043443390C704680B287
:10C7800097B247432E0CBE193543ADB2170C474341
:10C79000360CBF19A6B2BF193E043543240C3E0C1B
:10C7A00036199FB24743BF19BCB23E0C89191F0C02
:10C7B00047437F183E043443390C77463F0C90B210
:10C7C00078432E0C80190604ADB22E43050CA0B29E
:10C7D0002D18120C7A435019020C80B2240CA418A4
:10C7E0009AB27A43121914042043120C89181B0CB4
:10C7F0007B43C91830BCEF0A394203D1B619404116
:10C800004941641E6F12BF0DE41B0BDBFF19BC42D4
:10C8100011DA240500274208AE417841614166469D
:10C820003143F0BD641C05D1401C6141CF0201D3EE
:10C830004908F4E750E75DE730B4012464054D0092
:10C84000EC420BD85D00EC4208D80C001C4364009D
:10C850000443144304D28B4200D1824230BC70475F
:10C86000FCD09942FAD19042F8E7FEE7F4464A1824
:10C8700005D200F00FF801D580174008604700F09E
:10C8800009F80121C907884200D9080040426047E1
:10C890004A1812D2400DC90208430121C9070843B2
:10C8A000520D40210901521A521C06D452421F3225
:10C8B00001D4D0407047C017704700207047F0B4D3
:10C8C0000125ED070F005F404FD48B4200D182421B
:10C8D00005D98446100062468C4619006346DF186D
:10C8E0004C18640D7F0D3AD0661C760537D0E61BD8
:10C8F000352E34DCDB022B43DB0A0C0DC902294345
:10C90000C912202E0DDB1700203E06D01F00F74174
:10C91000F3405F400026012A7741C01871410DD2D3
:10C9200017E01700F741F2405740F3415A40B34037
:10C93000F3405A400026801859410AD3A21C5205E0
:10C940000FD0C207012F724117004008CB071843D0
:10C950004908641C24054208AF4170416141F0BCA4
:10C960007047641C21050020F9E76B4010E06B4024
:10C97000ABE7F742F3D1E943F1E72442EFD10020DE
:10C980000021ECE7F0B40125ED070F005F40EED485
:10C990000C00871A9C4105D2C01BA141D2196341EA
:10C9A00069406B40AE0ADF184C18F442E1D2640DC6
:10C9B0007F0DE2D0E61B362ED1DCDB022B43DB0AF7
:10C9C000A4460C0DC9022943C90A012E28DC04D152
:10C9D000D6075208DF073A435B08EF0A76429041D8
:10C9E000994114D039423BD1B61940414941761C96
:10C9F000394204D1761C001849413942FAD0B94372
:10CA00006746B74208D9A41B24052143A7E7004283
:10CA1000EAD13642E8D1A2E7E40AE10700209EE726
:10CA2000202E0BDD203E1F00F340F7415F40012A1E
:10CA3000002257417E42984191410BE01700F74197
:10CA4000F2405740F3415A40B340F3405A407E42CF
:10CA5000904199410A0303D2641EB61940414941ED
:10CA60000027641E24054208AE4178416141F0BCB4
:10CA70007047FEE7C3788278417800781B021A433A
:10CA800009021204084310437047FEE780B5904A3C
:10CA9000002180200001FBF70AF801BD38B5050030
:10CAA0000C008C48816800290CD1856044800121EC
:10CAB000017000210A008280C160016101771020AD
:10CAC000FBF726F831BD80B51020FBF712F881483E
:10CAD0000321817700210A00027081600A008280B0
:10CAE000C1600161017701BD80B51020FBF701F83D
:10CAF0007848032181770021818001BD3EB5754CC6
:10CB00002078012801D001203BE00220207001AAFA
:10CB10006946A0680088FEF717FC05002800C0B22F
:10CB2000002829D168468088082825D100980078F7
:10CB3000009949780902014300988078000408436D
:10CB40000099C97809060143E160009800790099CD
:10CB5000497909020143009880790004084300994B
:10CB6000C979090601432161E168A048F9F772FE1D
:10CB70002169B648F9F76EFE012001002170207787
:10CB800000203EBD10B50400A648F9F763FE04205E
:10CB9000504988771020FAF7ACFF10BDF8B5002691
:10CBA000370034004B4DAA48A862AA49280020301B
:10CBB000FBF7D1FA1020FAF7BFFFA87F401E03D081
:10CBC000801E01281AD922E0E87D012801D1370012
:10CBD00011E0E87D072802D0E87D052805D19E48B0
:10CBE000F9F738FE0120070005E09C48F9F732FE0E
:10CBF0000020C04307000120040008E09848F9F72E
:10CC000029FE0120C043070001200400FFE72000A7
:10CC1000C0B20028CED028002030FBF7CFFA380071
:10CC2000F2BDF8B50026009634002A4D8848A86267
:10CC30008C4F88493800FBF78EFA1020FAF77CFFFA
:10CC4000A87F801E03D0401E01280ED916E0E87D83
:10CC5000012801D1009605E08348F9F7FBFD00208B
:10CC6000C04300900120040008E08048F9F7F2FD7D
:10CC70000120C043009001200400FFE72000C0B263
:10CC80000028DAD03800FBF799FA0098F2BD10B509
:10CC900004002100C9B27648F9F7DCFD1020FAF74C
:10CCA0004BFF0C48817F2200D2B2914204D17148DF
:10CCB000F9F7D0FD00200AE0817F032902D0807FB0
:10CCC0000728EBD16C48F9F7C5FD0120C04310BD22
:10CCD000E9D30410880C0020F1B586B00020039041
:10CCE000002069464880C54E3078012802D00020D7
:10CCF000C04378E01020FAF70BFF307F002801D105
:10CD0000FFF7FCFE00252800C0B2032830DAB06827
:10CD10002900C9B249004018C08A002826D0002046
:10CD20006946087001226946B0682B00DBB25B00DF
:10CD3000C018C08AFEF752FB07003800C0B20028B6
:10CD400002D00020C0434EE001AA04A9B0682B0025
:10CD5000DBB25B00C018C08AFEF7F6FA04002000C0
:10CD6000C0B2002802D00020C0433CE06D1CCAE7DE
:10CD700001206946087001226946B068408AFEF7C2
:10CD80002DFB05002800C0B2002802D00120C043BE
:10CD900029E0FFF703FF02900298012801D100204B
:10CDA00021E00298002802D50120C0431BE000AA20
:10CDB000921C03A9B0684088FEF7C6FA0400200060
:10CDC000C0B2002802D00020C0430CE06846418871
:10CDD0000398069A9047012801D1012003E004201E
:10CDE00069460870C7E707B0F0BD0000843D041035
:10CDF00070B506000D00814CA06B0AF009FB2900FC
:10CE000089B288420CD12A0092B23100A06B09F09D
:10CE10002FF8002804D18B48F9F71CFD012000E011
:10CE2000002070BDB43D041010B504007348846345
:10CE30008548FFF751FF0100012901D1002004E0DE
:10CE4000002901D1012000E0080010BD9C3D041024
:10CE500085CB041030750000C43D0410D43D04108F
:10CE6000E03D0410A80C0020FC3D0410083E041016
:10CE7000243E04103C3E0410543E0410FEB506004F
:10CE800000270197380069460880642534003A007D
:10CE900029002000F9F746FC6C4C6A4601A9A068FD
:10CEA0004088FEF751FA002802D00120C043A3E0D9
:10CEB000684600883C2802D26846058800E03C2588
:10CEC0000198029037002A0002993800F9F770FCA7
:10CED0006A4601A9A0688088FEF736FA00280AD0C1
:10CEE00068460088022806D068460088102802D0CC
:10CEF0000020C04380E0684600883D2170546846A9
:10CF000005880198029037003E372A0002993800C0
:10CF1000F9F74EFC6A4601A9A068C088FEF714FA2A
:10CF2000002802D00120C04366E068460088082837
:10CF300002D00020C0435FE0019800780199497851
:10CF40000902014301988078000408430199C978D7
:10CF5000090601433165019800790199497909026F
:10CF6000014301988079000408430199C9790906B1
:10CF700001437165A068408900281BD06A4601A959
:10CF8000A0684089FEF7E0F9002802D00120C043E4
:10CF900032E068460088062802D00020C0432BE01B
:10CFA00006250198029037005C372A000299380064
:10CFB000F9F7FEFB6A4601A9A0688089FEF7C4F96B
:10CFC000002802D00120C04316E0684600880428EB
:10CFD00002D00020C0430FE0019800780199497801
:10CFE0000902014301988078000408430199C97837
:10CFF00009060143B1650020FEBD0000880C002039
:10D00000FEB50700114CA088002818D1012001901E
:10D0100000200090F723172225216088FAF797FA5D
:10D020000600002E02D00320C0430AE00520FFF7CF
:10D030002EFE0500002D02D50320C04301E06777D6
:10D040000020FEBD703E0410F1CD0410880C0020BD
:10D05000F3B58BB0002500952800694688802E0026
:10D06000C14CA088002802D10320C0431FE101AABF
:10D070006946A0688089FEF767F9002802D0012080
:10D08000C04314E168468088042802D00020C043D1
:10D090000DE1009800780099497809020143009851
:10D0A0008078000408430099C97809060143049177
:10D0B0000498000702D40220C043F8E001AA6946A0
:10D0C000A068C088FEF740F9002802D00120C043C4
:10D0D000EDE068468088082802D00020C043E6E0E2
:10D0E00000980078009949780902014300988078F7
:10D0F000000408430099C978090601430391009888
:10D100000079009949790902014300988079000467
:10D1100008430099C979090601430591059A0399C5
:10D12000AC48F9F797FB05986946098E884205D205
:10D130000498C00602D40220C043B8E06846008EBE
:10D140000399884201D2012100E02900C9B2627F1F
:10D1500001205040C0B2084004990A005206D20F84
:10D16000012151400140002902D00220C0439EE02D
:10D1700008A806210170290041702900817029004A
:10D18000C170290001716946098E41716946098E95
:10D1900089B2090A81712900C171290001726946A9
:10D1A000098E039A914201D2012100E02900627F99
:10D1B000114202D00221417201E0290041720A228B
:10D1C00008A9A068C089FEF709F902900298002812
:10D1D00002D00120C0436AE0FFF723FD0700002FC3
:10D1E00002D50420C04362E030006946098E80B257
:10D1F000884231D26846008E801B694608816846A5
:10D200000089E188884204D2684600896946C8805E
:10D2100002E0E0886946C8800B98310089B2431863
:10D220006846C288A1886088FAF7B1F9070039001A
:10D230006948F9F70FFB002F03D16846C0883618FC
:10D24000D2E7882FD0D10620FFF721FD0700002F5D
:10D25000CAD50420C0432AE0A0680089002825D050
:10D26000A068007F000721D501AA921C02A9A0682E
:10D270000089FEF769F8002802D00120C04316E0BB
:10D280006846C08807900695029D069A079928006F
:10D29000F9F748FA6846C2880299A0680089FEF743
:10D2A0009DF8002802D00120C04300E000200DB00E
:10D2B000F0BD10B52C4881884088FAF75EF904006B
:10D2C000002C02D00120C04309E00320FFF7DFFC5F
:10D2D0000100002902D50020C04300E0002010BD5D
:10D2E000FEB505000C003D48F9F7B4FA200080B205
:10D2F000082802D22878702800D012E0200080B2DE
:10D3000001900095184E37001537019A00993800A2
:10D31000F9F74EFA200030750120B0771020FAF7A7
:10D32000E8FBF7BDFEB505000C002D48F9F792FAB1
:10D33000200080B2082802D22878602800D012E0AD
:10D34000200080B201900095074E37001537019AF2
:10D3500000993800F9F72CFA200030750220B077D8
:10D360001020FAF7C6FBF7BD880C002010B50400AA
:10D37000217860780006000C01431A48428889B27F
:10D3800091421ED1617AA27A1206120C114389B21F
:10D39000002905D0072181771020FAF7AAFB10E0B9
:10D3A000217B627B1206120C11438180E178227985
:10D3B0001206120C1143C180052181771020FAF763
:10D3C00098FB10BD80B50620064988771020FAF733
:10D3D00090FB01BD843E0410A43E0410CC3E04101A
:10D3E000E83E0410880C00207047FEE770B504008A
:10D3F0000AF048F8050026000020C043864202D00B
:10D400000448007836180AF03DF8401BB042FAD3C1
:10D4100070BD00BF91040020F0B593B01F461546C3
:10D420000E4612901C9C0846114622460AF030F81F
:10D43000002824D122980D901FAB0DCB11901E987F
:10D440000F901D980E901B980C901A991998109790
:10D45000189F089209930D9A0A92009701900291E1
:10D460000C98039004940E9805900F9806901198CC
:10D470000790129831462A46109BF9F707FA13B025
:10D48000F0BDFEE70268A54B13400A021A43026092
:10D4900070470268A14B13400A021A4302607047AA
:10D4A000026804239A438B001343036070470168AA
:10D4B00002220A43026070470168802252030A4335
:10D4C000026070470168802212030A4302607047BD
:10D4D0000168802292020A43026070474168080096
:10D4E000C003C00F704770B500238B4207DA146881
:10D4F0009E4D8600AC51121D401C5B1CF5E770BDB3
:10D5000010B59A4B84001B19012905DB14681C60B7
:10D51000121D1B1D491EF7E700241C601B1D1C600B
:10D5200010BD10B5914B84001B19012905DB1C6847
:10D5300014601B1D121D491EF7E710BD10B5F8F74A
:10D54000C1FF964C2000FFF7B7FF2000FFF7BAFF9E
:10D550002000FFF7BDFF10BDF5B581B00F00F8F753
:10D56000B6FF002802D00120C0436FE002988C492A
:10D57000086000242000082807DA019982008958F1
:10D58000AD4A8300D150401CF5E72000102806DA90
:10D5900081007958834A8300D150401CF6E7380057
:10D5A00000F0C3F900280CD003207F490860012057
:10D5B0007E4908603A0020323900019800F0F8F8FE
:10D5C00043E0794D2C60794E01203060AF4A39003C
:10D5D0009A4800F037F928680128FCD100F0C8F813
:10D5E000002806D134602C60F8F784FF0220C04385
:10D5F0002CE093480090A54A0099904800F022F949
:10D6000028680228FCD100F0B3F8002806D1346065
:10D610002C60F8F76FFF0220C04317E000996148C3
:10D6200000F038F928680328FCD100F088F80028B9
:10D6300006D134602C60F8F75DFF0220C04305E09E
:10D64000009A58497C4800F0B3F80020FEBD38B578
:10D65000040000255548056053480560F8F74AFF67
:10D660008B490C60082D07DA7348AA008058AA007D
:10D670008A1810646D1CF5E70020C043484A126800
:10D68000904731BD38B549480168012943D1464C1E
:10D690002168002908D0012909D002290AD00329CC
:10D6A0000BD00E291FD033E00120206033E0022090
:10D6B000206030E0032020602DE00020082807DAF9
:10D6C0005D4982008958724A8300D150401CF5E7B9
:10D6D0006F4801004031203000F015F90E20206025
:10D6E000FFF7D0FF17E0002505602560F8F702FF7F
:10D6F000082D07DA5048A90040586549AA0088500B
:10D700006D1CF5E762490020254A1268904702E047
:10D71000A020FFF79CFF31BD00000000FFC0FFFF0D
:10D7200010B50400FFF7AEFF09F0C5FE10BD10B53F
:10D730000400A068FFF78BFF09F0BDFE10BDE0B547
:10D7400008220021684608F0FFFB6A460221B82043
:10D750008000FFF7E6FE00987E49884201D1012053
:10D7600000E00020C0B20EBD000000000004304800
:10D77000E0B508220021684608F0E6FB6A4602216F
:10D78000A6208000FFF7CDFE00987349884201D1A2
:10D79000012000E00020C0B20EBD000000003048B3
:10D7A000DC0E00200C0C0020D80E0020D40E00202F
:10D7B000F8B507000E001500654C22212000FFF788
:10D7C00061FE01212000FFF76BFE644A0221002068
:10D7D000FFF789FE624A02210220FFF784FE614AB8
:10D7E00002210420FFF77FFE5F4A08210620FFF791
:10D7F00087FE264A08211C20FFF782FE5B4A08218B
:10D800003220FFF77DFE3A0008214820FFF778FE1E
:10D81000320008215E20FFF773FE2A0008217420E1
:10D82000FFF76EFE2000FFF759FE0028FAD1200016
:10D83000FFF73DFEF1BD0000280E00203429041042
:10D840002C0C0020F8B507000E001500404C0C21F0
:10D850002000FFF71EFE3A0002210220FFF743FEE0
:10D8600032000821C8204000FFF74AFE2A000821A4
:10D8700085208000FFF744FE2000FFF72FFE0028E0
:10D88000FAD12000FFF713FEF1BD00005429041067
:10D890005C00002070B506000D002D4C28212000F2
:10D8A000FFF7F0FD2E4A02210220FFF71CFE2D4A51
:10D8B00002210420FFF717FE2B4A08210620FFF75C
:10D8C0001FFE2B4A08211C20FFF71AFE32000821F8
:10D8D0005E20FFF715FE2A0008217420FFF710FED6
:10D8E000224A08213220FFF70BFE224A0821482055
:10D8F000FFF706FE2000FFF7F1FD0028FAD1200017
:10D90000FFF7D5FD70BD38B505000C00002D04D023
:10D910002A0008215E20FFF704FE002C04D022001C
:10D9200008217420FFF7FDFD31BD00B50100002284
:10D93000102A0ADA10489300C0589300CB58984236
:10D9400001D0002002E0521CF2E7012000BD0000DF
:10D95000000030480DD600006A9100003C290410F8
:10D96000442904104C29041094290410742904102B
:10D9700054290410B4290410F428041010B500240C
:10D98000032009F099FD002802D00120040001E0E5
:10D9900009F0F9FD2000C0B210BD014800687047D1
:10D9A0008C03002000B5010049B2002905D40121F3
:10D9B000C206D20E91404A4A116000BDF0B5020085
:10D9C00052B2002A17D41822464B040064B2A408AD
:10D9D000A4001C59FF25C6001640B540AC438D017C
:10D9E000EDB2C600324095402543020052B2920883
:10D9F00092009D501BE00F223B4B182405006DB296
:10DA00001540083DAD08AE0005006DB22A40083A49
:10DA1000920892009A58FF25C7002740BD40AA43AC
:10DA20008D01EDB2C7003C40A54015439D51F0BDAE
:10DA3000EFF31081012282F3108802682023134340
:10DA4000036081F31088704738B584B0040000206B
:10DA5000FAF7C6F800F02AF8684624491022F8F7C9
:10DA60008DFE6946002009F0D7FE00F02DF809F080
:10DA7000A3FF002801D0F8F74FFE0AF002F8FFF7E5
:10DA80005DFD1B4DE868800002D51A48F8F7E2FEFC
:10DA9000E868C00002D51848F8F7DCFEF7F729FC63
:10DAA0000020FAF79EF8002005B030BD80B50020B8
:10DAB00009F040FE012009F03DFE022009F03AFE87
:10DAC000012009F089FE01BD80B50C48FFF7B0FFC9
:10DAD00001210820FFF772FF0820FFF763FF01BD57
:10DAE00000E100E000E400E01CED00E0441604105A
:10DAF000040000200C1604102816041000400041F9
:10DB000080B50020C043F9F71BFF01BD7047704787
:10DB100060490A6882430A605F490A6882430A6072
:10DB200070475E480168802252020A4302607047D3
:10DB30005A4801685A4A0A400260704757480168CB
:10DB400008008003C00F704756490A68564B1340BF
:10DB500002021A430A600A68802313430B6070476D
:10DB600050490A6870239A4302430A6070474F483D
:10DB7000016804229143016001680222914301601F
:10DB800070474A48016802220A4302600168042281
:10DB90000A43026070474148016808004005C00F11
:10DBA0007047000080B53D4800688003FBD53F48C2
:10DBB000016802220A4302600021009100990629AF
:10DBC00004DA00BF0099491C0091F7E701680422BC
:10DBD0000A43026001BD35490A68354B13400343CF
:10DBE0000B6070472D48016810220A43026070479D
:10DBF0002A48016810229143016070472748016854
:10DC000008008006C00F70472448016840220A437C
:10DC100002607047214801684022914301607047CB
:10DC20001E48016808004006C00F704721490A6875
:10DC300060239A4302430A6070471848016804222F
:10DC40000A4302607047154801680422914301604D
:10DC500070471248016808000007C00F70470F485E
:10DC60000168802292010A43026070470B480168F4
:10DC7000114A0A40026070470848016808004004E1
:10DC8000C00F704709490A68E0239A4302430A60BB
:10DC900070470000280050482C00504800004048C1
:10DCA000FFFFFEFF98004048FFC0FFFF080040480C
:10DCB000FF7FFEFF0C004048FFDFFFFF38B5040088
:10DCC000002C01D10120F5E02078C00626D5A068FF
:10DCD000002802D1FFF74BFF01E0FFF752FFA068D9
:10DCE00004280DD109F0CEFB0500FFF754FF0128F1
:10DCF00014D109F0C7FB401B6528F6D30320D9E0F7
:10DD000009F0C0FB0500FFF746FF012806D009F027
:10DD1000B9FB401B6528F6D30320CBE02078C00771
:10DD20002ED52020FFF710FF3020FFF719FF606885
:10DD300080214902884202D1FFF7F3FE01E0FFF79C
:10DD4000F7FE606800280DD009F09CFB0500FFF786
:10DD5000F5FE002814D109F095FB401B6528F6D389
:10DD60000320A7E009F08EFB0500FFF7E7FE00287F
:10DD700006D009F087FB401B6528F6D3032099E005
:10DD8000207840072ED5206900281BD0FFF75BFFC5
:10DD9000FFF75FFF0028FBD1FFF72AFF802040023A
:10DDA000FFF719FFFFF749FF09F06CFB0500FFF7CC
:10DDB00050FF002816D109F065FB401B0328F6D35D
:10DDC000032077E0FFF73FFF09F05CFB0500FFF75A
:10DDD00040FF002806D009F055FB401B0328F6D36E
:10DDE000032067E02078800739D5FFF72CFFFFF785
:10DDF000FFFEFFF703FF0028FBD1C0208001FFF7E3
:10DE000087FE80200002FFF7E6FE2020FFF70EFFCE
:10DE1000E068102802D1FFF7E5FE01E0FFF7E8FE19
:10DE2000E06800280DD009F02DFB0500FFF7E6FEA5
:10DE3000002814D109F026FB401B6528F6D30320E7
:10DE400038E009F01FFB0500FFF7D8FE002806D0D8
:10DE500009F018FB401B6528F6D303202AE0207840
:10DE6000000726D56069402802D1FFF7CDFE01E00A
:10DE7000FFF7D0FE606900280DD009F003FB050014
:10DE8000FFF7CEFE002814D109F0FCFA401B6528EC
:10DE9000F6D303200EE009F0F5FA0500FFF7C0FE07
:10DEA000002806D009F0EEFA401B6528F6D30320BF
:10DEB00000E0002032BD0000F2B582B00400002C6A
:10DEC00001D101207DE03025ED43404E30682840EF
:10DED000029901433160206802280CD1FFF747FE08
:10DEE000FFF759FE002801D101206AE0FFF7BEFECE
:10DEF0006068FFF7C7FE206800281FD1FFF74BFEC0
:10DF0000002801D101205CE0FFF718FE002801D1B4
:10DF1000012056E0FFF7A3FE09F0B4FA0090FFF7E6
:10DF2000ABFE002807D109F0ADFA0099401A03288A
:10DF3000F5D3032045E06068FFF7A4FE20680128C0
:10DF400014D1FFF72FFEFFF726FE002801D0012095
:10DF500037E0FFF7F3FD002801D1012031E01C4834
:10DF60000168E022914362680A4302603027029808
:10DF700031683940884214D03068054002982843FF
:10DF8000306009F07FFA009030683840029988428A
:10DF900007D009F077FA0099401A0328F4D3032038
:10DFA0000FE0002001900198062804DA00BF0198D4
:10DFB000401C0190F7E709F0BFFEFFF7EEFC09F007
:10DFC0007BFAFEBD03480068704700000410004063
:10DFD00008004048A8030020784801680800800332
:10DFE000C00F70477648016808000007C00F7047EF
:10DFF00073490A68734B134003430B6070477048C2
:10E000000168C0204002084070476F490A68042335
:10E010009A4302430A6070476B4800680421084035
:10E02000704767490A68694B134003430B607047A8
:10E0300063480068802149010840704760490A68C8
:10E04000634B134003430B6070475D4800688021B9
:10E050008901084070475A490A685E4B13400343E0
:10E060000B60704756480168C020000408407047A4
:10E070005248016808004004C00F704710B5040002
:10E080002078C00702D52069FFF7BFFF20788007FE
:10E0900002D56069FFF7C5FF2078000702D56068E8
:10E0A000FFF7D9FF2078C00602D5E068FFF7C6FF6A
:10E0B000207A800602D5A068FFF79AFF002010BDE5
:10E0C00070B5060000253000012808D0022813D0C2
:10E0D000082820D0102842D0202852D06CE0FFF72A
:10E0E0009BFF002802D0042803D004E03A48050032
:10E0F00001E03A4805005FE0FFF79AFF002804D0EE
:10E1000080214901884203D004E03548050001E040
:10E110003448050050E0FFF765FF002805D0FFF701
:10E120005BFF002807D1002047E0FFF7A1FF002890
:10E1300001D1002041E0FFF795FF0400002C01D140
:10E14000264805008020C003844201D122480500F2
:10E1500080200004844201D1234805002CE0FFF711
:10E1600074FF002807D080218901884206D18020D1
:10E170000002050004E01948050001E01748050009
:10E180001AE0FFF73CFF80210902884208D0802175
:10E190004902884208D0C0214902884208D00AE0DA
:10E1A00080200002050006E0FA20C001050002E020
:10E1B0000E480500FFE7FFE7280070BD000040485B
:10E1C00008004048FF7FFEFF60004048FFEFFFFF70
:10E1D000FFDFFFFFFFFF3FFF0048E8010024F400DE
:10E1E00000127A0000093D000090D003127A00006E
:10E1F000F8B5040000252F00002C2ED0207900282F
:10E2000002D1200009F0C3F909F03CF90090022086
:10E210002071012620680068304000280AD120685B
:10E22000066009F02FF90099401A0E498842F0D390
:10E23000032007003800C0B2002809D12068806898
:10E24000D0214903014320688160A560267106E062
:10E250000420A0600320207101E0012007003800A5
:10E26000C0B2F2BDE9030000F8B50400200000F0E0
:10E270003EF8050020680668206847688020400353
:10E28000064207D0074205D0A16801220A43A260D6
:10E290002168886080200003064207D0074205D02D
:10E2A000A16802220A43A26021688860242D0AD155
:10E2B0002068F821090140581049884203D0A0681D
:10E2C00008210143A160A068002802D02000FFF7C8
:10E2D0002EFA80208002064208D0074206D021682C
:10E2E0008860012020712000FFF71AFAF1BD006854
:10E2F0000068000A8006800E704700000DD60000FE
:10E300005C490A680860704710B45B490A685B4B57
:10E3100013400202FF24240214401C430C6010BC72
:10E32000704710B454490A68554B13400204FF2447
:10E33000240414401C430C6010BC70474E490A680A
:10E340001202120A030613430B6070474D490A6814
:10E35000FF239A43C3B213430B60704710B449497B
:10E360000A68464B13400202FF24240214401C4357
:10E370000C6010BC704710B442490A68404B13400F
:10E380000204FF24240414401C430C6010BC70479A
:10E390003C490A681202120A030613430B607047D5
:10E3A00039490A68FF239A43C3B213430B6070478D
:10E3B00010B435490A68314B13400202FF2424028D
:10E3C00014401C430C6010BC704710B42E490A68FE
:10E3D0002B4B13400204FF24240414401C430C6004
:10E3E00010BC704710B428490A68284B1340020635
:10E3F000FC24A40514401C430C6010BC7047244945
:10E400000A68FF239A43C3B213430B607047214845
:10E41000016804220A43026070471E480168802296
:10E4200012040A43026070471A480168802292056C
:10E430000A4302607047174801688022D2050A43E8
:10E440000260704714490A687F239A4343065B0EB3
:10E4500013430B607047C16803229143C16070474A
:10E46000C16803229143C1607047816A0B4A0A4028
:10E4700082627047C0000020C4000020FF00FFFF40
:10E48000FFFF00FFC8000020CC000020FFFFFFC0FE
:10E49000D0000020D4000020D8000020FFFFFFBFE4
:10E4A000F1B586B0E14CE2480068E249884219D1F2
:10E4B0000F21E1480268120A0A4004920268170B11
:10E4C0000F400268120C1140039107210268120DDF
:10E4D0000A4002920068000E014001910120694645
:10E4E00008700AE008200490072703900020032109
:10E4F0000291019101216A4611700020E5490870DE
:10E500000698002802D0069809F054F8C025ED05B9
:10E510002800FFF7A0FF2800FFF7A2FFC748FFF77A
:10E52000A4FF0F20C64909680F229143039A0240B5
:10E530000A43C3490A60C3490968F02291433A017A
:10E54000F02313400B43BF490B60BE4909680F22FB
:10E550009143049A10400843BA490860BA4D2868AC
:10E560000721884302994907490F01432960286818
:10E57000382188430199C90038220A4002432A60A1
:10E580005520C5490968FF2291430143C24A1160E1
:10E59000C2490968FF22914366220A43BF490A60C3
:10E5A000C7490968FF2291430843C5490860C54827
:10E5B0000068FF2188431D210143C2480160C24811
:10E5C0000068FF21884359210143BF480160BF48CB
:10E5D0000068FF21884332210143BC4801600126C5
:10E5E000BB4800683043BA490860BA4800687F21D8
:10E5F00088431F210143B7480160B74800683F21A5
:10E60000884309210143B44801604020FFF77CFEA4
:10E610003F20FFF786FE0920FFF790FE5A20FFF704
:10E62000AAFE3220FFF7B4FE5A20FFF78FFE3220F9
:10E63000FFF794FE1020FFF7C8FE1020FFF7D2FE70
:10E640000420FFF7DCFE1420FFF7AAFE0520FFF7E9
:10E65000AFFEFFF7DCFEFFF7E0FEFFF7E5FE002070
:10E66000FFF7F0FE0021080032000300DBB2E254A5
:10E67000401C5E220300DBB2E254401C704A126868
:10E680000300DBB2E254401C32000300DBB2E25470
:10E69000401C5D220300DBB2E254401C694A126850
:10E6A0000300DBB2E254401C32000300DBB2E25450
:10E6B000401C52220300DBB2E254401C2A680300D3
:10E6C000DBB2E254401C32000300DBB2E254401CD7
:10E6D00012220300DBB2E254401C6F4A12680300AE
:10E6E000DBB2E254401C32000300DBB2E254401CB7
:10E6F00015220300DBB2E254401C684A1268030092
:10E70000DBB2E254401C32000300DBB2E254401C96
:10E710001A220300DBB2E254401C694A126803006B
:10E72000DBB2E254401C32000300DBB2E254401C76
:10E7300022220300DBB2E254401C624A126803004A
:10E74000DBB2E254401C32000300DBB2E254401C56
:10E7500021220300DBB2E254401C5B4A1268030032
:10E76000DBB2E254401C32000300DBB2E254401C36
:10E7700023220300DBB2E254401C544A1268030017
:10E78000DBB2E254401C32000300DBB2E254401C16
:10E790001B220300DBB2E254401C4D4A1268030006
:10E7A000DBB2E254401C32000300DBB2E254401CF6
:10E7B00090220300DBB2E254401C464A1268030078
:10E7C000DBB2E254401C32000300DBB2E254401CD6
:10E7D00091220300DBB2E254401C3F4A126803005E
:10E7E000DBB2E254401C0A000300DBB2E254401CDE
:10E7F00005003A4A0D481060506010000C309060DF
:10E8000001601068FFF77CFD35480660FFF713FED6
:10E81000344908680860344A136833431360334A44
:10E8200013681E431660096807B0F0BD500D002044
:10E83000F81E0010CCECBCFCE81E001000180060B4
:10E8400078160060741600604816006070B528489D
:10E850000168284802681002FF2424020440CBB259
:10E86000234325480468002B01D00C2C01D37F20C2
:10E870000EE00620604377381F2B02D3801D5B0813
:10E88000FAE7FF25A2355D431C4EAD19AD0A4019CC
:10E8900040B270BDC40000204815006054150060EF
:10E8A00070B5174804680F4E35683560F9F732FCCB
:10E8B00028002043F6F708FDF9F72BFC306870BDFF
:10E8C0006815006088150060841500608C15006074
:10E8D0006C1500604017006044170060400D002078
:10E8E00010140060040000604418006040180060CC
:10E8F000A4160060A8160060AC160060A0460000D8
:10E900001C00006080B509F013FB01BD70B5060066
:10E910000D00140022002900300009F017FB70BD23
:10E92000FEB504000D001600019600952700009A20
:10E9300001993800F7F7F6FEF7BD70B506000D0037
:10E94000140022002900300007F092FA70BD7FB554
:10E9500004000D001600684609F072FB6846017855
:10E96000217041782970807830707FBD38B50500FE
:10E970000C0021002800F7F7D0FD32BD70B506006D
:10E980000D001400220029003000FEF7E5FD70BDE7
:10E9900070B506000D00140022002900300009F0B7
:10E9A00081F870BD10B50400200009F089FB10BD8E
:10E9B00070B506000D00140022002900300009F097
:10E9C000A1FB70BD70B506000D00140022002900E7
:10E9D000300009F0CBFC70BD10B50400200009F038
:10E9E0000DF810BD10B50400200009F015F810BD99
:10E9F00010B50400200040B209F00CFA10BD10B5AB
:10EA000004002000C0B209F038FA10BD80B509F04A
:10EA100052FA02BD80B509F050FA02BD10B50400EB
:10EA20002000C0B209F04BFA10BD80B5FFF70EFF11
:10EA300002BD80B509F02CFB02BD80B5F9F779FB6A
:10EA400004BD70B5060014001D0022002B0030002C
:10EA5000F9F7A4FB70BD10B504002000F9F7AEFB78
:10EA600010BD70B506000D0014002200D2B22900BE
:10EA7000C9B23000F9F7BAFAC0B270BD80B5F9F783
:10EA8000FBFAC0B202BD10B504002000F9F798FAF5
:10EA900010BD80B5F9F728FB01BDFEE7F0B597B0D2
:10EAA000E54C6720C543F7F7E7FFE44E012802D0A5
:10EAB000F07A002810D027462C463834F7F7DCFFD0
:10EAC000F17A6143784338184418F7F7D5FFF17AA3
:10EAD0004143DB48484324182634F7F7CDFF01288B
:10EAE0000ED1284660303189414328464430B27AFD
:10EAF0004243501829464831327B4A43801800E08F
:10EB000000200390F0890A90F7F7AEFF012801D0AA
:10EB1000F8F7B1FA09F060FC0128119409D12C46EC
:10EB20003834F7F7A9FF6043F17A41430839099176
:10EB300001E000200990F2484C301390F8F79BFA5E
:10EB4000012815D0F7F790FF012811D02920305C5B
:10EB500000280DD12520305C002809D12620305C0A
:10EB6000002802D0E6484C3001E0284624301390BB
:10EB7000E3486C301290F8F77EFA012815D0F7F7C9
:10EB800073FF012811D02920305C00280DD12520E9
:10EB9000305C002809D12620305C002802D0D848FB
:10EBA0006C3001E028463C301290F8F764FA10907F
:10EBB000B07E0090F07F0F90F7F75EFF0790F07F38
:10EBC000019009F00BFC0890F07F0290F7F7CEFF60
:10EBD0000027F7F74DFF01283846159516974FD1B6
:10EBE000707F0A2800D30A202C4638344443C03CA6
:10EBF0000025F8F77AF801282F4620D1F7F73CFFD7
:10EC000001280E9503D0159B1846543002E0159B41
:10EC100018464830BA49E431B27F4A4310183546A5
:10EC20001E466036E97F32468A408718F7F724FF90
:10EC3000012802D1E87A4643BF192E460E9DE019FD
:10EC40001490F8F781F80746F8F74FF804463C406F
:10EC5000F7F712FF2040012808D1F07E401E032163
:10EC60000143B07FB0224243D043451A149844195F
:10EC7000F8F701FA6043A24908182C30159D169F39
:10EC80000690F7F7F9FE0128394609D1F7F78BFF0F
:10EC90000128394604D12220305C294614314143F1
:10ECA0000591F8F722F80128384621D19448D4304C
:10ECB000B17E414328464830F27A42435418002737
:10ECC000F8F742F8012810D1F7F7D6FE01280CD149
:10ECD000159A10465830317F414310466030F27E1D
:10ECE000424350188438B77E4743E019159D169F5C
:10ECF0000E9009F075FB0128384633D1F7F7BCFEBA
:10ED0000012802D02F465C3704E028466030F77AAD
:10ED100047430C3F2325705D00240028204605D082
:10ED2000F7F7AAFE705D404203218843C0192427EB
:10ED3000F15D159A64324A438518F7F799FE012868
:10ED40000DD1F8F798F9012809D1F7F7CEFF01287E
:10ED500005D1F45D002C159801D0044650342819D3
:10ED6000159D169F0D90F7F787FE0128394609D1AA
:10ED700009F038FB0128394604D128464830F17A99
:10ED8000414314390C91F7F777FE01283A4608D130
:10ED900009F02AFB01283A4603D128464C30F27A82
:10EDA00042432620315C2520345C63182920305CE6
:10EDB0000493002B149010D02820335C2846603038
:10EDC0005843F83848432723F35C54355D434C4B94
:10EDD0005B19483363431F181498002816970B9249
:10EDE0000DD002462A20305C454D2B46B0334343BC
:10EDF00037462E46C8365643F318483B03E02A20D0
:10EE0000305C002337462826BE5D7143091827264B
:10EE10003D46BE5D74432418601813D0159F3E46CE
:10EE20004C3666433C4634344C43A1193C465C3472
:10EE300044430C19143C07E010FCFFFF7C0D00203C
:10EE40007CFDFFFF0024159F03990A9E1198081866
:10EE500039464431714340180999401813994018B4
:10EE6000129941183846603006460F9A9640891923
:10EE7000109A012A06D1224E009A5643711845264F
:10EE8000B60089192E46079D059A012D02D1019DD4
:10EE9000A84009180898012805D138461830029D65
:10EEA000A840411870390698049D081880180E99DA
:10EEB00040180D9940180C9940180B994018149956
:10EEC000CD4201D03818583016994018C01804198E
:10EED00009F08CFA012800D1E41970682018032188
:10EEE000C943F28DD21C0A40B38DDB1C0B409A182B
:10EEF000338EDB1C0B40D118401A17B0F0BDC04652
:10EF000090FEFFFFF0B595B00120810414912E48CA
:10EF10000160BFF34F8FBFF36F8F07F018FCFFF74F
:10EF2000ADFD00201290C04307F001FCF7F79CFDF7
:10EF3000139009F051FA1190F8F79DF8109009F02C
:10EF40004DFA0F90F7F712FEF7F792FD0E90F7F7D4
:10EF50002AFE0D90F7F7C9FE0C90F7F7F5FE0B901F
:10EF600009F03EFA044609F03DFA0546F7F784FD3C
:10EF7000064609F039FA074609F038FAC0B2F9B284
:10EF800008910990F0B2E9B2E2B20B9BDBB20C9CA3
:10EF9000E4B20D9DEDB20E9EF6B2129F009701965F
:10EFA0000295039404930592069107901398C0B2BA
:10EFB0001199C9B20F9AD3B2109A09F019FA0348FD
:10EFC0001499016015B0F0BD80E100E000E100E0BF
:10EFD0000100202008437047FDB5B2B03A98049173
:10EFE00002A93B22885400200D9024A8401C2F9099
:10EFF0000DE00498329A90470490002801D100F067
:10F00000B7FE0D98401C0D903398401C33903398F8
:10F010000178002910D02529EBD100200790089015
:10F0200009900A900B900C9000210224012014906A
:10F0300008201290339D05E00D9800F09BFE08001B
:10F04000149901436D1C28782028F8D023280BD070
:10F050002B2804D02D2804D0302808D00AE02143E2
:10F06000F0E708000421ECE708000821E9E70800C0
:10F070001021E6E72A280FD1349802681068121D83
:10F08000349B1A600F90002804D542420F9208006A
:10F09000042101436D1C12E000200F90644A09E036
:10F0A0000F9B934205DA9E00F3185B001818303866
:10F0B0000F906D1C28780300303B0A2BF0D3287882
:10F0C0002E2803D00020C0430E9027E06D1C287826
:10F0D0002A2808D1349800680268001D349B186003
:10F0E0000E926D1C1AE02D2802D12D226D1C00E01D
:10F0F000002200200E900CE0002A09D10E9B4C4EFD
:10F10000B34205DA9E00F3185B00181830380E90F1
:10F110006D1C28780300303B0A2BEDD302A8018731
:10F120002E78310040487844FF30401E09F0DAF96B
:10F13000002801D06D1C00E0002602A83A214654A8
:10F14000405C682804D1287868280BD1622005E04B
:10F150006C2807D128786C2804D1712002A93A22A2
:10F1600088546D1C15A80690287869460870681C9C
:10F170003390684602781000253833D01C3800D10F
:10F18000CCE1001F022800D8C8E1133801D100F0FB
:10F1900019FD093800D1C1E1801E01D100F0AFFD99
:10F1A000401E01D100F05CFD401E022800D8B5E1F0
:10F1B000001F01D100F054FD401F00D108E1401EA6
:10F1C00001D100F0FFFC401E00D1F0E0C01E0ED0C7
:10F1D000801E01D100F0F6FCC01E01D100F0F2FC4F
:10F1E00000F098FD14980790252015A97CE134982B
:10F1F00000680468001D349908600594002C00D054
:10F20000C1E002A83B21405C002800D1B5E0002409
:10F21000E44306487844143009F06EF9201A01D00E
:10F2200000F0A6FD00F083FD205BFFFF545BFFFFB5
:10F23000CBCCCC0C01236A4602A9280000F054FE76
:10F24000002801D000F094FD641EF3D13295079D93
:10F2500015AC002D0FD0329E21780498B047049051
:10F26000002801D100F084FD0D98401C0D90641C15
:10F270006D1EF1D132963020694608700A9C002C30
:10F280000DDD329D01236A4602A9280000F02CFE04
:10F29000002801D000F06CFD641EF3D13295059C6E
:10F2A000089D002D0FD0329E21780498B04704901D
:10F2B000002801D100F05CFD0D98401C0D90641CED
:10F2C0006D1EF1D13296302769460F700B9C002CD1
:10F2D0000DDD329D01236A4602A9280000F004FEDC
:10F2E000002801D000F044FD641EF3D1329505984A
:10F2F00008994418099D002D0FD0329E217804985A
:10F30000B0470490002801D100F032FD0D98401C58
:10F310000D90641C6D1EF1D13296684607700C9CEE
:10F32000002C0DDD329D01236A4602A9280000F061
:10F33000DBFD002801D000F01BFD641EF3D13295E7
:10F3400002A83821405C400700D460E620206946CE
:10F3500008700198002800DC59E6019C329D0123C9
:10F360006A4602A9280000F0BFFD002801D000F085
:10F37000FFFC641EF3D1329549E61B48784468309F
:10F38000059000F0D4FC0E9D002D03D5200008F060
:10F390003FF809E02A000021200009F0D1F80028F8
:10F3A00001D0001B00E02800089000F0C0FC349859
:10F3B00000680268001D349908600020C0430021E5
:10F3C000104002AA03C215A80590782100F093FC12
:10F3D00002A83B21415C002908D00024E4434B48AB
:10F3E0007844FF30293017E7B459FFFF3A21405CD9
:10F3F00062286AD0682819D06A2845D06C2806D0BF
:10F4000071284FD0742831D07A2821D06FE03498F9
:10F4100000680168001D349A106000297AD1002428
:10F42000E4433B487844FF301738F5E634980068E9
:10F430000168001D349A1060002905D10024E443BE
:10F4400033487844CA30E7E60D98088000F06FFC36
:10F45000349800680168001D349A1060002959D161
:10F460000024E4432A487844A630D5E6349800685E
:10F470000168001D349A106000294BD10024E44338
:10F48000234878448A30C7E6349800680268001D33
:10F4900034990860002A13D10024E4431C487844BE
:10F4A0006E30B9E6349800680268001D349908602F
:10F4B000002A05D10024E443154878445230ABE6D5
:10F4C0000D98C11703C200F032FC3498006801683F
:10F4D000001D349A1060002905D10024E4430C4833
:10F4E00078442C3098E60D98087000F020FC349891
:10F4F00000680168001D349A106000290AD10024B8
:10F50000E44303487844083086E600BF4458FFFFD0
:10F510005858FFFF0D98086000F009FC3498006807
:10F52000C31D072083433498036003CB349D2B60B5
:10F5300002AB03C32023C80F04D007982D2115ABBD
:10F5400019540DE002A8008F204204D007982B2107
:10F5500015AB195404E0C00704D5079815A90B543E
:10F56000401C079015A80799401813901398059010
:10F5700024AD02A8C0C8684600782021014368462F
:10F580008170807861280BD00E98002801D5062064
:10F5900005E005D168468078672801D114980E905F
:10F5A00002A803C808004B005B150024E443A342F3
:10F5B0000ED109030CD003200890613A1A2A03D215
:10F5C0001949794462310FE0184979445E310BE002
:10F5D000A3420ED100030CD103200890613A1A2AED
:10F5E0001DD313497944483103221398F7F7E0F803
:10F5F0009DE301AA02A803C808F0ADFF02AA03C256
:10F600006846807861281CD1059830210170811CE2
:10F6100005916946097861290ED178210DE00549E7
:10F6200079441031E0E700BF7857FFFF7857FFFFBC
:10F630007C57FFFF7457FFFF582141700798801CCB
:10F64000079002A803C82246530802400B4004D189
:10F65000002A02D10024002652E168468078612801
:10F6600000D099E00E98002801D5212000E0401C30
:10F6700013901398401C2E90300039000022002374
:10F6800008F07EFF02A830C802D280200006454064
:10F690000198001F019024A90A7024A8461C2E98E6
:10F6A000002832DD2E9F20002900002280235B03EA
:10F6B000FDF7C2F829D81C2208F07BFF04000D00DA
:10F6C000FDF7D4F82E90FF1F002F09DDFCF7E8FFAF
:10F6D00002000B0020002900FDF754F904000D0082
:10F6E000F01D07212E9A002A0ADD491E08D4401E6B
:10F6F00013071B0F03701211F5E7401E0022027062
:10F70000491EFAD5C61D002FCDDC24A82F99711AE9
:10F7100024AA551C139A0C00914200DD1400002C01
:10F7200033D48C4205DA411C095D082901DB0F2125
:10F7300000E00021220024AB9B1801E0641E5B1E48
:10F74000521E1E788E42F9D00F2904D1411C895CCB
:10F75000491C401C8154002A04D524AD641C019826
:10F76000001D0190611E10D46A1868460078137855
:10F770003033DEB23A2E01DBC318C6331370491E94
:10F78000521E0029F3D5694608700E98002800D44F
:10F79000B5E0601E0E90B2E07F007F0801986649D8
:10F7A0004843664906F0F6F9019007200199401A8E
:10F7B000002805DD02003000390000F06FFB0AE090
:10F7C000424200205E4900F069FB02000B0030005D
:10F7D000390008F026FF6A469278662A02D1019A1B
:10F7E0000A3200E006220E9B9A18142A00DD142229
:10F7F00024AB30241C705C1C02E030A803C8139AB0
:10F80000002A3CDD30AB03C3139230A803C8FDF7D8
:10F810003FF82E9006460834042530000A2106F0F1
:10F82000BCF90F0030000A2106F0B7F906003037A6
:10F83000601E077030000A2106F0AFF90F0030009B
:10F840000A2106F0AAF90600A41E303727706D1EA3
:10F85000E3D108341398083813900028CDDD2E9892
:10F86000FCF70EFF02000B0030A803C8FDF78AF872
:10F870000022344BFCF71EFF30AA03C2C5E72F98C5
:10F88000201A24A94D1C04E0401E0199491E019133
:10F890006D1C29783029F7D069468978662902D10C
:10F8A0000199491C06E069468978652901D11499B6
:10F8B00000E000210E9A5418A04200DA441E002CE9
:10F8C0001DD4844204DA285D342801DD392100E0AA
:10F8D00030212200681E831801E0641E5B1E521E48
:10F8E0001E788E42F9D0392902D1A95C491CA9544D
:10F8F000002A04D50500641C0198401C0190019E5B
:10F900001395684600786946487008F00BFF406A16
:10F910000078694608700E9D20B2002804DC149C13
:10F92000044878440E3013906846807866280BD1DE
:10F93000761C23E07C54FFFF97750000A086010031
:10F940000000F03F84D7974168468078672846D109
:10F9500030B20321C943884247DBA84245DA761C0E
:10F9600002A8008F1299C0B2084203D120B2A84267
:10F9700000DC050030B22D1A00D5002537B2002F6B
:10F9800000DDBAE00898411C08913021059A115415
:10F99000002D05DC02A8008F1299C0B2084206D0E3
:10F9A0000898411C089169460978059A11547842D3
:10F9B000854200DA6E4236B270420B90AD1920B229
:10F9C000854200DA2C0024B209942200139905988C
:10F9D000089BC018F6F7ECFE281B0C90DAE068468E
:10F9E0004078612818D170201BE020B2A84206DAC6
:10F9F00002A9098F129AC9B2114200D105006D1EE9
:10FA000000D5002568464078672802D16520694600
:10FA100007E04520694604E068464078412801D166
:10FA2000502048700898411C089113990978059A4C
:10FA300011541398411C002D05DC02A8008F129A66
:10FA4000C0B2104219D00898421C08926A46127837
:10FA5000059B1A54002D10DD641E20B2854200DA89
:10FA60002C0022B20598089BC018F6F7A1FE24B21C
:10FA7000089800190890281B0B90059808994018C1
:10FA800069464978017031B2002903D42B214170B5
:10FA9000871C03E02D224270871C4E42002412ADC9
:10FAA000300008E00A2106F075F830AA03C2297078
:10FAB0003098641C6D1C00B20028F3DC012C08DCBB
:10FAC0006846407820210143652902D130203870F2
:10FAD0007F1C002C09D1302038707F1C07E0641E89
:10FAE00012A8005D303038707F1C002CF7DC0598C0
:10FAF00008994018381A09904CE020B231B2884277
:10FB00001DDA22B213990598089BC018F6F750FE2B
:10FB100024B2089800190890391B0B91002D05DCC0
:10FB200002A9098F129AC9B2114206D06946097812
:10FB3000059A11540998401C09900C952AE032B29C
:10FB400013990598089BC018F6F732FE0898C0195B
:10FB50000890A41B002D05DC02A9098F129AC9B2D6
:10FB6000114205D0411C089169460978059A115443
:10FB700020B2854200DA2C0022B21398C1190598F0
:10FB8000089BC018F6F714FE24B2089800190890D4
:10FB9000281B0B9002A83821405C14210140102939
:10FBA00000D0C4E00798089940180B9940180999AB
:10FBB00040180C9940180F99884200DBB7E0081AEA
:10FBC0000A90B4E002AA3A20105C622808D06828A3
:10FBD0000ED06A2814D06C281DD0712810D01AE0DD
:10FBE000349801680868091D349B1960C0B218E098
:10FBF000349801680868091D349B196080B210E0D0
:10FC000034980068C31D072083433498036003CBF6
:10FC1000349C236006E0349801680868091D349B11
:10FC20001960002102AB03C3108F1299C0B20842C1
:10FC30005BD002A803C8002901D1002855D068462E
:10FC400000782021014378294FD1079815A9302247
:10FC50000A54401C421C07926A4612780A5444E037
:10FC600002AA3A20105C622808D068280ED06A28C0
:10FC700014D06C281DD0712810D01AE03498016877
:10FC80000868091D349B196040B218E03498016877
:10FC90000868091D349B196000B210E034980068B0
:10FCA000C31D072083433498036003CB349D2B602E
:10FCB00006E0349801680868091D349B1960C11773
:10FCC00002AB03C3002902DA07982D2109E0108F47
:10FCD000204202D007982B2103E0C00705D50798E2
:10FCE000202115AA1154401C079015A80799401807
:10FCF00005906846017802A800F03EF817E01498D5
:10FD00000790349800680168001D349A106015A8A7
:10FD100001700CE014980790252015A9087068461A
:10FD20000078002803D007946846007848700F9840
:10FD30000799401A0A99401A0899401A0B99401AD3
:10FD40000999401A0C99401A019002A83821405C88
:10FD5000400701D5FFF77BFA20206946087001981B
:10FD6000002801DCFFF773FA019C329DFFF762FA6D
:10FD70000020C04335B0F0BDF2B586B0040025695F
:10FD80006F2901D1082707E00846FFF721F97828F5
:10FD900001D00A2700E010273C2603CC083C04AA27
:10FDA00003C26A46127E642A03D06A46127E692A1A
:10FDB00009D1002907DA04A803C800220023121A77
:10FDC0008B4104A80CC004A803C800290DD1002849
:10FDD0000BD1206B002808D1082F3DD13820205CA2
:10FDE000000739D53B26302035E00294009504A861
:10FDF00030C8761E0196200029003A00FB1705F056
:10FE00005EFF3032D0B23A280DDA009882552000D9
:10FE100029003A00FB1705F052FF04000D0007D13E
:10FE2000002C05D10AE06846007E8218AF32ECE76C
:10FE30000298C068009989198842DAD3029C009D13
:10FE4000082F09D13820205C000705D5A85D30288F
:10FE500002D0761E3020A8553C20801BA061A91935
:10FE6000E160216B884206DA081A2062208F1C4963
:10FE70000140218710E000290ED53821615C142251
:10FE80000A40102A08D1616B6269891A226A891AAC
:10FE9000081A002800DD206207B0F0BDF8B5002682
:10FEA000104F04000D00009214E0C00707D5320087
:10FEB0003B0020002900FCF7FDFB04000D0000982A
:10FEC000401000903000390032003B00FCF7F2FB9C
:10FED00006000F0000980028E7D120002900F4BD9B
:10FEE000EFFF000000002440F8B50024002B11D0E3
:10FEF00007000E0014001D002178B068B847B060FC
:10FF0000002809D0F06A401CF0620020641C6D1EBD
:10FF1000F2D104002000F2BD0020C043F9E7FEE763
:10FF2000F0B587B014460D46064669480068002EB5
:10FF300001D1062D17D0062E01D1022D13D0082E87
:10FF400001D1102D0FD0182E01D1102D0BD0282E3D
:10FF500001D1022D07D02A2E01D1022D03D02C2E43
:10FF600009D1012D07D1801921462A46FEF7CEFC82
:10FF7000002007B0F0BD2E2E07D1062D05D16179E6
:10FF800089090329EFD21220F3E7D02E05D1012DE4
:10FF900003D12078F6F7EEFDEBE7D22E05D1012D47
:10FFA00003D1217836228154E2E7D52E0AD1042DDF
:10FFB00008D102A804222146FEF7A8FC0298F6F711
:10FFC000CFFDD6E7F6F750FD082D23D1D12E21D154
:10FFD00001281FD102A8019002263F4D214632463A
:10FFE000A847A11C06AF38463246A847211D05ADDB
:10FFF00028463246384B9847A11D04AC204632466D
:020000041005E5
:10000000354B984723882A88398801980088F7F764
:100010003CF8AEE7302E05D1012D03D12078F6F75C
:1000200023FEA6E7D32E05D1012D03D1207808F0B9
:1000300081FB9EE7FF2E0AD1042D08D102A80422DD
:100040002146FEF763FC029808F07DFB0CE0FE2ED3
:100050000DD1052D0BD102AD052228462146FEF714
:1000600055FC284608F071FB002881D18BE72F2E24
:1000700005D1012D03D1207808F069FB79E7322EF4
:1000800012D1022D10D102AD022228462146FEF7E0
:100090003DFC2888411EC908E02900D973E70D49B5
:1000A00009685A22885263E71220332E00D060E795
:1000B000012D00D05DE702AD012228462146FEF762
:1000C00025FC287808F056FB287808F05BFB4FE702
:1000D000080F0020100F00200DE90410F8B50E469F
:1000E00005461224FEF792FCB04217D3012D15D815
:1000F0000B480068817A00918572477A46722846DB
:10010000FEF78CFC0024B74202D10098A84205D02B
:10011000FF207F2201210B4608F035FB2046F8BD69
:10012000B40E0020F0B59FB0154604461E93020998
:1001300012200E2A00D98DE02026032903D02A465A
:10014000324000D086E01B911DAF2046394608F0B2
:100150001BFB39784048807E81422DD268003040B8
:10016000AA00082313401B18142048433B49096880
:10017000496D0F187B707A1C6E070F97109107D589
:1001800010261E4316702F0703D5502633431370D5
:100190001E462A99EB0702D001231E4316702C9E9F
:1001A000042703290B4616900E9707D0042B1B99A2
:1001B00007D10323119306E087204BE011971B9989
:1001C00001E0002711972E9814902D9813902B9FE3
:1001D000299A1992289A2798179026981590259869
:1001E0001290032E1B931A97189205D0042E16987E
:1001F00006D103273E4604E00E9F109A169801E0B0
:100200000027109A115408F0DDFA1CA90896139AD9
:100210000992149A0A92119A0B920C970D911299C5
:1002200000910190159802901798039018980490E7
:10023000199805901B9806901A9807901EAA24AB4F
:100240002046294608F0D2FA002803D10F9A947468
:10025000012111741FB0F0BD7C0D0020100F002093
:10026000F0B585B005463F48807E884201D212270E
:1002700074E016460C463C480068406D0290012D23
:10028000019514D10394641C3546641E12D028785D
:1002900004A908F079FA00283ED0AD1D04A8017821
:1002A000012008F057FB0028EFD0074656E00C204D
:1002B000009004E008F0A8FB0090019D039C2846F4
:1002C0002146324605F020FA0746002846D1002C88
:1002D00024D0002C34D00394307804A908F054FAC8
:1002E0003079002802D17088002813D0022404A895
:1002F0000778012128463A4608F0A4FB002D00D1DA
:100300002C4614207843029908184474B61D039CA7
:10031000641EDEE70124EAE7D3271FE0029E1136C0
:100320000024104FB87E84420AD2E2B20025012197
:10033000284608F087FB3570019D1436641CF1E7F0
:10034000012D08D10098002807D1002738463946EA
:1003500008F0D8FB02E008F0FDFB0027384605B0A6
:10036000F0BDC0467C0D0020100F0020F0B599B004
:1003700003930492059106902048006801463031AD
:100380001791169101463C311391816B1891C16C04
:10039000006D149115901E98097B012901D102214D
:1003A0000843002116A60F460C291ED032780242BF
:1003B00018D016AA52581388FCB2240107AD2B534B
:1003C0002B1952885A8013AA525814889C8054883A
:1003D000DC8094881C81D4885C8114899C8152893A
:1003E000DA817F1C761C091DDEE707A900900191C8
:1003F00003AB0FCB08F0CCFB19B0F0BD100F002001
:1004000001020400F0B587B00A4601901649086859
:100410000346303305930090836B0693002305ACAD
:100420001E46022B13D011A0C75C17420CD0F7B2A6
:10043000062179432768387902AD685468183988ED
:10044000418079888180761C241D5B1CE9E7292086
:100450000099095C02AB019808F0B4FB122800D1A6
:10046000D12007B0F0BDC046100F002001040000ED
:10047000B0B505460022134608F0B9FB0446002D2E
:1004800006D106480068C06A00211C22FEF748FA1F
:10049000122C01D12E20C443E0B2B0BD100F0020B9
:1004A000F0B585B00293039204910746274804688B
:1004B00008F088F905465E20002101912154264666
:1004C0005D363806800F0DD03078C006800F05D01D
:1004D00000200146F6F733FA002835D10498009041
:1004E000002322E078071DD4F806810F29D0283494
:1004F000002804D5607802210143032923D138075D
:1005000004D560780221014302291CD108F05AF970
:100510000499F6F70AFA002816D121780120F6F797
:100520000EFA07E0049800900123029803992A46E6
:10053000F6F7E9F9002807D1307838433070019890
:1005400002E0122000E0D12005B0F0BD100F002025
:10055000F8B504461220002C16D0611E0C4213D1AF
:10056000174E37685D20385C20420ED0C4210C4203
:100570000DD008F052FBA10706D0002804D1306846
:10058000022108F04EFB0020F8BD0C20F8BDE1066A
:10059000890F01D04006ECD4002528462946F6F7FD
:1005A000CEF90028E7D15D3769464D700C703D707B
:1005B000022008F059FB08F0CDFA2846DBE7C046D8
:1005C000100F002010B586B001AC08A114222046FF
:1005D000F6F7EEF80A4800687221405A00940421A8
:1005E0000122084B08F0A2FB06B010BDFB349B5F54
:1005F0008000008000100000002A000010000000B1
:10060000100F0020FFFF00001CB511480468F6F72A
:10061000B6F9882807D00C2805D05D34002808D109
:10062000022060701CBD052006F076FBF4F75DFE2D
:100630001CBD0020607020787F210140217001A93D
:100640008620487080200870022008F00DFB1CBD39
:10065000100F0020BCB5104A14685D22A25C00286F
:100660000AD18020104007D072342180052006F086
:1006700053FBF4F73AFE0CE0DC2002420BD05D3471
:1006800001A900254D7002400A70022008F0ECFA22
:10069000257008F05FFABCBD100F0020012903D1BE
:1006A000018901200840704708214056042802D8DB
:1006B00002A1085C704700207047C046010100009D
:1006C00001000000F0B587B001291AD103460833B4
:1006D0001F8801263A077CD402910193817A034650
:1006E0000B33046AC57FF8060493039114D40022E7
:1006F000184608F02FFB01285DD0002802990CD085
:1007000067E0027A042A01D1012662E04469057C8F
:1007100000200490039000E002992F480068012710
:10072000BAB20026AA421BD213195B1E1B78002BFB
:1007300016D0A25C7F1C012A01D0FF18F0E75D22D1
:10074000825CD30708D192070AD5BAB2A25C03260D
:100750001640721E964103E0BAB2A25C0126164012
:10076000012936D1002E24D00199098870220A402F
:10077000202AC9D10026F443C06AC71F032C28D001
:1007800005A90020887188800590FF1D0722384642
:10079000FEF7D3F80006641C0028EFD1032C0AD81A
:1007A00006223846049C2146FEF7B0F80399B97139
:1007B00003E000260DE0049C0399019800882022A4
:1007C00002404032402A9FD101262046324608F09E
:1007D000C1FA304607B0F0BD100F00201CB511481B
:1007E000046800200146F6F7AAF801A948705D20C8
:1007F000205CC1075D34002905D001A901220A70DF
:10080000FE2108402070810705D501A902220A7047
:10081000FD2108402070022001A908F025FA08F007
:1008200099F91CBD100F0020BCB511480068446D3B
:10083000F6F721FC002802D00E48807E00E001205F
:10084000C5B21134002D11D0207800280BD02046DD
:100850000F380078800706D560786A46107000204F
:100860000121F6F744F814346D1EEBE7BCBDC04619
:10087000100F00207C0D002080B5084608F092FA89
:1008800008F068F980BD7047F8B504460020009074
:10089000C64309480068476D1237084D761CA87E8C
:1008A000864207D238781437214608F0E3FA002848
:1008B000F4D0F8BD0098F8BD100F00207C0D00208A
:1008C000F0B58DB00BA8002484800B94104D114E10
:1008D0002746A87E874218D200220A92012008905B
:1008E000079206907F20059004920BA80390029235
:1008F000072001900096F8B2099002212023FFF70B
:1009000011FC7F1C0028E4D000E020460DB0F0BDB3
:100910007C0D0020FFFFFF00FEB504460F4DA87EB2
:100920000F4909684E6D113600270097C1B28F42FA
:1009300012D2317801290CD101AA00201071508007
:10094000707810700121204604F0DEFE002804D1EA
:10095000A87E14367F1CE9E70098FEBD7C0D0020C0
:10096000100F002080B50120FFF7D6FF80BDFEE705
:10097000B0B5096883240022002912D0CD69002473
:10098000CC61087AC00603D4002008F077FA02E0B0
:10099000084608F0ADFA012200282946ECD083244D
:1009A0000CE0D0070AD0EFF3108072B6044800685C
:1009B0008921425C521E425462B60024E0B2B0BDAE
:1009C000B40E002010B50C68207BC00708D00021B1
:1009D0000122204608F09AFA207BFE210140217373
:1009E0000E4800682C21405CC00703D1204608F067
:1009F000A0FA02E0204608F02BFB002801D083205B
:100A000010BDEFF3108072B6054800688821425C83
:100A1000521E425462B6002010BDC046080F00208E
:100A2000B40E0020F8B50024204608F045FB05462A
:100A300001222F4B2746009218683421405C8442E3
:100A40004FD22C20285CFE21014002293DD11920E3
:100A50000601A85B80060CD5698F002008F03AFBE0
:100A60003A28009A10462ED0A819018820229143D6
:100A70000180284608F069FB0028009A104622D120
:100A80002846F6F7FCFA009A002810461BD1E6B279
:100A90003046F6F7B1FA009A0028104613D13046D6
:100AA00008F055FB009A002810460CD1284608F0A3
:100AB00050FB009A0028104605D1304608F04BFB49
:100AC000009A411E88410A4B00E00020411E8841E7
:100AD0003906174600D107463320C0002D18641C84
:100AE000AAE7380603D01220012108F037FBF8BD31
:100AF000080F002001207047012070470120704737
:100B000070B50B4C012504222046294608F03CFB19
:100B1000084E306006222046294608F035FB316831
:100B2000086030680168002088804880087070BDC7
:100B3000780D0020040F0020B0B50D46044608795A
:100B400049790902081808F031FB28796979090206
:100B5000081808F06BFB287969790902081808F071
:100B600093FB08F0BBFB287969790902081808F0A3
:100B7000B7FB084800683621405CC00601D400205D
:100B8000B0BD1520E070A078BF210140A170842085
:100B9000B0BDC046B40E002010B5044608794A79AD
:100BA00012021218C978062008F0BCFB074800683A
:100BB00036214056002801D4002010BD1620E070D8
:100BC000A078BF210140A170842010BDB40E002088
:100BD00010B5044608794A7912021218C97807201C
:100BE00008F0A0FB074800683B214056002801D4CC
:100BF000002010BD1720E070A078BF210140A17037
:100C0000842010BDB40E0020B0B50D46044608790E
:100C100000281DD16879A9790902081808F0FCFBA1
:100C20006879A979090208182A7AE9792B460933E3
:100C300008F016FC6879A9790902081808F02AFC5E
:100C40006879A97909020818E97908F043FC28793C
:100C50006979AA7912025118EA7908F04AFC094820
:100C600001683D200A5C002092060AD53D31497A90
:100C7000C90706D01820E070A078BF210140A170FC
:100C80008420B0BDB40E0020FEB50D4604460879A0
:100C9000002823D16879A9790902081808F0BCFB5B
:100CA0002A7AE9796879AB792E4615362F460F37BF
:100CB000009701961B0218182B46093308F023FCF5
:100CC0006879A9790902081808F0E4FB6879A9791C
:100CD00009020818E97908F0FDFB28796979AA79F1
:100CE00012025118EA7908F004FC094801683D2015
:100CF0000A5C002092060AD53D31897A890706D51B
:100D00001C20E070A078BF210140A1708420FEBDAE
:100D1000B40E002070B50446144D28683626805D58
:100D200000280ED108794A79120210188A7BCB7BF1
:100D30001B029A18891D08F00DFC2868805D0028A8
:100D400012D00B4801683D200A5C002092060AD5AB
:100D50003D31497AC90606D51920E070A078BF2137
:100D60000140A170842070BD002070BD080F0020DC
:100D7000B40E002010B504460879491DF5F701FFAF
:100D80000A4801683D200A5C0020920604D53D31E6
:100D900009228956002900D410BD1A20E070A078DD
:100DA000BF210140A170842010BDC046B40E0020B8
:100DB00010B504460879491DF5F7ECFE09480168AD
:100DC0003D200A5C002092060AD53D31897AC90788
:100DD00006D01B20E070A078BF210140A1708420C4
:100DE00010BDC046B40E0020B0B50546002408462C
:100DF000214608F02FFC002810D0094800683D214A
:100E0000415C89060AD53D30407A800706D500202E
:100E1000E870A878BF210140A97084242046B0BDA5
:100E2000B40E0020B0B5044601250846294608F056
:100E300011FC0146002000290FD0084909683D2215
:100E40008A5C920609D53D31897AC90605D5E570D7
:100E5000A078BF210140A1708420B0BDB40E002055
:100E600009490A683D21535C00219B060AD53D32A1
:100E7000D27AD20706D01E21C1708178BF220A40E3
:100E80008270842108467047B40E002010B50446D5
:100E90004A7908791146F5F7A7FD094801683D2010
:100EA0000A5C002092060AD53D31C97A890706D529
:100EB0001F20E070A078BF210140A170842010BDE8
:100EC000B40E0020FEB50D4604460879002823D153
:100ED0006879A9790902081808F09EFA2A7AE9794E
:100EE0006879AB792E4615362F460F370097019655
:100EF0001B0218182B46093308F005FB6879A979FD
:100F00000902081808F0C6FA6879A97909020818D0
:100F1000E97908F0DFFA28796979AA79120251187B
:100F2000EA7908F0E6FA094801683D200A5C0020E9
:100F300092060AD53D31897BC90706D02020E07092
:100F4000A078BF210140A1708420FEBDB40E002016
:100F5000F8B5184C01250422174E20462946B04703
:100F6000164F3860102220462946B047396808607D
:100F70000C2220462946B04739680968C860104DE0
:100F8000E98924222046B047014638680268D068C3
:100F900081600021082903D000235352891CF9E7FE
:100FA000E989D18000211181E989418008F06CFB39
:100FB000F8BDC046780D0020899105101C0F002057
:100FC0007C0D00200C20704701207047B0B505460D
:100FD0000024204608F074FB002801D00C2404E013
:100FE000012D02D10120F6F7C3F82046B0BDFEE77F
:100FF000B0B50A4A12684223D45C7F252540D554F7
:10100000002802D008F07CFBB0BD084608F094FB35
:101010000E2005F081FEF4F768F9B0BD200F002026
:1010200070B51D4E32684225535DDB0628D5002879
:1010300016D0A432194800683421405C7021414325
:10104000002399421CD01068002807D0C0180489DA
:10105000002C03D017240457002C12D47033F0E76F
:1010600049208000101820242246FDF74FFC3068EC
:10107000415D214341550E2005F04EFEF4F735F950
:1010800070BD0B210022012308F068FB3068415D30
:10109000CF220A40425570BD200F0020080F0020CB
:1010A00001207047F8B52226254B995D86204029FE
:1010B00002D81A7B8A4200D9F8BD224D2868302216
:1010C000815430300024447034224A434068214621
:1010D0001F46FDF725FCB95D28680A22A14206D00B
:1010E000436B671C40349C5234323C46F6E7383040
:1010F00008F04AFB2868403008F046FB29680020C9
:101100000A4654320B464C33C8640B6548658A6501
:101110000B4A925D52000346DCB2A242CCD92401B4
:10112000896C09190026CE6029688E6C3619096D04
:101130000E6029688E6C34190C340C655B1CEBE76F
:101140007C0D0020180F0020F0B587B00027604EFE
:10115000604B05972220305C874200D3B6E03424F0
:101160007C431A68556B2819C178002900D1ABE07F
:101170000379002B00D192E0192B0CD02E5B45890E
:10118000072B38D0162B75D0062B7FD13046294639
:1011900008F0FEFA79E05E2978D10297156C0020FC
:1011A0000590012003904B4B002D7AD02E461868F5
:1011B000406B005BED6931888142F5D100213046FA
:1011C000049108F067FB07460221304608F062FBF5
:1011D000404B1968496B09190A8A9042E4D1488B3F
:1011E0008742E1D9032005F097FDF4F77EF88420CB
:1011F00005900498D6E7D02948D1417930462A464F
:1012000008F058FB0590002843D133480068552169
:10121000405C80071FD531480068806942214E221A
:10122000032308F0ABFB002815D001460573867236
:1012300008204872042008720020C87106208871B6
:10124000FF20487182200871280A4873300AC8724A
:10125000422008F0F3FB1F480068406B00198178BA
:10126000090728D50089272825D13046294608F0C6
:10127000F3FB20E0112909D12021435CC28806A894
:1012800000903046294608F00DFC0590059800288E
:1012900011D0012005F040FDF4F727F80C4E0D4B5E
:1012A00012E00398C007029FF3D00A480068406B21
:1012B00000195F21C170074B1868406B00190021AD
:1012C000C18005910171024E7F1C43E707B0F0BD5C
:1012D0007C0D0020180F0020B40E00200C0F002001
:1012E000F8B50446222018490090085C0027032620
:1012F000164DC1B28F4212D22968496B8A19D21E8B
:101300001288A24208D1895D002905D0F8B208F000
:1013100053FC00980C49085C34367F1CE9E7102028
:101320000125002621462A46334608F06DFC202080
:1013300021462A46334608F067FC204629463246B5
:1013400008F08EFCF8BDC0467C0D0020180F002070
:10135000F8B501460079274AD27A904222D209682C
:101360004A68137A9E1F0024142E1CD8537A142224
:101370004243214D2D68ED6AAD180A887E443679C6
:101380007600B7440A121010101010101010101030
:10139000101015191C20262B3100284608F0B0FC2F
:1013A000044600E002242046F8BD08F017FDFAE7E5
:1013B000284608F079FDF6E708F038FEF3E72846FE
:1013C00008F0CCFEEFE700931723284608F044FF0F
:1013D000E9E70093182309F099F8E4E7009319234B
:1013E000284609F0CFF9DEE700931A2309F0E4FA62
:1013F000D9E7C0467C0D0020180F0020801FC1B225
:10140000142903D840B202A1085C7047002070473D
:1014100001010000000000000000000000000101C8
:101420000101010101000000F8B5017844680129BB
:1014300021D000295FD12588204609F02BFB2946C1
:1014400009F02EFB22212E4A515C884253D2217A88
:10145000DF220A402272342141432A480068406B4F
:101460004018C17F80220A43C277042005F054FC53
:10147000F3F73BFF42E066882588284609F02EFBFB
:1014800007460221204608F005FA0096002E32D0C9
:10149000002F30D011220646294609F03BFB2221BD
:1014A000174A515C884226D23046294609F056FB3D
:1014B0003421414313480068426B511821228B5C50
:1014C000CA89002B00D1921C009B92B293420BD888
:1014D0004A8C002A08D02231521E0A803830214618
:1014E00009F05EFB0220C1E706200871012005F02B
:1014F00013FCF3F7FAFE204609F059FB0020F8BD73
:101500007C0D0020180F0020F0B585B072480068EF
:10151000816B002900D1DCE0383009F051FB044632
:101520000588284609F0DAFA0746022620463146A1
:1015300008F0B0F9294609F011FB002F4DD00546FF
:1015400022206649085C854247D234276F436248AF
:101550000068416BC819C278112A3ED16288002AFE
:101560003BD0049221220392825C002A06D0531EB3
:10157000012B50D8C28C808C042321E0042120460A
:1015800008F088F954490B68596BCA19029292897C
:101590000190904219D80093049B022B1DD302980E
:1015A000826A002A00D08FE00122039BC2540022ED
:1015B000C284019B83841846049B9B1E04930623CC
:1015C000801A049A92B290420BDAC819062101716E
:1015D000012005F0A1FBF3F788FE204609F0E7FAA9
:1015E00094E72846214609F0F5FA3B480068416B2C
:1015F000C819C28C049BD318C384828C9BB29342BB
:1016000002D20399465453E02130934202D103227F
:10161000027002E00278032A4AD1C81982781207C0
:1016200011D50289272A0ED1816A012009F01CFBFD
:10163000002841D128480068406BC0190021039A56
:101640008154816234E0264A12685523D25C9206A6
:101650002ED5C95B0491818C0391468C4789214822
:101660000068806942215322042308F087F900288A
:1016700022D00146039B0374324686730773049E8F
:101680008672082048720D2008720020C8710A2056
:101690008871FF20487182200871180A4874100A66
:1016A000C873380A4873300AC872422008F0C6F975
:1016B000284609F013FB29E7022005F02DFBF3F77C
:1016C00014FE05480068009000983830214609F063
:1016D00027FB05B0F0BDC046180F00207C0D002090
:1016E000B40E00200C0F0020F0B585B0818804688E
:1016F000807904AA10702222344B9A5C658826886F
:10170000904208D104AB30462A4609F013FB00286A
:1017100058D104A800783421039148432C4F3968EC
:10172000496B0818018A304609F030FB39680028F7
:1017300003D004A80278039F21E0C86C002843D09E
:1017400002950A464C32C368136005460C35019574
:10175000002B00D10A6504AA1278039F3B4653432D
:101760004D6BEB181B8A00258560C560896D08608C
:10177000068043801648016801988865029D7A4377
:10178000486B8018028A0221204609F011FB0426CA
:10179000204631462A4609F00BFB0D4D28685C3087
:1017A000214609F0FDF9304605F0B6FAF3F79DFD44
:1017B00004A8007878432968496B0818817F491C80
:1017C0008177002005B0F0BD8820FBE77C0D00206C
:1017D000180F0020F0B587B08C4E3068406D059032
:1017E000059F002F00D10FE1F868059039887888AF
:1017F00009F056F922258649495D8842F0D2342302
:1018000043433068406BC018C0785F2801D011286E
:10181000E6D1BC68002C049312D0A01C039062880F
:10182000002A22D0207A8006DAD43068406BC118B2
:101830001F23CE56FB88002E029168D4734E73E0AE
:101840007988388809F0BEFA04463068002C4FD0F9
:101850005C30214609F0CEFA6088BC600021F98036
:10186000B8806180A01C0390049B3068406BC01856
:10187000818B0029B4D0FE88B9888A1B91B2808AF6
:10188000814200D30246002E00D1921C029292B2F5
:10189000002E00D0B61CB1B20191204609F088FAA2
:1018A000B01C81B27A88204609F082FA0298001DA5
:1018B00003990880002020822073E68160686061BF
:1018C000A061217A2943217206AA019909F0A8FA98
:1018D000A061204609F0B4FA002800D08FE04B4EFA
:1018E0003068406B04994018818B491E818377E7EB
:1018F00039460C31436DBB4228D01A46DB68BB42E7
:10190000FBD10B68D360002B27D10C3224E01F31B0
:1019100001917F210E4001990E70002B01D1012110
:10192000CB433A4E9B18FB80B9889AB28A420BD1BE
:101930000625A581638002980089272814D10020FC
:10194000214609F091F94AE0049B90E7024654329F
:101950000B681360002B00D182650022FA60006DD5
:101960000760306801653BE7204609F020F9294807
:1019700000685521405CC00631D524480068406BA2
:1019800004994018868B40890290BC88388803905F
:1019900021480068806942215022042307F0EEFFAD
:1019A00000281CD0014606748473029B0373039ABB
:1019B0008272082048720D720020C8710A20887156
:1019C000FF20487182200871300A4874200AC873C9
:1019D000180A4873100AC872422008F02FF8002035
:1019E000B8600A4E3068406B04994018817F491EE8
:1019F00081770598002800D007460597F0E6042077
:101A000005F08AF9F3F771FC07B0F0BD180F00205C
:101A10007C0D0020B40E00200C0F0020F8B51D4CEA
:101A20002068403009F016FA010431D00090206897
:101A3000403009F0C5F805464688341DA1B209F0CA
:101A400012FA002728463946324609F0B1F96C806F
:101A5000104C2F82EF812F7368686861A861287A23
:101A6000022101432972284609F0EAF900280CD026
:101A70006888001F688020684030294609F090F887
:101A8000032005F049F9F3F730FC0098401ECBE73E
:101A9000F8BDC046180F0020F8B5054601206821A2
:101AA00009F0ECF9234F3860234EF07A14242146D4
:101AB00009F0E4F901463868C162012D10D15C30AB
:101AC00007F062FE2225705D342109F0D7F93968EC
:101AD0004863705D4000102109F0D0F939688864CE
:101AE000F07A411C154D0122284607F04DFB39685C
:101AF0000862F17A0222284607F046FB3D686862D8
:101B0000F17A0F4A0723284609F0C2F938681721ED
:101B10000185318C172901D28620F8BD4185F17AE3
:101B20004C43C06A00212246FCF7FAFEF5F73FF865
:101B3000F8BDC046180F00207C0D0020780D002055
:101B400069250710F0B589B0012B00D0A2E000ABE9
:101B500007C30F990E98039029204F4C205C421E1A
:101B600090410843E17F089109F0A7F90690E67AD1
:101B7000049601271821494C3846A0472346484C73
:101B8000216894254959C863382138469847216807
:101B90004959C96B08603320C400304621463F4A8A
:101BA00090473F4909684959C96B48600898874080
:101BB00009F08AF9F8B20821384A9047384909688B
:101BC00008954959C96B0968242200268E54086279
:101BD00024314F700594049844430794069D089C53
:101BE0000798B0421BD001273846294609F046F92C
:101BF0002B4909680959C96B496889198422885099
:101C00003846294609F03AF9254909680959C96B46
:101C1000496889198822885005983618E0E70098A5
:101C20000128049C09D10E21204609F027F91C49FE
:101C30000968089A8958C96B88600198012809D1F8
:101C40000821204609F01AF915490968089A8958A7
:101C5000C96BC860029801280FD12021204609F0E5
:101C60000DF90F4D2968089A8958C96B0861012040
:101C7000112109F003F9296848660398012809D160
:101C80001C21204609F0FAF805490968089A895884
:101C9000C96B486109B0F0BD7C0D00207DAE051018
:101CA000B40E0020B0B50446322509F01DF94455A4
:101CB0000020B0BD70B50024204607F0FDF90546B0
:101CC000094E30683421415C8C420CD2E321695CBE
:101CD000C90703D0284609F011F930683321C9003B
:101CE0006D18641CEEE770BD080F002070B500246D
:101CF000204607F0E1F90546094E30683421405C82
:101D000084420CD2284609F0A1F9002802D02846C6
:101D100009F09CF93320C0002D18641CEDE770BD5C
:101D2000080F0020F0B58FB0012800D080E0012915
:101D30007ED11D46174609F0CDFB002878D00068FB
:101D40000A90002874D02878012871D16878012879
:101D50006ED18021374C3846A04722460890AE7895
:101D6000EC78902138460691154690470590102151
:101D70003846A8470D9021013846A8470490B10085
:101D80003846A847039038463146A8470290E100FC
:101D9000600001900796730000250E9509970E9834
:101DA000B84245D00E9800020A9A1018006D00281B
:101DB00039D07F240C952C400B9020010D9A1018DF
:101DC0002546019A5543ED00049A57195C43640077
:101DD000039A15190E9EF401089A1419069A724373
:101DE000059EB618A667FF2262720B9A54650E9A7A
:101DF0005206520D0D9CA218B26108320B96F26188
:101E00000022102A06D08750841865607F18ED18CC
:101E10000832F6E707980E9A5043029A10180B9A68
:101E20009063099F0C9D6D1C0E98401C0E90B6E7A8
:101E30000FB0F0BD7DAE051080B509F04BFB4D2114
:101E4000415C00685030002909D00268526D0023BF
:101E5000D3671372012212028018491EF3E780BD76
:101E6000F0B5B9B0044615A909F03CFB00210028E3
:101E700000D180E11598007A002800D17BE1A020F4
:101E80002558204609F03BFB401915990A7A012A8A
:101E9000074600D04F6DFA43821807D40C6DC01B63
:101EA000214603F07AFE401C6043C719781B14A931
:101EB00013AA09F031FB1498400B414241410B91A8
:101EC000159D287A012800D054E12E466036AB4893
:101ED00001211291017002200F9028726F65A848AD
:101EE000006894214458483428460E301090052745
:101EF00021463A46FCF70AFD28465C3021463A4620
:101F0000FCF704FD284614300990214609F03CFBFB
:101F100009F056FB317840010843307009F05AFB54
:101F20007070010AB170010CF170000E30711298DE
:101F300009F05BFB7071010AB1710027778137816D
:101F4000000CF0717078B178F27833793897090223
:101F50000818110440181906401808903790707935
:101F60001190B0790D90F0790E90347B35A9FF2057
:101F700048700A910C7009F03FFB34973390329708
:101F80000C9528463C3031902C97686D2B906D7ADB
:101F90002046109904F0DBFD0D98000211994018BD
:101FA00011900E9800040D902BA831A933AA0E951C
:101FB000002D0C9D1CD0031D091D101D0A9A521CDA
:101FC00023AC229425AC219427AC209429AC1F94F7
:101FD00036AC1E941D932DAB1C932FAB18AC0FC4C5
:101FE00037A81790169516A8F4F78CFE0F9A24E0E0
:101FF000002400947E20C24328462146234609F04F
:1020000003FBA96F01220F920A702F905D4829905F
:102010005D4827905D4825905D482390286D2D9060
:102020007289307B009408990191029409992346A2
:1020300009F0FFFA0F9A36A9087011980D99441803
:102040000F929000119035AE1198B84221D0002F18
:10205000129D00D0022537A8C25930784849096836
:10206000497A002305930695002F01D0092500E049
:102070000E25049531ADED19039533ADED1902959B
:10208000109D01950093234609F006FB761C3F1D29
:10209000DAE70C9DE86FC721405C09F0F3FB0446CA
:1020A00035A80078214604F0FAFD0E9F002F07D0D6
:1020B00035A84078214604F0BCFD284609F0F0FB25
:1020C0003698A87235AC0F9E002E07D036A801783E
:1020D000207804F072FD641C761EF5E7284609F0AE
:1020E000EEFB002F01D00B2500E01B25002F01D0B7
:1020F000082600E007268824002735A812901198AA
:10210000B84237D00D940E960F952FA8C3592DA81D
:10211000C2592BA8C059109029A8C55927A8C6593B
:1021200025A8C45923A8C15912980078049505968A
:1021300006940791042F03D00C990F9D0E9E02E088
:1021400007260C990F9DF4B20394042F00D10A25A1
:10215000ECB20092109A01920294042F01D00D9CCF
:1021600000E00824E2B209F0ABFB1298401C129088
:102170003F1DC4E70B99084639B0F0BD370F00206A
:10218000B40E002007610710E560071099340710AE
:10219000CD600710FEB50446007A022835D10D4601
:1021A00027466837E06F09F0AAF979880291666DD1
:1021B0001749097800290FD14019F14341180BD470
:1021C000801B216D019103F0E8FC401C0299091865
:1021D0000291019941438E19711B20465830012507
:1021E0002A4609F0A9FB0A4E317801290AD1616D0E
:1021F000091A6165387909F0D7FB00203070204654
:10220000F4F79CFD0298388000E000252846FEBDCA
:10221000370F0020F8B50E460446C76F480701D4B3
:10222000002503E07520205C107001253007009226
:1022300006D55119E3880122384609F0BDFBAD1CD3
:10224000C437F00608D500984019FB78A27AA16F30
:10225000496809F0BFFBED1C700601D4009905E048
:10226000387809F0D9FB009948556D1C70B20028E8
:1022700000D4F8BDE07A002813D0082048550F4656
:102280004E1928207070B01C21460E310522FCF733
:102290003DFBF01D21460C310222FCF737FB0935CE
:1022A00000E00F46204609F0C0FB0028E1D0791974
:1022B000204609F0C3FBF8BD0120704770B5002827
:1022C00002D1084609F0BCFB04460020002C19D0BE
:1022D000A56F4221695CFF2914D02E464036307824
:1022E00009F0C2FB707809F0C7FBEFF3108072B6FB
:1022F000617A00222846134609F0D0FB62B6FF201F
:10230000B070012070BDFEE7F0B58FB00568416880
:10231000089181680A91C1680B910169079141692F
:10232000069181690E91C169026A0992476A039711
:10233000866A0496C26A0592006B0D90AC6F606865
:102340000C90284609F0E0FBF921284609F006FC2C
:1023500024493960244931603E30069E306023486C
:10236000059F38600E980C99016021490D98016015
:10237000227C2846214609F01AFC1E49039A516026
:102380001D49049A516070601C4878600E980C9941
:1023900041600D98164941608C20205C07990870B7
:1023A0006A202A5A28466A308078697A089F3B68F2
:1023B000A66B00910193029614350123294609F07A
:1023C00038F90999087009F017FC0A990860204645
:1023D00024300B99086009F0FDF8206078600FB098
:1023E000F0BDC046E53C0710ED620710313B071019
:1023F0006B610710753B0710C5620710393907106C
:10240000F0B595B00746407809F0FEFB9449884244
:1024100051D0040209F05EF80068001914A909F00F
:1024200061F80C23002847D01498427A1292002AAF
:1024300042D00793806F057C81690D91C169049139
:1024400001462231059110908C3006903878C000FA
:102450000E90083011900026344613970F950834DB
:102460001198A0422BD07F68BD5D00217F222846B5
:1024700009F0E6FB002800D0F0E01298854200D376
:10248000EAE0B819C1784A0812237C2A14D84278A5
:102490000F9D954210D9AA1A80788242139F0BDBB8
:1024A000149809F05BFB109989683E3988422646EA
:1024B000D5D9452300E04223184615B0F0BD0020D1
:1024C00001210991EFF3108172B6C00708D16A208B
:1024D0001499085A1099098C884201D0002009905B
:1024E000109DE86B0290687C089005980078119028
:1024F0002E7D6C7DA87D0B9008220D980499FCF729
:1025000005FAE87D7F210140E97562B600210C944F
:10251000B442084604D001D90C9800E01298801B00
:102520000190C0B20A90FF200390119E11960E9860
:1025300088420F9140D07868455C28460C9C214623
:102540000B9A09F07DFB002800D085E0281BC0B263
:102550000A99401801248440119E3046204000060C
:102560007AD10998000623D04623089885420F990E
:10257000A2D31ED16C201499095C3A480068407BB4
:10258000884203D006990978884295D11E46FCF707
:1025900054FA054609F05CFB334640196430C043E9
:1025A0000299081808980390119E0F9901D583E7A6
:1025B0000F9926430831B9E70C980199081A0C9035
:1025C00000210E9888421DD07B685A18D4785B5C35
:1025D0000C98C318DDB2EF000D9E3068C4555378D7
:1025E0006C0075682B55C019576847602C196370CB
:1025F0009278002A03D0601C9A18521E027008318B
:10260000139FDEE700230E980F99884200D053E70E
:102610001720109909560120002900D552E710997A
:10262000497C089A8A4200D04CE7EFF3108072B6DA
:1026300005981199017010980D99C161407C039A19
:10264000D1B2814206D10A32D1B214981C4609F0A7
:1026500005FB234662B62FE7079B2DE703462BE7D2
:10266000FFFF0000B80E002010B5437A0022002BB7
:1026700019D0037A022B16D1826F13680B701C0AD3
:102680004C701C0C8C701B0ECB70407A087150681B
:10269000400A48719068400A8871D0680522424318
:1026A000100AC8710122104610BD10B50C46891CD5
:1026B000FFF7DAFF002803D0322060700920207075
:1026C00010BDBCB50446407A00281CD0A56F606DD3
:1026D000E863002068746A20205A2884E86940680A
:1026E0000078A87401A9204609F00EFA8C20285C15
:1026F000019909F059F9E06FBE21405C617A01222D
:102700002B4609F0E9FABCBD01207047F0B589B04D
:10271000467A002E25D00446876F8C20385C09F05D
:10272000ABF9002520462946FFF7C8FD00280FD049
:1027300002A802218176058369468D800491039168
:1027400002910949079106950595009509F0ACFBA2
:102750003D75E9B2B14204D2204609F0DBFC6D1CA4
:10276000F7E709B0F0BDC046FFFFFF00B0B5012894
:1027700015D1012913D1012A11D1012B0FD109F053
:10278000E1FC04460648C57A01200C2108F076FBDE
:1027900060600821284608F071FB61688860B0BD60
:1027A0007C0D0020B0B5054609F0D6FC044628464D
:1027B00009F0DEFCA179002905D022880280628818
:1027C0004280A28882808171B0BDFEE7F0B595B0ED
:1027D0001F4606920591064680880AAC09F0D6FC91
:1027E000002800D1ABE005460397079442300190E2
:1027F0002C46813430890AAF38802E6B700AB8803D
:10280000B81D29464C3105224E4B98474D4BB87A9E
:102810000494A17849010143B97238460B30294626
:102820002831042200921C46984738460F3029462A
:10283000513103220292A047E869000E3876A96957
:10284000C907C90E0143397608F0BAFE4001109954
:102850000143397605F0C2FD01280BD10498807A36
:10286000002807D01020109901430AA80176286A91
:10287000696A01E0A869E969099108900AAF3846D8
:102880001A3008A9491C0622FCF740F80198008874
:10289000F882049909780329009A00D00A4607991A
:1028A000223107911A9C7A76E96A059A891A069A62
:1028B0005200891A039B002902D58919401CFAE7A6
:1028C0000AAA13845082981C9082901C002209F05E
:1028D00033F86E69002E27D03E20305C002823D0CC
:1028E00030463E302A25A5702B2161700299217057
:1028F000B76B0694079C2770390A6170390CA17078
:1029000000782071F06A400A6071306B0E4903F064
:1029100044F9A071706B7D2103F03FF92A46E07104
:10292000380EE070069C06E01C20A070232060702A
:10293000029820702222E01C0AA9FBF7E7FF15B0DD
:10294000F0BDC0460DE90410E2040000F0B5A1B0EE
:102950000C46054618AE084609F00AFC0746807981
:1029600000281DD0787900281AD06878E91C421E0A
:102970000A960BAE3046FBF7C9FF717E0720084070
:10298000707604280CD80126314681401620014279
:1029900006D00BA8801C099009F014FC002801D077
:1029A00021B0F0BD09F038FC08900028F8D009F0FB
:1029B0004DFCFF281ED006960790089E30464630F4
:1029C00005907C36707A0B99049109F061FC0599A9
:1029D000049848800798B071347038880880387936
:1029E00030727888000308994863797903290AD0FE
:1029F000022009E018AB0D201870A1200A21012245
:102A000009F06AFCCCE70620012900D800200A99C9
:102A100020310A91F178014308200843F0702046E4
:102A200006F04AFB4221415A426C05920BAE327EBF
:102A30000492B2880392728A0192F28A0092C06C68
:102A40000790B08A09F082FC0290C11747184F40E6
:102A5000079847430098019909F078FCC11740187E
:102A60004840039948434002C1190498400909F0BD
:102A700085FC0899C863079902984143059808188E
:102A80000590A8780790707E042802D10BA8032136
:102A90004176002016900BAE377EF906C90F16ADB1
:102AA00029701790681C31461A310622FBF72EFF59
:102AB0000F203840E871079A10462A3841424141B8
:102AC0000A9841700699017018A80475717E4175C5
:102AD000099819900898189005981C9016981E90BF
:102AE00017981F902A2A02D10BA822301A9018A8F2
:102AF00000F056FA54E7FEE780B50920014909F0D5
:102B000047FC80BDB53D0710F0B583B01468C0C860
:102B1000F0B2A64203D152687A4012023AD0FF25A1
:102B2000012838D1032080053840012292059042C7
:102B300031D11A48006894220292805880685D2240
:102B4000805C002827D000201A56002A05D503C92A
:102B5000019309F025FC019B024610061BD4D0B25C
:102B6000282141430D4800680092029A80588068ED
:102B70000068401810300193012331463A4609F0AD
:102B800033FC0099019A1170002804D002200443FC
:102B9000E5B200E00546284603B0F0BDB40E0020C3
:102BA000F0B5D9B007469D4C206803F022FE0646DA
:102BB000206803F012FE0BAD0121079169804221CC
:102BC000795A298096490D91FF2211020C913946BC
:102BD000403109913C467A34002E06923ED00028BE
:102BE0003CD13E462F460B3709F006F805900A9473
:102BF000207A049003F065FF03900EAC80200290D1
:102C0000207318A80F900598214609F011FC0022A6
:102C100008963046214605923B4609F095FC01286E
:102C200027D000282CD12E1D08357E480068046866
:102C3000039804F068F8221A0A9988790128089FF5
:102C40000392344622D1FA62022088710598C87036
:102C50000EA84189099A1180007D1BE0A079012806
:102C600003D10BA80021C17256E00BA8022181718B
:102C700052E00998C088401C0BA94880089F46E094
:102C80000021089F384609F0ABFC40E00EA8007D0B
:102C90007F2801D00A9908730EAE327B0F9938460F
:102CA00009F09FFC707B0BAEF0711298707109985F
:102CB000C088401C708028462146049D2A4609F0A1
:102CC000DAFC7072386B796B4018B8630E99002982
:102CD0001BD02E460A9D687A09F050FBF8630EA9B6
:102CE000C97B297040080399081A2C460E9941188F
:102CF000304608F059FE0298304304F01FF80BA844
:102D0000059981720121817111E00598F8630A9C8F
:102D10000BA8807A00280AD00BA84188384609F011
:102D2000ACFC0146207A00291DD004F007F80BA85E
:102D3000C07A00286ED0384609F0CCFC6079800754
:102D400068D54120860018A83146F3F7FBFC09F04E
:102D50003DFD05460BA88079022808970A9408D102
:102D60000021022014E008F087FE207A03F0E6FF3D
:102D700050E008F041FF0146407805900BAFFC7928
:102D800018A83246FBF7C2FD0598001B811CB879D4
:102D90000591CFB2AF42079C00D80446FBF745FE31
:102DA000064609F029FD01460EA8C472069A027271
:102DB000AF422C4600D8059C8472711841730A9961
:102DC000097B01730999498981800BA94A7942726B
:102DD0000B9AC280C97918AA51180E91F4F714F809
:102DE000AF420ED90BA98A790EA8C272059A521B5E
:102DF0008272C97918AA5118E2B289180E91F4F7B3
:102E000003F80BA94B790A7A487A09790091089955
:102E100009F0FEFC002059B0F0BDC046000F0020B4
:102E200000000101B40E0020B0B50E4800689421E6
:102E300040584068806B0068FF2101810A4CE17FA7
:102E400007220A400121914041740C3009F0E1FC55
:102E50000025A17FE8B2884203D209F019FA6D1C5F
:102E6000F7E7B0BDB40E00207C0D0020F8B50128B6
:102E700029D1012927D1012A25D11348C07F0090EB
:102E800001241421114F2046B847114E3168942572
:102E900049594968896B08600B48807F8C21B84785
:102EA000316849594968896B0968086007200099A9
:102EB0000840844008212046B8473168495949688C
:102EC000896B0968C860F8BD7C0D00207DAE0510D7
:102ED000B40E002080B5084909683D228A5C92063C
:102EE00003D53D31497BC90602D409F095FC80BD6C
:102EF00009F0DCFC80BDC046B40E002080B5084956
:102F000009683D228A5C920603D53D31497B8906DA
:102F100002D409F01FFD80BD09F074FD80BDC046DC
:102F2000B40E002080B5084909683D228A5C9206EB
:102F300003D53D31497B090702D409F0CBFD80BDA3
:102F400009F014FE80BDC046B40E00207FB50446D3
:102F500009F0F8F80646007AFF2812D02568646860
:102F600009F060FE7F21415CC9070CD18169A9424B
:102F700007D1C1696140FF200006814348424841B2
:102F80000BE0002009E0F068316903AA01230093F7
:102F900001922A46234609F053FE04B070BDFEE7B5
:102FA000F0B58DB004462020205C002800D1FFE061
:102FB0000021204609F0A8FE01460220002900D089
:102FC00056E125686168EA6B498809023E398A4200
:102FD00000D34DE1E06821694018E86226462036BA
:102FE00071782846F3F76DFF002800D041E10C9678
:102FF000284651300A90284681300990C0CC30468E
:10300000513039460D310322083CFBF77FFC787ABA
:103010000B90B97AFA7A387B0890388A4223F052BA
:1030200033467A33607DD87108020B994018110439
:103030004018089909064018B062387A7A21FF22B0
:1030400072540021D9730621B16379884902316332
:1030500040090B935872706B02F09FFD81B23346AA
:1030600042339A88914200D29880387A1F210140D9
:10307000397230464C30391D052207460893FBF75C
:1030800045FCA069E169B061F161304654303946D0
:1030900008F07AFA30462146F3F71CFF0B98007AC5
:1030A000089908810C9840780B9009984678007828
:1030B00008F0E8FB0746304603F029FDA96A3046D0
:1030C00003F03CFD0A9A10785178090208189178AB
:1030D00009044118304603F053FD69480068417AFD
:1030E000304603F0E6FD0021304603F05CFD294642
:1030F0004C31304603F02BFDFF21304603F049FDF3
:10310000304603F086FD3046394603F092FD3046E6
:10311000294603F085FD304603F042FC284603F0C3
:1031200091FB284603F099FB284603F0D8FB28467C
:10313000294603F0DBFB08F05FFD0146284603F05B
:10314000A1FB284603F06BFB284603F0AFFB2846A3
:10315000314603F0DAFB284603F0E5FB284603F08E
:1031600083FB284603F0E6FB284603F0FFFB2846D6
:1031700003F0C4FB284603F09FFB0B9800280BD0FC
:1031800096200121002203F093FA0146284603F01D
:10319000D8FB284603F0DDFB0C9E71782846F3F738
:1031A0006FFE7078002836D02068F3F79BFE65E04C
:1031B00008F0C8FF0546017A0120FF2958D06A7A35
:1031C000002A55D1084609F02DFD206020462946E9
:1031D00009F09AFD00284BD12046F3F76CFE002839
:1031E00046D1C0CC387A0C90607B083C08F04AFB92
:1031F000234909680968F16279880B9103F083FD1E
:10320000F16A091AE0680918F16239787978890653
:103210001DD57B211CE021688220085CCA6A0B6BEB
:10322000CC6B184D0795184D0695184D0595184D02
:103230000495072503950A25029500936308D21A81
:1032400001927D22D3000D2208F03AFB16E00C21FA
:103250000C9A0B9F0918500909F090F839023E3971
:10326000884204D201216972F0632568B6E6022023
:103270002568022802D1284609F0C4FD0DB0F0BD32
:10328000B40E00208B580610A12B051035400710F6
:1032900013630710B0B50024044DA97FE0B2884243
:1032A00003D200F02DF8641CF7E7B0BD7C0D0020C0
:1032B000F8B5012821D101291FD1012A1DD1012BE7
:1032C0001BD10698012818D10024204609F0AAFC39
:1032D00005461435094FB87F84420ED20126B0212D
:1032E000304607F0CBFD2860F97E304607F0C6FD7A
:1032F000296848618C35641CEDE7F8BD7C0D002021
:1033000070B509F09FFD044646690025B0222946A4
:10331000FBF706FB4821FF206054AC216054666136
:103320005234602D02D060550C35FAE770BDFEE7CF
:10333000FEB500296CD004465130019026468136F6
:103340006569307808F09EFA074602907678304634
:10335000294603F09BFC3046394603F0A0FC284682
:1033600003F070FA284603F078FA284603F0B7FA1B
:103370002846294603F0BAFA08F03EF901462846E5
:1033800003F080FA284603F04AFA284603F08EFA42
:10339000284603F069FA284603F0EFFA284603F0BE
:1033A000DEFA2846314603F0B0FA284603F0A6FAC2
:1033B000284603F0B8FA6069AC21475C866B384652
:1033C00003F0A5FB3846314603F0B8FB019A1078AC
:1033D000517809020818917809044118384603F019
:1033E000CFFB0C480068417A384603F062FC0021AC
:1033F000384603F0D8FB4C343846214603F0A7FB8F
:103400003846294603F042FC3846029903F047FC4F
:10341000FEBDC046B40E0020B0B500280ED0401E40
:1034200001240023E4B20D5DDCB2322D08D00C5D26
:103430001B195B1CDDB26C1CA842F3D80020B0BD88
:103440006018811C082310461A46FBF75FFA01201A
:10345000B0BDFEE7B0B505460024204609F0E2FB0A
:103460000D380949897F491C491E0AD021228258FA
:103470008C304823D25CAA42F6D10078400901245E
:1034800084432046B0BDC0467C0D0020F8B5212104
:10349000415C00291ED084682079012680220F4FCC
:1034A0003146B847009060790621FF252A46B84783
:1034B000074600980743A079FE223146074B9847FC
:1034C00006463E43E079022421462A46034B9847AC
:1034D000304300D100242046F8BDC04641BC051051
:1034E000F8B50025002926D0044608F0AFFEFF28D5
:1034F0001BD0064608F0AAFEFF2813D0074609F0A5
:10350000B1FCFF280BD0009005F0D6FD41214754B7
:103510006069AC2146544821009A42540BE0384679
:1035200009F0BCFC304609F0B9FC7F20215C802208
:103530000A43225402252846F8BD0368002A03D115
:103540005B1E0360080070471978002902D1002033
:10355000C0437047591C016018787047F8B502469F
:103560002120085C002826D01348C47E8B68187977
:10357000A04200D3204651693E240855D26A8A628F
:103580001A7800925E789D78DC785F797F02CF624E
:103590009F790A4A7A430A63DA797D2353434B635E
:1035A0003202009BD2182B04D2182306D2188A6349
:1035B000183109F07FFCF8BD7C0D0020E20400000A
:1035C00070B588B004462720C0006569296B0902E0
:1035D0000818104902F0E1FA03468220205CE96AEB
:1035E000E26AE56B0C4E07960C4E06960C4E05965D
:1035F0000C4E0496072603960A2602966D08521B67
:10360000019200913E3B0D22214608F059F908B085
:1036100070BDC04671020000AD4007103141071077
:10362000FD47071085630710F0B589B00546B02047
:10363000285CFF283FD00E462C46B0342846EB309D
:103640000190FBF71BFA2868017804A81B4A028145
:10365000FF2200928272012787812A46AC320292B1
:10366000925D827333460026C67346742278C27216
:103670008906C90F0174039399006918C96B091D64
:1036800004915435059509F033FCA770009820701B
:10369000019806708078800701D509F009FF039C26
:1036A0006740029DE85D08F0E7F9FF2009F001FF9F
:1036B000285D03F043FB09B0F0BDC046FFFF0000EA
:1036C00010B50024214609F00BFF204610BD80B53F
:1036D000012109F005FF002080BD7047F0B593B0CF
:1036E00010930E920F46EB21415C8A080126314669
:1036F0009143199C217000253D737D607D750F906D
:103700000068394608F094FE3868002840D03A46F0
:103710000D962570B87C02283CD80B950F9F394632
:10372000EB3118980A90907B144606224243D0B29F
:103730004D786149096809681291216808F01EFEF8
:103740000990460810988006000E03F0DCFA301845
:103750000C942168129A5118081A129039461031A7
:103760004B20800011900A462B46002B14D016687F
:103770002B20305CFF2808D03468129FE41BE71729
:10378000E4197C40119FBC4219D3121D5B1EECE76B
:1037900035468DE00D9D8BE00C9A0D9B002D0CD0D5
:1037A0000E682A20305CFF2804D030462A3040784A
:1037B000FF280FD0091D6D1EF0E71D4678E0344646
:1037C0002B34129908F0F0F82178FF39484248412B
:1037D0000C9A00E00120099B38495943CB097D210F
:1037E0000D0137462637002834D03C79907C401CA8
:1037F000C0B2FF2100220D930AF03EF909907C71BE
:10380000109878700C98C07BF8700C98807C401CE5
:10381000B8700F98806B001D012221460AF03AF91A
:103820002748079027480690274805902748049086
:10383000072003900920029012980190119809998D
:1038400043181C33009303222046314608F038F811
:103850000D9B0C9A5919129830600A9BBB710B9DF5
:103860003D70F5761089B0840E9A05CAF060326119
:10387000012B05D10F9B586D9A6D7060B26002E00C
:103880007560B5600F9B986B001D1C4603F080F8B7
:10389000109880002418FBF7D0F88C216258A36C94
:1038A000C01A8018605079798020084303F046FAE6
:1038B000284613B0F0BDC046B40E002071020000CF
:1038C00003DE051089480710B7630710E763071088
:1038D000F0B589B00391054690002C180AF00EF956
:1038E000E06B02900C302968091D0622FBF70EF8E8
:1038F00004A800260682C67302218181FF278772F1
:1039000019490181B0210191695CC1722B2403998D
:10391000095D81732946543105910299091D04916D
:1039200009F0E6FAEB202E54B22001212954019827
:103930002F540398065D075504462F46AC372A34AA
:10394000EB35A878800701D509F0B2FD387808F08A
:1039500093F8787808F090F8304609F0AAFD2078BE
:1039600003F0ECF909B0F0BDFFFF0000F8B50090DE
:103970002748006894214058476807F0ABFD254967
:103980004B7FE42100247C54AA217C541921890214
:103990008422B950F9673D46E435EC73EC7201219D
:1039A00029736C723946AA31FF228A71EC711A4E62
:1039B0004E800A2B00D30A230099012900D0234608
:1039C0002B721430009008F017F938600098786076
:1039D000F86B001D24222146FAF7A2FF287A00285E
:1039E00015D0386C001D0024242200922146FAF7DD
:1039F00097FF786C001D2146009AFAF791FF103767
:103A0000287A002803D002CF4E85401EF9E7F8BD82
:103A1000B40E00207C0D0020FFFF0000F8B5012847
:103A200061D101250091F4212F4A284690472F4C5F
:103A300021689427C95948602826284631462A4AD1
:103A400090472168C9594968C86328463146264AC3
:103A50009047009901293DD1244C2168C9594968F2
:103A6000086401262825304629461F4CA0471F49D7
:103A70000968C9594968486430462946A0471B4926
:103A80000968C9594968886030462946A047174ADD
:103A900011681546C9594968C8602C213046A047AD
:103AA0002968C959496888630025114E707F0A2822
:103AB00000D30A20ECB2A04215D90120302107F032
:103AC000DDF90A490968C9594968A20089180861DD
:103AD0006D1CEBE705490968CA5952689060C859DE
:103AE000406800218163F8BD7DAE0510B40E002052
:103AF0007C0D0020FEB517460E46044640680521A1
:103B00000170002A06D109F0FFFF400161680A78C0
:103B100002430A70606822254570022E01D01748C2
:103B200000E01548012F00D01548022E02900196A2
:103B300001D0374600E00427FAF77FFF06463846F3
:103B4000294609F0E7FF02990818861901988000B4
:103B50002518E86B314609F0F9FFE86B0168891B0D
:103B60004A0A8276490CC176E96B123160680E30E0
:103B70001622FAF7CBFEFEBD3E0600003E04000012
:103B80003E02000070B50446F020205C40070FD5CF
:103B90002646AD3601252046294609F0E9FF317851
:103BA000E068002209F076FF204629460AF016F860
:103BB0000221204609F0DCFF70BD7047F0B595B0DA
:103BC0000546480872285FD80E46149228690C9062
:103BD0002E4800682C21405CC007C10E287A139043
:103BE000A88A1190687E0D90A87E0E90287F109074
:103BF000E87E0F90287E0B902878129002D10A93CD
:103C00000F220BE0224800683D22825C92063BD5E1
:103C10003D30807AC00637D50A9301224E20C0433A
:103C20004140701E032303432533980883B219488B
:103C300000684069CCB2214605F0A0FE0746002886
:103C40000A99149820D00C9A10186B1C0935089604
:103C500009900D9840B20E9A52B20B9E00960F9E9C
:103C60000196109E02960392049011980590139865
:103C700006900795381D129A09F0FAFF06487860F9
:103C80002046394605F0DAFE15B0F0BD080F0020D9
:103C9000B40E00200C0F0020A1220710F8B50C462E
:103CA0000546F020085CC00701D1FF2003E008F0C2
:103CB000CDFAFF283BD02646AC363070A87A0028D3
:103CC00001D00020F8BD2746EC373879400701D4F1
:103CD000FF2003E008F0BAFAFF2818D07070103403
:103CE00000250095387885420BD208F0AFFAFF28FE
:103CF00009D002CC2A228854032109F0E3FF6D1C6D
:103D0000F0E70098F8BD2806009804D0F8BD307898
:103D1000FF280AD10BE03879C10703D0307809F0C9
:103D2000BDF83879400702D5707809F0B7F8072058
:103D3000F8BDF0B587B01E460546029103AC0FC42E
:103D400009F0CAFF0446B020205C05F0B5F90090E8
:103D5000300C01900C9E022E0DD0B008810061182D
:103D60002A0C12028423CA502A04120ACA67201895
:103D7000AA210122425470088700E519EB34E86B50
:103D8000001D03A909F0B0FF0098C719304609F0DB
:103D9000F5FF0199884200D808460202BA65E86B2F
:103DA00002990904C9090AF009F82078042101439D
:103DB000217007B0F0BD7047F8B50446EFF31080EE
:103DC00072B62546EC3514480068C07B032803D141
:103DD000012000F023F81AE02646AC36307809F0CE
:103DE0005DF8707809F05AF8002610272878864286
:103DF0000AD2E0592A21405C09F050F8E0590AF053
:103E000000F83F1D761CF1E7204609F0FFFF62B67F
:103E1000E8790028FCD1F8BDB80E0020F8B50446BA
:103E200009F05AFF0546154800680768002C02D0C3
:103E300028460AF005F8009500260125FAF7FDFD51
:103E4000391A0AD4E807304602D02A290CD20120B8
:103E5000012600250028F1D10EE002F073FCF320CA
:103E6000012600990E5407E0FAF708FE0026002C00
:103E700002D0FF2002F062FF3046F8BDB80E0020ED
:103E8000B0B5044605F018F92C21415C0025022943
:103E90000AD111210901401809F0F0FF002803D0D0
:103EA000204609F0F0FF05462846B0BD80B5062043
:103EB000014908F06DFA80BD29140710F0B589B0EA
:103EC0000024204605F0F8F80090012008904148B1
:103ED00000683421405C84427AD23320C0000594CB
:103EE000604300990D182C20285CFE210140022916
:103EF0006BD10121009C2046079109F0E7FF06469F
:103F000000212046019109F0E1FF411E8841002E69
:103F10000899049100D104902B462846E83003907C
:103F20002846E6300290EA33089F06931C78F02674
:103F300026400F252540032D1FD0022D0BD0012D2B
:103F40002BD1049800282CD01320012105F006F96C
:103F5000069B022525E00398008802990988081A23
:103F60000A2343431C4800680599C9B2A8300122BE
:103F700009F0B7FF069B032513E0A00611D50498AE
:103F800000280CD00598C0B20AF012F8002801D021
:103F9000D02626400898069B04E0019802E0D0262F
:103FA00026400898EFF3108172B619788C4203D13D
:103FB0002E431E70002102E007990F4039464A1E29
:103FC000914162B600270842B0D1059C641C7EE78F
:103FD00009B0F0BD080F0020B40E0020F0B585B088
:103FE00016460D46044602F020FCFAF747FD032072
:103FF000C043C11C68460181012101824173BE2179
:10400000615A81722746BE37BA7EC272BA7C827309
:104010000E4A891A4A1E9141C17301730196009597
:1040200008F066FF2046283009F0DDFF3C342046CA
:1040300009F0D9FF00203874B87C02F07FFE387E8A
:10404000800701D509F034FA05B0F0BDFCFF00008F
:10405000F0B587B00446FAF711FD02A819490181AD
:10406000002606820121C173FF2101910431818163
:10407000BE21615C81722746BE37B97EC172D125EF
:10408000615D81732146DC310291216D28310391FC
:1040900008F02EFF2046283009F0A5FF20463C30CE
:1040A00009F0A1FFB87C07F0E7FC3E74605D02F008
:1040B00045FE01986055387E800701D509F0F8F972
:1040C00007B0F0BDFFFF000070B5044600250D707D
:1040D000006D02F0AAFB2646C73602F03CFB072023
:1040E0003075606F8560606FC560606F017A727D4A
:1040F0005206D20F0A430272606F2146DE31093048
:104100000622FAF703FC206D3021405C636F083310
:104110000122294609F078FFC720205C29462A465B
:1041200009F0AAFC7B3098216050204609F06EFF10
:1041300098340148A08370BDF9FF0000F8B504462B
:10414000D820FF212154B820255A01272F40264688
:10415000D836002F04D008F085FE3070FF2822D01A
:10416000B83408F073F82076FF2813D00021E80651
:104170001AD40D4608F06AF829466076FF2813D154
:10418000002F02D0307807F06FFC207E08F086FE0A
:10419000072109E00721002F06D030780C4607F0F0
:1041A00063FC214600E00C210846F8BD70B50C46C2
:1041B0000546084609F05FFF06462046294609F0F5
:1041C00075FF8019E16F884201D8002070BD45203D
:1041D00070BD0100F0B595B007460446C43409F03F
:1041E0004AFF0F90A0780E90F86F0C90002638468A
:1041F000314609F05BFF0B9007F0FEF905460D9084
:1042000007F0FAFC1190217B812012900090384633
:104210002A46334609F057FF384602F077FB9C20C8
:1042200010903958207BFA6F414B0793414B06930E
:10423000414B0593414B0493142303931F230A938B
:104240000293019100920E9A0C9951430B9B5918BD
:10425000521C0F9B5A438B183946129D2A4607F071
:104260002FFB3846314609F021FF0F90FAF7E5FBA6
:104270000E90C420395C607B3A6D00951346143370
:1042800009F05CFF13A90A980871F0431390607B52
:1042900002F05DFC607BFF2102F07BFC607B0C90F8
:1042A00009943D6D942008963146324602F000FA9A
:1042B0000346129E009628460C990D9A09F003FFBA
:1042C000607B0D903D6D96200121089C224602F0F6
:1042D000EFF9034600940196143528460D99119A7A
:1042E00009F05AFF386D02F011FBFAF7A6FBC8304F
:1042F00010997850384609F08FFF0998407B104993
:104300000791104906911049059110490491062121
:1043100003910A2102910E490E9A521801920091BE
:104320000F9B80333946324607F0CAFA15B0F0BD0C
:10433000F75C0710BD0207107D030710D5030710B7
:10434000FF5C0710DD0507100DE005106D09071073
:10435000FFFFFF0F0120704770B5054619200601C9
:10436000A85B002400060ED506F0BEFD8168688FAC
:1043700009F0D8FF3A2801D1012404E0A8190188E6
:10438000802291430180204670BD0101020102019B
:10439000000201000202020102010101010102000A
:1043A00002010000F0B589B00393029206910790D4
:1043B00006F09AFD0446F2F757FB0590F2F754FB1E
:1043C0000546A92006013B4F04F006F8012D089789
:1043D000009604D101283E460AD0374E03E001285A
:1043E00006D02920C60003F0FBFF012800D10836C3
:1043F0000496029D039FF2F737FB0190F2F734FB1E
:10440000064603F0E9FF012E07D101283E462F465C
:10441000069D079B14D0284809E0012800980890C1
:104420003E462F46069D079B0AD02920C0000890D3
:1044300003F0D6FF012802D1089808300890079BA6
:10444000EFF3108072B6E682A78265822382FB2298
:104450001B2001990129114600D00146059C012C21
:10446000089C00D0024630209A42024600D3002227
:104470001B2B034600D31346049AAA42024600D3DC
:104480001A46EB08292B034600D31346B9420146CE
:1044900000D319461B2F024600D30A46B4420146F8
:1044A00000D31146F208292A00D3084662B609B0A3
:1044B000F0BDC0469042000048080000B0B588B08A
:1044C000129C0694119C0594109D04950F9D0395D4
:1044D0000E9D02950D9D01950C9D009509F0B6FF6E
:1044E000012C10D1F2F7AEFC0AF010F90748C17A9E
:1044F00007480068A830074A052306F0C9FC0AF0FF
:104500008DF90AF097F908B0B0BDC0467C0D0020C7
:10451000B40E0020894F0710F0B585B00446AC20DA
:10452000A072A07E81070AD40521084232D0A07F64
:10453000E17F09020E1825462035AE2707E001ADC0
:104540000026102228463146FAF7EAF9AD272089DD
:10455000B2B22346283329460AF06DF93A2810D022
:1045600005460C280DD0002D0CD1A07E0121014064
:1045700001D00E22D743A772F8221040090101434F
:10458000A17600250E2002F0C7FBF0F7AEFE28460C
:1045900005B0F0BDF8210840A0760C25F7E7000033
:1045A000F0B587B00568A97E0C24CA0600D5A2E044
:1045B000837946790779002E03D008060CD5832429
:1045C00099E04E4800683222825C920704D532306E
:1045D000007C400700D58EE080200140A976A87AB3
:1045E00000280DD0F12800D085E0F80708D101217E
:1045F000284604911C460AF03CF92346844229D9F6
:104600000593298900240B2220460AF05BF9002833
:104610000AD0049001200AF071F9032806D3049807
:1046200006F0C5FA382466E0882464E0A021A97267
:104630002875E87B2F210140E973B80703D5A87ED0
:1046400020210143A976002E05980CD006A90AF076
:104650006FF90BE0A87E04990843A8762846F2F784
:104660004BFD044647E006A80AF07EF928460AF00A
:1046700095F9224800683521415C06AA13786A7BC7
:104680003530477880780091019702900127049E89
:10469000304639460AF09EF9284631460AF0B8F904
:1046A00000280CD015480068B121415C8124002904
:1046B00021D0B1302A7D9740B94301701BE02846D4
:1046C0001C303C222146FAF72BF906A80078182165
:1046D0000140E975A97BC207920F0A43AA73E97BDF
:1046E0004007C00F0843E873304621462A460AF0C7
:1046F000A9F9A120A872204607B0F0BD200F002024
:1047000080B5016840684968C97A094A126832234D
:10471000D25C022A04D108220A4001D1032080BDC4
:10472000E7221143C27D0A40C275F2F728FD80BD21
:10473000200F002080B5C17C491E032911D8C04636
:104740007944097949008F4401040A01A521817245
:1047500080BDC17E491CC1760AF086F980BD0AF091
:10476000B9F980BD80B50146C07C401E032812D82F
:10477000784400794000874401050B0100200AF0CD
:10478000F5F980BDB5208872C87E401CC87680BD12
:1047900008460AF09FF980BD1CB50A4909688B6B71
:1047A00002684068D47E0090601EC3408020184399
:1047B0008123034008466430E43138320AF014FAA9
:1047C0001CBDC046200F00201CB502684068D17C8B
:1047D000022905D003290FD1AA209072EB201CBD1D
:1047E000D17E4B1E0B4909688C6BDC4001232340B2
:1047F0007F24E4431B1902E0064909680023009066
:104800000846E43064314832DBB20AF0EDF90020AA
:104810001CBDC046200F0020BCB50446C07C01284A
:1048200021D002281AD004281FD11048016801ADF8
:104830000095224638322346483308466430E43136
:104840000AF002FAC120A07228460AF033FA084999
:1048500001F0A3F920890AF039FABCBDE07E1328E3
:1048600001D8A42000E0AA20A072BCBD200F002027
:1048700040420F001CB502684068D17C02290BD170
:10488000D17E4B1E0A4909688C6BDC400123234012
:104890007F24E4431B1902E00549096800230090C6
:1048A00008466430E4314832DBB20AF09DF91CBDA1
:1048B000200F0020FEB5B0C80668BA203070002076
:1048C0003860E07C02281AD0042837D11C480168DF
:1048D00002AD009522463832234648330846E4307C
:1048E00064310AF0B1F9C120307028460AF0E2F9CB
:1048F000144901F052F920890AF0E8F9FEBD104888
:104900000168886BE27E01920095521ED0408022A1
:10491000024381231340224638320846E430643192
:104920000AF062F92834102228462146FAF705F8E1
:1049300038600198132801D8B4203070FEBDC046FD
:10494000200F002040420F00B0B5002814D00B4DBE
:1049500028684221425C08231343435464300849C9
:1049600020242246F9F7D2FF2868843005492246E0
:10497000F9F7CCFF0AF0DCF9B0BDC046200F0020EB
:10498000D5650710F565071070B50546C67D00248E
:10499000300710D5288904F093FE002801D00824A0
:1049A00009E0064800684221425C04231343435453
:1049B00001200643EE75204670BDC046200F002042
:1049C000B0B50446144802686432002540212846E8
:1049D0000AF0BCF9002803D004F092FE122519E079
:1049E000E07D602102460A40602A13D02022024066
:1049F000635C012119408A1807D19B210840E075AA
:104A000020460AF0B5F9054604E08425002901D0C6
:104A10004006F5D42846B0BD200F0020F8B5046844
:104A2000E57D290730D50779FE200540208904F06F
:104A300047FEE575002806D11449096842228B5CBF
:104A4000FB241C408C54114C216843254E5D42319F
:104A5000002F08D010364E70002806D10878CF22DB
:104A600002400A7001E0761C4E700F203040032196
:104A700001F093F8F1B209094018032804D304F0B7
:104A80003FFE206800214155F8BDC046200F0020A0
:104A9000F8B500276B4B6C4A3D4618683421405CE2
:104AA000854200D3CDE01068A4214058002800D1F1
:104AB000B2E0C4192089002800D1ADE0A07A0146F7
:104AC000D13905295DD3002800D1A5E0FE2800D109
:104AD0008AE0A22859D0AA2800D181E0B22854D077
:104AE000B42800D18AE0BA287AD0BF2800D189E062
:104AF000F02800D18BE0102800D090E00121204662
:104B00000AF068F9002800D196E00026A6720AF0A3
:104B100077F900284B4B4C4A7ED06020205CC007C0
:104B20007AD00AF079F9484A464B002874D0E079E7
:104B3000C021014040296FD1444800684F21405CAA
:104B4000000769D52489424800688069482202210B
:104B50000B4604F013FF3C4A3A4B00285CD0014658
:104B60000420487208220A72CE7188718C72FF206C
:104B7000487182200871200AC872022004F05EFF8A
:104B800048E020460AF04CF944E0E07D01260007A9
:104B9000304613D52046F2F7F8FA002806D012283E
:104BA00004D00E2002F0B8F8F0F79FFBE07D602102
:104BB0000140603948424841224B234AE17C0229A6
:104BC00004D1E17B10220A4016091F4A002823D095
:104BD000002E21D06020205CC00724D04B2023E091
:104BE0002046F2F7E5FA15E060202056002813D59C
:104BF000002170222046F9F793FE0BE020460AF0D0
:104C0000B3F907E0002120460AF0BFF902E0204690
:104C10000AF0F0F90C4A0B4B70376D1C3DE720464B
:104C2000F2F7CCFA0AE05B20C043A0720E2002F03B
:104C300073F8F0F75AFB01E0F120A072014B024A31
:104C4000EAE7F8BD080F0020200F0020B40E002076
:104C50000C0F002010B50446C07D000711D520467A
:104C60000AF000FA002807D0882805D00B2100227E
:104C70000123204604F072FD0E2002F04DF8F0F7FB
:104C800034FB10BD80B502466020105CC00710D117
:104C9000907AAF2809D0A9280CD0AC2816D0A42827
:104CA00007D110460AF03CFA80BD012110460AF0F7
:104CB0006CF980BD002011460AF044FA0028F8D0B3
:104CC0000E2002F029F8F0F710FB80BD1046F2F735
:104CD00013FA80BD80B504F013FD80BDFEB5604FB2
:104CE000604C38680168002900D1B8E005F068FF21
:104CF000054600880AF068FA0028F2D006463868AF
:104D0000B021405C00280ED008210022012330464B
:104D100004F024FD00280ED0FD2800D096E028469F
:104D200005F045FFDDE76868007A05280CD12846C4
:104D300031460AF06BFA284605F039FF0E2001F0E3
:104D4000EBFFF0F7D2FACCE7B17AF12901D00029D4
:104D50000AD16021725C0121114001D10B28DED102
:104D6000002901D00128DAD1F07D000706D502968E
:104D7000019501A8F2F73CFAFC28CBD16020305C09
:104D8000C00707D10296019501A8F2F737FAFC286F
:104D9000C0D122E06868007A042831D0032837D0D7
:104DA00001281AD1B07A002803D0FB2847D0F12877
:104DB000B5D130890AF056FA024600200146234652
:104DC0000AF070FA307E810702D50321084330765D
:104DD000284631460AF08CFAD9E7284631460AF0CF
:104DE000BDFAFC2803D0862899D0842892D1F07D82
:104DF000000794D50296019501A8F2F7F3F989E727
:104E0000B07AB6288BD1284631460AF047FBBEE778
:104E1000B07AB22809D0B42807D0B52800D07EE7F0
:104E20002846314609F0A2FEB1E7F07C022800D006
:104E300075E738684021415C032908D16FE70921F3
:104E400000220123304604F089FCA0E73868294697
:104E500005F066FF0F2001F05FFFF0F746FAFEBD98
:104E6000200F00203075000070B505686968097A68
:104E7000FD240E2946D14668F07DC00642D5F07C5F
:104E800002283FD1307B02283CD16020305CC00733
:104E9000B07A01D1A23800E0B238032832D8012814
:104EA00030D030890AF0DEF902460024164B204645
:104EB00021460AF0F7F9154800684F21405C40068A
:104EC00020D536896868457A1148006880690221D2
:104ED0004A22032304F052FD002813D001468672B3
:104EE000042048720A2008720024CC7105208871C1
:104EF0000D73FF20487182200871300AC8720220A9
:104F000004F09CFD204670BD30750000B40E0020FA
:104F10000C0F002080B50146006849684268127A8B
:104F20000D2A0FD00C2A15D18A7A10231343FF22A1
:104F3000B22B18D16023CB5CDB07CB7D0CD19B0659
:104F40000CD410E08A7A10231343BB2B0AD10AF049
:104F500037FB05E0FC2206E05B0604D40AF06EFB9A
:104F6000024600E0FF22104680BD000010B5014659
:104F700000684268127A931EFC22092B2BD84968DC
:104F80007B441B795B009F44040A142626262626B0
:104F9000261A8A7AA12A1BD10AF0B6FB16E08A7A71
:104FA000A22A17D0A42A15D0A52A11D10AF0CAF82E
:104FB0000CE08A7AA62A0BD10AF0E8FB06E08A7A8E
:104FC000F12A01D0002A03D10AF05AFC024602E07D
:104FD000FD2200E0FF22104610BD0000F8B5292098
:104FE000C1000124204D2046A847204E3060204FAC
:104FF000F87A7021A8473168A42288500AF09CFCF6
:1050000028212046A8473168AC228850F87AC01C75
:10501000C0B2411C174D2846224604F0B5F831684D
:105020008862F87AC01CC1B20222284604F0ACF8AB
:105030003168C862084604F0A7FB0AF089FC3068B2
:105040004221002545524021032242540A4904636B
:1050500041638563443010212A460AF08DFC2846BE
:10506000F2F786F8F8BDC0467DAE0510200F00208F
:105070007C0D0020780D002007100707F8B50120EF
:10508000982105F0FBFE2B4E30602B4FF87A397BD0
:1050900008181424214605F0F1FE326800255563F6
:1050A000D562F97A03462F46B9420AD01D615F7076
:1050B0001F703268D36225467D43451914337F1C27
:1050C000F2E7002313631C4A127B5218CDB2AA42A6
:1050D0000AD96543FF27475545192B616970336825
:1050E0001D63491C2B46F1E79006000E411C134C32
:1050F0000122204604F048F8316808620E4DE87A33
:10510000297B08188006010E0222204604F03CF894
:1051100034686062E87A297B08188006010E084A24
:105120000723204605F0B4FE0AF03EFC0AF054FCCA
:10513000F8BDC046140F00207C0D0020780D002023
:1051400061E30610E0B500200090064B01460246E0
:105150000AF046FC002804D0072001F0DDFDF0F73E
:10516000C4F88CBD4DE2061080B500200AF066FC44
:105170000D49098A2531490988420FD9491C00F097
:105180000CFD0246422000210AF05EFC002804D0FB
:10519000082001F0C1FDF0F7A8F880BD082000212B
:1051A00003F0DCFF80BDC0467C0D0020F0B585B06B
:1051B0000F4F3868403005F04DFE0446200414D0EF
:1051C0006D46002028703868403005F0F9FC0190E9
:1051D000068805F05FFC014630460AF067FC029045
:1051E00028460AF075FC641EE8E705B0F0BDC0462D
:1051F000140F0020F0B5D3B000250C950B950A953F
:105200000995412082000DAC20462946F9F788FB1C
:10521000257110204490169009A80F902046F9F7A8
:10522000C1FBDC34019401200AF022FD06464EA8A1
:105230000C300290484D002E41D03078032839D0F0
:105240004EAF304639460AF025FD387C102831D162
:10525000708804A908804EA880893D494118052915
:105260001CD33C494118042903D32921090288424F
:1052700020D10DAF022404AA38462146A84738465B
:105280002146029AA847002005AA31460AF02AFDC5
:105290000598426801883846A8470BE00DAC022704
:1052A00004AA204639460AF01DFE20463946029AD5
:1052B0000AF018FE30460AF049FE0646BBE70198A0
:1052C000828C002A06D00DA8202101710146E03110
:1052D000F9F76EFB0DA84EAC04AA2146F9F772FB54
:1052E00005AD102601232846214632460AF042FE2B
:1052F0001A4F3968833128463246F9F71EFB0028D9
:1053000019D03868833005A91022F9F7FFFA03ADE8
:105310008220288000950024114B204621462246F9
:105320000AF05EFB4020288000950E4B2046214667
:1053300022460AF055FB38685C21425CFD2313408D
:1053400043540B2001F0E8FCEFF7CFFF53B0F0BD62
:10535000FFD6FFFF00D8FFFFE5FE0510140F002069
:10536000435107104F510710E0B500210091022072
:105370000422074B0AF034FB002801D0812800D119
:105380008CBD0B2001F0C8FCEFF7AFFF8CBDC04611
:10539000FDF7061080B50AF0FDFD80BDBFB502AC7B
:1053A0002371099B6380089B23806B4600259D70B9
:1053B00059701870184621460AF0F0FD04B0B0BDCF
:1053C000BFB504466846012505730A9D4581099DC0
:1053D0000581089DC58083804280018021460AF0B6
:1053E00007FE04B0B0BD80B513460A460146402012
:1053F0000AF02CFE80BD0000E0B56A4600239380D1
:105400000093052807D840B204A2105C00226B4626
:105410000AF01CFE8CBD12208CBDC046010204089F
:105420001020000080B5072805D840B203A1085C11
:10543000F1F79EFA80BD122080BDC046010204082B
:1054400010204080F0B58DB007461220FF2F38D0D5
:10545000FF2936D004A80EC019981899179A169BE0
:10546000159C149D09AEF081B18172813381F48065
:10547000B5801548099008A907AA38460AF044FEE5
:1054800000281DD01398129908AA127809AB521E51
:1054900001249440E2B2009101A90DC1384604AB49
:1054A0000ECB0AF042FE00280BD1084801685D20AF
:1054B0000A5C402313430B545D310020487000E028
:1054C00042200DB0F0BDC04604000400100F0020C3
:1054D00080B5042801D9122080BD0AF073FE80BD7A
:1054E000F0B589B00546084628431224012836D86D
:1054F0000E9F072F33D3102F31D80F9810282ED896
:10550000B8422CD30E461099022928D80191029056
:1055100003930492F1F72AFB012806D1049902298A
:105520001DD8039A012A07D919E0039A1046049955
:10553000084301D0112412E005AC019820730948FA
:10554000E080029860712771E270A170667025702A
:105550000AF048FE607320460AF04EFE04462046DC
:1055600009B0F0BD0707000080B5034612200029EE
:1055700006D0042904D8032A02D818460AF066FE89
:1055800080BD000080B5044A914201D9122080BD3F
:105590000AF0BAFE80BDC0463F420F0080B5012927
:1055A00002D80AF0CFFE80BD122080BD80B50AF07F
:1055B000E7FE002080BD80B5012805D802460846D8
:1055C00011460AF0E1FE80BD122080BD80B50AF0D0
:1055D000EDFE80BD80B50AF089FF80BD80B50AF080
:1055E0008FFF80BD80B50BF01BF880BD80B50BF040
:1055F00021F880BD80B50BF02BF880BD10B50446B6
:105600001220002A04D09A4202D820460BF048F813
:1056100010BD80B5521C92B20BF050F880BD80B521
:10562000002A02D00BF058F880BD122080BD80B552
:10563000002A02D00BF05DF880BD122080BDBCB501
:105640001224002A08D0069D002B01D0002D03D083
:1056500000950BF05CF804462046BCBD80B50BF00D
:1056600066F880BDBFB56C460A9DA581099D658120
:10567000089D2581E380A280618020800B990C9A8F
:1056800020460BF05FF804B0B0BD00007CB50446C6
:105690001220002926D0FF2924D8172A22D3172B1D
:1056A00020D3114DAB421DD8079D002D1AD0069E68
:1056B000012E0BD0002E15D1272913D0012D11D189
:1056C0000120009020460BF099F87CBD402A09D3B8
:1056D000402B07D3052D05D80120009001952046C9
:1056E0000BF022F97CBDC046FDFF000080B504F040
:1056F0004FF880BD80B50BF0ADF980BD80B5014697
:10570000012003F0E7FC80BDFEB514460D460646B9
:10571000012002210BF0D4F900280BD11221012E17
:1057200007D81F48807EA84203D3002E04D0002D46
:1057300002D10846C0B2FEBD019100273046284381
:10574000394607D1002200923046294613460BF015
:10575000C5F90146FBB2AB420846EBD202970621DF
:1057600008465843225C17090E2F16D85B1CDFB27F
:10577000AF4204D24F43E75D9742F7D10DE02018C6
:10578000438800790090304629460BF0A7F9029F24
:105790007F1C00210028DDD0CCE70198CAE7C04675
:1057A0007C0D002080B50BF003FB80BDB0B50C462E
:1057B0000546012002210BF083F9002800D0B0BD7E
:1057C0000021EF22204606F03BFA0028F7D10549D8
:1057D00028460BF01FFB0028F1D1284621460BF08C
:1057E0001DFBB0BDFCFF0000F0B58FB01F46164694
:1057F0000D4607900BF090FB00286AD1149C002105
:1058000080222046069106F01BFA002861D1364816
:10581000C07EA04201D207205BE021461898049088
:10582000179802901698039015980590002C2ED08A
:1058300028460C4600F0B1F90246FF2800D3FF22AB
:105840000621059806F0FCF9002842D10121FF222B
:105850000498019206F0F4F900283AD10598421E06
:105860000121039806F0ECF9002832D1059803993C
:10587000411A0A204843049900F08FF90104090EE7
:1058800000D001980499012925D1029000E00C462E
:105890000DA8C780868045800799417004700699DD
:1058A0000C910BAA11700CA90BF060FB002C10D00E
:1058B00000280ED108A8049901710299C1700399BA
:1058C0008170059941700B9901700C990A910BF048
:1058D000B3FB0FB0F0BD82B20221029806F0B0F91E
:1058E0000028F6D1D4E7C0467C0D0020F8B5144658
:1058F0000D4606460127022138460BF0E1F8002844
:1059000000D0F8BD009700223046294623460BF010
:10591000E3FBF8BDF0B585B0054604A80027077085
:105920001224012901D9204648E00E462448006887
:1059300000900BF03BFC002840D100995C310878C6
:10594000C00711D1C87830430E46C87003A807219C
:105950000170002D12D0022D08D0012D20462DD12E
:1059600004A81021017009E00C2027E004A82021E0
:10597000017003A90BF098FC00281FD1F1F74BF838
:1059800000281BD100986030F1F73FF8002815D1AE
:10599000049801213174084330700BF087FC01AC8E
:1059A000204600F04BF8204600F080F8F8430190C4
:1059B0000448029020460BF089FC384605B0F0BD43
:1059C000100F0020FF9F0020B0B50446007800288B
:1059D00001D0042801D3122000E000201225002A63
:1059E0002A4600D00246012900D81546002D07D1CD
:1059F00002F0F4FC002803D12078FD210140217041
:105A00002846B0BD70B594B004460BF06FFC064656
:105A10006D463E3568460BF071FC00280BD1002E18
:105A200009D1684640780121014020462A460BF002
:105A300079FC0646EEE7F0B214B070BDB0B504468E
:105A4000002108252A46F8F76BFF2078DF21014363
:105A500021706078092101436170A1782943A17008
:105A6000114909685C22895C890602D50F21084327
:105A70006070F1F700FB012807D160781221014323
:105A80006170A07807210143A170F1F72EF9C0B22F
:105A9000012807D16078E02101436170A07880215E
:105AA0000143A170B0BDC046100F002010B54621C3
:105AB000054A4E2906D04318463B1B7814686354A8
:105AC000491CF6E7002010BDB40E0020704738B521
:105AD00005000C00E843F1F733FF31BD70B5204DF0
:105AE0002968EFF3108272B60A6800260E604B68D0
:105AF00013434B6062B600280ED028684168CA077D
:105B00000AD0012251404160EFF3108072B628683C
:105B100001681143016062B62C68103420680028C7
:105B20000FD020460BF008FC800029680818EFF31E
:105B3000108272B68268866048681043486062B618
:105B4000ECE72868041D074D2068002806D0204691
:105B50000BF0F2FB810069588847F5E770BDC0463D
:105B6000240F0020D44E0410F446002804D44942E7
:105B700000F013F8404260474042002905D45FD04E
:105B800000F00BF8404249426047494200F005F8F6
:105B90004942604703460B43E6D40022030A8B4286
:105BA0000BD203098B4219D243088B422ED2411AE1
:105BB00000D20146524110467047FF2209023FD0F1
:105BC00012068B4205D3121209028B4201D3121224
:105BD000090203098B4219D300E0090AC3098B4269
:105BE00001D3CB01C01A524183098B4201D38B01EF
:105BF000C01A524143098B4201D34B01C01A524192
:105C000003098B4201D30B01C01A5241C3088B42D6
:105C100001D3CB00C01A524183088B4201D38B00C1
:105C2000C01A524143088B4201D34B00C01A524163
:105C3000884200D3401A5241CFD2014610467047E5
:105C400008B50BF09BFB08BD10B5904216D98AB27F
:105C5000030C090C0C46594380B253434443504350
:105C60001B191A041B0C10185941802252030023DF
:105C700012184B41520DD802104310BD48438022E8
:105C800052031218520D104610BD000030B44343A9
:105C900051435D18010C0C00130C5C432D1980B2AC
:105CA000434392B251430024C918644124040B04B5
:105CB000090C09195043C018694130BC70471242A1
:105CC0002DD0994231D970B500251B4209D00C0066
:105CD000002112E01100FFF760FF0A0000210023FD
:105CE00070BD0942F6D0002401264918644194424F
:105CF00000D3A41A7641F8D33100012601E07641A1
:105D000009D2001864416D41A41A9D41F7D2A4182C
:105D10005D41B619F5D3300022002B0070BD1B4247
:105D2000CFD108B50BF02CFB08BD01D19042CAD2EF
:105D300002000B000021002070470000F7B5424C24
:105D40002078012801D1022020E0012020700025C8
:105D50006560FA27BF00380000F019F8060030002F
:105D6000C0B200280FD10098002804D102990198F0
:105D700000F033F803E00299019800F042F838008F
:105D800000F005F8060025703000C0B2FEBD70B509
:105D9000040001F077FB05002D480168C9070AD40B
:105DA0000020C0438442F7D001F06CFB401BA042AE
:105DB000F2D3032010E00C2102680A400C2A0AD119
:105DC000214A5368214E36681E43566002681143CB
:105DD0000160012000E0002070BD10B41C4A13686F
:105DE0000F241C4314601B4A82189208D203D20B62
:105DF000194B1A60194A11603322194B1A6010BCF2
:105E0000704730B40A00124B1C680F2525431D60F3
:105E1000104BC3189B08DB03DB0B0F4C236013688C
:105E20000E4C2360121D13680E4C2360121D136864
:105E30000D4C2360121D13680C4C2360CC23084CBE
:105E4000236030BC70470000600E00200810004046
:105E5000101000400000FCEF1810004040100040FF
:105E60000010004044100040481000404C1000401A
:105E7000A446521E08D303780C78401C491CA34248
:105E8000F7D0181B64467047002064467047000036
:105E9000F3B581B00400204F3878012801D10220E9
:105EA0002FE00120387000267E602068FF2808D18E
:105EB00000F028F8FA208000FFF769FF69460870B3
:105EC0001CE00020C043029908606068050060681B
:105ED000A1684018854211D2280000F01FF8FA206E
:105EE0008000FFF754FF6946087068460078002874
:105EF00002D00298056001E06D1CE8E73E7068463C
:105F00000078FEBD0D4801680F220A43026022207E
:105F10000B49086070470000600E002007490A68BE
:105F20000F2313430B60C1028908C903C90B054A3B
:105F300011601121024A11607047000010100040EA
:105F4000001000401810004010B5040008001100B7
:105F500002002000F0F7E6FB200010BD4D490A6862
:105F60007F239A4343065B0E13430B6070474948F7
:105F7000016880220A430260704746480168802217
:105F800091430160704710B48E490A688E4B1340EC
:105F90000202964C14401C430C6010BC704730B495
:105FA0009C4A0300DBB25C246343D3583F24A343E1
:105FB0008C06A40E1C430300DBB25C256B43D4505B
:105FC00030BC704710B493490200D2B25C235A43EC
:105FD0008A58402313430200D2B25C2462438B50A0
:105FE00010BC704710B48B490200D2B25C235A43F4
:105FF0008A5840239A430300DBB25C246343CA50AF
:1060000010BC704710B483490200D2B25C235A43DB
:106010008A58802313430200D2B25C2462438B501F
:1060200010BC704710B47B490200D2B25C235A43C3
:106030008A5880239A430300DBB25C246343CA502E
:1060400010BC7047A749C0B25C22504309580800F1
:106050000006C00F704730B46E4A0300DBB25C2408
:106060006343D358A94C1C400B02FC25AD011D40D5
:1060700025430300DBB25C246343D55030BC70473A
:106080009849C0B25C2250430858000A8006800E2E
:1060900070470000C400002010B492490200D2B240
:1060A0005C235A438A5880231B0253400200D2B219
:1060B0005C2462438B5010BC704710B455490200F9
:1060C000D2B25C235A438A5880239B0313430200B5
:1060D000D2B25C2462438B5010BC704710B44D495F
:1060E0000200D2B25C235A438A58B24B13400200DA
:1060F000D2B25C2462438B5010BC704730B4454A26
:106100000300DBB25C246343D358B94C1C400B063C
:10611000E025ED041D4025430300DBB25C2463430E
:10612000D55030BC70476F49C0B25C22504308580C
:10613000000E4007400F704730B4364A0300DBB210
:106140005C246343D358BA4C1C40CB0680252D05F4
:106150002B4023430400E4B25C256C43135130BC54
:106160007047000030B42B4A0300DBB25C24634369
:10617000D358BC4C1C400B07E025ED051D402543C2
:106180000300DBB25C246343D55030BC70475549F3
:10619000C0B25C2250430858000F4007400F7047C0
:1061A00010B4504A0300DBB25C246343D3185B682D
:1061B0000300DBB25C246343D218516010BC70470B
:1061C00000000000D0000020FF0000F010B4454A9D
:1061D0000300DBB25C246343D3189B680300DBB28B
:1061E0005C246343D218916010BC704700FFFF0F1E
:1061F00010B4084A0300DBB25C246343D3189B69E4
:106200000300DBB25C246343D218916110BC704779
:1062100000000000DC00002030B4324A0300DBB292
:106220005C246343D318DB69FF24A343CCB21C4333
:106230000300DBB25C256B43D218D46130BC7047DD
:106240002849C0B25C2250430818C069C0B27047E8
:1062500030B4244A0300DBB25C246343D318DB6907
:10626000DBB20C021C430300DBB25C256B43D2188B
:10627000D46130BC70471B49C0B25C22504308183F
:10628000C069000A704730B4164A0300DBB25C24D0
:106290006343D3181B6A1B0C1B048CB21C43030002
:1062A000DBB25C256B43D218146230BC70470D49D9
:1062B000C0B25C2250430818006A80B2704710B424
:1062C00008490200D2B25C235A438A18126A80231A
:1062D0009B0513430200D2B25C24624389180B620F
:1062E00010BC7047DC00002010B481490200D2B21B
:1062F0005C235A438A18126A7E4B13400200D2B2C2
:106300005C24624389180B6210BC7047FFC0FFFF1A
:1063100010B4774A0300DBB25C246343D3185B6A92
:106320000300DBB25C246343D218516210BC704797
:106330006F49C0B25C2250430818406A704730B4BD
:106340006B4A0300DBB25C246343D3189B6A1B0EC9
:106350001B060C02240A1C430300DBB25C256B43C2
:10636000D218946230BC704730B4614A0300DBB28B
:106370005C246343D3189B6A1B021B0A0C061C4354
:106380000300DBB25C256B43D218946230BC7047CB
:1063900010B457490200D2B25C235A438A18D26A19
:1063A000802313430200D2B25C2462438918CB627B
:1063B00010BC7047FFFFDFFF10B44D490200D2B29E
:1063C0005C235A438A18D26A80239A430300DBB2C3
:1063D0005C246343C918CA6210BC70474449C0B208
:1063E0005C2250430818C16A08000006C00F7047BD
:1063F000FFFFFFF830B43E4A0300DBB25C24634386
:10640000D318DB6A1F24A343CC06E40E1C4303000D
:10641000DBB25C256B43D218D46230BC7047344980
:10642000C0B25C2250430818C06AC006C00E704754
:10643000FFFFFFF730B42E4A0300DBB25C24634356
:10644000D318DB6A624C1C400D02FC239B012B40DD
:1064500023430400E4B25C256C431219D36230BCC0
:1064600070470000FFFFFF8F2149C0B25C225043FC
:106470000818C06A000A8006800E704730B41C4AB3
:106480000300DBB25C246343D318DB6A9BB20C04C9
:106490001C430300DBB25C256B43D218D46230BCD2
:1064A00070471349C0B25C2250430818C06A000C00
:1064B000704730B40E4A0300DBB25C246343D31848
:1064C0001B6B9B0D9B058C02A40A1C430300DBB2D3
:1064D0005C256B43D218146330BC70470449C0B2CA
:1064E0005C2250430818006B8002800A704700004D
:1064F000DC000020FFFFFFDF026801607047426898
:1065000001239A430B00DB07DB0F13434360704703
:1065100010B4426804239A438B000424234013439D
:10652000436010BC704710B4426808239A43CB0004
:10653000082423401343436010BC704710B44268E2
:1065400010239A430B01102423401343436010BCD3
:10655000704710B4426820239A434B012024234003
:106560001343436010BC7047416840220A434260B5
:106570007047416880220A43426070474168802228
:1065800091434160704710B44268754B13400A0252
:106590008024640022401A43426010BC704710B44B
:1065A0004268704B13404A028024A40022401A43E0
:1065B000426010BC704710B442686B4B13408A02B3
:1065C0008024E40022401A43426010BC704700005F
:1065D000FFC0FFFF82688160704780687047C268B3
:1065E000120D12050B031B0B1343C3607047C168E8
:1065F000802252030A43C260704710B4C2685B4BEA
:1066000013408A058024E40322401A43C26010BC70
:10661000704710B4C268564B1340CA058024240446
:1066200022401A43C26010BC704710B4C268514B7C
:1066300013400A068024640422401A43C26010BC3E
:106640007047C168802292040A43C2607047C168E3
:106650008022D2040A43C2607047C1688022D205FA
:106660000A43C2607047C168802212060A43C260B2
:10667000704747490A68474B1340474A02401A434C
:106680000A60704710B445490A6808239A43C3005A
:106690000824234013430B6010BC70473F490A682D
:1066A00001239A430300DB07DB0F13430B607047A2
:1066B00070B5040020000D00EDB2012D02D10625B9
:1066C000AD1C0EE00D00EDB2002D02D10425AD1C75
:1066D00007E00D00EDB2022D02D102252D1D00E0D4
:1066E00000250E00F6B2012E03D00E00F6B2022EE7
:1066F00009D11600F6B2012E02D19B26330013E019
:106700003D26330010E00E00F6B2002E03D00E003E
:10671000F6B2032E08D11600F6B2012E02D1992648
:10672000330001E03B263300C01A401B70BD10B59A
:1067300004002000FFF79DFF10BD80B50120FFF78A
:10674000A1FF01BD80B50120FFF7A8FF01BD80B505
:10675000FFF713FC01BD80B5FFF709FC01BD000088
:10676000FFFEFFFFFFFDFFFFFFFBFFFFFFFFBFFF80
:10677000FFFF7FFFFFFFFFFE10B504002000C0B247
:10678000FFF7ECFB10BD0100054808407047000012
:10679000040000604F000200B0FFFDFF1800006021
:1067A00030DFC9008021C903084070470100002084
:1067B00070478021C905084070478021890408403E
:1067C000704780218901084070478021C902084034
:1067D00070478021490208407047802189030840A2
:1067E00070478021890008407047802109010840D6
:1067F000704780210906084070478021C90408407D
:106800007047402108407047802149040840704784
:1068100010B5040000212000FFF785FE10BD10B563
:1068200004002000FFF7AAFE10BD10B504000021EF
:106830002000FFF764FE10BD10B504002000FFF734
:10684000CCFE10BDF8B5040010250026270032004C
:1068500029003800EFF766FFF1BD10B504000121F3
:106860002000FFF776FE10BD10B5040001212000C6
:10687000FFF764FE10BD10B5040001212000FFF7F2
:1068800052FE10BD38B505000C0021002800FFF7AE
:10689000A1FE31BD10B504002000FFF76AFE10BD57
:1068A00010B504002000FFF7D8FE10BD10B504009D
:1068B0002000FFF7C6FE10BD10B504002000FFF752
:1068C000D2FE10BD10B504002000FFF7C0FE10BDC1
:1068D00010B5040001212000FFF7A7FE10BD10B580
:1068E000040001212000FFF713FE10BD38B505009C
:1068F0000C0021002800FFF7FFFD31BD10B504009A
:1069000000212000FFF73FFE10BD704710B50400C6
:1069100001212000FFF737FE10BD10B50400200054
:10692000FFF722FE10BD10B5040001212000FFF783
:10693000E6FD10BD10B5040001212000FFF72FFE79
:1069400010BD38B505000C0021002800FFF747FEF8
:1069500031BD10B504002000FFF749FE10BD10B591
:10696000040001212000FFF754FE10BD10B5040003
:1069700001212000FFF741FE10BD10B504000121E8
:106980002000FFF718FE01212000FFF708FE10BDD0
:1069900038B505000C002003000BFFF7F4FA31BDF9
:1069A00010B5040001212000C0B2FFF7C5FB10BDE7
:1069B00038B505000C00002C04D02800C0B2FFF749
:1069C00001FB03E02800C0B2FFF70CFB31BD10B59E
:1069D00004002000C0B2FFF781FB2000C0B2FFF727
:1069E00083FC10BD10B504002000C0B2FFF765FBAA
:1069F0002000C0B2FFF763FC10BD10B504002000FA
:106A0000C0B2FFF795FC10BD38B505000C0028009A
:106A1000C0B2FFF746FD20702800C0B2FFF741FD6D
:106A2000000A60702800C0B2FFF758FDA07028006F
:106A3000C0B2FFF753FD000AE0702800C0B2FFF7B4
:106A40004DFD000C207131BD3B49C0B25C2250436A
:106A50000818383070473849C0B25C2250430818D3
:106A60004030704710B504002000C0B2FFF7FCFCB6
:106A7000C0B210BD10B504002000C0B2FFF7E2FAAA
:106A8000C0B210BD10B504002000C0B2FFF7F8FA84
:106A9000C0B210BD38B505000C002800C0B2FFF729
:106AA000EAFB20602800C0B2FFF701FC2168000665
:106AB000084320602800C0B2FFF7F9FB000A6060BD
:106AC00031BD10B504002000C0B2FFF760FBC0B2BA
:106AD00010BD10B504002000C0B2FFF724FBC0B207
:106AE00010BD38B504002000C0B2FFF798FC0500C7
:106AF0002000C0B2FFF772FC002805D02800C0B209
:106B00001F2801D1202005002800C0B232BDF8B5F1
:106B100004005C26002508482100C9B25C225143CC
:106B200047182A0031003800EFF7FCFD0121200052
:106B3000C0B2FFF73DFFF1BDDC00002038B5050015
:106B40000C0021002800C0B2FFF7E2FB31BDF8B510
:106B500004000D00287869780F02074339002000EF
:106B6000C0B2FFF78BFCA878E978090201432879C5
:106B700006040E4331002000C0B2FFF79AFCF1BDBD
:106B800038B505000C0021002800C0B2FFF7D7FB84
:106B900031BD38B504000D002900C9B22000C0B2D3
:106BA000FFF7E2FB31BD38B504000D002900C9B282
:106BB0002000C0B2FFF73EFC31BD38B504000D0027
:106BC0002900C9B22000C0B2FFF745FA31BD70B547
:106BD00004000D0029682000C0B2FFF739FB686887
:106BE000000229680E0E064331002000C0B2FFF7F4
:106BF0004AFB70BD38B505002800C0B2FFF757FB4F
:106C000080242402044321002800C0B2FFF73BFB8C
:106C100031BD10B504002000C0B2FFF703FA10BD6B
:106C200038B505000C0021002800C0B2FFF7CEFAED
:106C300031BD38B504000D002900C9B22000C0B232
:106C4000FFF790FA31BD38B504000D002968200027
:106C5000C0B2FFF7CDFA69682000C0B2FFF7DCFAD6
:106C600031BD38B505002800C0B2FFF7E9FA80242D
:106C7000044321002800C0B2FFF7CEFA31BD10B5A1
:106C800004002000C0B2FFF7BDF910BD38B5050003
:106C90000C0021002800C0B2FFF782FA31BD38B5E0
:106CA00004000D002900C9B22000C0B2FFF726FA87
:106CB00031BD38B504000D002800C0B2202806D12F
:106CC0002000C0B2FFF764FB1F20050003E0200096
:106CD000C0B2FFF771FB2900C9B22000C0B2FFF7B4
:106CE00089FB31BD38B504000D002900C9B2200070
:106CF000C0B2FFF754F931BD10B504002000C0B296
:106D0000FFF7CAF910BD00B5C0B2042801D19D201B
:106D100000E01220C0B200BD1F21014001228A40C4
:106D2000EFF3108172B604490968400980000B58DE
:106D300013430B5062B67047240F0020F0B5B3B078
:106D40000746DC4800680B90012001900990002163
:106D50000B988173D84803680A911972FF20089034
:106D600002309882187CF02101400A0988181874B2
:106D7000598AD140C907D14909680791059306D0BE
:106D80000020FFF7C9FFEEF7B0FA059B187C0F2132
:106D90000291084018749621099841430B9812916A
:106DA000816001200490C04379B2814210DC7F20D1
:106DB00007402C257D43079C60190A906659F7F718
:106DC0003CFE301ABE49401800D5EFE0384604E0DA
:106DD000F8B2FF280ED000210A912C2141430798D8
:106DE000401801210175817C082902D1123004214B
:106DF00001700897F7F721FE12990C18AF48076841
:106E0000283700252846AF49CA7A95423AD23E46ED
:106E1000163E31780A07520F1ED0042131703946D0
:106E200028390968CA43A21829D4611A38461C387F
:106E300000683A460C3A12689047394618390A8871
:106E400012180A80394614390A7880187F2800D32E
:106E50007F200870317801208906890F0FD03968AA
:106E6000002906D038461C38006888473078012849
:106E700004D00020307039461539087001202C37B5
:106E80006D1CC0E70028B5D18C480068034612335A
:106E900000242146A24209D01D78042D03D1CDB291
:106EA00013AE7455491C2C33641CF3E70A0674D0E6
:106EB000CAB20E92002206920C46039216460D911B
:106EC0000E9A96426ED012961094E3B200272C468A
:106ED0003E46BB420DD013AAD25D2C2555434559E1
:106EE000002F02D0F243AA1801D53C462E467F1C43
:106EF000EFE7129D4A1BD2B2511E13AA535CE4B2B3
:106F0000175D575413550F91CBB2D35C002D2ED083
:106F10001D461199CAB213ACA45C2C277C430259BC
:106F2000911B04196368C91895314AD4D1430C9A4E
:106F3000511849D46F43C1198A7D0B7D9340497D17
:106F4000012632468A409A4200D81346A17D277D09
:106F50008F40617D8E40BE420F9D00D837469F42D4
:106F60002B460D99109C00D3119B129E11E00D9998
:106F70000E9A012A01D102220692109C129E0F9DA8
:106F80002C225A438358821852689A1896320C92CF
:106F90002B46641E761C119392E700200B994860E3
:106FA00088732DE0039A1646069B13E06019807CD7
:106FB000102800D10AE7202800D107E700243D4629
:106FC00021E0963E049B04E00D98401E119000269F
:106FD0003346039A1198C0B213A90D5C0B98426016
:106FE0008373FF2D0CD02C20684307990918D8B261
:106FF00001280A9105D10868301A0B99486000E011
:10700000FF25019C089FFFF798FB2A480068FF2D89
:107010002FD011971294044608200A9FB8740AF0E2
:10702000B0F965733A6AF868796890473E680B94DE
:1070300026602846FFF7A0FBFFF78DFB129800287B
:1070400023D0F87CC10901223046F7F70AFD002859
:107050001DD00998400009901028119F00D276E6B3
:107060000AF091F9A12006210022134605F034F917
:1070700009E00446F7F702FDFFF769FB0020E07323
:10708000FF200002A08104990FE0F7F702FD049BA6
:107090000B990B73F87CC873059AD660117C029C1F
:1070A0002140000108181946107403480068017255
:1070B00033B0F0BDB80E0020B40E0020BC0E00208E
:1070C000D4FEFFFF7C0D00207047000000B50100DA
:1070D00029480279012A02D10020C04306E0027942
:1070E000920081500279521C0271002000BDF2B55D
:1070F00082B00400002635002078042802D02078D1
:1071000082282FD1601C01902078042802D1019898
:10711000871C01E0601CC71C01980078FF2821D162
:107120000097009908784A781206120C104380B232
:10713000FC2109020140C0200001814212D10E4908
:1071400030000A79C0B290420CD200983200D2B21C
:1071500092008958884705002800C0B2012801D054
:10716000761CECE72800C0B2002802D12000EEF720
:107170002FF9F7BD00000000C00E002038B5040054
:10718000224D2C60F0F7D5FF2A00083203C2083ADE
:107190001F48A86110352800F1F710F81D49280094
:1071A000F0F7D9FF31BDD0B5F0F7C3FF06000F00EF
:1071B000164C200008300CC8083830003900F0F7B1
:1071C000BEFF22681218226023000833C0C3083BA8
:1071D000D0BDD0B5F0F7ADFF06000F000B4C20007E
:1071E00008300CC8083830003900F0F7A8FF02005A
:1071F0000B0020688018D0BD10B50400FFF7D3FF46
:1072000004490548F0F7A7FF10BD0000000E00205C
:10721000F97105109F15FFFF100E002010B5040036
:10722000210020000AF0B0F8211D20000AF0ACF87F
:1072300010BD70B504000D00EFF3108672B6290082
:1072400020000AF0A1F8201DF5F714FC291D0AF012
:107250009BF8211D28000AF097F8281DF5F70AFC75
:10726000010028000AF090F886F3108870BD70B510
:107270000400EFF3108572B6201DF5F7FBFB060046
:107280002000F5F7F7FB31000AF07EF82000F5F753
:10729000F1FB0600201DF5F7EDFB311D0AF074F837
:1072A00085F3108870BD70B504000D00EFF31086F3
:1072B00072B62000F5F7DEFB286086F3108870BDFB
:1072C00010B508210024224608F056FB204610BDC8
:1072D00010B5040000BF00BF200000F005F8040056
:1072E00000BF00BF200010BD38B504000F340721D7
:1072F0008C43A0422BD2082C04D2082402E0083090
:1073000000F049F841490A68100005D1002207E061
:107310001D68A5420DD2181D0368002BF8D1126814
:10732000081D00E0181D036893420CD01D68A5429B
:10733000F8D300280BD002681368083BA34208D298
:10734000536803600FE00AF029F80028D7D1002025
:1073500032BD131903605368151D2B5113681B1B95
:1073600005682B6014600068002804D04368002B77
:1073700001D0001D00E0002008601000083032BD80
:1073800010B5040006D000BF00BF200000F003F8D5
:1073900000BF00BF10BD002800D1704770B408388E
:1073A0000268072A30D951072ED118494B68002BA3
:1073B00001D0984203D24360486017E02B005D681B
:1073C000002D01D08542F9D31D685E19B0421BD350
:1073D000864203D1A8181860180007E05C68002CEA
:1073E00002D0821894420FD3446058604268002A49
:1073F0000AD00368C418944206D100240C601168B6
:10740000591801605168416070BC7047C80E002077
:10741000431C0178401C0942FBD1C01A704780B55B
:10742000FFF7AEFF01BD1CB554087A2C01D912201C
:107430001CBD049C009409F0C7FF1CBD7CB514461C
:107440000D4606460120022109F03AFB002800D033
:107450007CBD01210F22284604F0F2FB0028F7D161
:107460006846467005700194EFF752FC7CBD1CB570
:10747000FF2A04D0049C009409F0ECFF1CBD1220EC
:107480001CBD000001480068704700BFF40E0020DA
:10749000431E022B09D300280CD0032809D1012058
:1074A00001404942122008407047002A01D110468D
:1074B0007047122070477047F8B505000024154E3C
:1074C0003078002820D0F6F77DFD0700FA208000F4
:1074D0003178FEF762FB01003800FEF75EFB0AF030
:1074E00065F800280DD1042D08D2002229000020C3
:1074F000C0430AF046F80848056007E00120040090
:1075000004E00120040001E0012004002000C0B2DA
:10751000F2BD00BF910400208C03002081B06849B7
:107520000A6802430A60096801400091009901B0AD
:10753000704781B063490A6802430A6009680140E4
:107540000091009901B0704781B05F490A68024319
:107550000A60096801400091009901B0704700B5C8
:10756000594909680140814201D1012000E0002011
:1075700000BD56490A6802430A60704753490A68C9
:1075800082430A60704780B500F086F801BD10B5EF
:10759000040020684E4988420BD180204002FFF74A
:1075A000BDFF002201210D2009F0EBFF0D2009F0A5
:1075B000F2FF10BD38B586B00400182100226D46D8
:1075C0002800EFF7AFF82068C021C90588422AD10A
:1075D00001200090042004906846F6F74FFD002833
:1075E00001D0EFF799F80120FFF7B9FF002808D183
:1075F0000120FFF7BEFF0120FFF7C0FF0120FFF7CA
:10760000A3FFF0F7EFFA00220021122009F0B9FFE2
:10761000122009F0C0FF00220021192009F0B1FF5B
:10762000192009F0B8FF07B030BD78B585B0060065
:107630001421002422006D462800EFF773F830680B
:107640002449884226D18020C000FFF772FF08201D
:10765000FFF764FF0420FFF761FF0120009002257F
:10766000019502940394049469461B4809F0B4FF01
:107670000095019502940394049569469020C005F5
:1076800009F0AAFF00220121082009F07AFF082052
:1076900009F081FF06B070BD80B50F2100200AF00F
:1076A0009DF8F021090100200AF0B6F80B490120ED
:1076B0000AF0B2F80A4901200AF090F801BD000072
:1076C0005000404858004048600040484000404852
:1076D000000030480040004100001048C930000060
:1076E00036C00000454801680800C006C00F70475A
:1076F00002001000001D03688B431000001D036092
:10770000106808431060704781B03D490A68024321
:107710000A60096801400091009901B0704781B08A
:1077200038490A6802430A600968014000910099DB
:1077300001B0704778B585B006003000C0B20028AF
:1077400003D10820FFF7E0FF0AE03000C0B20128B3
:1077500003D10820FFF7D8FF02E00820FFF7D4FF8D
:10776000294D3000C0B24000285A009001200190FD
:10777000029002200390254C69463000C0B2800080
:10778000205809F029FFFFF7ADFF002816D0300080
:10779000C0B2800020589021C905884203D10099C9
:1077A0001B48FFF7A5FF3000C0B2800020581949E0
:1077B000884203D100994148FFF79AFF0122300027
:1077C000C0B24000295A3000C0B28000205809F0F1
:1077D000F0FF002006B070BD10B5040000220A487A
:1077E0002100C9B24900415A08482300DBB29B007E
:1077F000C05809F0DEFF002010BD00000000504816
:107800005000404858004048900300209803002052
:107810002000504800001048F8B506000F00002472
:10782000002F03D10120C043040044E0474D4848E5
:107830003100C9B2890040583100C9B29422514385
:1078400068503000C0B294214843281800F053F823
:1078500039003000C0B29422504328180AF002F8D0
:10786000002802D00320C043040000213000C0B231
:107870009422504328180AF038F8002802D0032038
:10788000C043040000213000C0B2942250432818A5
:107890000AF056F8002802D00320C043040030004C
:1078A000C0B294214843281809F0F8FF002802D0FC
:1078B0000320C04304002000F2BD0000280050480F
:1078C000F8B507000E0015000024AC4211D2FA23CF
:1078D0009B000122311900911C4884461D48017803
:1078E000942041436046401800990AF0D7F8641C80
:1078F000EBE72800F2BD30B585B004000420FFF7A7
:1079000003FF0820FFF700FF8020C000FFF707FFFC
:107910000220009001900390012502950490694691
:107920009020C00509F058FEFFF7DCFE002803D0C8
:1079300000990948FFF7DCFE009500200490694695
:10794000064809F049FE05B030BD0000A80A002035
:10795000A4030020340F00202000504800001048ED
:1079600081B035490A6802430A6009680140009104
:10797000009901B07047016801229143016070478E
:1079800002682E4B13400A021A43026070470068D7
:10799000000A80B2704741680800C007C00F7047F6
:1079A000416808004007C00F704741680800C006E2
:1079B000C00F70478068704738B58020C002FFF75D
:1079C000CFFF00241E4D2800FFF7E1FFA04204D0A6
:1079D00021002800FFF7D4FFF4E72800FFF7CBFFD2
:1079E0002800FFF7D8FF0028FAD12800FFF7D8FFBA
:1079F000002801D0012000E0002032BD38B504008D
:107A00000F4D2800FFF7D1FF0028F9D02800FFF71D
:107A1000D1FF2080002032BD38B50400084D280079
:107A2000FFF7C3FF0028F9D02800FFF7C3FF20604D
:107A3000002032BD0000000050004048FF0000FF61
:107A40000000604881B033490A6802430A6009684F
:107A500001400091009901B0704700B52D490968B7
:107A60000140814201D1012000E0002000BD2A49EF
:107A70000A6802430A60704727490A6882430A601D
:107A8000704780B50120FFF7E8FF002808D10120EA
:107A9000FFF7EDFF0120FFF7EFFF0120FFF7D2FF17
:107AA000002002BDF8B504000F0015001B4E307811
:107AB000401C307030786946087038681849086092
:107AC000786818490860B86817490860F868174965
:107AD0000860206816490860606816490860A06858
:107AE00015490860E0681549086000F031F814484D
:107AF0000068286013480068686013480068A86040
:107B000012480068E8606846007831788842D1D130
:107B10000020F2BD6000404840004048310F002086
:107B2000280000602C00006030000060340000601D
:107B3000380000603C0000604000006044000060CD
:107B4000480000604C00006050000060540000607D
:107B50001CB5642069460870C024E405200000F0CC
:107B600011F868460078401E69460870200000F051
:107B70000EF8002803D0684600780028F1D1684646
:107B8000007816BD816D01220A4382657047C16D80
:107B90000800C007C00F7047F0B5020052B2002ABB
:107BA00017D41822714B040064B2A408A4001C5915
:107BB000FF25C6001640B540AC438D01EDB2C600AE
:107BC000324095402543020052B2920892009D50E7
:107BD0001BE00F22664B182405006DB21540083DCE
:107BE000AD08AE0005006DB22A40083A9208920036
:107BF0009A58FF25C7002740BD40AA438D01EDB22A
:107C0000C7003C40A54015439D51F0BD00B5BFF3F2
:107C10004F8F584858490860BFF34F8F00BFFDE7AA
:107C2000F8B55648006800280FD15548006800286C
:107C300003D154480068002807D0012052498860C9
:107C40000AF018FAFFF7E2FFFCE7504850490160DC
:107C500000684D49086120204E490A6802430A60C5
:107C60000A68402313430B600A68802313430B60A8
:107C70000A68494B13400B60484909684907FBD51E
:107C800047490A6830239A4302430A600A68454B11
:107C900013400B600A6880235B0013430B6042496A
:107CA0000968424A914239D01F210E0008210C0078
:107CB0000A21009103210F003D490A681E239A43BF
:107CC000630013430B600A68012313430B600A68C7
:107CD000384B134032061A430A600A6880231B049B
:107CE00013430B6034490B68344A1A40009B9B01D4
:107CF000F025AD001D4015430D600A681043086073
:107D000008682F4A0240F802E0239B010340134316
:107D10000B6008688022D20002430A600025280018
:107D2000C0B2202806DA0321280040B2FFF734FF52
:107D30006D1CF4E762B6F1BD00B52249086842083F
:107D40001000C007C00F0968090A4907490F02005F
:107D5000D2B2002A05D01C4A4B1EDA401B4B1A60D7
:107D600003E01B4ACA40194B1A6000BD00E400E062
:107D70001CED00E00400FA050CED00E09400404822
:107D800010005048380050480400002008ED00E082
:107D90000000041004005048FFFEFFFF140050488C
:107DA0001C005048FFFBFFFFF81E0010CCECBCFC91
:107DB0000C004048FFFFFFC0940050483FFCFFFF0D
:107DC000FFC7FFFF080040480048E801A803002063
:107DD0000090D0035748016808004007C00F704763
:107DE000554800688021C9000840704752490A6818
:107DF000544B134003430B6070474F480168080021
:107E00008005C00F70474C490A680F239A4302430C
:107E10000A60704730B5010048480278002A01D056
:107E2000474A00E0484A0078002801D0212300E0BA
:107E30002023002004001D00E4B2EDB2AC4208D2C1
:107E40000400E4B214570D006DB2AC4201DA401CDC
:107E5000F0E70C000500EDB2555764B2AC4203DA0E
:107E60000400E4B2022C05D204001D00E4B2EDB21D
:107E7000AC4200D1401EC0B230BD10B501002F4849
:107E80000278002A01D02E4A00E02F4A007800280C
:107E900001D0212300E020230800C0B2002805D033
:107EA00008001C00C0B2E4B2A04201D37F2001E070
:107EB000C9B2505610BD202070471F20704710B522
:107EC00004002000C0B2002806D01C480178002918
:107ED00008D10121017005E018480178012901D17C
:107EE00000210170FFF789FF002805D1FFF778FF17
:107EF0008021C900884200D119E080208000FFF76E
:107F000075FFFFF767FF0028FBD12000C0B20028F3
:107F100003D00E20FFF777FF02E00420FFF773FF86
:107F20000020FFF763FFFFF755FF0028FBD010BDCF
:107F300070470000140050481C005048330F0020C8
:107F4000643F0410FFFDFFFF443F04108B0707D080
:107F5000521E22D30B78491C0370401C8B07F7D1AB
:107F6000830730D0DB4219D0401E121F08D308C946
:107F700043701B0A43801B0C0371001D121FF6D2B5
:107F8000D20707D30B88437001D08A78C2701B0ACE
:107F90008370704701D00B7843707047121F06D36F
:107FA00008C903801B0C4380001D121FF8D2D207A2
:107FB00005D30B88038005D08B788370704701D080
:107FC0000B780370704770B4103A03D378C978C047
:107FD000103AFBD2530701D318C918C001D508C9FC
:107FE00008C0D20704D30B880380801C891C002A98
:107FF00001D50B78037070BC704700008020C0056D
:1080000000680007000F70478020C0050068000965
:108010000007000F70472648006870472548006831
:1080200080B2704780B523480068400C8007800FFD
:1080300000900098002801D101200090009802BD16
:1080400038B50400FF202070FFF7E5FF05001A484F
:10805000854201D106202070FFF7D6FF6070FFF740
:10806000CDFFA070FFF7D7FF6060FFF7D7FF401C80
:108070008000A060FFF7D6FF002805D0FFF7D2FFF1
:10808000401C8003E06002E0C020C001E06031BD20
:1080900000B50A4800688107890F0800C0B20228AD
:1080A00001D1012000E00020C0B200BD00000000AE
:1080B000040000401410004041200302B01600608C
:1080C00010B5040007D002230022A16809F0EAFFDE
:1080D000010003D00CE06120400110BD00201022FF
:1080E0002261024683001B19401C5A610428F9DBF7
:1080F000606A102801D0024810BD084610BD00007B
:108100001D0C0000F7B500258AB00E460446002875
:1081100004D0002E06D10C98002803DD6120400118
:108120000DB0F0BD0C98002804DB102804DA20798B
:10813000800601D48C48F3E72079410701D48107F8
:1081400002D58948401CEBE74021084320712046B6
:10815000143008901CE0002081004A1992195378CD
:1081600017781B023B4397785BBA1B043F02D27817
:108170003B4313430A195269401C534004AA53500D
:108180000428E9DBA26804A8089909F0DDFF009D36
:108190000C992846103000908842DCDB207980065C
:1081A0001ED400291CDD002081004A199219537841
:1081B00017781B023B4397785BBA1B043F02D278C7
:1081C0003B4313430A195269401C534004AA5350BD
:1081D0000428E9DBA26804A8089909F0B5FFC0E00B
:1081E0000020009001900290039069460846A26822
:1081F00009F0AAFF00998722C80F5043019A49004D
:10820000D20F114300910199029A4900D20F1143F4
:1082100001910299039A4900D20F114302910399E7
:108220000C9A4900414028461030039190421AD1DF
:10823000002081004A1993195A781F7812023A4394
:108240009F7852BA12043F023A43DB786F461A43D2
:108250000B195B697F58401C7B405A4004AB5A5055
:108260000428E6DB74E0009A8723D00F5843019B73
:108270005200DB0F1A430092019A029B5200DB0F5F
:108280001A430192029ACB0F52001A4302924A00FB
:10829000424003920C9A0020531BDA179C46920F1F
:1082A00062449210964616E081004A1993195A7852
:1082B0001F7812023A439F7852BA12043F023A439F
:1082C000DB786F461A430B195B697F587B405A4035
:1082D00004AB5A50401C8645E6DC81000A196B4607
:1082E00052695B5867465A4004AB5A507F1A0022C5
:1082F0004B19BC469E460BE073469B18F35CD700B7
:108300001825ED1BAB4004AD6F587B406B50521CE1
:108310009445F1DC002A09D0D600182204AB961B44
:108320005D588022B24055405D5005E004AA535884
:108330000125ED076B40535004AB6A4605E0810010
:108340000D196D69565875405D50401C0428F6DBC8
:10835000A2681846089909F0F7FE2079042108431D
:1083600020710020DCE600001D0C0000F8B5164668
:108370000F46040009D0002E07D025468035E86D51
:10838000401E102804D31348F8BD61204001F8BDF9
:108390002079400604D4002211462046FFF7B2FEA1
:1083A0002079022108432071002018210CE0C21717
:1083B000920F121892089200121983075269DB0E6D
:1083C000CB1ADA403A54401CEA6D8242EFDC0020BE
:1083D0003260F8BD1F0C000000207047002070477D
:1083E0000020704700207047002070470020704731
:1083F000F0B58FB009930B920A91089009F0FCFE3A
:1084000001243821204602F039FD3349C97A34224B
:108410008154324E306000270770306847703068F2
:1084200087703068E121C1700520C0013168888003
:10843000302008850EAD0DA90CAA2846F6F787FA5C
:108440000C9800022978090101430D9800030843A4
:10845000001D316848851821204602F00FFD204993
:108460000860077509F0CEFE1C9806901B9C0594C9
:108470001A980490199803901898029017980190F0
:10848000159D009508980A990B9A099BEEF70DFE29
:10849000EEF762FB1D9F012C01D1EEF7F1FA09F016
:1084A000BBFE012F01D109F013FF30682C21405C85
:1084B000C0070ED1012C06D11698EEF7B8FBEEF7E7
:1084C000A3FEEEF7A5FE0A980B992A46234609F06B
:1084D00001FF0FB0F0BDC0467C0D0020080F00204A
:1084E000240F0020C9B202788A4203D0401C002A1F
:1084F000F9D100207047000080B5002801D100BFED
:1085000007A006490B68002B03D0222200219847C0
:1085100001E009F03FFF222002BD0000FC0E002018
:10852000636F6E73747261696E742068616E646CDF
:1085300065723A20626164206D65737361676500DE
:10854000C9B2521E05D30378401C8B42F9D1401E9C
:1085500070470020704710B5144600F002F8226002
:1085600010BD4A0053155B1C08D0520D06D00323E2
:108570001B02FE3AD21A1305C91A7047002270472F
:1085800030B4012464054D00EC420BD85D00EC4290
:1085900008D80C001C4364000443144304D29942DD
:1085A00000D1904230BC7047FCD08B42FAD182425D
:1085B000F8E7124217D40023DB435B0D9C464B00C7
:1085C0005B0D06D0634504D09B18634502D21205AB
:1085D000891870476246090D11430905002000B54E
:1085E00000BF00BF00BD52424B005B0DF1D05B1CD1
:1085F0005B05EED25B0D934102D91205891A7047D3
:108600000BD10B031B13C90FC907821C0020434168
:108610001343E4D912051143E1E7C90FC90700204C
:10862000DDE7F0B40E005E400125ED072E40B446B4
:10863000AE0ADF184C18F4423BD2F74241D2640D27
:1086400043D07F0D38D0E41BC902DB0229432B4302
:10865000CF0ADB0A0600B61A9F4104D2641EB6197F
:108660007F41B6185F416812800D241800188442BB
:1086700022DCE80C0021B6197F41B61A9F4102D2D4
:10868000B6185F413F1C40414941F4D3241C21DD11
:108690002405B6197F41B61A9F4105D33743C60753
:1086A00037430026012F7041614166463143F0BCDB
:1086B0007047FCD1F74205D20020C1434905490863
:1086C000F3E704D00020C143F1E77F0DFAD000208A
:1086D0006146ECE72442FAD1401C61410F03F6D316
:1086E0000020E2E7613807E005E0010061391A295E
:1086F00001D20120704741381A288041C00F7047CD
:1087000001000939052901D3202801D10120704732
:1087100000207047010041391A2900D220307047EB
:108720000248704702487047000000002C040020F7
:10873000F403002010B54442444102F0CBFE4E2128
:108740004454002010BD002070470020704710B531
:108750000446EEF78DF9012808D1601E062807D8D7
:1087600005F0BAFAEF214454002010BD112010BDCD
:10877000122010BD024909686C2288547047C04617
:10878000100F00207047704770B502460B48847E7A
:108790000B480068456D1035002003469C4208D008
:1087A0002E78002E08D0AE78964204D014355B1C8B
:1087B000F4E7234600E001200B7070BD7C0D002023
:1087C000100F0020084800685C21415CCA0606D4EE
:1087D000890606D45C30C17801200840704701202A
:1087E000704703207047C046100F0020F0B589B0D5
:1087F000009316460F46044601200225294608F03C
:108800005FF9002806D101A80470200912240E285F
:1088100002D9204609B0F0BDEEF72EF9002801D1AB
:10882000F8075CD101A84780F80604D4F8070ED1F8
:108830003807EED411E0132F13D008203A468243B4
:10884000152A0AD038462843122806D0E1E73D40D1
:1088500008203A4602405019DBD1B80601D5B807C6
:10886000D7D1274601AC201D314609F098FD0834C8
:108870002046009909F093FD0298202801D238463D
:10888000C8E7039920293A4627D3884225D80E986D
:1088900001A90873400720D00F9801AC607309F05C
:1088A00087FD617B8142EAD8109801A9887301286D
:1088B000E5D8129C119901AD28460F300622F6F733
:1088C00025F86C75032CDAD8149C1B9D13987F280F
:1088D00007D11F480068407A05E010469AE711204A
:1088E00098E7F6F785F801AEB075F6F788F82870C6
:1088F000F475FD212140112001298BD11699159A7B
:1089000001AB99765A76002984D0032982D81A9827
:10891000199901AAD07611760429B0D80428AED8C6
:1089200001A8012C03D0408810210140A7D117983D
:1089300001A908770F28A2D8189801A9487701281B
:10894000384600D966E701A809F034FD62E7C04661
:10895000B40E0020F8B5284A927E12258A4225D905
:10896000002800D1014614224A4324480068436D80
:1089700099184C78A006C60F0020002E02D01027B0
:10898000274014D1002E02D1082634400FD19E5C1E
:108990004C688889214609F0F5FD1949884208D0BC
:1089A0000019817848070BD4D42000E02846C0B2D3
:1089B000F8BD032E2846FAD8F1001248C840F6E761
:1089C000032E2846F3D8C0467E4436797600B74455
:1089D00001060D010320014005D10846E7E7032009
:1089E0000140012906D02B20C043E0E703200140CD
:1089F0000229F8D10020DAE77C0D0020100F0020BA
:108A0000FFFF000000D4D400BCB50D4D28685F21E5
:108A1000405C800701D40C240FE06C46204609F02E
:108A2000C9FD2046EDF7F1FF0446002805D128686E
:108A3000663069460622F5F769FF2046BCBDC04690
:108A4000100F002070B50346002900D10A462948BE
:108A50000068416D012B0CD114235343CA5C012AD9
:108A600033D0022A3ED1CA18947804202043907053
:108A70003AE014235343C9188E1C8978890721D5FD
:108A80000024214600F0CDF81B4800684E21405CD0
:108A9000C00717D01948006880694422022529467A
:108AA0002B4600F06BFF00280CD001468571C47185
:108AB0000472FF2048718220087104204872284601
:108AC00000F0BCFF0020307070BDC9184A788B7868
:108AD000134302221A438A7000210122084B05F039
:108AE00000FA70BDC8188078C9184A7802438A70A5
:108AF00070BDC046100F0020B40E00200C0F0020E7
:108B000020BF0200B0B502461048006805465A353D
:108B1000002908D1A97889060024890F14D0697921
:108B200002230B4010D0002A01D0094B03E07D2125
:108B3000C9002B884B4301242146224605F0D1F978
:108B40006879FD21014069712046B0BD100F0020F9
:108B5000307500007CB50D4C25685C20285C8006D3
:108B6000800F12D05C35E878022630400DD101A884
:108B7000694609F049FD6978014306D1E878304338
:108B8000E8702068012100F04CF87CBD100F002037
:108B9000F0B585B0049315460E4607460124022120
:108BA000204607F08DFF00280AD10B980A99009102
:108BB00001900294384631462A46049B09F05CFD38
:108BC00005B0F0BDF8B51C4615460E460746012017
:108BD000022107F075FF002800D0F8BD00200090AA
:108BE000384631462A46234609F0B6FEF8BDFEB5A2
:108BF0001D4614460F4606460120022107F060FF7D
:108C0000002800D0FEBD68460021817247720672BE
:108C10000195009409F03CFFFEBD80B50AF034F8E0
:108C200080BDF8B505461220002D1BD00C466A7891
:108C30008A4217D92B6A195DA14201D10020F8BDE3
:108C400017463E46DF5D974201D0A742F9D100208A
:108C5000974205D09955964202D128460AF062F80B
:108C6000296A0C55F8BD0000F8B5002916D00E464B
:108C7000054609780024C80720461FD188070FD46D
:108C800048070FD408070FD4C8060FD488060FD49E
:108C900048060FD408060FD507200FE012243CE049
:108CA00001200BE0022009E0032007E0042005E09A
:108CB000052003E0062001E00020C0433070184882
:108CC00000684E214056002827D516482818032151
:108CD00001430D31880883B213480068806902217E
:108CE000472200F04BFE002816D00746001D2946FB
:108CF00032460AF02BF80420787207203872E81CFC
:108D0000010AF971B871FF20787182203871022050
:108D1000394600F093FE00E007242046F8BDC04627
:108D2000B40E0020FDFF03000C0F002010B58AB028
:108D300001AC638122810922A271A180608020465A
:108D40000C300C991422F5F7E1FD20460AF00CF8DE
:108D50000AB010BDFEB500920291074610480068A7
:108D6000C46A002601961C2E0DD0A519062228469D
:108D70003946F5F7E2FD000603D1A8790299884249
:108D800004D0F61DEFE7019C2046FEBD01240098AB
:108D90000028F9D0002107222846F5F7C1FDF3E7A6
:108DA000100F0020F8B50446684600250570EEF760
:108DB00062F9002805D06D4620462946FFF7E4FCFD
:108DC0002D78EEF758F9002802D02648837E00E07F
:108DD000012314267543244F3868416D4C19A5783A
:108DE00002222A4002D0A41C002525701131DBB2DA
:108DF000002B0AD00C78002C04D00C460F3C2478B1
:108E0000A40726D45B1E1431F2E7002A21D00024E7
:108E10002146FFF706FF154800684E21405CC00759
:108E200017D01348006880694422022529462B4642
:108E300000F0A4FD00280CD001468571C4710472B5
:108E4000FF2048718220087104204872284600F0F3
:108E5000F5FD6846007846433868406D801900216A
:108E60004174F8BD7C0D0020100F0020B40E0020CE
:108E70000C0F002080B509F0DDFF80BDBCB50C46AD
:108E800005464888001F4880084601F003FE011F80
:108E900002290CD806281AD005281DD0042811D183
:108EA0000420A0812846214601F0DEFE18E03F287C
:108EB00008D020385F2805D8684605700194EDF782
:108EC00095FE0DE02846214609F0F0FF0EE0284609
:108ED000214609F0F1FF03E0284621460AF022F876
:108EE000002803D06188091D6180BCBD0020BCBD85
:108EF000B0B50446018802200AF02EF90546002884
:108F000002D1204601F053FE2846B0BD70B5914213
:108F10000ED215460E46044640680AF041F9751B0C
:108F200060680AF0C8F9281881B2204601F09BFF5A
:108F300070BDF0B5C3B00446008801F0CFFD002835
:108F40007CD00546207A0327074028692A460C3240
:108F5000022F039208D100282FD0118884260429DB
:108F600054D30121029131E000284AD06688002EB6
:108F700026D00021019104A8029020463246029B8F
:108F80000AF0A5F928694068009020460AF0A8F97F
:108F9000014600980AF0A9F9A98928693246029B7E
:108FA0000AF0A9F9A8898019A88181B2286901F07D
:108FB0005AFF039A0198608002E02C616088A881C2
:108FC000108804281BD328690026029600210191ED
:108FD00000F060FC001D81B2AA898A4216D812D125
:108FE000296948800120FFF749FF00282DD0286912
:108FF0008426A04226D10198A881286122E000267B
:1090000018E0002602E00298002813D0A87810216A
:109010000143A9704220012102222B4603F05CF992
:109020002869002806D001F0C2FD002028610399BC
:1090300000200880002E05D1012F03D1204601F029
:10904000B6FD0026304643B0F0BD0198EEE70000C3
:10905000F0B585B004468778781E03210491084353
:109060000930800883B2207A03902088029011484A
:109070000068806902253E22294600F07FFC002816
:1090800014D00646009701940498039A0240301DBC
:10909000002702993B460AF037F9357128463146D8
:1090A00000F0CCFC204601F082FD00E007273846A6
:1090B00005B0F0BD0C0F00203321C9004143044826
:1090C000006894228058C06B406840187047C046C2
:1090D000B40E002070B5044608460AF02DF90028A9
:1090E0001CD006462C363178032907D1852149004A
:1090F00040180078000701D41A2424E030790121B7
:109100000AF040F900280DD0002C09D13079012156
:109110000AF042F9032803D1002414E0022412E0EB
:109120003A2410E03079012529460AF03DF94474CB
:10913000307929460AF040F9307903220024294683
:1091400023460AF049F9204670BD002070470020F0
:109150007047002070470020704700001F22024027
:1091600001239340EFF3108272B68900054A12681A
:10917000511840098000081881681943816062B65F
:109180007047C046240F002070B5144605464C4376
:109190000068401E032101434E1C00213046224638
:1091A000F5F7BEFB30192860304670BDF8B50446AF
:1091B0000AF026F91C480068466B002E32D037466C
:1091C00036693889A042F8D100257A89E8B20328A7
:1091D00004D821460AF022F96D1CF6E72046114614
:1091E0000AF02CF9798920460AF03EF900203881EE
:1091F0000D480068426BBA4205D011461269BA4266
:10920000FBD1103101E0014634313A690A607989B5
:10921000042903D1C16A3961C762CEE7016B3961A4
:109220000763CAE7F8BDC046140F002010B505F06B
:10923000CBFF002825D00446008906F013F802462B
:10924000012000210F4B06F02DF820890AF010F9BB
:109250006020205CC007A07A04D16030C0B25128E1
:1092600004D307E05030C0B2402803D80221204682
:109270000AF018F9FE20A0720E20FDF74DFDECF764
:1092800034F810BD30750000F8B504460AF02EF928
:1092900005461048C07A85421BD20F4E30682946D9
:1092A000FFF7BFFC14276F433068C06A0025C55321
:1092B000C0190069002809D001F079FC3068C06A43
:1092C000C01905613068C06AC01985812046EDF774
:1092D00079FCF8BD7C0D0020180F002070470000BD
:1092E000F8B50E48006806683078401E30700C49AA
:1092F000098A25314F097C1C000606D10025284625
:1093000021460AF00BF97580BC1C012021460AF0A9
:1093100005F9B088001BB080F8BDC046040F0020DE
:109320007C0D0020F8B50E460546104605F04CFFB2
:10933000002856D004460746002E0BD00020B872F5
:1093400008340122062D32D139891546062E0ED059
:1093500005220DE0F97A01200843F872F97C891E94
:10936000022910D8F97D090708D5042107E0042255
:10937000022000230AF0E2F82A4618E00221F9222E
:1093800010404018F872B87AAD2805D0AE2805D044
:10939000BC2827D1BF2002E0AF2000E0F020B87247
:1093A00008340E20FDF7B8FCEBF79FFF0022602089
:1093B000385CC0070BD1B87EC10605D5EF2101404E
:1093C000B97641B2002918D4002A19D109E0387EB3
:1093D000FC210140397603210140481E81410A43A6
:1093E0000ED1F8BD062DDBD1F128D9D13989022063
:1093F000002213460AF0A2F8D2E76F210840B8769F
:10940000208805F02FFF024601200021014B05F0C6
:1094100049FFF8BD30750000F8B50F4800680568D1
:109420002878411C29700D4F398A25314E09741C4A
:10943000002809D1002021460AF0BCF8388A2530DE
:109440004009401C6880B41C012021460AF0B2F893
:10945000A8880019A880F8BD040F00207C0D00200A
:10946000F0B589B0049315460591074606AE08ACE1
:10947000304621460AF0DEF8227800200095049953
:10948000019102903846059933460AF0F7F809B081
:10949000F0BD0000F8B504460D4E3068C56A296974
:1094A000C1622F88002114222846F5F739FA0420DA
:1094B00068811720E8802C812F803068416B4563DC
:1094C000296120460AF05AF920460AF05BF9F8BDF6
:1094D000140F0020B0B50C460546002001F0FEFA3E
:1094E000002805D0012181800580614261418170A1
:1094F000B0BD80B5002A03D00846EDF77FFA80BDE5
:10950000EDF748FA80BDF0B589B004931746059190
:1095100006460E9C20460AF039F90F9D002808D017
:1095200007A806222146F5F7F1F906A801220270E4
:1095300005E007A806AC21460AF07CF822780097DF
:1095400004980190029507AB304605990AF096F809
:1095500009B0F0BDF0B589B015460E4605F034FEF1
:10956000002870D00446807ABC2806D1278908A834
:10957000002101802646283656E027463037E17D17
:10958000090709D42046283008223146F5F7BEF9EC
:109590003D70280A7870A07A2189029108A90022DA
:1095A0000A8026462836BC283DD025461C35F128A1
:1095B0000FD1E07D000736D407AA01922846314634
:1095C0000AF0F0F8022201983946F5F7B6F90028BA
:1095D00021D03846314622460AF01AF900281AD01E
:1095E000029D28460AF024F9207E80070CD02846E8
:1095F00005F038FE024601200021154B05F052FE11
:10960000207EFC21014021760220032200232946EE
:1096100009F094FF17E00D480068083008AA2946B1
:1096200033460AF013F9029F03AD002110222846A9
:10963000F5F776F9227C28463146F5F767F9384682
:1096400029460AF016F909B0F0BDC046080F0020FF
:109650003075000080B50B4A12685D23D25C93061A
:1096600005D4D3069B0F04D0EDF79EF980BD0120F1
:1096700080BD1B231A4202D0EDF79FF980BD002068
:1096800080BDC046100F0020F0B581B0054640886F
:109690008624002810D0AE68002E0DD000246C6007
:1096A0002C8027463460284631460AF0F1F82436EB
:1096B0007F1C68888742F5D3204601B0F0BD0000CA
:1096C00070B50D4909683422895C70224A430B4900
:1096D0000B68A43300210C46A2420AD01D682D1944
:1096E000EE7DF60702D02D89854201D17034F3E773
:1096F0000121084670BDC046080F0020200F002041
:10970000B0B50C4D28684224005D9021084200D07D
:10971000B0BD0AF0D7F8002805D00D20FDF7FCFAFF
:10972000EBF7E3FDB0BD2868015D80220A430255D6
:10973000B0BDC046200F002080B501460648006835
:109740004222825C120704D464304022F5F7DEF82E
:1097500080BD05F0EDFA80BD200F0020F8B51F4652
:1097600013460C4605460522194623460AF0C6F85C
:109770000646002F01D1882E04D00122284621461A
:109780000AF0D6F83046F8BD00210160406070470D
:10979000FEB50E460446002002900846214601F020
:1097A000DDF9074602A920460AF0F2F8054600282E
:1097B00068D122203449085C87423AD23421794367
:1097C00032480068406B4018C078112833D10191AD
:1097D00000250C222846214605F074F800282CD0DC
:1097E00007464068062101727868029A127942722F
:1097F00004223846264B984724480068406B01995C
:109800004018028A082100913846214B98470A21C6
:10981000384632461E4B98470098788005203946D6
:109820000AF0CCF800280AD0384601F0C0F98125AA
:1098300028E0122526E00C2524E0882522E0029964
:1098400006200AF0F7F811480068406B019FC01924
:10985000D021C170102021462A46334600F0D4F9A9
:109860000A4E3068406BC019038A202021462A46E0
:1098700000F0CAF93068406BC019028A20462946B8
:1098800000F0EEF92846FEBD7C0D0020180F0020E8
:10989000B1AD0510E0B5022201AB09F018FD0028BA
:1098A00001D0002004E001A80178407800024018AF
:1098B00080B28CBDF0B585B016460F460546002037
:1098C0000490062204AB28460AF0BCF8044600289F
:1098D0004BD13046294601F041F922222449895CC6
:1098E0001224884241D2324634264643214909682F
:1098F000496B8919C978D02937D103920290002485
:109900000C222046294604F0DDFF002825D005461C
:1099100018480068406B8019008A01906868072128
:1099200001726868477206210422134E2846B04728
:10993000082728463946039AB0470A212846019A43
:10994000B0476F80052029460AF038F8002806D075
:10995000284601F02CF9812407E0882405E00498CA
:109960000AF08EF8029800F027F9204605B0F0BD05
:109970007C0D0020180F0020B1AD0510FEB5154676
:109980000C460646080614D402AA01AF3046194612
:109990003B460AF07CF8002821D0600638D40298B3
:1099A0008178FC220A408270019901807180012730
:1099B0002FE0EFF3108072B602AA01AF30461946CD
:1099C0003B460AF064F800280BD002998A78FC2301
:1099D00013408B70019A0A807280012702E00027F1
:1099E00003E0002762B6002813D1EFF3108072B6AF
:1099F000A0060AD410480068016808220A430260E1
:109A00000020FDF789F9EBF770FC62B600260AE04A
:109A10000027029EF570A00060210140B07803226B
:109A200002405018B070002F04D00020FDF774F9E8
:109A3000EBF75BFC3046FEBD0C0F002080B5400606
:109A400005D48878FC220240901C887080BD0846AE
:109A50000AF05AF880BD000070B5054606F026F8F9
:109A600000281CD004460026F0B2032805D86289DD
:109A7000294609F0D3FC761CF6E709480068426BDA
:109A8000A24205D011461269A242FBD1103101E079
:109A90000146343122690A60016B2161046370BDA3
:109AA000140F0020F0B585B0049314460F46054608
:109AB00001F014F8002828D006463846294601F05F
:109AC0004DF801462220394A125C122091421DD2E3
:109AD000049A012A1AD832790C20002A16D034238D
:109AE0004B43334A1268526B0292D2180392D278D7
:109AF000112A0BD1019308460AF022F80499002993
:109B000006D00399498C441A06E0022005B0F0BD46
:109B1000A04201D28620F9E720043CD00394002023
:109B20000C22294604F0CEFE002824D005464068C9
:109B300016210172686831794172062104221D4C98
:109B40002846A04723460824284621463A461F4671
:109B500098473B46039FBAB20A21284698476C8033
:109B60000520294609F02AFF002806D0284601F0E2
:109B70001EF88120CAE78820C8E70D4D2868406B91
:109B800001994018418CC9194184304609F0EEFF13
:109B90002868406B02900A980199029A5118202275
:109BA000049B8B54498C01800020AFE77C0D002082
:109BB000180F0020B1AD051070B5044622201049E1
:109BC000085CA0421BD90F4D296830200A5C521C4A
:109BD0000A543422544330314868001983781B07F3
:109BE00005D5C378112B02D34B785B1E4B70468989
:109BF0000021F4F795FE2868406B0019468170BD7E
:109C00007C0D0020180F0020FEB5019302920E4635
:109C1000202805D0102820D110480768383702E0E6
:109C20000E48076840373D68002D16D02C460221AB
:109C30002846FFF72FFEED692188B142F4D1029941
:109C4000012902D001998842EED13846214601F01F
:109C5000D1F8204600F0ABFFE6E7FEBD180F00206C
:109C6000FEB50291064625480068456D0192002D1B
:109C700028D02946ED680B88B342F8D1029B012B0E
:109C800002D04B889342F2D1476D0B460C338F4282
:109C900009D03C46FF688F42FBD1E560002D019A58
:109CA00008D10C3405E0044654342560002D019A97
:109CB00000D184650024CC60006D01600F4800680D
:109CC0000365D4E7C46D0D4D002C16D02746E4691A
:109CD0003888B042F8D10298012805D0384600F003
:109CE000D9FE01998842EFD128685C30394601F0ED
:109CF00081F8384600F05BFFE6E7FEBD180F002054
:109D0000F0B585B00E4604460F884868407A039047
:109D100008213046FFF7BEFD05460A213046FFF711
:109D2000B9FDA1780026490751D401940290284634
:109D3000394600F013FF2221264A515C884236D270
:109D400034254543244A1068406B4019008A029C20
:109D5000844203993BD106201446019A09F00EFF74
:109D60002068406B4019D021C17043891020002623
:109D700039463246FFF748FF2068406B4019038A96
:109D8000202039463246FFF73FFF38463146029AD7
:109D9000FFF766FF2068406B401903994171072166
:109DA00001710120FCF7B8FFEBF79FFA0FE004AB5D
:109DB0001D70280A5870029898700399019A517181
:109DC000000AD8700222384609F0DFFE0646304607
:109DD00005B0F0BD7C0D0020180F0020F8B50D4631
:109DE0000C8849684A7A072109F02EFF002800D024
:109DF000F8BD082628463146FFF74CFD07460A21E4
:109E00002846FFF747FD0090214600F0A7FE2221DB
:109E1000214A515C8842EBD2342545431F4A1168E0
:109E2000496B4919098AB942E2D11746FFF7C4FEC6
:109E30001B4800685521405C80071FD51948006801
:109E4000806942214E220323FFF798FD002815D098
:109E50000146009A02738472467204200872002040
:109E6000C87106208871FF20487182200871100A8D
:109E70004873200AC8724220FFF7E0FD3868406B43
:109E8000401981780907B3D500892728B0D1204629
:109E90000099FFF7E1FDF8BD7C0D0020180F0020B0
:109EA000B40E00200C0F0020F0B591B00E46817862
:109EB000490700D5AEE00C9030880D907068477A65
:109EC000007A0B9000242046314609F0EDFE0A2866
:109ED00016D10C98477110AC0021022520462A4665
:109EE000F4F71EFD0A213046FFF7D4FCA070000AEB
:109EF000E0700D9839462A46234609F046FE89E06F
:109F0000054604940A970821434F30460391B84709
:109F100009900A213046B84705900C213046B847D1
:109F200008900E2130460291B84707901024304621
:109F30002146B8470690002D00D00BE00EAF0097E9
:109F4000002101220FAB0D9809F016FF411E884138
:109F500085003B780B982221304A515C8B420A9F46
:109F60001BD2002D19D134214B432D4A1268526B5C
:109F7000D5180223AB700EAD2B784B43D318DC7091
:109F80002B784B43D21806999183079991820899AF
:109F90005182059911820999118139460C9A09F06B
:109FA000EDFD204800685521405CC00732D01E48B6
:109FB00000688069422154220523FFF7DFFC002856
:109FC00028D00146069E0675079D8574089B03747C
:109FD000099A82730D9888720398487202980872E1
:109FE000049CCC710F208871012088754F730C730D
:109FF000FF20487182200871300A4875280AC87409
:10A00000180A4874100AC8730D98000AC8724220D2
:10A01000FFF714FD11B0F0BD959805107C0D0020E0
:10A02000180F0020B40E00200C0F0020F0B58BB0EC
:10A030000E460D8849684A7A097A09F005FE00281B
:10A0400000D080E001273846314609F02DFE089007
:10A0500010240395284601973946224609F0E8FE68
:10A0600009900821394D30460291A84705900A21F0
:10A070003046A84706900C213046A84707900E218D
:10A080003046A8470746304604942146A84706466E
:10A0900008983043009704D00998FFF78DFD079F7B
:10A0A00012E034200999484329490968496B081886
:10A0B0008783079F87820699418205990182112132
:10A0C000C17040890AA90880224800685521405C77
:10A0D000C00738D0204800688069422155220623F5
:10A0E000FFF74CFC00282ED005460F30069B6B7303
:10A0F000039AAA720770009C6C7406710021099182
:10A10000297301996975190AA973110AE972390A43
:10A110004170210AA974310A4171284616300AA9F2
:10A120000222F4F7F3FB029868720F202872099854
:10A13000E8710498A871FF2068718220287142207C
:10A140002946FFF77BFC0BB0F0BDC0469598051083
:10A15000180F0020B40E00200C0F0020F0B587B0BF
:10A160000D4642790E8849684C7A944232D905905E
:10A17000082128460491FFF78DFB069606460A2122
:10A1800028460391FFF786FB07463046069900F004
:10A1900087FC22212B4A515C88424FD23421414313
:10A1A00029480068406B4018C178112946D1002F1A
:10A1B00044D0818B254A4A40974210D202461C3235
:10A1C000CE191680224909685522895C49070AD4AC
:10A1D00004202FE0012C33D1012AC8D130E0062120
:10A1E0000171012026E0408901901A4800688069C9
:10A1F00042214F2204230293FFF7C0FB002818D00E
:10A200000746B0B20090381D06992A46019B09F016
:10A2100035FE04987872052038720020F871039892
:10A22000B871FF2078718220387142203946FFF7DB
:10A2300005FC0298FCF770FDEBF757F805984471A0
:10A2400007B0F0BD7C0D0020180F0020FFFF0000BC
:10A25000B40E00200C0F0020F0B59BB01692024601
:10A260001AA80026067095780424254003D090791A
:10A27000172800D03AE112940C9320980D900846CC
:10A2800008211AAF14900E923A4609F00DFE0E9A6C
:10A2900001241472119696723F785772002D00D0E7
:10A2A000A0E013970B940821914D1590149C204623
:10A2B0000691A84707460A2120460F91A8470A9011
:10A2C0000C2620463146A84709900E2120460591CC
:10A2D000A84739460890159F002F079100D195E0B7
:10A2E000129838430428159700D0BDE00024119837
:10A2F000C0B2119012941398844200D1B4E060006F
:10A30000103081B21498FFF7C5FA03461298C0B214
:10A31000119988422BD20922002B23D0402B21D324
:10A3200010937F2B1ED822207449095C34204843A7
:10A330007149096800231A46984211D04E6BF518EE
:10A34000EF78002F0AD0F65A169FBE4206D12D8A0A
:10A35000109EB5420F9D00D015462A463433EBE7D8
:10A36000130607D01599080600D00A4615921398CF
:10A37000641CC1E70B9AA2400E9DAB7A1343AB72EB
:10A380003322D24315463435A842F0D04B6B9A188D
:10A390003726925D002A2A46F5D1581946890021B0
:10A3A0003422F4F7BDFA5448006801463031496858
:10A3B000169A4A533022835C5B1E83544819611CF1
:10A3C0008175109901824681079901814C4941802C
:10A3D00008998183099981820A9941821298401CC7
:10A3E0001290C4E717200D9D294609F0C7FB04947D
:10A3F00017A803900297129801901198009040229C
:10A4000016982946134609F06BFD6FE0022015905F
:10A41000002929D00846FF290E9D26D80A984028F1
:10A4200005D30999402902D33248814201D91596B2
:10A430001BE008980028159617D02F480068312196
:10A44000405C2E49097B0A1AD0B21399814200D888
:10A450000A4681420B9900D80021002802D01192AF
:10A460008F003DE70B2015900E9D0C980D9C21460A
:10A470002A4609F083FB1598E872224800685521A6
:10A48000405CC00732D020480068806942215422D5
:10A490000523FFF773FA002828D00146089F0775A7
:10A4A000099E86740A9D0574079B8373169A8272AF
:10A4B00006984872059808720020C8710F208871AC
:10A4C000139888754C730B980873FF20487182208D
:10A4D0000871380A4875300AC874280A4874180A7E
:10A4E000C873100AC8724220FFF7A8FA1BB0F0BD6B
:10A4F00095980510FDFF0000180F00207C0D00202E
:10A500000A100000B40E00200C0F0020F0B595B02A
:10A5100014460E461A9A194609F096FB002800D0F8
:10A5200019E10C940821904C3046A04705460A21B9
:10A530003046A04706900C213046A04704900E21DB
:10A540003046A0470795402D02900FD3024606984B
:10A5500040280BD385480699814207D804980028E3
:10A5600004D0012A02D0102A00D2FBE0122414AA3F
:10A570000025157008213046019109F095FC029ADA
:10A580000C2A00D9E1E001219140794A114200D121
:10A59000DBE010210C9C204609F038FE14A8057061
:10A5A0000A950EA805810F950E9511AF01200B900D
:10A5B000079803900895059509960A98A8426BD0CC
:10A5C0006800103081B23046FFF764F90646002477
:10A5D0000D973C8000280B9F1FD030460C9900F04F
:10A5E0005FFA2221634A515C884215D234210B461E
:10A5F0004343614A1268526BD318DB78002B27461D
:10A600000BD041435018062101710120FCF784FB57
:10A61000EAF76BFE0B9F00E02746012110220C9CFD
:10A62000204609F005FC2221524A515C88422ED274
:10A63000002F02D0FFF7C0FA29E0342141434E48F1
:10A640000068406B40188178090720D54189089F30
:10A65000FAB252000EAB995241890D9A1180112124
:10A66000C17004998183069981820799418206828B
:10A6700001897F1C0897272908D18089039989B20D
:10A68000814200D303902720059000E00591099EA8
:10A690000D9FBF1C6D1C90E7374800683121425C5C
:10A6A000089BD21842540598272806D1039881B2F6
:10A6B000DAB20EAB204609F0D7FD304800685521CC
:10A6C000405CC00747D00A984600701E0321014332
:10A6D0001531880883B22A480068806942215522D2
:10A6E000FFF74CF9002836D005460F30079A6A73F9
:10A6F000AC72069B0370049F6F7402990171012173
:10A7000029730A996975110AA973210AE972190A4C
:10A710004170390AA9740299090A41712846163014
:10A7200011A93246F4F7F2F8019868720F202872E6
:10A730000E36300AE871AE71FF20687182202871F0
:10A7400042202946FFF77AF905E0044305D010219D
:10A750000C9809F05BFD15B0F0BD14A800780A90C4
:10A760000C9C1EE7002402E795980510FDFF0000F1
:10A77000E41900007C0D0020180F0020B40E00200A
:10A780000C0F0020F0B599B00D4617A900240C71EC
:10A79000179414A90C81159414948178490700D555
:10A7A000ADE01746109011931E9E13AA1470042159
:10A7B0002846129109F078FB122800D18AE00A900D
:10A7C0000F963E4608212846FFF764F807460A21FF
:10A7D0002846FFF75FF80E97402F03D20E9C0546E0
:10A7E000374604E04028374603D20E9C05460F9EAC
:10A7F00070E06E4988420F9E04D86D490968498D02
:10A80000884202D90E9C054664E0059404942346D0
:10A8100008900C9713A909788C4272D207936000B4
:10A8200006900C3081B22846FFF734F80146032029
:10A830001290099100294BD022205E49085C0D90AE
:10A840005B4800680B90002214230D9890423DD085
:10A850000B98406BC6183146143909880C9FB942D1
:10A8600004D1311F0988099FB94202D03433521CE8
:10A87000EBE7314611390978112927D131461239D0
:10A880000978090722D50B9531460A3909881291B2
:10A8900014AF0699129D7D5217A90A55C05A049902
:10A8A00089B2814200D80490B01E0388059881B215
:10A8B000994208980B9D00D80593641C079B5B1C6C
:10A8C0000D998A420C9F0F9EA4D31BE00C9F0F9EF4
:10A8D0000E9C089D11983146109A09F04FF913A863
:10A8E000007814A9AAB2A3B2009301920290039136
:10A8F0001298C2B200213846334609F0F5FC19B06F
:10A90000F0BD2346059989B20E9C8C4202D20121EA
:10A91000129178E71D4604998BB20121002212930F
:10A920009842084600D3104613AB1B78012B00D881
:10A9300011460840411E02468A41510000282DD18F
:10A940000A9812282AD0EDB217AE089A002D27D007
:10A950003C4630783427474315480068406BC0199F
:10A96000C11C129B9A420CD25E220A700F9941714F
:10A97000192101710120FCF7CFF9EAF7B6FC089A1A
:10A9800001E05F2008700A480068406BC0194283EC
:10A990000E990183761C6D1E2746D7E7129198E722
:10A9A000002012900F9E0E9C154693E7FDFF0000BD
:10A9B000180F00207C0D0020F0B58BB014460E4619
:10A9C00008A900270F8109970897109D19462A4664
:10A9D00009F03AF9002857D108213046FEF75AFF0E
:10A9E000069022202949095C3420484328490968F7
:10A9F000049707972B460590B8422FD04D6BEA5B22
:10AA0000A24229D1EE19F2785B2A25D108461946CF
:10AA100023467289079CE5B26D0008AC6253069A22
:10AA2000002A04D01C460B46014605980FE0358BE2
:10AA3000B581728BF2813289272A1C460B4601466A
:10AA4000059804D1728A954200D315460495079A59
:10AA5000521C07921122F2703437CDE708A800216A
:10AA6000079AD6B2009101910296039001212046E7
:10AA7000069A09F039FC049881B2402904D908AB40
:10AA80002046324609F080FC0BB0F0BD7C0D002062
:10AA9000180F002080B50221FEF7FCFE80BD0000EB
:10AAA000F0B522220B4B9B5C0B4A14680022102548
:10AAB00093420BD0666B775B874204D17619103EC8
:10AAC00036888E4203D03435521CF1E71A46D0B294
:10AAD000F0BDC0467C0D0020180F002070B50B495A
:10AAE000C97A14224A43143209490B6800210D46E1
:10AAF0000C461434A24206D0DE6A755B85422546B8
:10AB0000F7D131191439084670BDC0467C0D0020BC
:10AB1000180F0020F8B5009222230E4CE45C0E4B77
:10AB20001A6800230A269C4211D0576BBD5B8542F0
:10AB30000AD1BF193D460A3D2D888D4204D1FD1F23
:10AB40002D78009FBD4203D034365B1CEBE72346D3
:10AB5000D8B2F8BD7C0D0020180F0020F0B52222DD
:10AB60000D4B9B5C0D4A146800220A25934210D0BD
:10AB7000666B775B874209D1761937460A3F3F8873
:10AB80008F4203D1F61F3678012E03D83435521C7C
:10AB9000ECE71A46D0B2F0BD7C0D0020180F002063
:10ABA0000022CA61426811601C314160704780B563
:10ABB000017A8A0901219143001F09F0F7FB80BD4A
:10ABC00001460068C2690A60002A00D1496000217C
:10ABD000C1617047F0B5C1B00C4634264643214FE1
:10ABE0003868406B80192121415C022908D0012975
:10ABF00036D10621A1816188891E618084622FE09F
:10AC00001D4602AB019320462946154608F05FFB1E
:10AC10003868406B8019806A4768204608F060FBFE
:10AC20000146384608F061FB0E480068406B811908
:10AC3000886AC98C891D89B22A46019B08F05BFB92
:10AC400008480068406B8019C18C4919826A51809C
:10AC5000806A891D89B200F006F92046FFF7A7FF38
:10AC600041B0F0BD180F0020BCB50C46002813D031
:10AC700025882046FFF70EFF0146284604F016FF00
:10AC8000002809D06088002806D0A1891F2908D88B
:10AC900001A8018060680AE02046FFF788FF0020D5
:10ACA000BCBD606801AD2A4600F0BAF8298840189A
:10ACB0000079C10704D11B2808D01D2806D009E05F
:10ACC0001E2803D302210843232803D1204609F07C
:10ACD00081FBBCBD204609F061FCBCBD10B5342130
:10ACE00041430E4A1268526B54182021615C0129BD
:10ACF00013D108F025FF618C411A00D200210029F0
:10AD00000BD0012901D1022807D8E180162020713B
:10AD10000120FCF701F8EAF7E8FA10BD180F00204F
:10AD20000268CA61002A02D10A461C3242600160F0
:10AD300070470000F8B51C4615460F460646FFF75B
:10AD4000CDFE00281BD038463146FFF707FF2221F1
:10AD50000C4A525C1221904212D2002D10D03421A4
:10AD60004143094A1268526B5218D3780C21112BB7
:10AD700006D1528AAA4203D32070002100E00221AA
:10AD80000846F8BD7C0D0020180F0020074A126805
:10AD900054321268002A07D01388834202D15388A4
:10ADA0008B4201D00C32F4E710467047180F002098
:10ADB000E0B501AB1A70120A5A70022208F09BFA31
:10ADC0008CBD000070B50C460546094806685C3627
:10ADD0003668002E09D03088A84204D13046FFF7EB
:10ADE00059FEA04201D01C36F2E7304670BDC04685
:10ADF000180F002003688B4209D01A46DB698B428A
:10AE0000FBD1CB69D361002B07D11C3204E0CA69A6
:10AE10000260002A01D1024642600020C8617047EA
:10AE2000002908D0002809D08BB2202B04D3006859
:10AE300020390B04F6D100211180704700207047A3
:10AE400010B50024C46109F00FFC842800D08124CF
:10AE5000204610BD00210068002802D01C30491C8B
:10AE6000F9E788B2704780B50A46017A8B0901215B
:10AE70009943406809F068FC80BD000080B50A462F
:10AE800001460248FEF780F980BDC046780D0020DB
:10AE900010B5122400280ED0002A0CD00B2B0AD893
:10AEA00041700370036A5954491E4B1CFAD3026166
:10AEB00000240475C061204610BD002801D0302058
:10AEC000704720207047000080B512200421FFF752
:10AED000D5FF0449096894228958C96B09684863F9
:10AEE00080BDC046B40E002003480068942140583D
:10AEF000C06B00687047C046B40E0020F0B589B042
:10AF00000446FE26855BC76CF3F797FDE321625C80
:10AF1000324062543521090146187D4368003018DB
:10AF2000EFF3108172B6616CC943401800D487E01A
:10AF300007972046E2300890304609F041FC00288F
:10AF400004D041490968C97B03296FD10690204686
:10AF500031300590204642300490606C801B002602
:10AF600008214AB2002A0CD4CBB22A469A40904219
:10AF700002D301279F40F619821A00D31046491EBA
:10AF8000EFE70899888B4643049A1088801B10804D
:10AF9000B5B2059F387C097801290FD11646FBF719
:10AFA0002CFD36883A7C00230093019002932146C1
:10AFB000BC311046324600F03CFB10E0FBF752FD7E
:10AFC0002521081A089046433878301880B209F0D5
:10AFD00011FC38700899081880B209F00BFC014682
:10AFE000387CFBF77FFE07984543606C401B60642C
:10AFF000608D294609F00EFCA26C824204D9121A17
:10B000000D2A00D80D22A264606E40196066E06EC1
:10B0100051000918606C821A387C09F005FC06980A
:10B0200000280DD1387CFBF789FE09E0089A50789A
:10B030000121014351701420FBF76EFEEAF755F928
:10B0400062B609B0F0BDC046B80E0020F0B58DB0B4
:10B050000746ED20385C39462C310028079161D035
:10B06000FF2403945634192000013D18384609F096
:10B07000E5FB03280AD12888010707D50021E971DB
:10B08000082290432880384609F0DEFB0B953819DA
:10B090000490384609F0E9FB00280A9774D0112083
:10B0A00000013D1807980479012100262846324600
:10B0B00009F0EAFB074628463146324609F0E4FB30
:10B0C00038430A9F60D10C940021384609F0F2FB06
:10B0D000064641788478079802782046099109F05D
:10B0E000EFFB00284AD00498807804280AD10498FD
:10B0F0000078A04248D001223046294609F09CFC45
:10B10000002841D10398163038188178042900D1DD
:10B11000D3E1012935D1079802782046099909F031
:10B12000A9FCD3E148780024002800D1C2E13E46C2
:10B13000B436B86F3D467835497D0C91002801D072
:10B1400009F00EFD2846FEF71FFB03CE09F028FD8F
:10B15000079D6978788F09F037FD384609F06AFD58
:10B16000287909F07FFD2879EBF79EFE002800D1B1
:10B17000A0E1012028700C9868759BE10C9809F0FB
:10B18000B7FD384609F0C6FD452080003C18112067
:10B1900000013818069000200890C5430B9E012D31
:10B1A00000D186E1681C0C90308803210991084089
:10B1B000012808D1B079FF2805D0384609F03EFBB8
:10B1C000002800D1ACE0E078401E042800D93AE124
:10B1D0007844007940008744022B617D9200002D65
:10B1E00000D1BCE00A9809F040FB002800D12AE118
:10B1F00004988078042804D10B980088400700D474
:10B2000021E1002101220A9809F08CFD00280B9D04
:10B2100000D111E107980079002108F0B3F8002867
:10B2200000D109E1A078400600D403E1052002E145
:10B230000A9809F003FB05900C98C6B20122069FFC
:10B240003846314609F020FB054600223846314693
:10B25000134609F053FEA178C90600D4F3E005991E
:10B26000002900D0EFE0002D00D0ECE0002800D055
:10B27000E9E0207809F05AFE074601250A98294698
:10B2800009F018FB034607980079062231461E464E
:10B29000B847A078C1076AD1E570D4E00A9809F0F0
:10B2A000CDFA032800D0CEE0207809F03FFE064614
:10B2B000079800790C99C9B200252A462B46B04759
:10B2C00060700A98294609F0BFFAA078C10768D1D2
:10B2D0000120B7E00A9809F0C8FA002800D1B2E0CE
:10B2E0000C98C5B203220A9E3046294609F01AFD81
:10B2F00000285DD0A078C10776D1012093E00B989B
:10B300004088800700D49EE0207809F00FFE0028D6
:10B310007BD006460B98408840076DD508226CE02C
:10B3200001263846314609F0C5FA02218170417084
:10B33000099A02700B9A9279C2700B9800880843A0
:10B340000B9908803846314609F07EFA0798007953
:10B350000422002331460B9E08F03EF8A6E0049834
:10B360004078C0076FD00220049988706BE009997B
:10B37000E17003996170EF210840A07001250A98DF
:10B38000294609F061FA70780821801CC0B200914A
:10B3900001900296002029462A462B4609F0D3FD4B
:10B3A00051E040063CD46078FF284AD0042049E0B0
:10B3B000284609F0C9FD0B9909884A072BD4820158
:10B3C000B218039B1833D25C042A03D0002822D180
:10B3D000012A20D1042001430B9801801520FBF79E
:10B3E0009BFCE9F782FF2EE040061BD46078FF2823
:10B3F0000B9A1AD1022017E00722079800790C99BE
:10B40000C9B20023B0470120E0700B9A5088062192
:10B410008843508017E0042081430B98018012E09C
:10B4200005200FE005200B9AE07010880421884366
:10B43000108008E00220E0702888042188432880DA
:10B4400001E00220E0700B9E3088C0060A9F26D5DE
:10B45000384609F0F3F9002821D10021012206988D
:10B4600009F012FA00281AD101263846314609F0AF
:10B4700021FA0721817002214170099901700B990D
:10B48000C979C1700B9800880821014310208143BD
:10B490000B980180384631460B9E09F0D5F9E078CB
:10B4A000FE210140022901D10120089040340C9D69
:10B4B00075E6089CE0B20DB0F0BD0078A04200D166
:10B4C00062E600223046294609F0B6FA002800D08C
:10B4D0005AE656E602480068942140587047C04634
:10B4E000B40E002010B50C4609F031FD002804D040
:10B4F0002068C06F411E884110BD002010BDB0B54E
:10B500000446C58DFB20E0850021204602F0CEFDDB
:10B51000E5858030B0BD0000B0B50C46154941430B
:10B520000D0A154988420DD301201070144A0021DC
:10B5300028460B46FAF7AAFB681A40084018000A8A
:10B5400010490CE0002111700C4A28460B46FAF70E
:10B550009DFB681A4008401800091D21C94341435A
:10B560002060481900022721C90040180149FAF754
:10B5700014FBB0BD710200001F89010012111111EE
:10B580004F1BE8B4D4FEFFFF70B50D460446401CC7
:10B59000002625223146F3F7C3F93046252E0CD27A
:10B5A00007213140F208AA5CCA40D10703D0C1B2DA
:10B5B00061184E70401C761CF0E7207070BD0000D2
:10B5C00080B503480068008B09F0CEFC80BDC04602
:10B5D000B40E002010B5012000F007F8044609F071
:10B5E000D3FC0028F7D0204610BDE0B501A8F3F742
:10B5F000F9F901988CBD0000024800688C21405880
:10B600007047C046B40E00207FB515460A46044672
:10B6100003A80290089E01960093012021462B4624
:10B6200009F0FAFC002E02D07321039A625404B090
:10B6300070BDF0B58BB0059317460D4609A9FBF711
:10B64000E3F9119C10980690002818D00495129EDA
:10B6500000250698A84210D00498039009A80290EB
:10B6600008A8019007A80090EBB220463946059A39
:10B6700009F094FD70556D1CEBE730780AE00395F6
:10B6800009A80290002201920092204639461346F2
:10B6900009F084FD0BB0F0BDF0B58DB009920A90B1
:10B6A0000120169E3446044002220394002C089088
:10B6B00000D010463240039F00D007460192320965
:10B6C000089810400890F5087007C00F0C90B0075C
:10B6D00017980B9042D00B9800281FD11398069012
:10B6E0001298059000930A9C204607920291FBF75E
:10B6F0000EFA20460999FBF721FA20460099FBF73C
:10B700003FFA20460299FBF7D4FA20460599FBF749
:10B710004AFA20460699FBF71AFA079A7408039822
:10B72000002813D00C98002804D10A980792FBF740
:10B7300070FA079A0B98002808D10A980792FBF72D
:10B740002FF9FF210A98FBF724FA079A0C98204258
:10B7500004D00A981446FBF792FA224618980990EA
:10B76000159C1498069008200640089880190590AA
:10B770001543012002900540079500250497BD421E
:10B780007ED0681E2E4686410C9846400B980028B5
:10B7900002D0002E3ED15FE0AF00E059FBF752F837
:10B7A000E059FBF75AF8E059FBF799F8E0590146E0
:10B7B000FBF79CF80698C159E059FBF763F8E0598C
:10B7C000FBF72DF8E059FBF771F8E0590A99FBF700
:10B7D0009CF8E7190998032809D00998012801D194
:10B7E000002E04D10998022804D1002E02D1386815
:10B7F000FBF799F83868FBF737F83868002E1ED049
:10B80000FBF7BBF83868FBF7AAF839680A98FBF72A
:10B810003DFA049F0798002830D00898002801D0EE
:10B82000029801E00298401B03990029294600D0A4
:10B830000146C8B280002058FBF768F81EE0FBF70D
:10B8400079F83868FBF792F83868FBF735F839680B
:10B850000A98FBF7E5F9049F059800280ED001200F
:10B860000899002900D1401B01990029294600D0E0
:10B870000146C8B280002058FBF740F86D1C7EE7F7
:10B880000DB0F0BD801EC0B2032801D3002002E03D
:10B89000C1000248C840C0B27047C046010406005B
:10B8A00010B5846FC06FC721405CE1683E3909F074
:10B8B000D5FC01468C20205CFBF76BF910BD70476E
:10B8C000F0B588B007932C2747431A480668F0194B
:10B8D000847C012C2BD103461233149D0695139DB5
:10B8E0000595129D0395119D0295049110990F9D48
:10B8F0000E9C009401920D9A079C44608260009A0D
:10B90000F2511F22154045751140817501210175C5
:10B91000019AC27401820299C16103990162059979
:10B920004162069981620499C1600220187008B0D2
:10B93000F0BDC046BC0E00207CB504460026019632
:10B94000684606701648814200D90126814207D90F
:10B95000002A03D000221146164610E0114A891829
:10B960004B1E0022834209D201AA6D4608461146A9
:10B970002A46FFF7D1FD2A78019901E011461046C9
:10B9800021705301C904C90E5918002A01D10A4671
:10B9900001E040220A43002E00D10A4662707CBDBD
:10B9A000AE5B0F0052A4F0FF2C2242430148006816
:10B9B00081507047BC0E0020B630002A00D10388A9
:10B9C000807D0B700F2212021A4000038018000ABB
:10B9D000487070477CB5154604465E1E00208029DD
:10B9E000024608D301AB6A4608461946FFF794FDA4
:10B9F0000098C20101983F210D40154325706070E9
:10BA00001F21090400020840022E00D302267105FE
:10BA10004018000CA0707CBD10B5F2F7F0FF044692
:10BA200009F026FC201840B210BD80B5C06FBE21C1
:10BA3000405C09F029FC411E884180BD7047000030
:10BA40001CB500F0E1F80749884209D00402FFF76D
:10BA500041FD0068001901A9FFF744FD01981CBDD4
:10BA600000201CBDFFFF000080B5FDF725FB2C2149
:10BA70000022425480BD0000FF280BD02C214143FE
:10BA8000054800684018817C082901D0102100E099
:10BA9000202181747047C046BC0E0020FFB5029380
:10BAA000039242220446805CFF282BD0267D01238E
:10BAB000627D9642009301D89A1B01E0B2188A1A5F
:10BAC000A37D22340194D2180024D2B2E7B2974267
:10BAD00018D2A319DDB28D4200D35B1ADBB28342C8
:10BAE00001D0641CF2E702990029019800D00846B1
:10BAF000009BBB400178039A002A01D0194300E063
:10BB000099430170FFBD0000F8B50C46876FB97C02
:10BB1000B868FE68009171430D183220294609F07B
:10BB2000B5FB002C04D04108691AFA6B8918216012
:10BB300009494E43330A7A7C5200FC696468A218B2
:10BB40005278009C121B521C5A43D23A00D2002257
:10BB50004143480A1018F8BD71020000F8B50D46BF
:10BB600007466D203B5CF86FC721445CB9880A200A
:10BB7000224609F0A3FBC0B201213A4609F0FCFBC2
:10BB80000646002D07D100253846294609F035FC28
:10BB9000002800D00578032C01D0142200E00022F8
:10BBA0007019401CC1B2204601F066FFF8BD70B5A7
:10BBB000012A1DD10646C06FC721445CB0884021D0
:10BBC00001438B20002522462B4609F077FBC0B2AB
:10BBD0000121324609F0D0FB0838C1B2032C00D055
:10BBE000142520462A4601F047FF02463E3201E076
:10BBF000C8684243104670BD024800689021405812
:10BC00007047C046B40E002070B50446FFF762FCD2
:10BC10004D21415C094D0022BE2391420BD00668A4
:10BC2000F65AA642164600D02E4601252D025B1973
:10BC3000521C3546F1E7A8B270BDC046FFFF0000B8
:10BC4000904201D8884201D21220704700207047EC
:10BC50000148006880687047B80E002070B58AB04F
:10BC60000C46054609AA08AB0846294609F0D2FB4E
:10BC70006F20285C002803D028466F30427800E00F
:10BC80000022687A00280ED003AE284621463246AC
:10BC900009F0F7FBA98800950196002201232046B0
:10BCA00009F006FC16E0E86FC721405C09A9097895
:10BCB00001F0E2FECD30AE6F7060A98830460830EA
:10BCC0000095019000220123204609F0F1FB41423A
:10BCD000414131700AB070BDF0B58BB01D46009087
:10BCE0006E48077F8F4200D30F46E86909902846C7
:10BCF000223007900020002A06460890059004464E
:10BD000045D1079802784378FF2058401040002220
:10BD10000346DC0705D1D4B2BC4202D25B08521CF8
:10BD2000F7E7D3B20893002B0ED0EB7D7F241C40A5
:10BD3000AB7D1B195E1CF3B200248B4200D3264658
:10BD40008B420CD205940CE0E97D7F200140491C18
:10BD50004AB2002A00DA0146E97500249BE001237B
:10BD600005930028344601D02B7D9C18621A04925A
:10BD7000D2B206923246F6B2069BB342164600D8BD
:10BD8000049AE3B28B4200D31446089AD0406E75F1
:10BD90002C750AAB18703819421ED0B28842104672
:10BDA00000D3501A0696F6B2E4B2B44200D8104658
:10BDB000C2B28A4200D3481E069A821A521C0192CD
:10BDC000D6B2F21B00240296BE4200D22246801A4E
:10BDD000A875012204952846FFF760FE0A98079986
:10BDE00008704C7003970898381A0790099FE6B2BC
:10BDF0000798B04214DDF00039680818089AA218B4
:10BE0000D5B2EA0089180822F2F780FD700079683F
:10BE100008186A0089180222F2F778FD641CE6E728
:10BE2000E0B2C400049D039FBE4209D20998006895
:10BE3000001900210822F2F773FD0834761CF3E79D
:10BE40000298874200D3019F154800683D21415C5C
:10BE50008906059C069E1CD53D30407B400618D5C2
:10BE6000104800684069A1213D220223FDF786FDAC
:10BE700000280ED00146877246720098087227206B
:10BE8000C871042088713E224A710871A120FDF713
:10BE9000D5FD8020E87520460BB0F0BD7C0D00205C
:10BEA000B40E00200C0F0020F0B58DB0044695486C
:10BEB00000682C21405CC007C50E6F20C6436E4051
:10BEC000EAF742FF904909683D228B5C202213402B
:10BED0003D31002866D0002B00D110E1887BC007DF
:10BEE00063D0002D00D11222A08A0C90A77DE07DA6
:10BEF0000890608A0B90208A0990A0890A90206897
:10BF0000059060680790A0680690207E0390607E90
:10BF10000490E589A07E02907C4800680069F1B237
:10BF20000A23FDF72BFD002800D1E8E00446019725
:10BF300007461F374572039820730498E0720298F1
:10BF40002072280AA07220460D30062505992A463F
:10BF50006F4B98472046133006992A466C4B9847FA
:10BF60006B4B2046193007992A469847212009999A
:10BF700021542520089A225420462130090A417074
:10BF80000A99080A787039700B99080A7871397122
:10BF90000C99080A787239720198F871201D2921CC
:10BFA0002222A2E0002B00D1A9E0887A800745D4A4
:10BFB000487AC00700D1A2E008200543E07D0C903C
:10BFC000608A0B90208A0990A0890A9020680890C6
:10BFD000207E0690607E0790E789A07E05904B4802
:10BFE00000680069F1B206232A46FDF7C7FC002865
:10BFF00000D184E004460546133547720698207345
:10C000000798E07205982072380AA07220460D3019
:10C0100006220899F2F77AFC0999080AA075617559
:10C020000A99080A687029700B99080A68712971C1
:10C030000C986076201D0121132256E0002D01D0BE
:10C040001C2200E00D22E07D0A90678A208A0B9076
:10C05000A0890C902068079060680990A0680890FB
:10C06000207E0590607E0690E589A07E049027489A
:10C0700000680069F1B20923FDF780FC00283ED07A
:10C080000446039707461F374572059820730698A4
:10C09000E07204982072280AA07220460D3006250E
:10C0A00007992A461A4B98472046133008992A4682
:10C0B000174B9847164B2046193009992A4698473E
:10C0C00021200B9A225425200A992154201D214613
:10C0D0002131120A4A700C9A110A79703A70039A47
:10C0E000110A79713A710A211F22042323713E2318
:10C0F0004370E171A271F0B22146FDF79FFC0DB0D3
:10C10000F0BDC046080F0020B40E00200C0F002028
:10C110000DE90410B0B5856F09F0AEFAFF280FD015
:10C120000446C000E969096808184168A120002296
:10C1300009F0DCFA0120A04023216A5C02436A5422
:10C14000B0BD000003480068942140584068806BEF
:10C1500000687047B40E00200448006894214058DD
:10C160004068806B006840687047C046B40E00208D
:10C1700005490968942289584968896B09684968A2
:10C180008968C00008187047B40E00200B49096880
:10C19000942289584968896B096809688C39084A6A
:10C1A000927F521C521E05D0D623CB5A8C3183422B
:10C1B000F8D100E0002108467047C046B40E0020C8
:10C1C0007C0D0020B0B5417A827A12025118C27AF1
:10C1D00012048918007B00060D180024204600F088
:10C1E00021FD4A300A49897F0A4AA1420AD00388C0
:10C1F000934204D00346223B1B68AB4202D08C30F2
:10C20000641CF2E78C4201D30020B0BD0120B0BD18
:10C210007C0D0020FFFF00000A4800689421405870
:10C220004068806B006800680749897F491C491E87
:10C2300006D08222825C8C30FF2AF8D18C3870477D
:10C2400000207047B40E00207C0D002010B50E4871
:10C250000168283100200D4AD37A98420BD2EFF3BF
:10C26000108372B60B46163B1C78002C05D062B6C4
:10C270002C31401CF0E7FF2004E000220A6001217D
:10C28000197062B6C0B210BDBC0E00207C0D00203B
:10C29000F8B5054600F0C6FC0446476900268C2226
:10C2A0003146F2F73DFB7C20FF2121544020084A13
:10C2B000225220467C3045726761817121464031AF
:10C2C000044A4A81F143A1627F218172F8BDC046D0
:10C2D000FF0F0000FFFF0000F8B50446C0062DD494
:10C2E00015460F460093184800686107C90E4018AC
:10C2F0000069511E03220A43093291088BB2402281
:10C300002146FDF73BFB00281AD00646C57287720E
:10C310000C3000992A46F2F7F9FA002777720620C6
:10C320003072281D010AF171B071FF2070718220F6
:10C33000307120463146FDF781FB02E0862700E0A0
:10C3400007273846F8BDC0460C0F002010B502463E
:10C35000401AC317C4185C400123DB039C4207D971
:10C36000891A994202DD0448401A10BD014940185B
:10C3700010BDC0460100FFFFFFFF000080B5400771
:10C38000000F024A105A08F081FF80BDF8500710D4
:10C39000B0B50C46850009F0DBF900684451B0BD2A
:10C3A000F0B583B00B4602460E4C206894254059E8
:10C3B00081684868896802AE01270097019600F0FD
:10C3C0003FFC00280BD0206840598068406802A9D3
:10C3D0000978C9004018C1797F20084000E080201A
:10C3E00003B0F0BDB40E0020F0B589B00C46014694
:10C3F00000680F1DE0CF0543354300203D4313D0B7
:10C400000890079006900490039002900190074DC9
:10C410002A40059205A801AA09F0A4F9019828402C
:10C42000210A411A4842484109B0F0BDFFFFFF0010
:10C43000F0B585B00C46C778049082780025CD8190
:10C44000FF2008747F21A182E0743C49A16025602F
:10C450003F210A40D31C6373002A03D0FA0704D09B
:10C460000A2203E00025656065E00422BB0700D5D1
:10C47000921D7B0701D4164605E0049B9B5C9B093B
:10C480002374012616433A07039511D52C4A049BC1
:10C490000191995D02919B195B781D09E574039DDB
:10C4A0001B0202995B18019923811A406281B61C14
:10C4B000FA061CD5049B9A579B195D7802959B78C8
:10C4C0005506ED0FA5731140E1735909A174D90602
:10C4D000C90C029BC918002A03DA1A484843400ACB
:10C4E00002E08A3048434009039D2060F61CB806EC
:10C4F00009D504988119204616301222F2F706FA5F
:10C50000012060751236780603D50498805D207589
:10C51000761C606800280FD0617B891B0A060AD050
:10C52000CAB2257BAA4200D80D46EAB2F1B2049BFA
:10C530005918F2F7EBF9257305B0F0BD0000FF0FB5
:10C54000FF0F0000C3F50000F8B50546C07F0127C6
:10C550001F702C4640347F35002A009102D16A7842
:10C56000012A0CD1CA7CFF2A04D0824204D1287847
:10C57000400714D4002419E00124002714E0268881
:10C580000024164A964211D04A89B2420ED0C97C84
:10C59000002481420AD001202746044604E048894D
:10C5A00021880024814201D1002018701E46FBF72B
:10C5B00017FF002F10D001280ED1287800070BD5C7
:10C5C0000098007CFF2800D104206979C140C80789
:10C5D00002D00020307002242046F8BDFF0F00007A
:10C5E0007047F0B585B00090002A42D00C46009804
:10C5F00001464A31049106467F36571E01464C31AA
:10C60000029144300190012000250396C0B2205CC5
:10C610002C281AD0282824D10120B072E8B23E4636
:10C620000719F91D02220198F2F770F9B91C374673
:10C63000039E05220298F2F769F9049A907941095C
:10C6400031711F21014091710BE03078000708D44F
:10C65000E8B2201833790099CA6A0499098809F068
:10C6600085F8E8B2205C2818451CE9B2481C8F42C6
:10C67000CCD805B0F0BD00207047F8B50D46044693
:10C68000066B4E4331462A4609F071F80027002810
:10C690001DD02046314609F07BF8002817D02046EF
:10C6A000423022467A32FF21117000219171E16AF5
:10C6B0008919E16203885B190380E06B4008091A5D
:10C6C000107AFFF771F9204609F077F8012738460C
:10C6D000F8BD0000F0B58FB004467F20205C000755
:10C6E00070D52746483725467C35FFF72BFDFF21BF
:10C6F0000490018109A80026067369798173E9799C
:10C70000C17379884181E978F7220A40EA70E17FB4
:10C710000174217E03914173216B490AC180204637
:10C7200019300990EAF710FB0128314633463046AC
:10C7300010D1029767693E203E5C386B2249F9F7B9
:10C740002CFA0190786B7D21F9F727FA019BF96AA1
:10C75000029F490A09AA1075D374917456742878F7
:10C76000FF2820D0FCF7A8FC0546FBF737FE012880
:10C7700011D1A069E16905AA009206AA07AB09F0E8
:10C7800039F8002807D002200799014309A841730E
:10C7900007A8401C0990698F09A881803988018108
:10C7A000EAF738FB0EE004980C3009F06DF8E87BEE
:10C7B000002804D002200399014309A8417309A865
:10C7C000EAF72EFB0FB0F0BDE204000080B5EAF7F7
:10C7D000BBFA002809D0074800683D21415C890662
:10C7E00003D53D30407BC00601D4F72080BDF42046
:10C7F00080BDC046B40E0020044800685E21405E43
:10C800000D2141434031C8117047C046B40E00208D
:10C810007047002101717047F0B585B02149096862
:10C820003D228A5C92063BD53D31897A490637D54F
:10C8300001680491847AC17A0191417A0291417B25
:10C840000391057B8788601E032101430D31880811
:10C8500083B2154800684069A1212922FDF78EF8AE
:10C8600000281DD0064607728473019870730298E1
:10C8700030730398F072B572380A707230460F3018
:10C8800004992246F2F742F80F20F0710834B4718F
:10C890003E20707104203071A1203146FDF7CEF8A2
:10C8A00005B0F0BDB40E00200C0F0020F0B587B02D
:10C8B000264909683D228A5C920645D53D31497B6F
:10C8C000C90641D501680691847AC17A0491017A3A
:10C8D0000591C788417A0191417B0291017B0391C7
:10C8E0008588601E032101431131880883B21848EE
:10C8F00000684069A1213B22FDF740F8002823D0C1
:10C900000646477305724474049830740598F073B2
:10C91000019830730298F0720398B072380AB073BD
:10C92000280A70723046123006992246F1F7EEFF5F
:10C930002520F0710B34B4713E20707104203071E9
:10C94000A1203146FDF77AF807B0F0BDB40E002003
:10C950000C0F0020F0B587B0284909683D228A5C99
:10C96000920649D53D310B228956002944D5C17B19
:10C970000691C1880491817B059101680391417BF7
:10C980000191017C0291468904898788007B00908F
:10C990001B480068006980212E220623FCF7EEFF69
:10C9A000002829D005464673C4724772019828743E
:10C9B0000298E87300982872300AA873200A287336
:10C9C000380AA8722846113006220399F1F79EFF13
:10C9D0000499080A687629760698A8760598E87575
:10C9E0001820E8711420A8713E2068710420287175
:10C9F00080202946FDF722F807B0F0BDB40E0020D4
:10CA00000C0F0020F0B58BB0304909683D228A5CDC
:10CA1000920658D53D31497B890654D5017D069152
:10CA2000C17C0791817C0891417C0991C17B0A916D
:10CA3000C1880491817B059101680391417B01913B
:10CA4000017C0291478905898688007B00902048F7
:10CA50000068006980213C220723FCF78FFF002833
:10CA600031D004464773C57246720198207402980B
:10CA7000E07300982072380AA073280A2073300AE5
:10CA8000A0722046113006220399F1F73FFF049966
:10CA9000080A607621760698A0770798607708984C
:10CAA00020770998E0760A98A0760598E075262008
:10CAB000E0711820A0713E20607104202071802058
:10CAC0002146FCF7BBFF0BB0F0BDC046B40E002002
:10CAD0000C0F0020F0B585B0224909683D228A5C20
:10CAE00092063CD53D31897A890638D5C17B0491BF
:10CAF000C688817B039101680291417B0091017C92
:10CB000001914789057B1848006800698021282227
:10CB10000523FCF733FF002821D004464772009814
:10CB200020730198E0722572380AA07220460D30F9
:10CB300006220299F1F7EAFE300A6075267504981C
:10CB4000A0750398E0740E20E0711020A0713E20C3
:10CB500060710420207180202146FCF76FFF05B032
:10CB6000F0BDC046B40E00200C0F0020F0B589B017
:10CB70002A4909683D228A5C92064CD53D31497BA1
:10CB8000090748D5017D0491C17C0591817C0691FE
:10CB9000417C0791C17B0891C788817B0391016823
:10CBA0000291417B0091017C01914689057B1C48E3
:10CBB0000068006980213A220623FCF7DFFE002886
:10CBC00029D004464672009820730198E0722572BD
:10CBD000300AA07220460D3006220299F1F796FE27
:10CBE000380A607527750498A076059860760698CF
:10CBF00020760798E0750898A0750398E0742420C3
:10CC0000E0711420A0713E2060710420207180200A
:10CC10002146FCF713FF09B0F0BDC046B40E00205A
:10CC20000C0F00208C214143044800689422805856
:10CC30004068806B0068006840187047B40E0020A0
:10CC4000F0B587B0044608060D9D52D00195FF202F
:10CC500015468543012605930C9B1F4600963740D9
:10CC600003977E421640F2B252190692254D059F57
:10CC70003A462A401E469D07ED173D4004900306A4
:10CC80002B409B18022030400290481E0590C8B2ED
:10CC900041080026C8B2C200A018456802980028C2
:10CCA00001D118480540A0580246049FBA43039F8B
:10CCB000002F01D1384600E0C0B282180698904299
:10CCC00001D1AB4218D0AB4203D804D106989042B0
:10CCD00001D94E1C01E0481E05900598801BC0B28A
:10CCE000401CC2B2510889198242D3D00020019D54
:10CCF00004E00021084601E0019D0098297007B07A
:10CD0000F0BDC046FFFFFF00F0B585B0044620200F
:10CD1000205C00281AD061684888022506286CD358
:10CD200040022268526B824267D90B78012082034D
:10CD300049780E0232401F273F023740FB18890610
:10CD400041D4002A59D11E21594341E02668374673
:10CD50007F37207E8207D20F3A7301252840207644
:10CD60007F20305CC00708D1A069B169814244D1FD
:10CD7000E069F169814211D03FE0A0690290E06969
:10CD80000390CB68096904A8032200920190184619
:10CD9000029A039BFFF754FF00282ED0387B00280F
:10CDA0000BD0FEF729FF0021012232627162213689
:10CDB000011D06223046F1F7A9FD6068FFF702FA6F
:10CDC00000281AD1A7E74B26B1005943002A03D106
:10CDD0000029054607D110E02046203000780028C1
:10CDE0000BD0F00309184B208000090208180C3002
:10CDF0000349F8F7D2FEE0600025284605B0F0BDF3
:10CE00007102000010B50446EFF3108072B6822064
:10CE1000205C2C2141430A4A12685118897C01295F
:10CE200005D100F03BF8204608F02FFD05E08234E4
:10CE3000FEF722FE207808F087FD62B610BDC046DE
:10CE4000BC0E00208C214143054800689422805884
:10CE50004068806B00680068401840697047C046B1
:10CE6000B40E002010B500242046FCF725F90A492D
:10CE700009683422895C2C30A14207D00278002A4C
:10CE800006D03322D2008018641CF5E7FF2401E0AD
:10CE900001210170E0B210BD080F0020FF2806D06C
:10CEA0002C2141430248006840180021418270470C
:10CEB000BC0E0020F0B51F22024020239E1A002342
:10CEC000DC432546F540401E4009C0B2042B0DD07E
:10CED000002A274600D02F469842264600D13E46DB
:10CEE000984200D2002640C15B1CEFE7F0BD000075
:10CEF000F0B5ABB00746C07AFCF7DEF80646FDF7A2
:10CF0000F3FF1E903D682220295C1F2216921140DB
:10CF10002954687D1090A87B1F90E87B1890287C8E
:10CF20001A90687C1C90A87C1790E87C1290287D51
:10CF30001590A87D0A90E87D0E90287E1490687E5A
:10CF40000F90A87E1190E87E0C90287F1390687F48
:10CF50000B9028781B90284622304478B87BF9F74C
:10CF6000B8FD209000F0D0FD0D90422000223252FA
:10CF70002D203254F0203250EC203254E4207F2116
:10CF800031542F2007213154099416980440312040
:10CF9000199434542197B87B41217054F87A302188
:10CFA00070548820305802608420305802608020FD
:10CFB000089032503746F0371D927A60012434854C
:10CFC0000F98000214994018149080B203210F9119
:10CFD000890241434002F0640B980002139A8018C2
:10CFE000139080B200037166B06612980002179920
:10CFF0004018159909044018159070650C980002A6
:10D00000119940181190308708F0CEFC219BED213A
:10D010000C947454708719200001301817901898D8
:10D0200000021F9940181A99090440181C99090612
:10D030004018189030462C301F903246E2321E3590
:10D040001A950D980128129206D1187C012803D157
:10D0500020201B99084004D1187BFE2101400229A1
:10D060001BD101201070987B1A9C2146F9F76FFDA7
:10D070003546BC3528462146FEF786FA1F98407D86
:10D0800000220092189901910292294619921346A2
:10D09000FEF7CFFA219B1D9001E01D9810703446D9
:10D0A00090349F20B877F948B883F9487883179A65
:10D0B0001088202188431080D87A08F0A7FC292006
:10D0C000C500A9200701E9F7CFFC0128209916D156
:10D0D0001E9800891B280DD1042907D11E98C089EC
:10D0E000B84207D11B20A08020800EE01E988089C6
:10D0F000A84204D0179B1888089A104318801B2058
:10D10000A0802080042900D02F460E980502278198
:10D11000E780A7811B2060816080678227821E9F35
:10D12000F88A1C94E081219CE07A08F071FCE07A96
:10D1300008F06FFCE07A08F06DFC3846314608F0E4
:10D140006AFCE07A08F072FCE07AE9F717FE3046F4
:10D1500008F07AFC11200001301808F093FC2098A8
:10D16000F9F7D1FD217BCB4A12681768032904D057
:10D1700002290BD1381A3E3812E00E21209C20469D
:10D1800000F0C8FC381A3E38219F0BE02199497BFA
:10D19000381A002901D0903002E08121490040185E
:10D1A000219F209C1B9B0A995A066918042C0F9DED
:10D1B00007D03D7BFE232B40022B0C9D00D11D464A
:10D1C0001B9BDB090D93D20F0E9269184D02291893
:10D1D0003B68787B00282BD00C911B93099844095D
:10D1E00008F062FC07461794204608F063FC032110
:10D1F0001F9A1170109949027163C0197085F16C02
:10D200001E9A5268914200D31146316580B2294678
:10D2100007F000FB0D304100726B8A181B9B9B1CB2
:10D2200002210F910E991E91219F1C9C0C9D1AE0CA
:10D230000D4602211F98017000207085042C00D03B
:10D24000214689007118896DF26C8A4200D30A4622
:10D250003265109909026D18083385210F910D99D7
:10D260001E9117901C9C7564B06422A800218180D7
:10D270001B912291874800683D21415C89061092EC
:10D2800006D53D30817BC90704D1807A800701D45F
:10D290001E9F38E0786801681D46FE230B4022AAD5
:10D2A000022B00D01546C9B21E91797B00290CD003
:10D2B00022A90D9A002A16D039684A7BC023134050
:10D2C00022AA402B0ED011460DE022A90E9A002A68
:10D2D00009D03A68D179C0230B4022A9402B02D152
:10D2E000911C00E00831BA7A24AB9A753A899A8287
:10D2F000259526911E9AFE2A03D003210A4017463F
:10D3000000E00127431C1B9D656201203840242159
:10D310006054A56220462430401C062219461C4653
:10D32000F1F7F4FA24A8857607761799C175139951
:10D3300041821199018214998181718FC181219F4C
:10D34000797B41762494FEF7AFFDF87B002803D06B
:10D35000B97A708F08F0B6FB12980178708F08F0D8
:10D36000EFFB1C99486A896A08F016FC7C7BBF7B3E
:10D370003846F9F7B6FB1E903846F9F7C8FB384631
:10D38000209D2946F9F78BFC38462946F9F751FCD0
:10D3900038461A99F9F7DBFB38461899F9F7CEFBAE
:10D3A00038461D99F9F79EFC38461999F9F7FBFBA9
:10D3B00038461599F9F7E4FB38463146F9F766FC2B
:10D3C0003546143538462946F9F72AFC38461E9961
:10D3D000F9F76FFCFBF704F8002802D13846F9F79B
:10D3E000DFFA3846002C02D0F9F713FC01E0F9F718
:10D3F00046FC34462834E9F737FBFF2101280DD0DD
:10D400002091E9F772FC2099012807D008F0D8FB99
:10D41000012801D0169901E01B98C143C9B23846D2
:10D42000F9F7B7FB304621463A4608F0CBFB00211E
:10D4300028463A4608F0C6FB3046F9F79EFA2846D9
:10D44000F9F778FA2198817B2091407C3446443466
:10D450001CCC1F998D78CF780F4907910F49069101
:10D460000F4905910F49049103970295D11A019133
:10D470000094002801D00D4C00E00B4C109B0F9A3B
:10D4800020983146A0472BB0F0BDC046FF040000F5
:10D49000FBF70000B40E00203F5F0710C126071005
:10D4A000755F0710FF5F0710D9160710C1B8051088
:10D4B0007047F8B5044600F00FFC054606461036E6
:10D4C000EC3500272878874209D230682A21405C51
:10D4D000A04201D0FEF7D0FA361D7F1CF2E7F8BD5E
:10D4E000F0B5A1B00F4604460BA800210170F3204F
:10D4F000205C2546E8350028099508910A9700D157
:10D50000C2E0E9722165F1F7B9FAE878EF2101404C
:10D51000E970B8002718F1F790FA8C217A58B96CA5
:10D52000411A52182646CC43336D1C1947D4642443
:10D53000E443201A0A9CA400351994242C5906901F
:10D5400024180795ED6F641939D48424079D285950
:10D55000D5430590451932D430469C304568002D9E
:10D5600008D0069C2C19049404680395049D2C197A
:10D57000039D24D43446059EB21A591A8A4200D318
:10D580000A46002D0A9F06D006994B1901685818C3
:10D59000451C954200D31546002D18D0E019AC214A
:10D5A000405CF9F736FB0798806869496943090AC6
:10D5B000F9F7EEF9F9F7CFF8F1F76BFA11E08C37DC
:10D5C0003A6030460A9F3A4608F056FB3446B800A7
:10D5D00020188068F9F7A7F9E019AC21405CF9F749
:10D5E000ADFB099D0BA8E978C90700D14DE1007892
:10D5F000002800D149E12068079000780F260640F6
:10D60000301F434243410027204639463A4608F03E
:10D61000FDFB002800D038E1254618ACE776A7824C
:10D62000696DA86D199005911891F1F7FEF90690B2
:10D63000FFF7E2F80699081806906076072E66D183
:10D6400007998E7828460D460A9908F020FC18AAFA
:10D6500010760EA8C07C1077139890760D981B90CA
:10D660000C981A90A8788009D075A97849000423ED
:10D670000B401818D0753F233340D9436C7861189C
:10D6800091751A1D3B46ECE00794F64C2068F9F7BB
:10D69000B0F806462068F9F7B4F8F3490968D022D3
:10D6A000895C002909D0002809D0E878010754D402
:10D6B00007983946E9F71CFC59E0079C23E7002E40
:10D6C00058D0F1F7B6F96872F9F745F8079C206869
:10D6D00002780BAB002119706165A165A972EB7826
:10D6E000F7241C40EC700D910C910F26164001227E
:10D6F000012E14464FD0072E4CD1C0788107CC0F95
:10D70000C00748D100200890002C4FD15FE018A836
:10D71000FF210177012101767F2181761B971A97DE
:10D72000062E3B46079D00D99DE0B00001A10A5896
:10D730009746C04655D705102BD8051043D805107D
:10D7400067D8051049D8051067D8051055D80510B9
:10D750007102000018AA13207EE0E7210840103073
:10D76000E870B800079908188068F9F75EF8F8F7CC
:10D77000F2FF8AE0E878C106079C03D5204608F04E
:10D780009BFBE878400700D5BDE60020E0660890E6
:10D790002067B8E60C460892079808F0B6FB002C04
:10D7A0000AD0012100280891084605D10CA9079844
:10D7B00008F0F5FB411E8841012808D1079C20464E
:10D7C0007430E9F733FBA872002800D1D0E00BA831
:10D7D000002404700CA8E978CA0616D40078072E35
:10D7E00000D09DE002220A4000D099E000F086F9C6
:10D7F0000BA80899009101900EA90CAA079C20463D
:10D800003B46E9F78AFB064626E100F077F9042E4D
:10D8100000D01FE1079E304608F011FCF466346723
:10D8200034460BA80126067016E118AA1520D075FB
:10D830000D991B910C991A9169780C3991750E22EA
:10D840000FE018AA102007E0099801781820084373
:10D8500018AA01E018AA1220D0756978891F91755D
:10D860000822AC181C94099AD27892070FD4089A0F
:10D87000002A02D118AAFF231370099A1070C9B2A6
:10D88000C3B218A80022E9F788FB21B0F0BD0CAAAA
:10D890001278FE2A2FD1744800683D21415C890628
:10D8A00018AE0029F1D53D30807A4007EDD570489B
:10D8B00000684069A1211D220623FCF75FF80028BB
:10D8C000E3D00446731C079A08320121069840B23F
:10D8D000009101920290201D059AD2B208F0D3FB6C
:10D8E0000B20E0711220A0713E2060710420207195
:10D8F000A1202146A2E0CFB21F2FC6D80599C9B2F8
:10D90000FE2903D118A9012205920A7001072DD41E
:10D91000C0B2032201461140032943D100224EE048
:10D92000490728D4062E02D0002E00D089E03C46BC
:10D930000799C919AA22895C012701293E4611D1FC
:10D94000FD283E460ED0012600210798324606915A
:10D950000B4608F0AFFB012804D1E8780821014309
:10D96000E970069E0BA80770274674E0042226E0A3
:10D9700000F0C4F81EE0002E079C01D0012E17D144
:10D98000FD2815D00026204631463246334608F0A1
:10D9900091FB01280ED1B800201880681430F8F7E8
:10D9A00044FF59E005210140052905D1012206E087
:10D9B000F1F764F801264FE0800700D502220992B2
:10D9C0002A4800682C21405CC007C10E18A80A90A4
:10D9D000002901D109220CE0234800683D22825C25
:10D9E000920600D451E71A463D30407A800700D4B1
:10D9F0004BE74E20C0434140781E032303431D33B1
:10DA0000980883B21A4800684069C9B20D46FBF70E
:10DA1000B5FF002800D138E706460A98431C06984F
:10DA200040B2009001970294301D0599CAB209993D
:10DA300008F0C8FB0F48706028463146FBF7FEFF30
:10DA400023E700F05BF8701E012803D80BA801261D
:10DA5000067000E00126079C08F0CBFB002E00D0EA
:10DA600051E5BFE5000F0020B40E0020080F002094
:10DA70000C0F00201922071080B508F0BBFB000234
:10DA80002721C90040180249F8F787F880BDC04631
:10DA900071020000FEB517460C46054616480068A0
:10DAA000417A032000902E461436204632462B46FB
:10DAB00000F044FB002F0AD001A91F2008710020AC
:10DAC000C04301902046F9F742F8FF2104E02721E6
:10DAD0002046F9F772F825212046F9F75AF8204632
:10DAE000F8F75EFF30462146F8F70FFF284621463B
:10DAF000F8F70BFFFEBDC046B40E002080B5F0F76E
:10DB0000BDFFF8F71FFE80BD80B5FDF7E3FC4E2199
:10DB1000405C80BD042805D0012806D1FF20A43038
:10DB2000074A04E0044A054801E0064A0648414322
:10DB30008818000A7047C046E9260100381A00001C
:10DB400006120000C62000004703000010B5027F47
:10DB5000437F1B029A180AD052020468A318E443B8
:10DB60006118002903D40360891A9B18F9E710BDD6
:10DB7000F0B585B00546012905D8880028188768C2
:10DB80000497143703E0AF6B381D049018376868AA
:10DB900003909420002631463246F8F789FD03466B
:10DBA0000324009438463146039A00F08CFA2D681D
:10DBB000962001213246F8F77BFD0346009601943A
:10DBC000049C204631462A4600F0E6FA2046F8F743
:10DBD00079FE2046F8F7A7FE05B0F0BDF0B58BB092
:10DBE0000E4604464018AC250A90405D0990880016
:10DBF0002718FEF72DF80890F86FBA6C144B0793AE
:10DC0000002E01D0144B00E0124B0693002E01D0E1
:10DC1000134B00E0114B0593002E01D0124B00E096
:10DC2000104B012606210090019202910396049365
:10DC30000E4808990B18032209982146FDF740FE6B
:10DC40000A98415DB86C08F0F5FA0BB0F0BDC0461B
:10DC50000DDE0510C1360510CF360510056407101E
:10DC6000FB6307101D6407100F6407102D040000EC
:10DC700070B50446827201810120207120460B306C
:10DC800006250F4E19462A46B0470A98207609986D
:10DC9000E08208986075079820750698E0740598EA
:10DCA000A07404986074204619300B992A46B04736
:10DCB0002046243020620C9AE2770D99B04770BD5F
:10DCC0000DE904102C224243024800688018C174F8
:10DCD0007047C046BC0E002002480068942140589E
:10DCE00040687047B40E0020F8B50E460446FDF7B4
:10DCF00071FCA073010AE173010C2174000E6074C1
:10DD000001251C492846884707462846194988475F
:10DD1000A774390AE1742075A57503206075002089
:10DD2000E075B0882076000A60763089A076000A17
:10DD3000E07670892077000A60770F4800689421A8
:10DD40004158483120461E300522F0F7DFFD2846B5
:10DD5000084988470F2505400B2D03D94006400F81
:10DD60002D180C3DFDF72CFC40012818401D2321E7
:10DD70006054F8BDD5640610B40E0020B0B5042878
:10DD800001D00C4C00E00A4C042802D029200501E7
:10DD900001E0A9204501E8F767FE012800D02C46E4
:10DDA0009634A0B20449F7F7F8FE401CB0BDC04657
:10DDB0002085FFFF9010000071020000F8B51346A7
:10DDC0000D460446FF220846194608F043FA064667
:10DDD000F0F733FE321AD11753184B4059194B1E26
:10DDE0000021491B5F18FCD5002A03D46A00B21831
:10DDF000511801E0721B511A814200D1491921606A
:10DE0000F8BD2B21FF2242547047000010B5EB21D2
:10DE100000224254AC21094B43520346EB331A72A1
:10DE20000246AC32FF21117110305A78002A04D01A
:10DE300008C82A241955521EF8E710BDFFFF00003C
:10DE400070B50446AC20205CFDF716FEE9F713F927
:10DE5000012812D12046AC302546EC354078FDF73C
:10DE60000BFE103400262878864206D201CC2A21E7
:10DE7000405CFDF701FE761CF5E770BD8221405A3B
:10DE80000005C00F704770B50446FBF715F906464C
:10DE900001252046294605F075FA014611200001AA
:10DEA0003018012902D108F0A3FA0DE008F0A8FA11
:10DEB00001252046294605F07FFA02222046294600
:10DEC0002B4605F089FA0025284670BD002901D0AF
:10DED000022100E0032180228258CA400120104024
:10DEE0007047F0B585B0122600285ED01F460D465B
:10DEF000044643788B4258D9207805210903814094
:10DF00008F4252D804920293F0F797FD024623788D
:10DF1000206A405DA8420CD00498002845D02046D5
:10DF20000391294604931646FAF77BFE039932467D
:10DF3000049B332078430E46010A0818010C081888
:10DF40007107D20851184218581DC0B2C24001953D
:10DF50006800616A04920A52F0F76FFDC0080390EE
:10DF60006278206A17463B46C75D97420DD07D0018
:10DF7000666A755B2678761D0399F1406D1A2DB29D
:10DF8000049E711A09B28D42EDDDC15C019A815483
:10DF9000206AC2540298834206D1049801B22046F6
:10DFA00008F036FA064600E00026304605B0F0BD1F
:10DFB00070B50546012105F0E5F90446012804D1B4
:10DFC00013200121FBF7CAF80AE001262846314652
:10DFD00005F0F2F9082200232846314605F0FCF945
:10DFE0006042604170BD10B5017C022909D1012455
:10DFF000047401688268C3680CC0A12008F030FA7C
:10E0000000E00024204610BD00207047FEB5044605
:10E01000C720205CFDF736FC0546D126A05D2946C9
:10E02000F8F73DFEA05D2946F8F703FEA05DF8F77E
:10E0300026FED420215CA05DF8F7BFFDF8F78BFB2E
:10E04000DB20205C2546B8352646DB36062801D085
:10E05000052802D127463C3701E0274628372046CD
:10E06000E8F72AFE024629883078009401970023B9
:10E0700007F01EFAFEBDFF2168310246C232D27897
:10E08000042A0B4600D0B323032A01D0194600E02E
:10E09000F331C222805C012202408307DB0F9A1811
:10E0A0004007C00F10184843BB307047F8B50A4608
:10E0B000014600200090019002907E23DB4306F091
:10E0C000ABFF04B080BDF8B51E4617460D460446AA
:10E0D000F8F7B8FB2046F8F7C0FB2046F8F7FFFB3F
:10E0E00020462146F8F702FC20463946F8F7CAFBDD
:10E0F00020463146F8F725FC069F002E02D0204628
:10E10000F8F727FC2046F8F78AFB2046F8F7CEFB05
:10E110002046F8F732FC2046812F09D12946F8F72E
:10E12000F4FB2046F8F7FFFB2046F8F718FCF8BD93
:10E13000F8F71CFC2046F8F7E1FBF8BDF8B51D46E2
:10E1400016460F460446F8F7E2FC11492046F8F758
:10E15000F5FC10492046F8F713FD20463946F8F73C
:10E16000A8FD20463146F8F791FD20462946F8F7EC
:10E1700057FD0698812803D12046F8F780FDF8BDA9
:10E180002046F8F746FD01212046F8F70CFDF8BDC2
:10E19000D6BE898E55555500F8B51E4617460D4614
:10E1A0000446F8F74FFB2046F8F757FB2046F8F7F0
:10E1B00096FB20462146F8F799FB20463946F8F7AA
:10E1C00061FB20463146F8F7BCFB079F002E02D0CA
:10E1D0002046F8F7BEFB2046F8F798FB2046F8F7F4
:10E1E0001EFB2046F8F762FB2046F8F7BFFB2046EF
:10E1F000F8F762FB2046F8F79DFB812F07D12046F8
:10E200002946F8F782FB2046F8F70FFBF8BD2046B9
:10E21000F8F789FBF8BD0000F0B589B00446D920B5
:10E22000002525540120049008F054F908A908801D
:10E23000206D03954586204640300290204694305C
:10E2400005902046B43006902046D43007903227FF
:10E25000324E522F0AD008A808F044F93040216D00
:10E26000CA5B1018C9194880BF1CF2E72046FFF7A7
:10E2700002FF0190E56F069EB77C3846214608F004
:10E2800041F9039AB281791C31800221079BD9712F
:10E29000A28502990A807D43019949190818C8305E
:10E2A000059D6860A9684018E860B07B049A024048
:10E2B0008107C90F51184007C00F0818401EB077DA
:10E2C00008F02CF907990870F288A9682868002AD4
:10E2D00002D1F37E012B03D088421CDA00281AD029
:10E2E000B07E002817D0002A01D03C2100E0432155
:10E2F0000B4800682C23C05C0001C043A1230343EA
:10E30000B1201840337A9A1AD3B2B27A08F018F9C9
:10E31000204608F04FF909B0F0BDC046FF0F0000DD
:10E32000080F0020F0B585B0049105F005F800282D
:10E3300008D004468520400020180078800603D4C9
:10E340001A257EE002257CE004A8012108F048F9A6
:10E350000546002875D120469030018804AA12880D
:10E360008A4206D1C08804A94988814201D100258A
:10E3700067E030342478049D2046FAF79DFE074676
:10E380000121204604F0FEFF002801D03A2558E084
:10E390000295280C03903D469A35FCF7A5FD0190A7
:10E3A000C08A00900121204604F0FEFF0646FAF7DD
:10E3B00013F801282AD1FF200C3038180078000704
:10E3C00016D4214F0837FAF70BF80128384600D049
:10E3D0001D480399884200D80390FAF701F80128F4
:10E3E00000D0194F009BBB42019811D33B460FE070
:10E3F000204608F019F9002808D08079042805D1B2
:10E40000A92000010399814200D803900198009B44
:10E41000039AF2800299B1807380808A30802888C4
:10E420002980308368886A807083012620463146BF
:10E4300004F0C2FF06220025204631462B4604F098
:10E44000CBFF284605B0F0BD48080000F0B591B0FC
:10E4500005930B920D910C90A848017F0891C17E05
:10E460000991817E0791C17A0A91C57F0126E02139
:10E47000A34C3046A047A34F386058213046A047F0
:10E480003968942206928850284608F0E1F807215E
:10E490002940059808F0ECF81798059001901C9811
:10E4A000009019AB0ECB0D9804910D93E8F7C6FBC5
:10E4B0002C250A982946A04739689C2288500B9938
:10E4C000012900D007960020012900D009900129D8
:10E4D00000D0089041208600012909D13146203121
:10E4E0000120FCF7CBFC874909688C22885036E074
:10E4F000252182480A91415C30462030002901D014
:10E50000014600E044212C4626277C4AD25D002AA1
:10E5100000D001462925794A525D002A00D00146E3
:10E520000C9A012A00D101460120FCF7A7FC75498D
:10E5300009688C2288500C980128314610D06F4809
:10E54000405D002831460BD16C48C05D0028314643
:10E5500006D16A480A99405C0028214600D031461D
:10E5600018980A901698029001273846644CA047E4
:10E57000644D29689022885010213846A0472968A8
:10E5800098220392885004213846A0472968A02287
:10E59000885034210C973846A0472968A422885017
:10E5A0000798C5B2311F2846A04706460B9C012C90
:10E5B00005D15C212846FCF761FC024600E0002200
:10E5C0002846314608F0A4F810AB0898D87009988E
:10E5D00098700D9F5F700A9818702046059E31460E
:10E5E0002A46E8F756FB029D28462146E8F7B9FC83
:10E5F000284621463246E8F7FAFB284621463246AD
:10E600003B46E8F7ABFB00972846214632460A9B7B
:10E61000E8F71CFC08F0BEF8012C07D1012E05D14B
:10E6200008F0B9F8012D01D108F0B6F80D980128CD
:10E6300001D108F0B2F808F0B1F804982946224652
:10E64000334608F0ACF82D4FF87A411C2E4D284681
:10E650000C9AFAF799FD2B4F3968C8228850274841
:10E66000C17A02222846FAF78FFD39680A469832A5
:10E6700050630398085878605068B8602046E8F7FF
:10E6800069FCE8F7B0FB08F08BF808F0A3F8E8F7AE
:10E690000FFB08F0C1F808F0C1F8F0F7BBF93968D2
:10E6A00000248C7248722046F0F7B8F908F0EEF8B2
:10E6B0003868406E08F0F6F83868069D40590C300E
:10E6C000FEF7A7F80C9E304608F0EDF8386841597F
:10E6D00040228C54094A128B02831F200F90E04382
:10E6E0000E9048310EA8052208F0DEF8386840592F
:10E6F000F1025422815211B0F0BDC0467C0D0020C1
:10E700007DAE0510B40E0020780D0020FEB53E4C05
:10E71000206894254059C06B0268322000261654A8
:10E720003A484069010C192901D3192000041060EE
:10E730000292506008F0C2F820684059C06B076828
:10E74000E8F792F9012801D01B2000E0FB20388275
:10E75000E8F78AF904462920C0000090A9200501A5
:10E76000F9F73AFE012C019507D10128284D009CAC
:10E770000CD0284DF9F734FE05E00128009C05D0A7
:10E78000F9F72EFE2546012800D108357D82E8F7ED
:10E790006BF9012801D01B2000E0FB20B882E8F7CC
:10E7A00063F90546F9F718FE012D07D10128019DEF
:10E7B00017490DD0F9F714FE164906E00128019D0E
:10E7C000294605D0F9F70CFE2146012800D1083171
:10E7D0007C831B203883FD81BC817C813881F98258
:10E7E00008F07AF808F0AEF8029808F0ADF80A4C94
:10E7F00020683421415CF0B2884203D206F032FA3C
:10E80000761CF5E7FEBDC046B40E00207C0D00204E
:10E810009042000048080000080F002003480068EC
:10E820008821034A425000207047C046B40E0020A1
:10E830000000030370477CB51C460D46064601A840
:10E840000280304608F08AF80146320A02200E2A79
:10E850000ED8FF290CD0304608F09CF8002801D0D3
:10E860000C207CBD01AA30462946234608F094F8C6
:10E870007CBD10B5C37A5C07A20F09D001221340FA
:10E880005A425A41037C0320102B09D0034608E06A
:10E89000DA070AD1807A0122F12809D0134608E06C
:10E8A0000423002C05D4034603E00223002200E0E9
:10E8B0000223002A01D1184600E00120002900D0DF
:10E8C000184610BDB0B50D460446411E8841511E84
:10E8D0001F220A43213291B208F0B2F8002806D074
:10E8E000858001688160002C03D1402103E0002075
:10E8F000B0BD7F21C9430173001DB0BD10B50B49E8
:10E900000A68B121535CB1320021032905D00124EA
:10E910008C401C4203D0491CF7E7032103E0002888
:10E9200001D023431370C8B210BDC046200F002091
:10E9300010B501220228104600D800208000094BA3
:10E940001B6830241C5D144020183033DA78D2075D
:10E95000D20E80189A7853081343DA07120F8018E2
:10E96000087010BD200F00200B49096830228A5C16
:10E970000123134030314A78D207520FD218CB7896
:10E98000DB07DB0ED21889784B080B43D907090F38
:10E99000511801707047C046200F0020B0B50446E2
:10E9A0000B480068AC2140584578801CA11C062209
:10E9B000EFF7C3FF01460020002900D0B0BD617809
:10E9C0008D42FBD1617B012001436173B0BDC04624
:10E9D000200F002010B507244480446821720B49A1
:10E9E00009684024095D4468617201211140426850
:10E9F00091724168CB724168029A0A734168039A26
:10EA00004A7340680499817310BDC046200F0020EE
:10EA100070B50D460646062004F0D0FF04460028D7
:10EA200003D02846FCF7C3F808E0308900F01AFC50
:10EA300002460020024B014600F034FC204670BD27
:10EA40003075000080B5127D1201002900D0083217
:10EA5000D1B2044A12685318B4330421072204F0D7
:10EA600036FC80BD200F0020B0B588B00446018977
:10EA700000201522FFF726FF002829D00546E07D5B
:10EA8000000706D42146383104AA204608F012F8BF
:10EA900005E004A8019000946846E8F74BFB1120BC
:10EAA00068806868032101720521102204AB2846A2
:10EAB00004F021FC20462946FFF7AAFF002807D1D1
:10EAC0002046483004A91022EFF720FFA520A072AD
:10EAD00008B0B0BD70B588B00446FFF75FFF0128ED
:10EAE00024D10025012207AB2046294608F088F8EA
:10EAF000022206AB2046294608F082F81A48006830
:10EB0000079A02AE0096E43001462B4600F06CF8FE
:10EB1000069810223146EFF710FF002806D0042196
:10EB2000002201232046FAF719FE1AE0607B032138
:10EB30000140012906D10C48006844300021102210
:10EB4000EFF7EEFE6020205CC00701D0492000E016
:10EB50005620C043A0720E20F8F7DEF8E6F7C5FB9A
:10EB6000002008B070BDC046200F0020F0B589B06D
:10EB70000C4607460989002515222846FFF7A2FE04
:10EB8000002813D00646002F06D02346283305213F
:10EB90001022384604F09BFBE07D000708D4214694
:10EBA000483105AA204608F04DF807E0882019E012
:10EBB00005A80290019401A8E8F7CEFA1120708010
:10EBC0007068032101720521102205AB304604F064
:10EBD00092FB20463146FFF71BFF002802D1B620EA
:10EBE000A072284609B0F0BDF0B59DB00293039223
:10EBF000019101460CAD20270124124E28463A46C9
:10EC00002346B0472846203001993A462346B0476C
:10EC1000374640200299295408AE1022029230460D
:10EC200003992346B847412104AF284632463B4664
:10EC300008F0AEF822983946029A2346014CA047C4
:10EC40001DB0F0BD75FF0510F0B59FB001930292A5
:10EC5000009101460BAD20270124154E28463A4667
:10EC60002346B0472846203000993A462346B0470D
:10EC70003746284640301026019932462346B84789
:10EC800007AF3846029932462346094EB047502115
:10EC900003AE28463A46334608F07AF80C362498F4
:10ECA000042231462346024CA0471FB0F0BDC046A7
:10ECB00075FF05100178427812025118827812040B
:10ECC0008918C0780006081870470000B0B50D46D6
:10ECD0000446154800684F21405C800623D5134840
:10ECE00000688069022149220323FAF747FE0028C1
:10ECF00019D00146057384720420487209200872F5
:10ED00000020C87108208871FF2048718220087196
:10ED1000280EC873280C8873280A4873200AC87202
:10ED20000220FAF78BFEB0BDB40E00200C0F0020BD
:10ED300080B504480068683003492022EFF7E6FDFB
:10ED400080BDC046B40E00202465071070B5034690
:10ED50000120002909D0002426462546965D9E42C2
:10ED600004D16D1CEEB28E42F8D370BD204670BD4A
:10ED7000F8B504460189002545222846FFF7A2FD83
:10ED8000002814D006464120708070680C21017262
:10ED90000F4F3B68643305214022304604F0ABFA44
:10EDA00020463146FFF734FE002802D0F8BD81200E
:10EDB000F8BDE07D20210143E17539684222895C7C
:10EDC000090702D524210843E0752846F8BDC0464E
:10EDD000200F002070B594B00E4604464178801C88
:10EDE0006A4607F0F2FF0546002E05D0002D03D13C
:10EDF0006846214608F01AF8284614B070BD000095
:10EE0000044800685C21415C30200840411E884174
:10EE10007047C046100F002080B508F049F880BD4B
:10EE2000F0B589B0044608A800260680218915227D
:10EE30003046FFF747FD00282DD005466020205CB6
:10EE4000C0060BD42746603720461C300221002222
:10EE500000F092FD3878102101433970A07AD13842
:10EE6000042875D878440079400087440219384E48
:10EE700060003C48006821461C31083008AA04AEF6
:10EE8000334604F0E3FC68680621017211206880B3
:10EE9000227C052158E00E200021FAF75FF95FE09F
:10EEA00004AE0821029100223046019600F064FD74
:10EEB00020461C3008AF31463A4604F073FC0B2064
:10EEC00068806868072606720521022228463B46AC
:10EED00004F011FA28463146029A019B36E01120CF
:10EEE000688068680821017204A800211022EFF7E9
:10EEF00017FDFFF785FF002802D004A807F0DCFF0C
:10EF00000521102204AB284620E003A8067004AEB9
:10EF1000314607F0E1FF0820688068680921017226
:10EF2000686803994172062128460A460DE01120BF
:10EF3000688068680A21017220461C3004AE3146A0
:10EF400007F0E2FF052110222846334604F0D3F9EA
:10EF500020462946FFF75CFD002801D1DD20A07284
:10EF600009B0F0BD080F002010B50446483010214C
:10EF7000002200F001FDE07D000702D4B520A07260
:10EF800010BD2046E8F7D0F810BD80B5012911D199
:10EF9000427C530705D0C37D1B071DD506231A40AD
:10EFA0001AD16022835C01221A40002906D0002A6F
:10EFB00019D103E0002900D080BD0022817CCB075D
:10EFC00004D0C37D1B0701D4D12109E08B0706D4EF
:10EFD000490708D5D52103E0D021817280BDD32116
:10EFE0008172002A02D007F09DFF80BDFFF718FF55
:10EFF00080BD000070B50446807B03210140258957
:10F0000003290AD1204607F0A2FF002805D00821D5
:10F010000022204604F08CFC70BD284600F022F946
:10F020000246012000210E4B00F03CF9E07C032851
:10F0300002D1002008F016F82046183000260422DD
:10F040003146EFF76DFC2046314604F02BFAF120F3
:10F05000A072022029463246334604F06FFA70BD92
:10F0600030750000F0B595B004462C4E306842254E
:10F07000415D30220A400021302A16D106914921F3
:10F080008F00C11907A82022EFF740FC3068415DCE
:10F09000CF220A4042556020205CC00707D10FA84C
:10F0A000009014A911AA13AB06E0084633E011A89A
:10F0B000009013A90FAA14AB204607F0E1FF14A893
:10F0C000037813A800783168224628320492C919BF
:10F0D00003910FA90291019011A8009021463831A7
:10F0E0002246483207A807F0E1FF4D208000316832
:10F0F0000A180121204608F047F800280BD12046C5
:10F1000060300078C00703D1204608F0F7F802E02D
:10F11000BB20A072069815B0F0BDC046200F00209D
:10F1200010B5044638301021002200F025FCE07DA7
:10F13000000703D42046FFF797FC10BD2046E7F7F1
:10F14000EDFF10BDF8B50C460746098900251522CC
:10F150002846FFF7B7FB00282FD00646002F06D021
:10F160002346283305211022384604F0B0F8204603
:10F170004830214628311022EFF7DFFB002809D163
:10F18000E07C022806D10821012320463246FAF706
:10F19000E5FAF8BD112070807068042101722346E1
:10F1A000383305211022304604F0A5F820463146B8
:10F1B000FFF72EFC002802D0F8BD8820F8BDA6205D
:10F1C000A0722846F8BD0000F0B5014600200029D5
:10F1D00017D00C4A12683423D35C70225A436F2331
:10F1E000DD43094B1B68A4332C467034A24208D07F
:10F1F0001E6875197827ED5B4D402D052546F4D125
:10F200003019F0BD080F0020200F0020B0B50C46CB
:10F210006021615C01220A40A37A4068417A02D1F0
:10F220009F2B02D8B0BDB02B14D3F02B15D9F12BE6
:10F230000ED10F290CD1254659350F210122204628
:10F2400004F076FB29785A34204601F09DF8B0BDD1
:10F25000002AE7D0207E8007E4D00122204604F077
:10F2600067FBB0BDB0B50D4909683422895C002840
:10F2700011D00B4A1268A4320023DCB28C420AD2AD
:10F28000702565431468641924894440240501D01D
:10F290005B1CF2E71946C8B2B0BDC046080F00209B
:10F2A000200F002010B5002906D0862401291BD18B
:10F2B000022A19D8002100E0032101280AD00028E1
:10F2C00011D18818C1B20948006808300122FEF740
:10F2D00008FE06E08818C1B2044800680830F9F753
:10F2E000A0FC044600E00024204610BD200F0020B2
:10F2F000F8B50C46074601252846FFF7FFFA022815
:10F3000001D93820F8BD0646384608F027F800280D
:10F3100010D0014610480068B122825C002A03D058
:10F32000B130B540AA430270002201232046FAF70B
:10F3300015FAF8BD2675012138462246FFF782FBF3
:10F34000204608F02FF8002801D00020F8BD204604
:10F3500008F06CF8F8BDC046200F0020F0B585B06D
:10F3600007464068057AA81F042823D80C46887AE7
:10F370008626D0281FD12046593001902089FFF7DA
:10F3800071FF02460020444B02900146FFF78AFFBE
:10F39000062D05D0092D11D0082D34D0072D3DD1D3
:10F3A000E07D000707D4607CC00704D0062D44D15F
:10F3B00028342CE08426304605B0F0BD607C800700
:10F3C000F9D503AB00269E800396062138460A46EF
:10F3D00008F0CAF8002845D07868407A019D287066
:10F3E00023465A33062138460A4603F070FF287830
:10F3F000012803D1A8798009032845D3617C202006
:10F40000084360742FE0607C8007D4D53834052130
:10F4100010223846234603F05AFF33E0607C400751
:10F42000C9D52346483305211022384603F04FFF43
:10F43000607C40210143617417E07868407AA077CE
:10F440007868807AE07723462033072108223846FF
:10F4500003F03DFF607C8021014361744007800F11
:10F4600010D102E0607C4007A5D40198C079C007A4
:10F4700005D1002620463146FFF787FD9BE7204651
:10F48000FFF7B8FD029E96E70821002201232046DF
:10F49000FAF764F906468EE730750000F0B58BB0D8
:10F4A0000D46064600240294098915222046FFF7DE
:10F4B00009FA002820D007462B46383305211022B0
:10F4C00030461E4603F003FFE87D000716D4009483
:10F4D000344603AE28462146324607F0B3FB2946A0
:10F4E0002831102230462646009CEFF726FA01A963
:10F4F000BC220A7002900CE088245BE001A80A900C
:10F5000002A8099003A80890079507A8E7F72AFE24
:10F510000298002806D00421012328463A46FAF72B
:10F520001DF91BE0112078807868042101722B46B8
:10F53000483305211022384603F0DDFE28463946BF
:10F54000FFF766FA002809D10198A8721B480068E5
:10F550003521405C297C814200D92874029800281A
:10F5600028D1E87D000725D407A8002410222146D1
:10F57000EFF7D6F9E87C03280DD0022812D10F4806
:10F580000068806B07A90870020A4A70020C8A7032
:10F59000000EC87006E009480168443107A810222F
:10F5A000EFF7B4F929464831283507A832462B46EB
:10F5B00007F0E3FF20460BB0F0BDC046200F00204F
:10F5C000F0B58BB00E460521102507AF2A463B4605
:10F5D00003F07DFE002103AC0296304601912246E5
:10F5E00007F0D2FD0646384621462A46EFF7A5F930
:10F5F000002E15D1002813D16020029C205CC0078A
:10F6000015D1207C2A1A201828300021EFF788F91C
:10F61000A07E02210143A1762046E7F76DFD0AE0B6
:10F620000B21002201230298FAF798F803E0204604
:10F6300007F064FE01980BB0F0BD0000F8B52F4F45
:10F640003B6842241A57002A20D40091E433052154
:10F65000402203F03CFE396808466430E43120253E
:10F660002A46EFF76AF906463868643024492A4684
:10F67000EFF763F9002E0BD1002809D008210025EF
:10F68000012300982A46FAF769F807E03A2505E0D1
:10F690003868015DB022114202D038252846F8BDF5
:10F6A000E43007F083FF1F28E8D00546122823D056
:10F6B000002DF3D13868015D10220A430255009BEA
:10F6C000D97DC0220A43DA75E4300D492022EFF7D4
:10F6D00034F900250028E1D141208000396808185C
:10F6E00008492022EFF729F90028D7D1009AD07DC8
:10F6F00004210143D175D1E70B21C0E7200F002081
:10F70000D5650710F56507107CB50C46054607F072
:10F7100025FE0146002823D1E07D000701D4A42660
:10F7200008E0019400956846E7F7F2FC01460028DE
:10F7300016D1A226A07BFE210140A173E07BFB2114
:10F740000140E173012128462246FFF77BF920465C
:10F7500007F052FF204607F09BFF0146002809D022
:10F76000882901D188207CBD002201232046F9F799
:10F77000F5FF7CBDE07C022804D1E07BC00601D40B
:10F780005D20C643A67200207CBD0000F0B58DB0A0
:10F790000C460D464835052110222B4603F097FDF7
:10F7A000E07D000706D409AA2046294607F082F921
:10F7B00000270AE009A80690059405A8E7F7C0FC11
:10F7C0000746EB2801D1002754E02646283609A831
:10F7D00010223146EFF7B1F8002806D004210022AC
:10F7E00020461346F9F7BAFF43E0244A1068352152
:10F7F000405C217C814200D92074E07D000715D453
:10F80000174605A800211022EFF78AF8E07C0328AC
:10F8100010D0022814D13868806B05A90870020A3C
:10F820004A70020C8A70000EC87009E02046E7F7A3
:10F830008DFC1FE03968443105A81022EFF766F807
:10F840002246383205A801AF29463B4607F095FE0F
:10F85000002110223046EFF763F8227C304639460B
:10F86000EFF754F8A07E02210143A1762046E7F786
:10F8700043FC074638460DB0F0BDC046200F0020BF
:10F88000FEB50C46897A6031C9B2512938D3406837
:10F89000467A274800683221405C02280AD10820B5
:10F8A000304007D10321002201232046F9F756FFFB
:10F8B000064626E0A07E80210143A1762089FFF73D
:10F8C000D1FC024600251B4B28462946FFF7EAFCDF
:10F8D000A07A0227F12807D1700705D5E07A062122
:10F8E00001404D424D4103271F20064066752046CA
:10F8F00007F058FD002806D02801A17D0143A1751D
:10F9000000263046FEBD01A88771002646710571AC
:10F910000194E7F7F7FB0028F3D0A17E7F220A408D
:10F92000A276882801D18826EBE70821BBE7C046EC
:10F93000200F00203075000080B503200821FBF760
:10F940009DFA02490968A822885080BD200F002036
:10F9500080B50648C17A064800680830C91CC9B29B
:10F96000044A0723FBF794FA80BDC0467C0D0020B3
:10F97000200F0020E95007107CB50C4605460020FA
:10F98000C6B2A6420ED2002006F0A4FDA85501A9D9
:10F990000870000A69460870711CA14200D26854C0
:10F9A000B01CEDE77CBD000010B5084C206840306D
:10F9B000F9F7EAFE20683830F9F7E6FE0448054911
:10F9C0003C22EEF7A3FF07F003FF10BD140F002049
:10F9D000040D00202C4F041080B507F00BFF80BDF4
:10F9E000F0B585B004930192029107460220384099
:10F9F000039001243C401048056834350A9E2D6868
:10FA0000002D16D0002F0CD0002C03D0288902998D
:10FA100088420CD10398002803D068890199884254
:10FA200005D128463146049A9047002802D1103566
:10FA3000E5E7002005B0F0BD140F002080B5411EA1
:10FA4000884107F0FFFE80BDF8B50446C00625D406
:10FA500016460D46144800686107C90E4018006933
:10FA60005D2203232146F9F789FF002818D00146BB
:10FA7000067385720C204872162008720027CF7119
:10FA800006208871FF20487182200871300A48736F
:10FA9000280AC8722046F9F7D1FF02E0862700E065
:10FAA00007273846F8BDC0460C0F0020074A1268E9
:10FAB00034321268002A07D01389834202D1538955
:10FAC0008B4201D01032F4E710467047140F00202B
:10FAD000F0B585B004460078002807D1606807F0CB
:10FAE000C5FE6070A568E86800283CD065782846A7
:10FAF00007F0C2FE0E2808D880005B49095800298B
:10FB000003D020468847074607E0A068C368002165
:10FB10000622284607F0EAFE86276168002919D0E8
:10FB2000882F03D0842F0CD0072F10D14F480068A6
:10FB30004030FBF735F80920F7F7EEF8E5F7D5FB8D
:10FB400008E04A4800683830FBF72AF809E0084620
:10FB5000FBF72DF8862F01D0002F02D1A06807F007
:10FB6000D9FE05B0F0BD6768384607F07FFE06464F
:10FB700007F082FE7988EA880423029300239142E9
:10FB80003ED80E283CD801934200344B9A5A344B4D
:10FB9000C340DB0705D180239A439142019B03D0E8
:10FBA0002EE09142019B2BD3411E032901D307284C
:10FBB0000DD104A903AA029238460F4607F0C6FEEB
:10FBC0003B8802980088834218D8002B16D06668BC
:10FBD000304607F04BFE074635883046FAF75AFFA5
:10FBE00001462846FFF762FF05461E2F1DD0402024
:10FBF00038401AD1162F1BD1718826E001200290BF
:10FC000086271E2E89D04020304086D101930521C1
:10FC1000284607F0AEFEE86000281DD003463046B7
:10FC20000199029A07F062FE77E70020E8605DE73D
:10FC3000384607F021FE0E2800D96DE7400009493B
:10FC4000095AE888814200D30146284607F091FE10
:10FC5000E860002800D049E788275EE7CA670410FB
:10FC6000CC4F000056760410040D0020140F002025
:10FC700080B507F08DFE0549884205D0C0000449D3
:10FC80000968496E081880BD002080BDFFFF000094
:10FC9000140F002080B510220A740278042A0DD8AF
:10FCA0007A441279520097440A1612020200406800
:10FCB000031D142208461946EEF728FE80BD0522D2
:10FCC000D2024068007D012809D18A8180BD0520CB
:10FCD000C002C01C04E00520C002801C00E0501CD3
:10FCE000888180BDF0B585B00D460978042911D80A
:10FCF0001446C0467944097949008F44020D4A6987
:10FD00007E00734E306801467031C166686807F046
:10FD100057FE57E08626D3E06D4F386801467031B4
:10FD2000C1666B6801206E490026324607F05DFE11
:10FD300001A90880002800D1ADE007F05FFE07F0C0
:10FD40006FFE02A9009108803868C06E01A90227E1
:10FD50003A46EEF7DBFD5E480068C06E801C0099F5
:10FD60003A46EEF7D3FD5A48006868270421C1538C
:10FD700069680A7C102A00D091E0C06E0C31001D29
:10FD80000222EEF7C3FD52480068C15B891CC153D3
:10FD900085E04F4E306801467031C1666968097868
:10FDA0007022815469884A1C03A90A80713002229A
:10FDB000EEF7ACFD3068C16E6868001DC91C07F025
:10FDC000FFFDC01C3168682288526831216076E0EE
:10FDD00069680A7D102A32D13F4A521C0B8A93422D
:10FDE0002DD13B48016868312160006868211022EC
:10FDF000425201468331C16661E069688969002920
:10FE000045D0334E31686831216069680A7D102A17
:10FE10003FD10A8A2F4B9A423BD131686822022493
:10FE20008C520A467032CA66294607F004FE04A9BD
:10FE300008803068C06E2246EEF768FD3FE0096A30
:10FE4000002924D0224E31686831216069680A7D1A
:10FE5000102A27D10A8A204B9A4223D1316868227E
:10FE600001238B520A467032CA6607F0F1FDFF2863
:10FE700029D06968096A8B681849C97A49084A1CF7
:10FE8000042107F0F7FD31687022885417E08426BA
:10FE900016E0886907E0386868210022425268301D
:10FEA00020600DE0086A0178890701D5022100E091
:10FEB0000421415A806832686823D152D0660026F6
:10FEC000304605B0F0BD3068702100264654F7E793
:10FED000140F002002290000292B00007C0D0020B7
:10FEE000FFFF0000F0B585B003920C460121090226
:10FEF000411804910290E0300190200423D004982E
:10FF00000088102807D1102202980199EEF750FDC1
:10FF100000200499088010210D1AA9B2A2B29142C2
:10FF200000D32546AFB202990818E030039E31464F
:10FF30003A46EEF7EBFC0499088828180880641B01
:10FF4000F6190396D9E705B0F0BD000080B507F0BB
:10FF5000A5FD0749096860228A5A401C80B2904278
:10FF600003D2496EC000081880BD002080BDC04685
:10FF7000140F0020F0B5002A0BD00024E543002B1D
:10FF8000264600D056190F5D87556D1E641CA2428F
:10FF9000F5D1F0BD80B507F095FD80BDF8B51646EA
:10FFA0000C46054607F0ACFD074607F0AEFD012EF6
:10FFB00004D10E480168084630300AE0014612209C
:10FFC000042E11D1002F0FD000290DD00748016851
:10FFD000886B2A228B5C33438B542A880A8506223D
:10FFE0002146EEF793FC0020F8BDC046100F00201C
:10FFF000F8B50D46044607F083FD064607F089FD77
:020000041006E4
:10000000074607F082FD012D03D10F4800683C3000
:1000100013E0022D07D1002F05D0002803D00A4895
:100020000068C06C09E01221042D0BD1002E09D00C
:10003000002807D004480068006D0E222146EEF724
:1000400065FC00210846F8BD100F0020FEB50293A4
:1000500001920D4607462B48066807F05AFD4400FA
:1000600007F04EFD80002043401C2840A84216D1D6
:1000700034462A3420782840A84212D1DF20074293
:1000800003D0E6F7F9FC002807D030465D30007851
:10009000402F09D1E721084208D00C2402E01224A5
:1000A00000E0D1242046FEBD0028F6D1F8F7ACFCD4
:1000B00001462320074205D038460C46294607F062
:1000C0002DFD11E0E80702D0A07F002817D06807B7
:1000D00003D5306D007B002811D038460C462946E8
:1000E000019A029BE6F735FC21460446002CD9D044
:1000F0000029D7D100200146F8F704FDD2E7D22429
:10010000F4E7C046100F0020B0B514460D46FBF7CB
:1001100097FC002805D0C16FC722895C2970012196
:1001200000E0002120600846B0BDF0B587B015465C
:100130000F4604460F990E9A0D9E0C98FF2C01D085
:10014000FF2F16D12740FF2F11D114460F460596D9
:1001500006901E46E6F78CFC012830D100940197EA
:1001600028463146069A059BF8F712FD28E0122032
:1001700026E004920D46069005930120022100F02E
:100180009FFC00281CD10021EF222046FBF758FDE0
:10019000002815D100217F223846FBF751FD0028A9
:1001A0000ED1042068802880009604980190029562
:1001B00020463946059A069B07F0EEFC00E00C202D
:1001C00007B0F0BD10B5044607F096FD002801D039
:1001D0000C2010BD0248006840214454002010BD8E
:1001E000200F0020034800685F21415C0120084087
:1001F0007047C046100F002010B5044607F07CFD84
:100200006178012903D1002805D1024604E00028C5
:100210000FD00C2216E00C220B4909684023CB5C5E
:10022000032B01D16E22D243032B0BD0002802D026
:1002300008E0054801683031102208462146EEF7F3
:1002400065FB0022D0B210BD200F0020FEB5154680
:100250000E46FEF7B9FF002825D00446807A002814
:1002600001D0F12821D1002720463946FEF701FBB5
:10027000012E26D0B04224D8E90701D1B04220D0C7
:10028000032E2AD31F4800684021415C912703298F
:1002900017D032300178890715D0017C90221142A5
:1002A00014D03A270DE002270BE06078A11C07F07C
:1002B00049FD002804D0A07AFB2801D1B02700E036
:1002C0000C273846FEBD042EFBD006E0042E04D1D8
:1002D000C0781028F5D3480712D46020205CC007EE
:1002E00008D101A886710121417105710194E6F7D9
:1002F00009FF03E02046314607F044FD0746E0E7EA
:100300003827DEE7200F002010B50C46FEF75CFF13
:10031000002810D0C17C02290FD1094909688C63DB
:10032000C17B10220A43C2730E20F6F7F5FCE4F7F6
:10033000DCFF002010BD022010BD0C2010BDC04607
:10034000200F002010B50C46FEF73EFF002807D016
:10035000817AC12906D1002C06D0BA21817208E029
:10036000022010BD0C2010BD0C2100220123F9F742
:10037000F5F90E20F6F7D0FCE4F7B7FF002010BD2A
:1003800080B507F034FD80BDBFB50D46044601AA17
:100390000846214607F030FD002801D107F046FD50
:1003A0002846214607F047FD04B0B0BDFEB504461F
:1003B00007F063FD0C25002825D01226002C23D041
:1003C000207D401E01281FD8207C80281ED01028A8
:1003D0001AD1A089012188430321C902884215D17D
:1003E0000120FFF745FC002810D00178002907D133
:1003F00041680A7C102A03D18989A2898A4202D0E5
:10040000FFF7A4FDEFE72E463046FEBD002007F0C3
:1004100043FD002806D04168C98A002904D04088DD
:10042000401804E0012002E007F04CFD401C82B2BD
:10043000002630463146234607F054FD002820D0E0
:10044000F743E18A491E0291009001947F1C217EAE
:100450008F4218D2E18A002904D0029A11043AD0BE
:10046000521E0292351D401C019CE1698B5982B2DB
:100470000120002107F036FD00282E46E6D1872610
:100480002EE08726C0E7184800685C21425C022302
:10049000134343540A20F6F73FFCE4F726FF606A53
:1004A00000260028B0D02020205C0028ACD02146B7
:1004B0002031029100252F460195854200990CD2EA
:1004C000606AC01900F01CF8002808D1243702988F
:1004D00000786D1CF1E7122602E0019E94E70646C3
:1004E000009807F03FFD8FE7140F002080B503460A
:1004F00001200249002207F078FA80BDFFFF0000CA
:10050000FEB50E46044607F0B8FC002866D012255A
:10051000002C64D0207D802813D010285FD1208A41
:100520003C4988420DD1206A002858D082883A4937
:10053000C97A4908491C8A4251D380680021EEF7E4
:10054000EFF9A0782421084203D06078C01F092861
:1005500045D8304607F052FA002840D006460078C9
:1005600000283CD1207E811C304607F025FD054641
:10057000002834D1304607F053FA054607F03EFA1A
:100580000146681C86B2022738463246234607F0E9
:10059000A9FCB04225D1304607F030FA0146A81C2C
:1005A00082B20320234607F09DFC002829D0019742
:1005B0000296E069002816D0207E002813D000267D
:1005C000374687420FD2E0698019029907F00EFD85
:1005D000002818D11C36207E7F1CF2E70C25284607
:1005E000FEBD8725FBE70D4800685C21425C019B4E
:1005F0001A4342540A20F6F78FFBE4F776FE0025F3
:10060000EDE7872501E00546029E304607F076FDBE
:10061000E5E7C046292B00007C0D0020140F0020C8
:1006200080B5034601200249022207F0DEF980BDB1
:10063000FFFF000080B58AB001A901228A7104225F
:100640008A804880084602F08FFB0AB080BD000017
:10065000F0B58FB00091074601AC0CA114252046DF
:100660002A46E6F7A5F806AE012030810220B071D7
:100670000098B080778030460C3021462A46EEF74D
:1006800045F9304602F070FB0FB0F0BDFB349B5FC4
:100690008000008000100000002800001000000012
:1006A00010B58AB001AC638122810522A271A180BC
:1006B0006080204602F058FB0AB010BD10B58AB029
:1006C00001AC638122810722A271A1806080204653
:1006D00002F04AFB0AB010BD80B58AB001AB1A81A6
:1006E00008229A7199805880184602F03DFB0AB0A2
:1006F00080BD10B58AB001AC638122810A22A2714B
:10070000A1806080204602F02FFB0AB010BD10B51A
:100710008AB001AC638122810D22A271A180608028
:100720000C980490204602F01FFB0AB010BDFEB5E5
:1007300001AA918050801E201070104607F008FD1D
:1007400006B080BDF0B587B016460D4607460020BE
:1007500006903888122206AB03F074F9044600288C
:1007600002D0204607B0F0BD0596398800240A2241
:100770002046FEF7A7F800281DD006460120049069
:100780000598002819D0F8880590BB887A883988A0
:100790003C897889BF8900940190029708461146E8
:1007A0001A46059B07F084FE04463A2801D0002C27
:1007B00003D1002702E08824D3E7049F7068132147
:1007C0000172706845720625022230462946FAF702
:1007D000EFFA082130463A46FAF7EAFA7580052022
:1007E000314603F0EBF8002804D03046FAF7DFF981
:1007F0008124B6E7069803F043F9B2E7F0B58BB071
:100800001E4607920691054600270A970AA903F09B
:10081000BFF8044600287FD141480068408D12246B
:10082000B04279D305961098002802D0012873D1E0
:1008300001270390002012222946FEF743F888245E
:10084000002869D0049008A800900021012609AB77
:1008500028460D46324603F08FFA002803D004984C
:10086000FAF7A5F958E001960295049E70681421E4
:10087000017270680A990979417206210A24294D8A
:1008800030462246A84708213046069AA84709A8BC
:10089000028830462146A8470C213046079AA847CF
:1008A0002C460E2530462946059AA047234610249B
:1008B000304621463A46984775800520314603F078
:1008C0007DF8002808D008A80078F9F775F93046B7
:1008D000FAF76DF981241FE00A99142003F0AAF8B1
:1008E00008A80178342251430D4B1B685B6B5918E3
:1008F000CC70017851435918019C8C70007850439A
:1009000018182021039A425447840599C1810799F8
:10091000818106990181029C20460BB0F0BDC04642
:10092000180F0020B1AD0510F0B58FB01E4615466A
:100930000C46074600200E900EA9384603F028F812
:10094000002860D140480068408DB04201D212209A
:1009500059E007960895159D6A000692103200200E
:1009600004903946FDF7AEFF00280CD0059009A889
:10097000009001210BAB38462A4603F0FDF9002810
:1009800003D088243BE088203DE0069A10460C30D6
:1009900003900832059F78681721017278680E99D4
:1009A000097941720621294E3846B0470821384658
:1009B0002246B0470A213846089AB0470C213846EB
:1009C000079AB0470E21012238460292B047102103
:1009D0000BAB3846069A02F08EFC0398788005200F
:1009E000394602F0EBFF00280FD009AC002D05D0EE
:1009F0002078F9F7E1F8641C6D1EF7E7812405986B
:100A0000FAF7D5F820460FB0F0BD029E149F0E995C
:100A1000172003F00FF80C48006809A9002D11D029
:100A20000B7834225A43436B9A182023D7545684A8
:100A3000079BD381089B93811481054B5380491CEC
:100A40006D1EEBE70498DEE7180F0020B1AD05102E
:100A500009100000F0B585B01D4616460C46074645
:100A600004ABFAF767F9002826D104A802783420ED
:100A7000504312490968496B08180089272801D199
:100A8000862019E00192B01D82B200203946FDF7A0
:100A900019FF00280FD00746468006218181324683
:100AA0002B4602F028FC02A80199817184800297EC
:100AB000E6F7A9F800E0882005B0F0BD180F002087
:100AC000054A12683523D35C034201D00C207047DD
:100AD0003532117000207047080F0020F0B58FB03C
:100AE0000E9317460D4606460543FAF7F3FC0446F7
:100AF000002D07D03846FBF787F8A749884218D160
:100B000042204AE025464D35002637460E96287885
:100B100086420CD22068C019CE21415C012901D146
:100B200007F0D1FC012000023F18761CEFE70E9879
:100B300033E0010222685418CE21615C012E24D1D9
:100B400000021518D620285C01273840002926D03D
:100B500000280AD08C202858A96F2A468C32526867
:100B600005C1686FA96F6967A86794202858002697
:100B7000002808D094357D2044010E984443EDF7B9
:100B80005CFF20182860304607E00020012904D1CE
:100B90000546204607F097FC28460FB0F0BD002818
:100BA00007D08C202858002803D1902028580028EE
:100BB00006D0B820285AC10704D0E98DF52901D9FB
:100BC0001220EAE7122301461A461940022903D1EE
:100BD0004221695A002940D000070FD56D48BE2137
:100BE000695A814201D00E9800E08020802801D906
:100BF0001046D2E70E9000281046CED01498BA21A5
:100C000068527D2671010E9A51439422A950002802
:100C100001D0CF216F54BC2168522046E6F716FA66
:100C20000028BAD12946D631284664302A465432A3
:100C30006A67A8672B4678330978C9070D930ED1E8
:100C400000210160A96655480168204665300622EA
:100C5000EDF75CFE0D98006808E00C209DE78C2104
:100C600069582A468C32526806C0083829469431A1
:100C70000E91842169582A46843252688160C2608C
:100C8000204607F042FC00280C9602D007F059FCE1
:100C900006E02846743001680D9B1A6802601960EE
:100CA0000E992646CE362846B8300D9008680028A2
:100CB00005D0EDF7C2FE0E9A116808181060377063
:100CC000C420295CD027E85D81220E9200922E4636
:100CD000143622463346FDF731FAE85D2521F5F753
:100CE00058FF2F46D0370D980088C00603D4204601
:100CF000E6F7BBF942E0EDF7A0FE9C210B916850AE
:100D0000FAF77AFC0990FAF777FF0A90387808909A
:100D1000942000210D910A46F5F7CAFC03460E986F
:100D2000009020460899099AFDF7CDF93878099086
:100D3000962001210D9AF5F7BBFC03460D98009013
:100D40000E980190304609990A9AFDF725FAE96F45
:100D50000B982A583878124B0793124B0693124B74
:100D60000593124B0493142303931F2300AE0EC666
:100D70000C99CB0021460E9AFAF7A2FD9C24295922
:100D80003878FAF711FE2859397805F053FA00201F
:100D900003E7C046FCFF0000FFFF0000080F002033
:100DA0002F51071069D7061089DA061015DC0610D6
:100DB00070B50C4605461226FAF796F81B2D25D37A
:100DC000FB2D23D8E108292920D311498C421DD8B5
:100DD00044830583EFF3108172B6018AA94200D8DB
:100DE0000D4629210581428AA24200D81446C90035
:100DF0004481A92212019442234600D81346C3819C
:100E00008C4200D80C46848162B60026304670BD04
:100E100090420000084000D012207047FEB5054601
:100E20000846FAF7F1FE06463A48864201D14224C6
:100E30002CE03402FAF74EFB0768381902A9FAF7DA
:100E400051FB0C24002821D0E80713D1029D287AF9
:100E5000002400281AD02C726C202E5CFF2E15D096
:100E60003046FAF709FE2846E5F772FF304604F0EF
:100E70006BFD0BE030023818B821405A332108428C
:100E800004D10298017A0024002901D02046FEBD39
:100E9000477A0726FBF7DAF9FF280CD0019602996A
:100EA0000646002F09D08F6FFBF7D0F9FF2829D015
:100EB0008C21785418E03446E8E7886F083007F052
:100EC00041FB002810D0124A02980021009112B272
:100ED0000B46FAF799FB0299096D814204D230461C
:100EE000FBF7DCFF4524D1E76C2002990E5401206A
:100EF000087208466C30AA07D20F4270881D07F0AE
:100F000025FBC3E73046FBF7C9FF019CBEE7C0469F
:100F100081FF0000FFFF0000F8B51C4615460E4695
:100F2000074601200221FFF7CBFD002800D0F8BDC5
:100F30000021EF223846FAF783FE0028F7D10A4F46
:100F40003A46403206212846FAF77AFE0028EED1CA
:100F5000062130462A46FAF773FE0028E7D12046DC
:100F60003946FFF757FFF8BDBFFF0000F0B585B069
:100F700016460F4605464078FAF746FE04462D48C9
:100F8000844201D142214FE0029703962702FAF7EB
:100F9000A1FA0668F71904A9384603F0D8FF0C2116
:100FA000002841D020023018B822805A3322104243
:100FB00001D0122138E00498027A002A34D1C36F9C
:100FC000002B01D0002606E001466E310022C272DD
:100FD000C7670A8001262978AA885702002901D00C
:100FE0003B4615E001931249002400940AB22146C1
:100FF0002346FAF709FB874206D2452101980028CB
:1010000012D10498C4670FE02978AA885302049883
:101010005A24025307600365417202990860E98807
:101020008180039806700021084605B0F0BDC046D7
:1010300081FF0000FFFF0000FEB505468468A66F33
:1010400070680290687840027060B0680190A8787B
:101050004002B060307C009028793074E87800025B
:10106000401D0521F4F799FDF768F060204607F070
:101070007DFA617A03224A432368D21882420DD254
:1010800000983074029870600198B060F760297819
:101090001220002901D00021E167FEBD2878002838
:1010A00009D030462230324642320023F375FF2405
:1010B000047043701470327C002A00D0521E490024
:1010C000002003469942E8D0F46964680025E5549D
:1010D000E41862709B1CF5E7F0B585B004931546E3
:1010E000019100262F4A304F03903146B8470446FD
:1010F0000295284631462B4AB847054625430498B1
:10110000EF223146B847284301D005B0F0BD029C1C
:10111000039802F011F9002808D00546FF200E3090
:1011200028180078800703D41A20EEE70220ECE7A5
:1011300000960A9E002E09D00498FAF781FC002838
:1011400013D0007A022806D00C20DEE72046FBF7F9
:101150001DF8002809D030352D780121284602F0ED
:1011600011F9002803D03A20CFE74220CDE701272C
:101170002846394602F018F98672019901810399CF
:1011800001800499C18084802846394602F014F910
:10119000092228463946009C234602F01DF92046C4
:1011A000B3E7C046FF0E000041BC0510F0B595B096
:1011B0003948006800900BA807F0E4F9002831D006
:1011C00001AF06240025354B384621462A4698476C
:1011D0007879C021014379710BAE30462030304B15
:1011E00039462246984707AC1027204639462A46FA
:1011F0002A4B9847304621463A46294B984703AC3C
:10120000204639462A46254B98473046103021461D
:101210003A46234B9847304607F0C1F9002803D1DE
:10122000054603E0002501E00E20C5431D4C226861
:101230002E320026062730463946FDF787FD0BA9DA
:10124000002801D0203101E021682E310098603063
:101250003A46EDF75BFB2268083210213046FDF775
:1012600075FD002805D0206808300BA91022EDF785
:101270004DFB2268183200201021FDF767FD002881
:1012800006D00BA91031206818301022EDF73EFB74
:10129000E8B215B0F0BDC046100F002079F9051076
:1012A0000DE90410080F002012207047064800685E
:1012B0005C21415C8906890F04D05C30C178022230
:1012C0000A43C2707047C046100F002010B5362187
:1012D000054A3E2906D04318363B1B7814686354F0
:1012E000491CF6E7002010BDB40E002080B5C007F1
:1012F00001D1002080BD07F05EF980BDB0B5044685
:10130000074D2878002803D107F05AF901202870EA
:10131000204607F05BF9002801D000212970B0BDFC
:101320003A0F002080B5C00701D1002080BD0846DB
:10133000114607F05DF980BDEFF3108172B60168C8
:101340004A420A405140016003485043C00E03A185
:10135000085C62B67047C046DF3A650400010206C9
:10136000030B0710040E0C150817111A1F050A0F9E
:101370000D1416191E0913181D121C1B70470000AE
:10138000704700207047704784460870000A487014
:10139000000A8870000AC8706046704707490868EC
:1013A000002801D0002070470548072290430860BC
:1013B00004499143091A0160704700BFF80E0020EC
:1013C00007F2002000F40020F0B5CFB01E4614460E
:1013D0000F4605460120010209A8E5F7B3F9002CE4
:1013E00033D0549808900795002528460695FAF7BB
:1013F000FCF805964DAE3070010EF170010CB17025
:10140000000A70702846FAF7F0F83071049449AD7C
:10141000304639462A4607F000F909AF059800A979
:1014200091C10B4A01230798294607F004F90522C8
:10143000089C20463146EDF769FA601D04990A1DA3
:101440003946EDF763FA069800E012204FB0F0BD80
:1014500092040020F0B5CBB00A2A24D31F461646CA
:101460000D465099059101210691090207AC04909F
:101470002046E5F767F947AA03923846294607F060
:10148000CCF8781D751F21462A4605F00DFAA8B242
:101490000094019005980290044A04980399069BD1
:1014A00007F0E3F800E086204BB0F0BD9204002086
:1014B00000B5010049B2002905D40121C206D20EAF
:1014C00091403D4A116000BDF0B5020052B2002AC1
:1014D00017D41822394B040064B2A408A4001C5984
:1014E000FF25C6001640B540AC438D01EDB2C600E5
:1014F000324095402543020052B2920892009D501E
:101500001BE00F222E4B182405006DB21540083D3C
:10151000AD08AE0005006DB22A40083A920892006C
:101520009A58FF25C7002740BD40AA438D01EDB260
:10153000C7003C40A54015439D51F0BD00B5BFF329
:101540004F8F204820490860BFF34F8F00BFFDE751
:1015500010B50400601E80214904884201D3012097
:101560000EE0601E1949086003210020C043FFF708
:10157000ABFF0020164908600720164908600020CC
:1015800010BD70B505000C0016002100280040B207
:10159000FFF79AFF70BD10B50400200040B2FFF7BE
:1015A00087FF10BD80B5FFF7C9FF01BD10B504006E
:1015B0002000FFF7CDFF10BD00E100E000E400E0F7
:1015C0001CED00E00400FA050CED00E014E000E082
:1015D00018E000E010E000E0FEB500230C68DC40FD
:1015E000002C00D1E4E001240D6826009E402E402E
:1015F0000296029D002D00D1D8E003254E682E40B2
:10160000012E03D04E682E40022E1CD18768BC46A6
:101610001E0077002E00BE406746B743BC46CF6829
:101620001E007600B740664637430197019E8660EC
:10163000476826009E40B7434E68360926409E40C4
:101640003E43320042604E682E40032E10D0C768E1
:10165000BC461E0077002E00BE406746B743BC461E
:101660008F681E007600B740664637433A00C26076
:101670004E682E40022E20D1DE08B6008619366A4A
:101680000196019E00960F27BC461E00B7001C263F
:101690003E406746B740009EBE4300960F69BC4679
:1016A0001E00B7001C263E406746B740009E3743E9
:1016B0003A00DE08B600861932620768BC461E0092
:1016C00077002E00BE406746B7434E6835401E0087
:1016D0007600B5403D432A0002604D68C026B60240
:1016E0002E40002E62D04D686D0315D5374D2E6803
:1016F0009027FF05B84206D122009A409643220067
:101700009A40324307E022009A4012049643220096
:101710009A40120432432A604D68ED0215D52C4DD3
:101720002E689027FF05B84206D122009A409643C2
:1017300022009A40324307E022009A401204964366
:1017400022009A40120432432A604D686D0215D57A
:10175000204D2E689027FF05B84206D122009A40FE
:10176000964322009A40324307E022009A40120436
:10177000964322009A40120432432A604D68ED03DA
:1017800014D5154D2E689027FF05B84206D12200CA
:101790009A40964322009A40324306E022009A4043
:1017A000120496439C40220432432A605B1C15E7D6
:1017B000F7BD00B51300DBB2002B03D00B009BB2CA
:1017C000836102E00B009BB2836200BD0C0000400D
:1017D00010000040140000401800004010B5020046
:1017E0000020002A02D0012A09D011E0194B1C6800
:1017F0000C431C60184B1C688C431C600AE0174BA0
:101800001C680C431C60164B1C688C431C6001E078
:1018100001231800C0B210BD10B502000020002A3C
:1018200002D0012A09D011E00B4B1C680C431C604C
:10183000084B1C688C431C600AE0094B1C680C4375
:101840001C60064B1C688C431C6001E001231800DF
:10185000C0B210BD20005048240050482800504815
:101860002C00504838B505000C002068686060689E
:10187000A8600820205EE8600A20205E28610C2015
:1018800068610C20205EA86180200002E8610020D1
:1018900028626862280000F0BFF832BD38B5040045
:1018A0008420205C012801D102201DE00120842138
:1018B00060542420882160502068056820680068F2
:1018C0000121884321680860802080050543606607
:1018D00020680560200000F061F820208821605019
:1018E000002084216054002032BD70B505000C003A
:1018F0008420285C012801D1022020E001208421DD
:101900006854242088216850286806682868006880
:10191000012188432968086028688068C000C008E1
:10192000204329688860280000F038F8286806609D
:10193000202088216850002084216854002070BD38
:1019400070B505000C008420285C012801D102201C
:1019500020E00120842168542420882168502868D0
:10196000066828680068012188432968086028689B
:10197000806809490140214328688160280000F0FF
:101980000DF82868066020208821685000208421F6
:101990006854002070BD0000FFFFFFF1F8B504009F
:1019A000606E002805D101206A21605268216052D2
:1019B0002CE0082001006A46917069464870206852
:1019C0008068400E4007400F6946087020688068B4
:1019D000400F05000E4E0F4F684640782900C9B2EF
:1019E000795C48432900C9B2715CF4F7D3F86A21E5
:1019F00060526846807869460978795C4843694650
:101A00000978715CF4F7C6F868216052F1BD0000F6
:101A1000B83F0410B03F041010B50400002C01D1F1
:101A2000012037E0A0690028FFD188202058002835
:101A300005D10020842160542000F5F7F6FD242014
:101A4000882160502068006801218843216808606F
:101A5000A06A002802D0200000F072F9200000F0F7
:101A600092F8012801D1012014E0206840680A4959
:101A7000014020684160206880682A2188432168ED
:101A8000886020680068012101432068016020000F
:101A900000F0CEF910BD0000FFB7FFFFFEB582B029
:101AA00004000F0088202058202869D1002F03D07F
:101AB00068468089002801D1012062E080256D01FF
:101AC000A068A84207D12069002804D13800C007C7
:101AD00001D5012055E000269020265021208821A4
:101AE0006050F5F7CFFC0190684680895421605220
:101AF0006846808956216052A068A84205D12069B5
:101B0000002802D135003E0000E03D005620205A5A
:101B1000002821D004980090019B00228021200001
:101B200000F002FA002804D0202088216050032011
:101B300027E0002D06D13088C005C00D21688862DD
:101B4000B61C03E02878216888626D1C5620205A54
:101B5000401E56216052D9E704980090019B002254
:101B60004021200000F0E0F9002804D02020882146
:101B70006050032005E0202088216050002000E014
:101B8000022005B0F0BDF8B584B004000026300096
:101B900069460870A24821688142FFD0A168226985
:101BA0000A4363691343E1691943226812689D4B34
:101BB00013400B4322681360226852689A4B13400B
:101BC000E2681A4323685A60A2690392226882423B
:101BD00003D00399226A0A43039221688968934AD1
:101BE0000A4003991143226891602168C96A0F2253
:101BF0009143626A0A432168CA622168814245D1E1
:101C00001020ECF75DFA0500002D00D18DE0BB4FF0
:101C10002800616A4900795AF3F7BFFF02900298E1
:101C2000616803225143884204D36068000302992B
:101C3000884203D201206946087076E02800616A74
:101C40004900795AF3F7A9FF020000231B02100E86
:101C500003431202606840080021801859416268FD
:101C60000023F4F72CF801900198C02189008842E4
:101C700008D3019880214903884203D20198216842
:101C8000C86052E00120694608704EE0E06980219A
:101C9000090288422AD19A4D28009849626A520066
:101CA000895AF3F77AFF4000616849084018616873
:101CB000F3F773FF01900198102813D30198802146
:101CC000490288420ED201998E480840019949087C
:101CD0004907490F014368464180684640882168AA
:101CE000C86022E00120694608701EE0844D28008B
:101CF0008249626A5200895AF3F74FFF61684908C6
:101D000040186168F3F749FF01900198102809D342
:101D1000019880214902884204D2019880B221684A
:101D2000C86002E001206946087001206A21605203
:101D3000682160526667A6676846007805B0F0BD06
:101D400000B52821415C090707D5016849686E4A3A
:101D50000A40816B1143026851602821415CC90728
:101D600007D501684968694A0A40C16A1143026897
:101D700051602821415C890707D501684968644A98
:101D80000A40016B1143026851602821415C4907F8
:101D900007D5016849685F4A0A40416B11430268F0
:101DA00051602821415CC90607D5016889685A4AF3
:101DB0000A40C16B1143026891602821415C890689
:101DC00007D501688968554A0A40016C11430268C9
:101DD00091602821415C490614D501684968504A40
:101DE0000A40416C114302685160416C80225203E9
:101DF000914207D1016849684A4A0A40816C1143FF
:101E0000026851602821415C090607D501684968CC
:101E10006C4A0A40C16C11430268516000BD000069
:101E200000500041F369FFCFFFCFFFFFFFF4FF1128
:101E30007CB50500002490202C50F5F723FB06000C
:101E40002868006800071ED55F4800903300002214
:101E500080218903280000F067F8002813D0EFF3F1
:101E60001080012181F3108829680968802291433C
:101E70002A68116080F3108820208821685084200F
:101E80002C54032039E02868006840072BD54E48C1
:101E90000090330000228021C903280000F044F89C
:101EA000002820D0EFF31080012181F310882968E9
:101EB0000968464A0A4029680A6080F31088EFF3EF
:101EC0001080012181F310882968896801229143DB
:101ED0002A68916080F3108820208C21685084202B
:101EE0002C54032009E02020882168508C21685060
:101EF000EC662C6784202C54002076BD983F04109B
:101F00000024F400F0FF0000FF7FFFFFFFFFFDFF54
:101F1000FFFFFEFFFFFFFBFFFFEFFFFFFFDFFFFF06
:101F2000FFFFEFFFFFFF9FFFFEB504000F00089DBE
:101F30002068C0693840B84201D1012000E000208B
:101F40006946097988423BD10020C0438542EFD0E1
:101F5000F5F798FA0299401A854201D3002D01D174
:101F600003202EE0206800684007E1D5802FDFD0F5
:101F7000402FDDD008262068C069304000280BD0F3
:101F800020680662200000F023F8902026500020F0
:101F900084216054012014E0802000012168C96977
:101FA00001400029C4D021680862200000F010F828
:101FB000202090216050002084216054032000E004
:101FC0000020FEBDFFFFF7FFFFFFFF01DFFEFFFF69
:101FD00000B5EFF31081012282F3108802681268C5
:101FE000154B13400268136081F31088EFF31081E2
:101FF000012282F3108802689268104B1340026835
:10200000936081F31088C16E01290CD1EFF3108128
:10201000012282F310880268126810239A43036831
:102020001A6081F3108820218C2281500021C16622
:10203000416700BD00000000DFFEFFFFFEFFFFEF75
:10204000EFF31482EFF30981002080F31488BFF3CB
:102050006F8FF0B543464C4655465E466746F8B42A
:102060000F4CEFF30883636006B4BFF34F8F30BFAC
:1020700000BF00BF0A4C646884F3088882B003BCC8
:10208000F8BC9846A146AA46B346BC46F0BC04BC80
:1020900080F3098881F31488BFF36F8F1047000025
:1020A00004000020F0B5002807D0002905D05B0708
:1020B0009C0F002A04D1012C02D061204001F0BD08
:1020C000436A102B03D0182B01D0202B05D1012CF3
:1020D00005D005696D1E102D01D31A48F0BD102BD7
:1020E00002D01848801EF0BDC2600379F9252B404C
:1020F0000371012C20D000231C469D002D185B1C71
:102100006C61042BF9DB002313E0DC17A40FE41847
:10211000A408A40025182E461436B4461C1BD65C11
:10212000E40018276D693C1BA640354366465B1CDE
:10213000356004699C42E8DC0279D20700D18160F5
:102140000020F0BD1F0C0000F6B58DB0070009A8F7
:10215000009005AE01AD0020102807DA0E99095C49
:10216000009A4342D218D173401CF5E70024042C96
:102170001FDA604280003818C068A10070546042C5
:1021800080003818C068000AA100711848706042C9
:1021900080003818C068000CA10071188870604277
:1021A00080003818C068000EA1007118C870641C47
:1021B000DDE701AA09A905A8F5F774FC00200428A9
:1021C00017DA81006918C97809068200AA1892787E
:1021D00012040A438100691849780B0213438100F5
:1021E000695C19430D9A43429B00D218D160401C90
:1021F000E5E70FB0F0BD000001484168016070479D
:10220000780D00200348006800218160C1600161F1
:1022100001607047240F0020F8B501201C21294AD5
:102220009047294F3860294DA88D401E0326304322
:10223000401C8008C01C04242146224A904739686B
:102240004860E88D401E3043401C8008C01C214679
:102250001C4DA8472A46396888601C4D288E401EB0
:102260003043401C8008C01C214690473968C86034
:1022700006F024FA38684268002111805180836892
:102280001980D180AF8D7F1E37437F1CBF08978098
:102290005980D980EF8D7F1E37437F1CBF089F80F8
:1022A000C768398002614361F9802A8E521E324329
:1022B000521C9208BA80798087612246ECF730FB85
:1022C000F8BDC0467DAE05100C0F00207C0D00202F
:1022D00070470000FEB51F46019202910546012499
:1022E00078212046F8F7CAFDE12189005A2281525F
:1022F000244E3060012D17D101200621F8F7BEFDD4
:10230000014630688163012F0ED101250E27284632
:102310003946F8F7B3FD3168C86428463946F8F7FE
:10232000ADFD014630680165029901290BD1019884
:10233000012805D11C200121F8F7A0FD3168C862F1
:102340001148847E01E00021C16214212046F8F783
:1023500095FD316848650D4C042101222046F6F7B1
:1023600013FF316808620325022220462946F6F74A
:102370000BFF31684862064A072308462946F8F7EA
:1023800087FDFEBD100F00207C0D0020780D002081
:102390000922071080B5012006F09AF901BD8A785C
:1023A00012044B781B029A18097851180160704783
:1023B00001207047F0B5C3B00446F9F78BF8054625
:1023C000207803AFF9F720FC6C4988422DD0020237
:1023D00029688D18CE22AA5C0C26012A00D1CAE0F9
:1023E0006288D30605D50302CB18DB8D1F2B00D9DD
:1023F000C1E00296082316469E43152E04D103021F
:10240000CB18DB8D002B78D100020818016D002954
:1024100023D0496D0029029E78D0097A002975D011
:1024200033210A426DD01226A5E006F05BF9FF28A1
:1024300065D0000229680D182078BE2168528C20D2
:10244000002129504C20295438202954E96329645B
:10245000A962E96228468C304160207BC221685421
:102460002F46C237607D7870A07DB870607E38716D
:10247000207FB872237EFD22134004200321012B0C
:10248000034600D00B46E67D032E00D03346FB709A
:10249000E37E1340012B00D00846A17E032900D023
:1024A000084678712846B63006F050F8A068000259
:1024B0008021685060680190A07B0090627B6388F7
:1024C000617F2E468036002070600290B060F97205
:1024D00033873A750098787501980002E867A07B09
:1024E0003071284685300F3406222146ECF70EFA6B
:1024F000308F000701D52248E867029E3BE007269F
:1025000039E0C721415CA37E8B4234D1394680310A
:10251000C237C38D03AE0296F3850A87227B3A70D9
:10252000627E3A71A26812020A60227EFD26324063
:10253000042103230193012A0B4600D0019BE27D75
:10254000032A00D01346FB70E27E3240012A00D0FD
:102550000199A27E032A00D01146797100211791BA
:10256000616809022291C08D0299E4F775FD002887
:1025700000D172E74526304643B0F0BDFFFF0000B2
:10258000DC050000B0B50A4A03280FD300239DB232
:102590004C5D022C03D16D186D78012D05D01B19EF
:1025A0005B1C9CB28442F2D300E01A4690B2B0BDEC
:1025B000FFFF0000F0B587B0009003AE304604F096
:1025C0007BFC0027384603F085FF010A02AD6970E5
:1025D0003F2404404034384603F07CFFAC70287040
:1025E00001AF304629463A4606F091F80326009C92
:1025F000204639463246ECF789F9E01C2946324636
:10260000ECF784F907B0F0BDF8B505460026067072
:10261000012400910C7016480068476D05F075FAAA
:10262000002801D01348847EE1B21137304632468B
:1026300000290FD03B78002B09D0022B00D10120BC
:102640003A460F3A137801229B0700D516461437F5
:10265000491EEDE7012A01D101212970012802D08C
:10266000F0B2012802D1002000990870D0B2F8BD64
:10267000100F00207C0D0020F0B595B00E461C997F
:102680000124109100290A9301D0214600E0032182
:1026900000279142214600D339460992079001282C
:1026A000204600D8384608430D901A98024622402A
:1026B0008107C90F0892891842070592D20F89181D
:1026C0000E911B9D069508350F9001460839192279
:1026D000D301C8B20C901193E00735D012240D98A5
:1026E000002800D034E1F5F779FE012801D001205F
:1026F00000E00320B042119B00D229E102203043C8
:1027000003280CD10B9612AE304606F01FF8304667
:102710000B9E01F03BF8119B002800D118E10F98A7
:10272000012811D00C98F92801D3002400E00124DD
:10273000F5F752FE414241412143119B00D002E195
:102740000F98022800D1FEE028460838008810992A
:1027500000290AD1012189031224884200D9F7E017
:10276000AA1F12888A4200D9F2E01224042800D25B
:10277000EEE0A91F0988042900D2E9E0814200D9CE
:10278000E6E0281F0188062900D2E1E0994200D93D
:10279000DEE0A81E0088062800D2D9E0984200D9C1
:1027A000D6E0814200D9D3E029888A087C2A00D962
:1027B000CEE06A880A2A00D2CAE09A4200D9C7E06D
:1027C000491C48438008824200D8C1E0E888A988B3
:1027D000814200D9BCE010357F1C00240E9887424E
:1027E00000D279E70027129712AC0998207013974E
:1027F000601C06220A99ECF789F8204605F0B0FF24
:102800001399129805F0AEFF012801D10B249FE027
:10281000FBF762FA0546EB20285C0C24C00700D0C9
:1028200096E010972F46B037FAF71CFB11973870D7
:10283000FF2800D18CE028466C300E902846EA3004
:1028400004900C95069FB8890390F88902903C8902
:102850007B89BA88F98838880B967E8801250D9582
:10286000009536043018090489181A041219029BBD
:102870001B04039C1B19F1F75CFA0F9D680808996B
:102880000840000139188A890392CA8902920A898C
:1028900001924E898B88CA88385A4988022400944C
:1028A000090408181104C9183204019BD218029BAC
:1028B0001B04039E9B19E4F787FB2C4060080899D2
:1028C00008180599C9170140080139188A89089222
:1028D000CA8905920A8903924E898B88CA88385A18
:1028E000498804240094090408181104C918320402
:1028F000039BD218059B1B04089C1B19E4F764FB7F
:1029000004990B98C8708D710798119A50700870CF
:102910000C46109D95700C98C566056709980E9930
:102920000870481C06220A99EBF7F0FF12A80D99CF
:10293000018161788907C90F81721395129500F0A2
:10294000A7F8044604E0002901D1122400E0112474
:10295000204615B0F0BD0000F0B58FB00C931446C2
:102960000B910A90FBF7B8F9EB21415CC90700D045
:1029700082E00146803106910146AA31049103901C
:10298000EA30029014980990FA202040411E8841B4
:102990006642664106430125600705942C40C00F3E
:1029A00001940019089000270620079078430C9A9C
:1029B00011188C88105A0E9048880D90F5F70EFD6E
:1029C000012801D0284600E0032000210A9A904205
:1029D000284600D308460B9A032A2A4600D80A46FE
:1029E00010434CD1F1074AD10D9800040E994118BB
:1029F0000A061220520E40D1099A012A06D1234A12
:102A000091423AD801229203944236D88A0C34D0AB
:102A1000042C32D3090CA1422FD37F1C0026089826
:102A20008742C1D3059D02998D710B9808700A9851
:102A3000C8700020039FF866386701990029014695
:102A4000069C049E09D00C9B99885A881B78337089
:102A50001202FA670902616001216A070DD5079D1C
:102A60004D430C9B59198A8849885B5D7370090234
:102A700021601102A16000E00C200FB0F0BD002821
:102A800001D11120F9E71220F7E7C046FFFF00400F
:102A9000F0B58BB00446FBF71FF923460646EB2042
:102AA000345C01221440197A3546E9353046002954
:102AB00017D01227012900D0DEE0997A0129089267
:102AC00000D002215A7A914200D2D5E007901968CD
:102AD000002913D05868002810D0C001814210D3BB
:102AE000CAE00027002C00D1C6E0E4F778FA287984
:102AF000800700D4C0E0FAF7DBFCBDE0022A00D179
:102B0000BAE006932879022103910843032809D1EA
:102B100009A8059005F01AFE059800F037FE002878
:102B200000D1A9E0002C0BD106980799E4F744FAEC
:102B30000746002800D09FE03046B43005F034FE50
:102B400037465C373046AC300290069903C9C90459
:102B5000049100030590EBF770FFA978C90751D1E4
:102B60000899029AD17151800021396301917963EA
:102B70000699497A059A7A64002A3A4601D1059F56
:102B80000497049B936429707D21C9004118079F15
:102B9000B964F9649163D163059B002B00D1194698
:102BA00011643846059205F005FE059A344801681F
:102BB00034480068019BFB653B662B791370DB078B
:102BC00001D0563001460491501C06220592EBF7C5
:102BD0009DFEF86D396E7866B9667868801C049938
:102BE000059AEBF793FE2879800701D505F0A9FC3B
:102BF0001036E878002818D002CE2B22FF238B5401
:102C0000401EF7E7059B002B00D11846EFF310811B
:102C100072B6069A517A38647B64002B049800D10E
:102C20001846B864297062B609E0A878069A917AC5
:102C3000012901D10399084308990843A870002786
:102C4000002C19D1E879C00710D00025079C204638
:102C50002946FAF78DFF02980178A0682A46FAF70C
:102C600019FF20462946FAF7B9FF069A907A0028FC
:102C700002D10798E4F78BF938460BB0F0BDC04697
:102C8000080F0020B40E0020F0B589B002A8022180
:102C90008176002404836846848004900390029027
:102CA0001F480790069405940094FBF715F8054615
:102CB000EFF3108072B6B220285C002804D12846B9
:102CC000EB300078C0071CD162B6E643F8F702FC8F
:102CD000054600684D35BE30761C29788E420ED2EE
:102CE000012109024718017800242046E4F701F881
:102CF00000283846F0D002A8F9F7D6F80DE00C24E9
:102D00000BE02E46B03662B602A8F9F7CDF830785F
:102D1000F8F7AAFE2846E4F762F9204609B0F0BDAC
:102D2000FFFFFF0010B542788A4207D1017D0024E1
:102D3000002909D00830EBF78EFE05E04900426A11
:102D4000515E03F065FB0446204610BD10B51378B4
:102D5000837153788C1E0472C3710930911CE2B2E6
:102D6000EBF7D4FD10BD0000F8B506462E482F49FC
:102D700001602F4F3D682C6D002C07D0B188708802
:102D800005F02CFD002803D00C2537E0882535E020
:102D900028465030216A0160002900D1686520462C
:102DA00020300090242220463146EBF7AFFD012071
:102DB0002070204605F024FD05460C2816D0122D63
:102DC00014D0812D12D0862D10D0A079012807D1E2
:102DD000B1887088FCF76AFE818804220A438280E9
:102DE000882D0DD1B0791138022809D20020206237
:102DF0003868406D04603868009941652846F8BD20
:102E0000002525623868C06C04602078FC210140F0
:102E1000881C207038680099C1640C20F3F77CFF8F
:102E2000E2F763FAEAE7C046880400209DE6061050
:102E3000140F0020F8B50C460646F8F7E5FE0546E7
:102E4000184885422BD000942C02F8F743FB076802
:102E50003819BE214652B821405CC00707D028026D
:102E60003818CE21405C012801D10C2518E00E480D
:102E7000006856300626009C21463246EBF746FD98
:102E8000280238188C210122425001468C3100253D
:102E90004D608D3021463246EBF738FD00E01225BB
:102EA0002846F8BDFFFF0000B40E002080B508469C
:102EB000F7F77DFE80BD0000B0B50C4605460888DA
:102EC000FCF782F9002825D0002D0FD0012D21D14B
:102ED000608841281ED8124800682146F7F760FE36
:102EE0000F20F3F719FFE2F700FA16E06168097A9C
:102EF0000B2909D1017E03220A40012A0AD1FC22B2
:102F00001140891C017605E08A1FD2B2042A01D83B
:102F100005F04EFD2046F7F74AFE0020B0BDC04642
:102F2000200F0020F0B585B00C4606460F883846C5
:102F300000F0DCFA05468048C17A8D4206D21420A2
:102F400068437E4A1268D26A101802906268107A4A
:102F50000023012E1CD0002E3CD11E468D4212D2E1
:102F600019280BD8012181407948014206D07348C5
:102F700000680122774B2946FAF7B3FF029A90784E
:102F8000FD21014091702046F7F711FE3046D0E058
:102F90008D4200D3C8E0567A13281DD80121009134
:102FA0008140674A114217D0012821D01421634A79
:102FB0001268D26A13283ED0122800D0B4E00193E0
:102FC0000846684310188378DF0766D14671208869
:102FD00000229DE01846ACE00193E3F700FE0028D4
:102FE00000D191E003A805710394E3F7F2FD93E0AB
:102FF0000127284639463246019300F025FE019B01
:10300000002800D090E026884E4800688069422160
:1030100052220323F6F7B2FC019B002800D183E083
:1030200005463146061D3046224605F0EAFCF80208
:103030000A30082158E0694350188078C00773D1DE
:10304000132128463246019300F0FEFD019B002823
:103050006AD108212046F6F71DFC019B06463A4836
:1030600000684F21405C80075ED52788354800689E
:10307000806942214C220323F6F780FC019B002843
:1030800052D0054606738772300A6873380AE872B0
:103090002E1D0098C002062126E05807019B43D44C
:1030A000694352181220314600F068FD019B264802
:1030B00000684F21405CC00736D02788214800684F
:1030C000806942214D220523F6F758FC019B002818
:1030D0002AD00546061D30463946224605F0B6FC84
:1030E0000098C002801C0F21FF2272708222327071
:1030F000020A6A7228720020E871A97142202946EA
:10310000F6F79CFC019B0FE00298467100223846BE
:103110003146134600F039FD019B122809D80121E0
:1031200081400A4A114204D020461C46F7F73FFD71
:10313000204605B0F0BDC0467C0D0020180F0020D1
:1031400002000C000C0F0020B40E0020050004004B
:103150004000940230750000B0B50446C00616D495
:103160000D460D4800686107C90E4018006902222B
:1031700021461346F6F702FC00280AD0014607480C
:1031800048600D812046F6F759FC0020B0BD86202E
:10319000B0BD0720B0BDC0460C0F0020FD5E07107B
:1031A000F0B58DB0914200D383E013460646002966
:1031B0000CD00C463546002D0BD0A0B2202809D3E8
:1031C0002D68203C2004F6D1002403E0002435467D
:1031D00000E000251F463246002A08D0B8B2202859
:1031E00006D31268203F3804F6D1002700E0002201
:1031F00020040AD00291291D0492A2B205A80393CB
:10320000EBF784FB0299039B049A002E019506D0EC
:1032100000203668401C002EFBD1400100E0002059
:10322000002A3DD0C91A0D18280439D00492202153
:10323000C81B82B2ABB29A4200D32846029582B232
:103240000D1BA9B2914200D30546AAB2A0B205A9AE
:103250000818B9B2049E7118091DEBF757FB2C1919
:10326000EF190397B8B2202803D1326800200390E9
:1032700000E03246A0B220280AD1019C201D05A9F9
:1032800004922022EBF742FB049A24680194002464
:10329000039F002A07D00298451B2804C6D102E0EC
:1032A000A0B2202805D00198001DA2B205A9EBF715
:1032B0002DFB0DB0F0BD002806D000210068491C90
:1032C0000028FBD1480100E0002080B2704710B513
:1032D00014460A4640681946234605F0EFFB10BD28
:1032E000011F00220A6040687047024600680028FB
:1032F000FBD11160704710B514460A464068194664
:10330000234605F014FC10BDB0B51446049AC270F3
:103310004170150A05710F252D020D40A107890C7A
:1033200049199B03C918090A8170431D059800219A
:10333000FFF7CDFFB0BD000010B5014600200D4ADB
:10334000914215D00C4A12683423D25C521C0B4BAC
:103350001B6894241B59DB6B5B68521E08D0332416
:10336000E4001C195B8F8B422346F6D104482018D9
:1033700010BDC046FFFF0000080F0020B40E002063
:1033800068FEFFFF10B50C4605F00CFCA1014018CB
:1033900081790120084010BD10B50C4605F002FCF3
:1033A000A1014018007910BD10B50C4605F0FAFBDC
:1033B000A1014018083010BD10B50C4605F0F2FB15
:1033C000A1014018817910220A4382711520F3F778
:1033D000A3FCE1F78AFF10BD70B51C4615460E46EA
:1033E00005F0E0FBB10140180571002C01D021214E
:1033F00000E001218279DE231340C918817170BD7C
:1034000080B5FBF7E1FE002806D06021425C8023F6
:1034100013434354002080BD812080BD10B5044675
:103420000846114605F0CEFB80000019C1B20248E3
:103430000068F5F7F6FB10BD140F002070B50C46C0
:10344000054605F0D3FB074E326840322846214638
:1034500005F0C0FC326838322846214605F0BAFC37
:1034600070BDC046140F002080B505F0CDFC80BDB6
:10347000F8B50A4D05400A4E30680768002F0CD099
:103480003C46FF692088A842F8D130682146F7F70A
:10349000B1FC2046F7F78BFBF0E7F8BDFF0F00000B
:1034A000200F0020BCB56022825CD207827A04D152
:1034B0006032D2B2512A04D30FE05032D2B2402A45
:1034C0000BD8094A1268B123D35C002B05D0B13266
:1034D000047D0125A540AB4313706A46117100902D
:1034E0001046E3F758FEBCBD200F0020B0B50949D7
:1034F000CA7A09490B68002421468A4206D0DD6A4F
:103500002D5B854203D01434491CF6E71146C8B23E
:10351000B0BDC0467C0D0020180F0020B0B50C4691
:10352000054909680D680321224605F0A5FC288994
:10353000001B2881B0BDC0461C0F0020F8B5044612
:10354000C00608D40D46194800684E21405C80072B
:1035500003D4002628E0862626E01F461646144897
:1035600000686107C90E40180069452203232146FF
:10357000F6F704FA002816D0014685720420487236
:103580000120087232460026CE71062088714F73E2
:103590000A73FF20487182200871280AC8722046E9
:1035A000F6F74CFA00E007263046F8BDB40E0020CE
:1035B0000C0F0020BCB50C4601461C48006805688D
:1035C0002889EA685288131AA34226DAA11A081831
:1035D00001A908801648006880694221402203231F
:1035E000F6F7CCF9002817D004460222C27209204F
:1035F000A07220460C3001A9EBF788F90020607218
:1036000006212172E071A171FF206071822020717A
:1036100042202146F6F712FABCBD0320224605F0EF
:103620002BFC288900192881BCBDC0461C0F002036
:103630000C0F0020B0B50D4604460F4800685C2111
:10364000405C8006800F05D001202870204605F0E0
:1036500027FC0EE0F5F7B6F8002805D00120287009
:10366000204605F027FC04E000202870204605F0E5
:103670002BFC0020B0BDC046100F0020F0B587B075
:103680000293009201913A4909683423CA5C702779
:1036900057430025EC43374B1E68A4360C9906911E
:1036A0000E9903910D9905910494AF425ED0336851
:1036B000591909897035641C0029F6D1944255D2F4
:1036C0005F1939466839088038467038052101701D
:1036D00038460F380099017038461038009001992B
:1036E000017038460E380622234B02991646984739
:1036F000FE20069A104001210A40022800D01146FF
:1037000006923C466F3C217002280598039900D030
:1037100001463D466E3D28463246174B984738468F
:103720001738069901703846163805993246124BFB
:1037300098473846583800210422EBF7F1F8381F33
:10374000663F10213970049901602078294604F001
:10375000F9FA002805D000980078C00701D0FB20B6
:1037600038700E20F3F7D8FAE1F7BFFD07B0F0BDCF
:10377000080F0020200F00200DE9041080B505F08F
:10378000ADFB80BD80B505F049FC80BD00210A4637
:10379000062905D0435C002B00D00122491CF7E725
:1037A000D0B27047F0B591B001920091054608A9DA
:1037B0000320088007AA00241480144800681830E9
:1037C00003AF3B4600F042F80DAE102230462146D2
:1037D000EBF7A6F8082230460099EBF797F809AC0A
:1037E00038463146224605F01BFC02AE0222304626
:1037F0002146EBF78BF8287802994140019A117025
:10380000707869784140517011B0F0BD080F002008
:10381000B0B594B014466A4605F024FC054600286D
:1038200003D16846214603F001FB284614B0B0BD21
:1038300010B5044603F092F8FF2805D0812000223D
:10384000214605F030FC10BD022010BDBFB50D783B
:103850006C462570497861701178A1705178E170DB
:10386000002103910291019121461A4605F0D8FBEF
:10387000BFBDB0B50C46054603F070F8FF2805D073
:1038800000202946224605F00EFCB0BD0220B0BD46
:1038900010B5002915D000220C462346521C24687E
:1038A000002CFAD1EFF3108472B6446841601C60BA
:1038B00001888918018062B6002005F01FFCE1F73D
:1038C00014FD10BD10B588B068462021E2F73AFF1C
:1038D00000246846202C04D00019EBF783F8241D3F
:1038E000F7E70549EBF742F8801C01D0002000E023
:1038F0003A2008B010BDC04681240710B0B51C4660
:103900001546002907D1018900200622FAF7DAFFBF
:103910000146002809D0022048804868057248689E
:103920004472062000F04AF8B0BD8820B0BD000007
:10393000F8B516460C4605460089FBF793FC02468F
:1039400001200027114B3946FBF7ACFC2889FFF713
:103950008FFD02212846FFF7A5FD284618300422D6
:103960003946EAF7DDFFE87B2F210140E973002E9D
:1039700004D06878A91C05F0D5FBFB27AF72298914
:10398000022002462346FFF7D9FDF8BD307500003E
:10399000B0B50C460546F7F7A1F8014620600220B5
:1039A000002D09D0002907D00879002803D0897894
:1039B0000620084000D00C20B0BD0000FEB50C462B
:1039C000011F0646022921D8628800252046294683
:1039D000F7F7EEF90227204639463246F7F7E8F9BD
:1039E0002582E581257360686061A0616088001DA3
:1039F0006080207A384320722046F7F721FA0028A9
:103A000014D06088001F608081250FE0A0253F282A
:103A10000CD020385F2809D801A886802221044ACA
:103A2000515C81710194E3F7EEF805462846FEBD2E
:103A30007C0D002088710879C871887806220243BD
:103A40008A707047F8B51E4615460C460746F7F7CC
:103A500045F8014630600220002F0ED000290CD01E
:103A60008A780C20930708D4520706D58A79AA428F
:103A700003D14879A04201D01220F8BD0020F8BD42
:103A8000002181718178FB220A4082707047F8B56D
:103A900000924588AC081C80491C8AB2A618878809
:103AA000BE4200D9091B0A199200BE4200D96D1C02
:103AB0000326354052191A80A3001B180833009CB6
:103AC000236092B20588521B1746374084886743AB
:103AD000354052199208D21995B2C688B54200D91C
:103AE000C280A5420AD809B2002907D59978FC22DC
:103AF0000A40511C9970083000990860A54201D90C
:103B00000020F8BD0120F8BD80B5011DC278142A3F
:103B100004D8426880788008904780BD3D2A03D849
:103B2000002005F06BFB80BD3F2A03D8002005F084
:103B30006CFB80BD602A02D8002005F071FB80BDBF
:103B400080B53421414308480068406B4018C18962
:103B5000002905D080890818401EF2F71EF800E001
:103B6000002080B280BDC046180F002001794A1C99
:103B7000D1B2914200D00121017170479071517111
:103B800090780421014391707047F0B585B01E46CE
:103B900004920D460746F6F7A1FF00280FD0044611
:103BA000039640791226A8420AD10499022907D81F
:103BB000A078800707D4012907D0042006E0022658
:103BC000304605B0F0BD0C26FAE70220002900D1EE
:103BD00008460290821D0026304639460192FAF7C7
:103BE00071FE002827D007464068012101727868DD
:103BF00045720298801C82B206213846F7F7D8F841
:103C000008213846049D2A46F7F7D2F8002D05D042
:103C10000A213846029A039BFFF76DFB01987880D2
:103C200005203946FFF7CAFE002806D03846F6F7C9
:103C3000BEFF8126C4E78826C2E7A671A078FB21D3
:103C40000140A170BCE70000F8B5044614206043B1
:103C5000144B1B68DD6A2D18A87846078120002EBA
:103C60001FD5AE79761C8E4201D0012919D1E97990
:103C7000914216D1AE1CAF1DE81D0090184621469A
:103C8000F4F7CFFF00203870009908703178FB22DC
:103C90000A40327029794A1CD1B2914200D00121E8
:103CA0002971F8BD180F0020FEB50C460546002806
:103CB00007D010212046F5F7EDFD0B2810D90B2079
:103CC0004FE008212046F5F7E5FD014602200029D6
:103CD00047D0FF2945D8272943D001950C2701E07B
:103CE00001950A27B81E81B21F4D2046A8470290B1
:103CF00020463946A8470646B91C2046A847014633
:103D00000B20172E2DD317292BD3184A914228D8D0
:103D1000029A002A25D0402A019922D37F2A01D86D
:103D2000002000E00B207F2A1BD8002919D1222077
:103D30000F49085C342141430E48026800200346C5
:103D400099420ED0566BF518EF78002F07D0F65A2F
:103D50002788BE4203D12D8A029EB54202D0343359
:103D6000EEE7FEBD0A20FEBD95980510FDFF0000A0
:103D70007C0D0020180F0020F0B587B006462A48B9
:103D800004683027E55D882095424AD3002903D195
:103D9000012A01D0862044E0012906D1303464781C
:103DA0002249097B091B91423BD303970496059353
:103DB0000C980290002701970692974230D022205B
:103DC0001A49095C1848026800250A24A94224D02F
:103DD000536B1819C61F3678002E02D034346D1C70
:103DE000F4E71E5B0A3800213422EAF799FD0E48F9
:103DF00000680146303149680E53039BC25C521E75
:103E0000C2540819C11F0A38049A02807800059A22
:103E10001652012008700298C5557F1C069ACCE7FF
:103E2000019807B0F0BDC046180F00207C0D00209F
:103E3000FCB50092019122220E4B9C5C0E4A116847
:103E4000002302269C4212D04D6BAF19BA1E128875
:103E5000824209D1AA5D03251540019A954203D1FA
:103E60007A78009DAA4203D034365B1CEAE72346E9
:103E7000D8B2FCBD7C0D0020180F002070B51E4686
:103E80000D4604460A211046F5F704FD04990A0A76
:103E900062732173A072310A61722672290AE1717C
:103EA000A571000AE07270BD70B514460D4606217A
:103EB000F5F7F0FC0146AA1C0C208A420ED84A1BDA
:103EC0007F239B0016461E400B2E07D89B1C1340D9
:103ED0005B198B4202D150082070002070BD000099
:103EE000F0B59BB00F93144600251A9517AA1581BB
:103EF0001895179514AA15811595149512AA157180
:103F0000129517221AAB11900E91FFF79BFD0746F1
:103F1000002802D038461BB0F0BD229B219E249978
:103F20001A98827A1092427A0D91002948D00C9604
:103F30000A9208935A0009921032002630461199CD
:103F4000FAF7C0FC002845D001460D9800280B94D4
:103F5000049141D00596099E30460C3010903246AF
:103F60000832049C60681821017260680E994172E1
:103F70000621A54F2046B847082120460B9AB8478E
:103F80000A2120460F9AB8470C2101222046B84743
:103F90000E2120460C9AB847102117AB2046324616
:103FA000FFF7A9F91098608005202146FFF706FD6C
:103FB000002800D1D2E02046F6F7F9FD8127A9E7D5
:103FC0000121002E079100D1AEE09A4200D8ACE06A
:103FD0000426B6E088279DE70024264627460A9A4D
:103FE0000597A2425DD01098E040C00705D112A805
:103FF000FF210155641C761CF3E7029606952221E9
:1040000080480191465C601C03907D480168002255
:104010001546AE4212D04B6B9F5A119887420AD177
:104020009B18DF78102F06D19F780A2F03D19B7D34
:10403000E31A5B1C0FD234326D1CEAE7304631467E
:104040000A9A059F069D039C029E0691C9B2814271
:10405000C6D1761CC4E7059FF9B20898814201D306
:10406000002100E001212A4607980140012908D1DA
:1040700012A90A5511467F1C0A9A069D039C3046D8
:10408000E2E7D0B2F5F798FD12A8FF2101555D488F
:104090000199405C2946029E761C0A9A069D039C63
:1040A000D3E7F0B2F9B208188627904200D031E782
:1040B0000C98002802D1300600D02BE7E80700D08A
:1040C00049E74F4800680390002317AE12AC0699E9
:1040D000002A00D18FE02778FF2F21D008943424C4
:1040E0007C430398406B0019012444840F99C181DB
:1040F0000B998181418931804189079110961E4633
:104100000692DAB2520014AB07999952069A20210E
:104110004454089C00218175408A731C109E3946C6
:10412000641CB61C521ED3E7C67A00200A2E36D86D
:104130000121B1401F461346304A11421A463B4600
:1041400030D02F480068408D12270F99884200D246
:10415000E0E60C969A4200D3EAE6DBE600270D98EB
:10416000002800D0D6E61A98FFF78AFCE80700D0AE
:10417000D0E623981090224C206812A90A9D069B35
:10418000002D13D00A78FF2A06D034235343466B00
:10419000F3181126DE701346491C6D1EF0E70C96CD
:1041A0000D4601E00C96079D0790C1E6D8B2342178
:1041B00041432068406B4018817809070FD500897A
:1041C00027280CD1089A90B20B99884200D8114642
:1041D00089B20598C2B214AB119800F045F817A93E
:1041E0000A221098EAF792FB20683121425C059B75
:1041F000D21842548EE608900691ACE611060000F3
:10420000180F00207C0D0020B1AD0510FEB50C4646
:104210000546222012490290085C00270326114B14
:104220000195C1B28F4219D21968496B8A19D21E01
:104230001288AA420FD1FF2C02D0895DA1420AD177
:10424000F8B225461C46F5F7B7FC23462C46019DDF
:1042500002980349085C34367F1CE2E7FEBDC04685
:104260007C0D0020180F0020F0B585B01C461546C7
:10427000039104901B48006801463431049B09688F
:10428000002904D00A899A4205D01031F7E70021AD
:104290000291FF2104E08A88C02313400293097829
:1042A0000191002D1BD0066B3169016377780021E5
:1042B00014223046EAF734FB0398F08077700198B7
:1042C000307020880499318170810298B08005484F
:1042D0000068416B46633161A41C6D1EE1E705B0C7
:1042E000F0BDC046140F0020FEB5029105462448DB
:1042F00000685521405C000740D516460A98019099
:104300004400601E03210143153188081F4683B213
:104310001C480068806942215122F5F72FFB0028D4
:104320002CD0394607460B9800900998089AB87423
:104330003A747E73BD72019B3B75F973029B3B73AC
:10434000000AF874100A7874300AB873280AF872F0
:104350003846153000992246EAF7D8FA08207872D4
:10436000092038720D34200AF871BC71FF20787171
:104370008220387142203946F5F760FBFEBDC04609
:10438000B40E00200C0F0020F8B51C4615460E4652
:104390000746002D09D021883846FBF787FB002807
:1043A00000D0C680A41C6D1EF3E7F8BDB0B50D4665
:1043B000044604F040FF0146284604F045FF044847
:1043C00000680068C0682146FFF762FAB0BDC046C9
:1043D0001C0F0020F8B504460588F6F75BFB014684
:1043E0002846FBF763FB0546204604F047FF1D28DF
:1043F00003D0232801D01B280ED16188EA8891427E
:1044000005D8032903D3232867D1042965D820467A
:10441000F6F7CDFB0020F8BD204604F02FFFA98859
:10442000CA066ED5012802D0AA78904269D1102020
:104430008143A9806A89298903263046FEF7EEFF69
:104440006188E8880091814200D99AE0204604F012
:1044500015FF421E0121CA410023102A00D988E01D
:1044600092001F4601A39A583B46974623450610E3
:10447000274506103345061051450610B144061075
:10448000794506107945061079450610B1440610A5
:104490001F450610734506102B4506101F450610D4
:1044A00073450610734506107345061079450610CE
:1044B000092802D1009904295BD3112802D1009860
:1044C000062856D3A089401C81B2204604F0DBFEAA
:1044D0003B4600284DD0014643E01D280DD1A88859
:1044E000800612D46A892989022004F0DDFE0028A2
:1044F0004CD1A88820210143A980204604F0E8FE81
:10450000F8BD204604F054FFF8BD083542200321D1
:1045100002222B46F7F7E0FE002837D177E70B465B
:1045200027E0052325E0334623E0009B042B1FD919
:104530001FE0009806281CD3A089401C81B22046A9
:1045400004F0A1FE01280BD002281AD1122108E0A4
:10455000009802280DD3009B581E800708D108E060
:104560000421009EB01EF1F718FB0029334600D04D
:1045700000230098984204D10748016820468847E4
:1045800002E0204604F027FF842801D18420F8BDF2
:104590000020A870F8BDC0468C040020F0B587B09C
:1045A00004460588F6F776FA01462846FBF77EFAB8
:1045B0000546204603F05AF9064603F05DF90F2838
:1045C00019D11E2E47D04020304044D10521284625
:1045D00003F0CFF9002845D00746002106223046D7
:1045E0003B4603F083F96889394604F009FF074622
:1045F000002834D12FE0019500251E2E2F4616D01D
:10460000402006402F4612D1019B9888C00718D140
:104610005A8919890026304604F046FE07460028CC
:1046200005D1019A9088012101439180374602A863
:10463000058006950595019904910394FBF748FAC6
:104640000DE00833422003210222F7F745FE00283F
:1046500001D0842703E02046F6F7A9FA0027384660
:1046600007B0F0BD8827FAE7F8B505460088FEF7E1
:1046700063FE002811D0044606462C36EFF3108066
:1046800072B6204678302946F6F78AFA3078032841
:1046900005D12046F6F732FC1AE00220F8BD707D05
:1046A000274D2968497B884212D1EAF7C6F9296863
:1046B0000968C943401801218902401808D5706D66
:1046C0004021014004D1204604F0B0FE002802D071
:1046D00062B68420F8BD2046F2F7AEF805462046C3
:1046E000283085420AD00121204600F0E3F88542B7
:1046F000EED02878102101432970E9E711480068BD
:104700008C214058A66F318AF28951181F220A4025
:104710001718BD1C20462946F2F7B4F8204631464A
:1047200004F08AFE6667F8780028D1D0012120467F
:10473000F9F7CCFB0128CBD16878001D6870C7E77A
:10474000B80E0020B40E0020FEB58124002832D01F
:104750000646029101941948006800680090501EB6
:104760001F2101434C1CA7B23046FEF7A4FD0546AD
:1047700087420CD9601B81B2029802F061F90028CF
:10478000019C18D001463046FEF7AFFD12E0AF4263
:1047900010D20098C06831463A4604F093FE0446B1
:1047A000781E4009691E4909081A81B2029804F06E
:1047B0004BFD00E000242046FEBDC0461C0F00203B
:1047C00080B50A4909680A7B012A06D1CA7B032AF7
:1047D00005D10020E2F709FC80BD002080BD0968FA
:1047E000081A03494018C00F80BDC046B80E00200B
:1047F0000BFEFFFF06494143090C2422D2434A43E2
:10480000101881B2242900D92538C0B27047C0469B
:10481000EB060000FF220E324243100A8908414392
:10482000880C401C704700002C234343024800685A
:10483000C250C01841607047BC0E0020882140580B
:10484000018803200840704780B58822805802887C
:1048500003239A430280194002880A4302801520EC
:10486000F2F75AFAE0F741FD80BD10B5044604F0B6
:104870004EFE002804D02046FFF7E0FF032801D1B8
:10488000002010BD012010BD4B424B419901401842
:104890008179CB070020002B0BD0022A05D0012AFA
:1048A00005D0002A05D1880702E0080700E0480784
:1048B000C00F70478900401884214058801C704701
:1048C000B0B5034600202A2B00D9B2E003245C4394
:1048D000584D2C1964788C4200D0AAE0D41E604256
:1048E00060412A2B00D9A3E0990001A251588F46BC
:1048F000334A0610334A06109D490610334A061003
:10490000A1490610A14906109D4906109D490610AF
:10491000334A06109D490610334A06109D49061079
:104920009D4906109D490610A1490610314A0610FE
:10493000314A06109D4906109D4906109D490610F2
:10494000AF490610AF490610C1490610C749061005
:10495000D1490610314A0610B5490610B54906106E
:10496000D74906109D4906109D490610BB490610FF
:10497000DD490610BB490610E7490610A949061093
:10498000A9490610A9490610ED490610F749061075
:10499000FD4906100F4A06101F4A06100120B0BD3F
:1049A000601E84412046B0BDF3F71CFD3DE0E2F7F8
:1049B0005BF83AE0F3F714FD37E001F001F91FE08E
:1049C000F3F70AFD31E0601E8441F3F705FD22E0B4
:1049D000F3F702FD14E0E2F788F922E0601E84415B
:1049E00001F0EEF817E001F0EBF81EE0601E8441E4
:1049F00004F093FD0FE004F090FD01E0F3F7F4FC08
:104A00000146401E8141604260410840B0BD601EC9
:104A10008441F3F7E9FC411E88412040B0BDE2F734
:104A200093F9002804D0E2F723F8411E8841B0BD75
:104A30000020B0BD4465071070B5920189180E7949
:104A40004088C1B201240D2901D1012E0FD01129B6
:104A500001D007290AD1050A284604F061FD8642E3
:104A600004D1284604F068FD002800D10024204627
:104A700070BD0000B0B5034600202A2B67D8032480
:104A80005C43364D2C1964788C4260D1D11E48426B
:104A900048412A2B5AD89A0001A39A589746C046F3
:104AA0004F4B06104F4B06104D4B06104F4B061048
:104AB0004D4B06104D4B06104D4B06104D4B06103E
:104AC0004F4B06104D4B06104F4B06104D4B06102A
:104AD000514B06104D4B0610554B06104D4B061012
:104AE0004D4B06104D4B0610514B06104D4B06100A
:104AF000514B06104D4B0610514B06104D4B0610F6
:104B00004D4B06104D4B0610514B06104D4B0610E9
:104B1000514B0610514B06104D4B06104F4B0610D3
:104B20004D4B06104D4B0610514B0610514B0610C5
:104B30004D4B0610514B0610514B0610514B0610B1
:104B4000514B0610514B0610514B06100020B0BDC2
:104B50000120B0BD481E81410846B0BD4465071024
:104B600010B50446007AF721014021720A48006816
:104B70000069902100220123F4F700FF002804D0EF
:104B8000014644609020F4F759FF044800688921E9
:104B9000425C521C425410BD0C0F0020B40E002089
:104BA000F8B50A460146074800689423C058C06B10
:104BB000006802AB019303AB00932030012304F0A3
:104BC000C7FC8FBDB40E002070B50D4604461648D4
:104BD00000682C21405CC007C10E01D1052206E00F
:104BE000124800683622805CC0061CD515226F2052
:104BF000C04341400E4800680069CEB202233146EE
:104C0000F4F7BCFE00280ED0014604728572002025
:104C1000C8710420887105224A710871200A4872FF
:104C20003046F4F70BFF70BD080F0020B40E0020D3
:104C30000C0F002010B50446EA20205C01280DD09E
:104C400020463030017806480068A830F3F7E9FFC5
:104C5000E62000212152E6346180217110BDC0465A
:104C6000B40E002010B53321C90041431C4A12681C
:104C70009423D258D26B526854182E211F226254AA
:104C8000802100226250302160548C216250E32147
:104C900062544121FF2363542F2107236354A285CB
:104CA000012121850F49618719210904A165E16569
:104CB0002166214690311B224A809023E2520A4A03
:104CC0000A4B4B608A602922D2008A8104F07CFC66
:104CD000204604F09FFC78342046F4F755FD10BDC3
:104CE000B40E0020FFFF000048011B001B0048011C
:104CF00010B5F4F7E1F904460021FFF7DBFD8078F9
:104D0000FF219831605419200001215A10220A43D2
:104D1000225210BD84214058018801229143018014
:104D200070470000F0B58DB005920E460446302065
:104D3000205C0C9000210A912046FFF7BBFD4178D2
:104D40000491112109010794641809904788FAB267
:104D500001252046314608922B4600F0CFF80A9AEA
:104D60000B90F81FC0B20B2800D31546624FC74006
:104D70002F4020463146FFF787FD0546B001201839
:104D80000690407903900A96304600F0DDF806461A
:104D9000800121184879C9790B9A002A07D0042983
:104DA00011D1089988420ED1002D04D114E0002DB4
:104DB00012D004293BD1002F33D009982146324626
:104DC000FFF73AFE31E00C983146FEF7E5FA05466A
:104DD00001200B90042432E000250598032854D0CC
:104DE00001284DD1079F38462C3002780898049945
:104DF000FFF740FE0028099E42D001240C9821466E
:104E0000FEF7C0FA00280B9471D0AB204000381890
:104E10000578089804F006FC0121002863D10C46AF
:104E200062E00899401A411E884100282BD00C9856
:104E30003146FEF7B1FA054601200B900524079F85
:104E4000099E70781021801CC0B2009101900296DA
:104E5000012100200A46034600F075F8284600F0BC
:104E600065F8002808D0054633460698461D0C987C
:104E70000A992246A84730703846FFF74BFF0B9D32
:104E800028460DB0F0BD0025FAE70B950C980A9D59
:104E90002946FEF781FA0590002F0CD0099E304676
:104EA00021462A46FFF7C8FD0028079F0B9DE7D043
:104EB00003240B9008E0089803998142079F099EFC
:104EC00004D101200B900324059DBAE70598012821
:104ED000D5D1384604F0B8FB00280B9DD0D0012571
:104EE00005240B95ADE70224A80600D40C460898CB
:104EF00004F016FB0546A4E741040000B0B50C46DB
:104F00000546002B03D0104604F08CFB04E0A00102
:104F1000281880798006C00F002805D00222284674
:104F20002146FFF7B1FCB0BD0020B0BD10B5014671
:104F30001239032901D2002010BD840000F008FCC2
:104F40000068005910BD7047414248417047002831
:104F500007D0006D002804D0406D0860411E8841D4
:104F60007047002008607047064A0E320821491E2B
:104F700005D0931E128882421A46F8D300E0002121
:104F8000C8B270470851071070B505464008684020
:104F90008108014340080843C108014388010024F7
:104FA00040302ED119490222284604F053FB002834
:104FB00027D1EEB216487043E84222D0284604F0CA
:104FC00054FB18281DD810483F2189062940421C4F
:104FD0002A4000D11046084304F047FB022810D3B2
:104FE000304604F049FB03280BD328B2094901409D
:104FF000A8B2081804F039FB0C2801D3002400E003
:105000000124204670BDC046FFFFFF03D6BE898E37
:10501000FFFEFEFE0000FFFFF0B591B01746189AA4
:1050200000921A4608900028079119D016460846A3
:105030006D30CD6FC722002F03D107998C6FE789A0
:105040000799AA5C0C928A880692009A16803246CA
:1050500000780590086D01900820049009200FE069
:105060000846B830002F00D1CF8DC17B0C9100884D
:105070000690012005900020019003200490042058
:10508000039008984542454100207F33044600D0F4
:1050900017980C99022901D30A9401E014210A916E
:1050A0000899002901D108990A91002B01D016997D
:1050B0000A9101210B912346109402940646099708
:1050C000BFB2002F04D1002D02D110B200285FD44E
:1050D0000B98C0B2002815D01546012803D1022034
:1050E0000B90049802E000200B90039806990C9A0C
:1050F000059B00F0E3F8C0B20899079A00F03CF96C
:10510000431C2A4610B200240D900028204600DCE3
:10511000032099B2CF190546FF35AF420F940E9682
:1051200001D8381A00E0E0431C46164691B2002927
:1051300000D10A91C1B20A98C2B20C98F8F79CFC4F
:1051400010990818AF4204D80F9D2F4632462346C7
:1051500005E0099F23463F19FF3F32460F9D0E9CF5
:105160000D99CD301090C813C04312182006284660
:10517000A4D001981099814204D90298C0B2009934
:10518000088000240298401C02900025204695E7E4
:105190001098002800D0CD3811B0F0BDF0B589B01E
:1051A000154608AA00261670002D06931A4600D14F
:1051B0002A46070C474011980790002D04D1002380
:1051C000069801281C4638D810980590794051401F
:1051D0000C46022E07D8A0B204F068FA1121414310
:1051E000CC19761CF5E72046784086B23046FFF7AA
:1051F00001FB242815D8C108059A525CC900411A40
:10520000C9B2CA40D1070CD008A90870079A511C2E
:10521000127800239A420DD0CE5C86420BD05B1CE4
:10522000F8E7079908784643330CC818407808A96E
:10523000087000E02523002D0ED10F990E9808ADBF
:10524000BAB200900192079802900395A2B2DBB225
:10525000069804F04DFA287809B0F0BD80B5034AED
:105260004A43110A04F046FA80BDC04671020000AC
:10527000044800685C21405E0D2141434031C81163
:105280007047C046B40E002000207047B0B50C46F1
:10529000054600F009FC401982B200252046294647
:1052A0002B46F0F7F3FCFF220E322B46F0F7EEFC14
:1052B0000901000F40180E30B0BD0000F0B54524C4
:1052C000A4004D06ED0F861E072E0AD8201DC046ED
:1052D0007E4436797600B7440A0F03130317191D6D
:1052E000F0BD8B281BD1002D20D0B1202BE0182140
:1052F000002D1DD108461CE088071ED580241DE026
:10530000002D1FD0C5201EE00320F0BD002B1CD0B7
:1053100088202DE0002B00D008342046F0BD0A384C
:10532000802822D8002B22D0782021E071200AE0AA
:105330005820022AD4D80846F0BD6C34002806D084
:10534000082005E085202018F0BD802010E03820DE
:105350004A08022313408906C90FC91808182043B8
:10536000A901014301204840F0BD0020F0BD70209C
:105370002118A8010843F0BD10B5C30701D00723C9
:1053800000E00123840700D59B1D4407E40F1B198F
:10539000040700D59B1CC40600D5DB1C840600D581
:1053A00012334406E40F1C1940B2002823D5002A0A
:1053B00021D0002910D0D07A002800D00934D06F35
:1053C000BE21405CFFF760FF002814D04068807F5A
:1053D00000280FD03B340EE0106D00280BD0406D3C
:1053E000002808D0417A002905D0007A022802D18D
:1053F0000A3400E02334E0B210BD10B5846F00F031
:105400003BF9FF2804D0C000E1690968081810BD05
:10541000002010BDF0B58FB01F460D460446FE209B
:105420002040082803D1AE6FE86F08360DE0204613
:105430000A38C0B280280AD80AAE28462146079208
:10544000324600F01EF8079AE86F012309E0601F5A
:10545000C0B2022801D3282000E03C202E180023EF
:105460002846B821415A08A8059009A80490039736
:105470000292019600950022204604F067F90FB0D1
:10548000F0BD10B514460A39C9B2FFF7B6FF0021C6
:10549000002803D002784068012302E00B460A4648
:1054A0000846A160E1602374E280A180206010BD05
:1054B000F0B593B01E4607460FA8059010A80490BB
:1054C00011A8039012A8029019980B900190189CB3
:1054D000009438460A9104F039F90D90F6F78CF8EB
:1054E0000546002E07D011A801782A1D2046E1F7B5
:1054F000F1FB002691E0281D11A90A78D107089038
:105500000C9202D100260E960AE0616F491C062219
:105510000E92E9F7FBF90C9A606F0078C007460E0F
:105520009007099411D508980E9C00190999496FA4
:1055300009310622E9F7EAF90C9A0998406F007AD6
:10554000C0018619A41D0E94099C23469833214658
:10555000C43110070791069311D5087AD98B089AA0
:105560000E9C115512190F231B020B4007990003C3
:10557000C018000A50700C9AA41C0E94099CD00606
:1055800016D5F81E032805D800F0C8FF0799024673
:10559000487400E00A7C08980E9C0019CB780699A4
:1055A0000968F6F717FA0799E41C0E940C9A099CFF
:1055B00090061BD506988168206D406D0690E1F736
:1055C00081FB00280CD008980E9C001906995831D0
:1055D0001222E9F79BF912340E94099C0C9A04E00C
:1055E000DF200C9A024011A802700799500601D4DE
:1055F000089909E008780C92F6F70EFA0C9A0899C7
:105600000E9BC8545B1C0E9350B2002805D50E9813
:105610000918206D406DE1F789FB0D9C12986870A8
:10562000072F01D0072000E0082006432E7011A8A4
:1056300000887F210140E970FE210F40022F01D038
:10564000002101E00A99890110AA13883F221A401B
:105650005118A970C0050BD50FA802780B9EB08811
:105660008118B180316809185819C01CE9F74EF942
:10567000204613B0F0BD0000FEB5846F267D8A1B66
:10568000457A00D25219D3B2174F3F7FAF4200D3B1
:105690002F46BB4224D20293254622350F4623468D
:1056A000423329780191697800911B7839460125A8
:1056B000BE422E4608D919466A23C05A238CC01A06
:1056C0000B463946464246410298854001980542BC
:1056D00006D00098054003D18B4201D0002E00D1A6
:1056E000FF22D0B2FEBDC0467C0D0020F8B50446B6
:1056F000C00626D416460D46144800686107C90E38
:1057000040180069422203232146F4F737F90028A4
:1057100019D0014685720027477211200872CF7197
:10572000072088718E73FF20487182200871280E2F
:105730004873280C0873280AC8722046F4F77EF9CB
:1057400002E0862700E007273846F8BD0C0F00204E
:105750000348006894214058C06B0068343070479B
:10576000B40E002080B5E9F713F980BD70477F23A0
:10577000C35C1B07836B04D48B420A4604D8002009
:105780007047D1435918FAD4991A816301207047A0
:1057900010B504468320205CF6F7F0FDE16B00298C
:1057A00001D040180D38216B49083E39884202D299
:1057B000E063012010BD002010BDB0B50446892073
:1057C000205C002814D0204642300188408888425E
:1057D0000ED8204682300021C171007825464C3514
:1057E0002946F1F7B4F9543420462946F5F7CCFEA2
:1057F000B0BD0000F0B589B008910790214800685D
:1058000094210691405880685D21415C0024002964
:1058100035D0017A002932D0029203930E9901917A
:10582000002604274168CA19121F12680592C95937
:10583000049149004D0E2821694300684018012455
:105840000799089A2346F6F7CFFD00280BD1761C5E
:105850000C480068069940588068017A08378E42E3
:10586000E0D300240BE002980570FF200006049BA3
:10587000D90F83430398059A0CC001980170204604
:1058800009B0F0BDB40E00207047F0B589B00446F1
:10589000F6F758FCFF2101817F21615C4A0625460D
:1058A0007C35002A0ED426464836CF06BA0F0DD0D6
:1058B00003AB00221A75DA749A745A74002F0BD550
:1058C00044270AE0204603F0CBFF35E0880633D4B6
:1058D000708803F0C7FF2FE03E27090600D5072791
:1058E0001F732978FF2917D00846F3F7E5FB418F8E
:1058F00003A88180E17F0174217E417369798173FE
:1059000031880181E979C173216B490AC180193459
:105910000394E1F77FFA0FE001A98A8003AC2274B7
:1059200062816273E281E280019203910C30FFF7A1
:10593000ABFF2046E1F774FA687AF6F7A9FC687ABB
:10594000E1F797FA09B0F0BDB0B504461348C07A44
:10595000A04222D9EFF3108072B6FF25EC35E9F7AB
:105960006CF84019FEF72CFF0D4A136800211972DC
:1059700062B601280CD1106841600A4A436893421C
:105980000BD8037A002B07D143685B1C4360F5E713
:105990002046F1F7D3F9B0BD0172B0BD7C0D0020F7
:1059A000B40E0020FFE10400FEB515480068942104
:1059B0000291415854200190085ACF6B124C451C5B
:1059C000A9B2090A0E2901D90E494518002F0FD096
:1059D000002620683421415CF0B2884208D2F3F7F7
:1059E0006BFB761CA9B2408F8142F2D12846E6E7D4
:1059F000034800680299405801994552A8B2FEBD7B
:105A0000B40E002002F1FFFF080F002000207047B5
:105A100070477047704780B50346012000020818A0
:105A200028330A221946E8F771FF80BD80B5F3F7E5
:105A300043FB4121405C03490968497AF1F739F990
:105A400080BDC046B40E002010B5C26C0146E631E0
:105A50000B8B5343028F0A325A43120B93B2084CFA
:105A6000A34200D823465B1DE6240353012008719E
:105A70004A801320F1F750F9DFF737FC10BDC0461C
:105A8000B30B00000021802908D07D22520442502F
:105A9000421801231B02D3804031F4E78021425A8F
:105AA000012313434352704701480068008B70473D
:105AB000B40E00204007000F0149085A7047C04645
:105AC000F850071070B50D4604461A4800682C219E
:105AD000405CC007C10E01D111220AE016480068DF
:105AE0003D22825C920624D53D30C07A800720D5C5
:105AF0001F224E20C0434140104800684069CEB28A
:105B000003233146F3F73AFF002812D0014684728E
:105B1000002008734D7208721220C8710620887127
:105B20003E20487104200871200AC8723046F3F7FD
:105B300085FF70BD080F0020B40E00200C0F002060
:105B4000B0B50D460446124800683D21415C890607
:105B50001CD53D30C07A000718D50E480068406952
:105B6000A1212C220223F3F709FF00280ED00146C1
:105B7000047285721420C871042088713E224A7113
:105B80000871200A4872A120F3F758FFB0BDC04643
:105B9000B40E00200C0F0020F8B50A460146074855
:105BA00000689423C058C06B006802AB019303AB3C
:105BB00000932030012303F081FE8FBDB40E00203E
:105BC0000020704770B516460D460446F0F73AFEC1
:105BD0002046F0F749FE2046F0F768FE20462146B1
:105BE000F0F784FE2046F0F798FE20463146F0F7A5
:105BF0008CFE2046F0F7ADFE2046F0F794FE2046DE
:105C0000F0F748FE2046F0F76AFE002D0DD09420F4
:105C100000210A46F0F74CFD01462046F0F791FEC0
:105C200020462946F0F72EFE70BD124800689021EC
:105C30004558962001210022F0F73AFD0146204602
:105C4000F0F77FFE2046F0F737FE2046F0F740FEE3
:105C50002046F0F737FE2046F0F722FEA91C20462A
:105C6000F0F710FE2046F0F751FE2046F0F77EFEDA
:105C700070BDC046B40E0020F0B587B00446039254
:105C800090002618B06C4018B064F5F7E1FFB16CD5
:105C90004218FA320592B264F56F281A401A94211C
:105CA0000191725833468C33314694313746483728
:105CB000069727469C3704970294E9340094002401
:105CC0008718FB3F05D5AA1800241C600A60012430
:105CD000F6E7842030581E68F643801904D5AA18C8
:105CE000002018600A600124029F049DD043059E95
:105CF000301802D50698026005926A68002A039E51
:105D000006D028688218059DED435219049D24D4BD
:105D1000002C03D03846314603F013FE287DFF28BF
:105D200012D0E1F7A8F9002801D0032400E00124F3
:105D30000025AC4208D9A8003818C06B069909683C
:105D4000F7F704FF6D1CF4E7B819AC21405C069925
:105D50000968F5F729FE07B0F0BDAA68002A1CD033
:105D60001018286000201860012272409200BA18B2
:105D70008C23D0502868069B186028689064286897
:105D80000860286801995050009800780228C1D115
:105D90003846B43002F008FDBCE7194800682C21F1
:105DA000405CC007C10E01D110220AE0154800680E
:105DB0003D22825C92061ED53D30C07AC0071AD0C3
:105DC0001E224E20C04341400F4800684069C9B2BE
:105DD000012305910293F3F7D1FD00280BD0014672
:105DE0001120C871029888713E2048710420087102
:105DF0000598F3F723FE3846F8F722F888E7C046FF
:105E0000080F0020B40E00200C0F0020F0B585B064
:105E100004910746E920385C002804D0012B039246
:105E200003D0012102E000222EE002217C6DBD6D35
:105E3000FF20844302916118000685433E46B43634
:105E4000304601912A46049B03F09CFD04280FD1A3
:105E50000021039801280F46084600D00298044309
:105E6000304621462A46049B03F09FFD3A460BE04C
:105E700001220399002907D10C2141437818B4214C
:105E8000019B4350B4304560104605B0F0BDB0B53D
:105E9000012907D1F121405C03252840012803D0C6
:105EA0002C4602E0012405E0042403F09FFD0128B4
:105EB00000D02C462046B0BDB0B5AE21415AEB22F1
:105EC000825C0446AE34EB303F2A05D8CB091B0672
:105ED00004D00121090202E0002302E049002180F0
:105EE00040233F252A401A43027088B2012801D17D
:105EF000012008E0012000F0EDFAC0B22188491E1F
:105F0000EFF74BFE481C6071B0BDF0B585B004469C
:105F10000068017800220492039202785206D30F9F
:105F200003AA13700F270F40F91F0225022901D37E
:105F3000294600E004214118501C0622E8F7E6FC3F
:105F4000264654362146B0312046EA30042F06D08A
:105F5000082F01D1032502E042785207D50F377E82
:105F600001223A4032760A78FF2A00D0481C027893
:105F7000204674302146EE310091019033461833AB
:105F800003A8294603F03AFD616FA26F6165A2651F
:105F900037763070FF384142484105B0F0BDF0B56A
:105FA00087B00B460546016808780F2404402E464A
:105FB00064362F46EA37C209012C04930AD1002027
:105FC000059005AB1A700690581C08310622E8F7B8
:105FD0009DFC17E0C87803900020059005AB1A706F
:105FE00006900398C00701D00A2200E00422891815
:105FF000581C0622E8F78AFC042C07D0082C01D193
:10600000032104E078784007C10F00E002213478D2
:106010000120204030703A7838790094019005A82A
:10602000334603F02FFD3470696E049A1160A96E37
:1060300051601070FF384142484107B0F0BDB0B523
:10604000AE21415AEB2282560446AE34EB30002A90
:1060500001D4802306E0012901D8012100E049088C
:10606000218040233F252A401A4302700120012944
:1060700007D000F02FFAC0B22188491EEFF78DFD3E
:10608000481C6071B0BDB0B50446827141710120F9
:106090002071E01D062519462A46E8F737FC0498CA
:1060A000607320460E3005992A46E8F72FFC0698C3
:1060B0002075B0BDFEB516460F460446012A10D124
:1060C0002046B3300178002903D0491E017008062C
:1060D0000ED1029760680321017060680C21417045
:1060E0000EE01D46606FA16F02F03CFB002801D05E
:1060F000002563E02046029739462A46E0F73BFF39
:1061000027465C372046ED3061680A780378DB0764
:106110005B0E13430B7021680978490080220A4006
:1061200061680B7813430B700178890702D420460D
:10613000643011E0616EA26EE16522664078012153
:106140000A463B46F7F760FF606801783A78D20765
:10615000520E0A43027038466268411C901C0625A4
:10616000174B2A469847206802780F210092114069
:106170000729019601D0022100E004214618606839
:10618000083031462A460E4DA84702988000201854
:10619000C06B001D61680E22A847012501980128E7
:1061A0000CD10020E066206700984006C00F3874CC
:1061B0001137062238463146E8F7A8FB2846FEBDCF
:1061C0000DE9041010B504464272017201202071DD
:1061D00020460A3006221946E8F798FB20461C3074
:1061E0006061039A22740499E8F790FB0298207684
:1061F00010BD704710B5801EC3B2022B06D840B246
:10620000830006A0C05808A4E35801E050200323EF
:1062100099400818D100401810BDC0462C0000005D
:10622000D0020000CE0100000200000006000000C5
:106230000400000010B50C46EFF3108172B6FEF7B3
:10624000BFFA62B6002800D010BD2046F0F776FDF8
:1062500010BD0000F0B5D7B000920B9104464B2062
:10626000810020460891EFF798FC06900A94A00858
:106270004B2801D2012006900CA80899002904D0CF
:1062800000220270401C491EF8E70A240A98444381
:10629000E8F7D3FB05902018C1435248C07A01901B
:1062A000514800680290002507940198854251D01A
:1062B0002C226A4302988318987C0007800F46D0EE
:1062C0000098854243D0D87C032840D081283ED016
:1062D0008D283CD09868099000090A9C844236D9E0
:1062E000099800010A9CA04231D902988058039075
:1062F0005C68002304950898834228D00698584388
:10630000059A8518039A68181ED5D043281805D415
:106310000B9828181619F743EE1905E00B98281862
:10632000C64396191719FF43C019002801DB099FBE
:10633000D219002801DA0A982D18002EE3D50CA8EE
:10634000C65C761CC654DEE75B1C049DD3E76D1C5F
:10635000079CAAE700200146089A8A420BD00CAAA3
:10636000535C9C420A4600D302469C4200D31C4622
:10637000491C1046F0E707941C4941180991002276
:10638000134616460A920B921446079F1749651842
:1063900020D005190899491E8D4201D909990D1976
:1063A0000CA9495D8F4205D15B1C002E10D101263E
:1063B0000B950DE0934201D80A990B91934200D8B6
:1063C0001346691C00261A4633460B9D0A950B910D
:1063D000641CDBE706980A994843059908188F3032
:1063E00057B0F0BD7C0D0020BC0E0020D4FEFFFF96
:1063F0008221425A0123DB021343435270470000BB
:106400008221425A014B134043527047FFF700006C
:10641000FEB50191044607460837E8F70EFB0290E7
:106420000D462678207D002804D03846E8F713FB77
:10643000227800E03246701D029CE108C1400198BC
:10644000401A00B2401EC117083203F02BFB02199C
:106450004D4138462B46E8F7F4FAC0B2FEBD0000C5
:10646000F8B50446C0062DD416460D4618480068F7
:106470006107C90E40180069412204232146F3F741
:106480007DFA002820D001460A30067105700027E9
:106490004F7210220A72CF710A228A71FF224A714A
:1064A00082220A71320EC271320C8271320A42713A
:1064B0002A0EC2702A0C82702A0A42702046F3F714
:1064C000BDFA02E0862700E007273846F8BDC0463F
:1064D0000C0F00201CB501AC2046E8F77DFA20889F
:1064E0001CBD00000188054A8918018088B2044952
:1064F0004143080C484080B27047C04615FCFFFF7E
:10650000AB020000096D52228A5A03095343000767
:10651000C00E0818408E18187047000010B58AB0D9
:10652000064800689421415848316C462046F5F7EA
:106530002BF8204603F0C7FA0AB010BDB40E0020B5
:10654000F8B51F4616460D460446C0060BD417483C
:1065500000683D21415C890627D53D30C07A80071F
:1065600023D51F2202E0BF200440112210480068FA
:106570006107C90E4018006903232146F3F7FEF9AD
:10658000002812D001460F20C872FF2088720F73B6
:106590004E720D721220C871062088713E2048711B
:1065A000042008712046F3F749FAF8BDB40E002024
:1065B0000C0F0020B0B50446D120205CF5F75CFA42
:1065C0002546CE35A878F5F757FACE20002121527E
:1065D000A87AFF2801D0F5F747FAFF20A872B0BDCE
:1065E000B0B5054600881224FB2819D81B2817D3FC
:1065F00068880C4A904213D8C008292810D3002478
:1066000000290DD0F4F770FC2988028A914200D34A
:10661000114629806988408A814200D301466980F9
:106620002046B0BD9042000010B50446F1F7D4FEFC
:10663000012809D10E206043044909689422895831
:10664000C96B8968081810BD002010BDB40E002069
:1066500010B50124844008212046F4F70FFC0349BB
:106660000968942289584C74C86010BDB40E00208B
:10667000F8B5002846D00E46012568212846F4F7D3
:10668000FDFB214F3968942409598860B540EEB26A
:1066900008213046F4F7F2FB3968095989684D72D0
:1066A0004860009675001126212E0FD0082128463B
:1066B000F4F7E4FB3968095989688919491F0860AA
:1066C00038680059806885550836EDE7282100981C
:1066D000F4F7D4FB39680959896808600B4802252A
:1066E000012629463246F2F74FFD39680959896873
:1066F0008864064831462A46F2F746FD396809594A
:106700008968C864F8BDC046B40E0020780D00202A
:10671000F0B585B004920E4605464D24F4F7DAFE36
:106720000555066003904D300121029041700191A2
:10673000CB0400267C27049AE8B2864226D203982E
:106740000068C351C5195420114929525224002010
:106750002853422429535E2428555C24FF212955BF
:106760005A216854462107246C52286168616B6085
:106770000499002902D050652C3D2A60019800023E
:106780003F185C3202980578761CD5E705B0F0BD5D
:10679000FFFF0000704770477047704770477047B1
:1067A0000948C07A094909681231002804D000223A
:1067B0000A802C31401EF8E7054800680021C173AB
:1067C000FF210902818170477C0D0020BC0E002052
:1067D000B80E0020B0B50E480068A4214458FF2030
:1067E000A0770025E577F1F7FBFD01280FD103F035
:1067F00077F9242207498A5C002A2A4600D00268D9
:10680000A2622322895C002900D04568E562B0BD00
:10681000B40E00207C0D002070470000F8B5174929
:1068200008680D4624210024445425301122144FB9
:106830002146B84728683630FF2605223146B8473A
:1068400029683B201F230B540122550308463B3087
:106850008552C3724731072208462146B847074D83
:1068600028684E3008223146B8470648006835216E
:106870004454286804490162C465F8BDB40E002080
:1068800021E90410080F0020BEFDFFFF80B5044879
:106890000068603000210422E8F742F880BDC0465D
:1068A000B40E002070477047002A05D003780B70A3
:1068B000521E491C401CF7E77047000080B5054890
:1068C000006894214058C06B00682030F5F7A1FFA4
:1068D00080BDC046B40E002010B501201249134CF3
:1068E000A04703201249A04705201249A0470820CD
:1068F0001149A04700201149A04702201049A04794
:10690000E0F781FB03F0F4F8E0F757FA03F0F6F84C
:1069100003F0FAF803F0FEF803F007F903F010F9BA
:1069200003F014F910BDC046B509071091C3051056
:10693000A51107102517071019FA0610CDFF06102C
:10694000A9FD0610002070470021034A8162C2623F
:106950001921C9010186704701000100F8B50446FC
:10696000FF250A4884420FD00026094F3868342199
:10697000415CF0B2884207D2F2F79EFB408FA04202
:1069800001D0761CF2E73546E8B2F8BDFFFF000003
:10699000080F002000207047FEB51C4616460F4623
:1069A000FCF7CAFC00280ED00546029606462C3697
:1069B0003078022809D130790121FCF7E3FC002866
:1069C00005D03A2438E0022436E00C2434E0307953
:1069D00001210091FCF7E8FC0190014630310822CA
:1069E0003846164B9847019F3946103110222046F1
:1069F000124CA0472E37022202983946A047307920
:106A000000990F46FCF7D8FC002428462146F7F7EA
:106A10005DFA012801D1014600E00621019B2822F0
:106A20009954401E41424141283319713079394609
:106A30003A462346FCF7D0FC2046FEBDA968061066
:106A4000FEB51A4A12681368EFF3108272B6062276
:106A50009C5EE2172746974340000090185E144A58
:106A60000291891849094D1C0128019505DB421B3B
:106A7000564212B2D51335403F18D8680022865EC0
:106A800009B28E420EDD3EB28E420BDD00995918DE
:106A9000621BDA800A88019BD21A0A80029903F0ED
:106AA0005BF8024662B61046FEBDC0461C0F0020D1
:106AB000FFFF1F00F0B59BB01446069107460FAECE
:106AC00000252E2230462946E7F72AFF30461030AF
:106AD00010220699E7F71AFF2036F87C03280DD01C
:106AE000022812D144480068806B0FA90870020A7E
:106AF0004A70020C8A70000EC87006E03E480168B9
:106B000044310FA81022E7F701FF387D294603F032
:106B100049F80290387D0121059103F043F8019076
:106B20006120385C307006960FAE30462130394611
:106B3000623106220092314B04909847787806998A
:106B4000C87130462830B91C0390009A2B4B9847E7
:106B50002948006801994118B4310BAF3846093013
:106B600007220192254B9847234800680299411853
:106B7000B431B81C019A214B9847781C0699C91D5D
:106B8000059A1E4B98471D4B38460699059A98471B
:106B90001036102D07D0705D0BA9495D414007A844
:106BA00041556D1CF5E70FA807A9224602F038FAF7
:106BB0000BAE0025102230462946E7F7B1FE062726
:106BC000304603993A46E7F7A1FEB01D04993A46CC
:106BD000E7F79CFE102D07D0605D0BA9495D414091
:106BE00007A841556D1CF5E70FA807A9224602F03A
:106BF00017FA1BB0F0BDC046200F00200DE90410AD
:106C0000B0B51C461546002804D0F7F7C7FE00288B
:106C100002D113E0002911D1022D05D208480068E5
:106C2000AC214058083006E0022D07D10448006826
:106C3000AC214058183020600020B0BD1220B0BDFB
:106C4000200F0020F0B59BB01446069107460FAE0A
:106C500000252E2230462946E7F762FE30461030E6
:106C600010220699E7F752FE2036F87C03280DD053
:106C7000022812D144480068806B0FA90870020AEC
:106C80004A70020C8A70000EC87006E03E48016827
:106C900044310FA81022E7F739FE387D0121059114
:106CA00002F080FF0290387D294602F07BFF0190C0
:106CB0006120385CF07106960FAE304628303946B8
:106CC000623106220092314B0490984778780699F9
:106CD000087030462130B91C0390009A2B4B98471E
:106CE0002948006801994118B4310BAF3846093082
:106CF00007220192254B98472348006802994118C2
:106D0000B431B81C019A214B9847781C0699C91DCB
:106D1000059A1E4B98471D4B38460699059A984789
:106D20001036102D07D0705D0BA9495D414007A8B2
:106D300041556D1CF5E70FA807A9224602F070F92E
:106D40000BAE0025102230462946E7F7E9FD06275D
:106D5000304604993A46E7F7D9FDB01D03993A4603
:106D6000E7F7D4FD102D07D0605D0BA9495D4140C8
:106D700007A841556D1CF5E70FA807A9224602F0A8
:106D80004FF91BB0F0BDC046200F00200DE90410E4
:106D9000F0B5B9B01C460E46074601AD202028715B
:106DA000102038900A900392002000902846E7F7C0
:106DB000F9FD284639463246E7F7FAFD6A46284685
:106DC0002146E7F7FFFD39B0F0BDFEB51446064693
:106DD00001250291012905D17079C0210140402986
:106DE00000D1002501F0ECFB20463E300190274603
:106DF0001E37204601F0EAFB002815D1002D0BD0EC
:106E000060780121014002988142F2D10622019866
:106E10003146E7F792FD03E03046394602F0C8FEFE
:106E20000028E6D10020FEBDB320FEBDF8B50C461B
:106E3000054601208873E878087408461C30294606
:106E400044310226194F3246B84720461E30291DCC
:106E50003246B84720462030A91D0822B8472046B0
:106E6000283029460E3110263246B84720463830A1
:106E700029461E313246B8472046483029462E3131
:106E80003246B847A86CA066E86CE06668780621D0
:106E90000140E172E0210140607C08436074A87801
:106EA000010702D5FE210840E075F8BD0DE9041088
:106EB00080B502F08FFE80BDE0B5034601A9012038
:106EC00008806A4600201080024800681830FCF7ED
:106ED000BDFC8CBD080F002080B50A4A12683D2316
:106EE000D25C0270012A05D0002A08D1084601F0C0
:106EF000EBFF02E0084601F0DDFF002080BD8620A8
:106F000080BDC046200F0020E0B50B46014601AA17
:106F100001201080024800680830FCF797FC8CBD07
:106F2000080F002080B56021415CC90706D11121FE
:106F30004156002902D5817E8A0602D4F8F75AF814
:106F400080BD042211438176E0F7D6F880BDF0B50C
:106F500097B0044603AE002150223046E7F7E0FC2C
:106F60005920205C71780143717030463E302146D3
:106F70005A3106252A46E7F7C9FC207CF070E07DEF
:106F8000010716D411202056002804D503A8417803
:106F900080220A43427003AE301D21461E31022278
:106FA000E7F7B4FCB01D214620310822E7F7AEFC1C
:106FB00003E0FE21084003A9887003A80E30214693
:106FC000283110263246E7F7A1FC607C81060CD5FB
:106FD00003AF38461E30214638311022E7F796FCC1
:106FE0007878202101437970607C40060BD503AF8F
:106FF00038462E30214648311022E7F787FC787852
:10700000402101437970A07C052108420AD003AFDA
:107010003846443021461C310222E7F777FC787865
:10702000304301E003A84078E17A2940014303A8F6
:107030004170A16EE26E1591169202F0DEFD0546DA
:1070400000280CD0A11C01AC06222046E7F75EFC0C
:10705000A5714220052107222346F5F73DF9284670
:1070600017B0F0BD80B52822504304490968AC230D
:10707000C95808180021E7F753FC80BD200F0020F5
:1070800070B51C4605466120285C087029466231AF
:10709000062610463246E7F739FC68782070A91CAE
:1070A00004983246E7F732FC70BD0000F0B5A9B095
:1070B00004930292019105901BAD3521069128465B
:1070C000DFF740FB284625300390012484736520B8
:1070D000287129486880622068700FAF20220092D2
:1070E000384605992346254EB047254A17AB0593E8
:1070F000244E38460099B047681D10270097019923
:107100003A4623461D4EB0472846153002993A4666
:107110002346B047252004992954284626302E9925
:1071200006273A462346B0472F980399C871284648
:107130002D3030993A462346B0470BAF2846069982
:10714000059A3B460F4EB04731983946009E32466D
:1071500023460A4FB8472C7007AF28460699059A70
:107160003B46084DA8473298394632462346034CE1
:10717000A04729B0F0BDC046746C000075FF051033
:10718000C5650710916D0610F0B595B007920F46D2
:10719000064613A80021017012A8017009A8102248
:1071A0000891E7F7BDFBF07C02280AD1524800683D
:1071B000806B09A90870020A4A70020C8A70000EDE
:1071C000C870012F21D14C4804684020205C14ADC8
:1071D0002870707B012101406970307D002102F030
:1071E000E1FC0019B721405CA870F07C032827D18E
:1071F0003046F7F7D3FB002822D0002101220DAB47
:107200003046FFF7FDFC0D9916E0307B14AC207082
:10721000707B8007C00F6070307D012102F0C2FCDE
:10722000C01CC0B2344909680818B422805CA07040
:10723000F07C032804D1443109A81022E7F766FB4B
:107240006020315C01221140012F06D1002904D1B8
:1072500035464835344638341BE0481E0C468441D8
:107260007B427B41234004D0354648353446383490
:107270000BE00846384304D08620012F2BD100298B
:1072800029D03546383534464834012F25D10029D8
:1072900023D00EA8009013A910AA12AB3046FFF716
:1072A000EFFE089E079B1448006813A9097812AAEC
:1072B000127805930EAB0493039210AA02920191E7
:1072C00014A9009149218900401809AB21462A469A
:1072D00002F0B6FC304615B0F0BD3943481E81417E
:1072E0005340194205D110A8009012A90EAA13AB61
:1072F000D4E78620EFE7C046200F0020F8B505460A
:107300000189002415222046F7F7DCFA00281BD05B
:1073100006461120708070680D2101724D2080009A
:107320000D4909680B18052110223046FBF7E3FFD1
:1073300060202F5C28463146F7F76AFB002808D109
:10734000F80703D0432002E0882402E05420C04321
:10735000A8722046F8BDC046200F00201CB50421AD
:1073600007226C462346FBF7B2FF62780A21042A03
:1073700013D86A469278012A0FD86A46D2789207C3
:107380000BD40749096834228A5C6946097991421D
:1073900002D31129014600D3062108461CBDC04670
:1073A000200F002070B50546008902F095FC46428A
:1073B00046411B4909683C22895C022904D000240B
:1073C00001292AD1002828D108200143A975154890
:1073D00000684E21405C012480071ED52D8912488B
:1073E0000068806902214B220323F2F7C7FA0028C4
:1073F00013D001468572042048720B2008720020C9
:10740000C871052088710E73FF20487182200871B1
:10741000280AC8720220F2F711FB204670BDC04650
:10742000200F0020B40E00200C0F0020F0B587B014
:10743000044606A80026067021890B223046F7F77D
:1074400041FA00281BD00590B020A072E675E07BC1
:107450002F210140E173434F3D68207D01210491BC
:1074600002F0A0FB4019B721455C38683221405C2E
:10747000022806D10820284003D1032151E08826A4
:1074800061E0207EC00705D106AF3846F7F76CFAF9
:10749000387802E0607D06A9087005401820284071
:1074A000E17D0143E175080701D4B42706E02046D9
:1074B000DFF765FE0146002833D1B2272046F7F7F3
:1074C0006DFA06984107C90FE173C007800FA073DA
:1074D000204600F091F8204600F0DAF80146002836
:1074E0001FD1E07C022804D1E07BC00601D44D20EE
:1074F000C7431C4800683521405C06A90B78627BB5
:10750000617CA57C0090019102950221059D284691
:10751000F7F760FA20462946F7F77AFA014600287D
:1075200014D010480068B122825C002A05D0B13026
:10753000237D049D9D40AA43027001232046059AA5
:10754000F2F70CF90646304607B0F0BDE07AF821B4
:107550000140E172059831462246F7F773FAA772A7
:10756000F1E7C046200F002010B514460A464068D7
:107570001946234602F0CAFB10BDF0B585B0009352
:107580001746054601AE3046083008242246E7F784
:10759000BDF9304639462246E7F7B8F92846314664
:1075A000009A01F03DFD05B0F0BD0000F0B591B0CE
:1075B00005460F4F3A686832002420212046F7F72D
:1075C000C5FB002801D01F240EE001AE402230464A
:1075D0002946E7F79BF938686830064A3146E7F7ED
:1075E000CDF9C01C00D11224204611B0F0BDC04618
:1075F000B40E002059230710F0B524490968027D14
:1076000012010832D2B28B18B5241C5D0473B62463
:107610001B5D012B03D1437B02241C4344730B46A7
:107620003633032515430C46B434655D01262E40E0
:10763000877B3743877304263540C77B2F43C77347
:107640001643A55D057405251543645D6025455DFC
:10765000ED070ED11D782C4007252C40847406249C
:1076600022438918B422895C5A780A402A4042741D
:10767000F0BD5D7825404574062422438918B42264
:10768000895C1A780A408274F0BDC046200F002041
:10769000F8B5017B427BD30701D0930705D4C37DA6
:1076A00008241C4003D0920701D0032219E0C37BB9
:1076B0000522134214D0424B1B6840255D5D4A43AE
:1076C000404B9A18525DC27403461333002A0BD103
:1076D000002C3DD101296FD1012D6DD101226CE02B
:1076E0000122C274034613336024055D0126354030
:1076F00003D11A240457002C26D404460F342478CE
:10770000E40704D0012A02D103241C7052E0C37D97
:107710001B0703D5022A01D10023C376022A11D107
:10772000C27BEF231340C373254A12684023D25C07
:107730000024022A274618D3042A0BD0022A13D188
:10774000374612E0002435E01D4C24683134D6E77A
:10775000042232E00229374607D304292F4604D0F9
:10776000022901D1274600E0FF27174909684E2268
:10777000895C49071ED5068914480068806902257E
:10778000462203232946F2F7F9F8002812D00146D1
:107790008672042048720D720024CC710520887115
:1077A0000F73FF20487182200871300AC872284682
:1077B000F2F744F92046F8BD02221A7094E7C04659
:1077C000200F00208A430510B40E00200C0F00206B
:1077D00080B506480089163080B202F0D7FA044816
:1077E00000685C210122425480BDC0467C0D00200F
:1077F000140F002070B5114CA07A2421F3F73EFB42
:107800000F490B6800221D4650351E4648369A64C3
:10781000DE641A655D65A47A002C0CD002620B68E8
:107820005B6D186001230370054620350B685D65AC
:107830002430641EF0E79A6570BDC0467C0D0020C0
:10784000140F0020084909680A68EFF3108172B626
:107850000621515ECB1799434000105E002800DDE1
:10786000091888B262B670471C0F002080B5818964
:1078700002F09CFA80BD0000811E1E2916D800204F
:107880007944097949008F4418170F1719171B17E6
:107890001D171F1721172317251717172717291724
:1078A000171717172B172D000120704752281BD0D0
:1078B000D22801D10A2070470F207047022070475C
:1078C000032070470420704705207047062070474A
:1078D00007207047082070470B2070470C20704726
:1078E0000D2070470E20704709207047BCB5002B53
:1078F0000FD01C466B4699705870012018701A7191
:10790000080AD870A189052520462A46FBF7F3FC12
:107910006580BCBD10B50446C068002815D04188FC
:10792000091D89B2F3F79FFAE168608901F068FDEB
:10793000002808D1628921890020FBF76FFDA0880B
:1079400001218843A0800020E06010BD70B514467E
:107950000D4606468089401C81B23046F1F79AFFF9
:107960002880B089C01C81B23046F1F793FF208097
:1079700070BD10B54489042C00D0062461188AB269
:1079800001890020F6F79EFF002800D0848110BDF9
:1079900070B509490A686021535A00210225074C35
:1079A0008B4206D0566E765B864203D20835491C60
:1079B000F6E7214688B270BD140F0020FFFF0000DB
:1079C00010B50A460146007C202804D0102805D1B5
:1079D0000C31022403E00C31042400E01024104692
:1079E0002246E6F793FF204610BD80B502F0EEF97F
:1079F000002801D0408880BD002080BD80B502F005
:107A00001DFA0549884205D0C00004490968496E3D
:107A1000081880BD002080BDFFFF0000140F00206B
:107A200080B5017802220A43022A02D102F01CFA30
:107A300080BD408880BD10B50C4600F009F8616833
:107A400089698B688A88022100F014F810BD000053
:107A50000749096834310968002904D00A8982423B
:107A600003D01031F7E7FF20704708787047C04611
:107A7000140F002010B54843C408A4B2944201D9A1
:107A8000002010BD072210401A5DC2402020411A7C
:107A90000020C043C840104010BD000008490A68DB
:107AA000516E6223D25AD2005218083A824202D34F
:107AB000401AC00801E00020C04380B27047C046B1
:107AC000140F002010B50C460146020A12200E2A9F
:107AD00011D81A2C0FD80122A240084B1A420AD002
:107AE0000846FBF729FC002806D01121090140189F
:107AF000214602F0BEF910BD022010BD200008048E
:107B000080B5F0F769FCC0B280BD80B5DFF7B3FA8D
:107B100080BD80B5F0F760FCC0B280BDFEB50E46FA
:107B20000446032707401B4801680D462835002FEF
:107B300007D0012C00D002246878002806D0D12676
:107B400026E0029100200190202403E0029105200C
:107B5000C0020190F0F736FE3146DEF7E6FE06463B
:107B6000002815D129780120DEF7E9FE0646002815
:107B70000ED102995D310878204308700026002F4D
:107B800006D00448006802210122019BF6F7A9F9FA
:107B90003046FEBD100F0020F0B589B01C461546DA
:107BA0000E4606A905AAF8F7AFFA002810D00598E6
:107BB000407A0C22B0420DD90F9806A90F78791E91
:107BC000C8401221C00701D0012C05D908466EE03B
:107BD00042206CE010466AE004910392F0F7FEFB4D
:107BE000012801D0012000E00320A842049B5DD3BE
:107BF00002202843032809D107A8029000F0A6FD1F
:107C00000298FBF7C3FD049B00284FD0012F40D101
:107C1000109F3888042849D37988042946D38142A3
:107C200044D8BA88062A41D31920C1018A423DD8D6
:107C3000F88806283AD3884238D8824236D83A891A
:107C400093087C2B35D87B890A2B32D38B4230D8D2
:107C5000511C4843800883422BD9F889B989814255
:107C6000049824D80E990020079007AA0492147053
:107C70000890501C06220291E6F748FE049800F096
:107C80006FFD0899079800F06DFD002813D00B20B8
:107C90000DE0F0F7A1FB01461120002907D0002FCD
:107CA00005D0072F03D8022F049BB1D1184609B085
:107CB000F0BD0498FBE7DEF7DBFE012809D1F6F7FB
:107CC0000BF8B221415C002903D1EB300078C007EA
:107CD0000FD1059802F0DDF800280398E7D1059848
:107CE00002990091019731462A46234602F0D8F8BE
:107CF000DDE70398DBE7000070B510480068342129
:107D0000405C702141430E480268A43200200346C3
:107D1000994212D01468E518AC7A6026AD5DED0783
:107D200004D16034E4B2512C04D205E05034E4B202
:107D3000412C01D37033EBE7012070BD080F002008
:107D4000200F0020F8B50C460720C0430C4E054616
:107D50000835182D10D03168A827C95908180A30DD
:107D600006222146E6F7E9FD00282846F0D13068D2
:107D7000C059405DC00601D40020F8BD0120F8BD07
:107D8000200F0020F8B50E4604460020F6F7B6FD99
:107D9000022801D93820F8BD207E800701D00C20B0
:107DA000F8BD2189002506222846F6F78BFD00281C
:107DB00013D007460220788078680B21017269464B
:107DC0003046F6F7B5FD786800994172204639468D
:107DD000F6F71EFE002802D0F8BD8820F8BD0098F6
:107DE0006075207E0121014321762846F8BD80B5CB
:107DF0000320DEF749FB80BDF8B514460D46064664
:107E000002F05CF9671C204602F05EF900280BD1F5
:107E1000062228463946E6F790FD0028F3D120785F
:107E2000B042F0D10020F8BDB320F8BD80B50220EB
:107E3000DEF72AFB80BDF0B595B00C46054600F094
:107E4000BFFB01AE3E36B32701A800F0BFFB002800
:107E500010D1062230462146E6F76FFD01A9497888
:107E600001220A40AA42EFD10028EDD1FFF7DEFF40
:107E70000027E9E7F8B215B0F0BD10B502F036F909
:107E80000024002806D102F049F9002802D102F0AE
:107E900057F90124204610BD10B509490A68602130
:107EA000535A190409D0516E9CB2E4006118083984
:107EB0000C785B1E8442F4D100E00021084610BD1E
:107EC000140F0020064800686021415A002905D09F
:107ED000406EC9000818801F008870470020704756
:107EE000140F0020F0B585B0174604901C4D28688B
:107EF0006024065B024660325288964217D2029492
:107F00000393002917D001970846FFF7C7FD441CCB
:107F10002868B1B2A2B291420BD3C900406E40189A
:107F2000014608390822E6F7F1FC761EF0E7002743
:107F300012E0019F00E03446406EA1B2C900049AED
:107F400042544018039A42602868029BC25A521C4D
:107F5000C252406E40184780384605B0F0BDC0465A
:107F6000140F002010B50446FFF787FF00280AD041
:107F70002046FFF743FD01461220002902D00A786F
:107F8000002A02D010BD0C2010BD084601F06CFF85
:107F90000146204602F0E8F8064800685C21425C91
:107FA0000223134343540A20EEF7B6FEDDF79DF992
:107FB000002010BD140F0020B0B50D460446FFF799
:107FC0002FFD6168C98A002908D0C043081861885C
:107FD000401880B2A84206D30020B0BD0020FFF7B1
:107FE0005BFFA042F8D00C20B0BD0000F8B50E46F3
:107FF0000446FFF742FF002875D01225002C73D0ED
:10800000207D802801D010286ED1102808D1218A27
:1080100029221202921C914202D1A169002963D047
:10802000A1782422114203D06278D21F092A5BD89A
:10803000102815D1208A2F4A8218052A10D801232A
:108040009340312213420BD02278012A4CD10029CF
:108050004AD129210902884202D1A069002843D0CF
:108060003046FFF7CBFC00283ED0074600780228B8
:108070003AD100252846314602F0B8F8002835D01C
:108080002E460121FFF798FF054600282CD13846DF
:10809000FFF7C6FC0546FFF7B1FC01466D1CAAB20E
:1080A00004202346FFF71EFF854221D1207D1028A2
:1080B0000BD1208A29210902891C884205D1A06997
:1080C000828880680021E6F72BFC0B4800685C2161
:1080D000425C0223134343540A20EEF71DFEDDF7F2
:1080E00004F9354600E00C252846F8BD8625FBE757
:1080F0008725F9E700D7FFFF140F002010B50446CD
:10810000FFF7BBFE00281ED02046FFF777FC014694
:108110001220002916D00A78022A13D1084601F04D
:10812000A3FE0146204602F01FF8084800685C21C3
:10813000425C0223134343540A20EEF7EDFDDDF7C2
:10814000D4F8002010BD0C2010BDC046140F002034
:10815000F8B5054681884088F7F7A8FC002808D0C4
:10816000044629781E2906D1A088800639D40C2619
:1081700093E1122691E1480606D4CA48CA4A026031
:10818000A088C00600D56DE1E0888A1E86261E2ADA
:1081900000D991E0032752007A4492885200974414
:1081A00022007C011E007C019F007C01A2007C015A
:1081B00022007C011E007C0194007C012D017C01C9
:1081C00090007C017C017C01A9007C01AC007C0159
:1081D0007C017C017C017C0121007C01940005274D
:1081E00001E0E0880127B9B2814200D30746009739
:1081F000BFB220463946FFF7BCFB00282FD0064609
:108200002A78818902F00AF82878811E16292DD84B
:108210004900C0467944898849008F4416000D0101
:1082200070000D0177000D0193000D01A1000D01FB
:10823000AA000D01BA000D01C0000D012F000D01B3
:108240000D010D01CE000D01E6009848028AB089AB
:10825000401C81B23046F2F7ABFD0320EBE0082072
:10826000EEF75AFDDDF741F8882616E1202800D107
:10827000CAE0522802D0D22800D0DDE02A89B08995
:10828000401C81B23046F2F793FDEB686A89B089F1
:10829000C01C81B23046FBF72EF82878122800D196
:1082A000B8E0D22800D0C7E000980C387080208950
:1082B000314601F0C0FFBFE0522902D0D22900D0E0
:1082C000EBE0D22908D0032107E0297A49004F1CAE
:1082D000874200D887E7E0E00F216A89571882E7D4
:1082E000E989CF1D7FE7E968097C802900D089E012
:1082F000152778E7A9894F1D75E7022773E76A8973
:108300002989304601F0C7FF052094E06A89298950
:10831000304601F0C0FFAA89B089401D81B23046C5
:10832000F2F746FDE889C01DB84200D80746F81F9D
:1083300082B22B69B089C01D81B23046FAF7DBFFEB
:10834000072078E06A892989304601F0A4FFB089C6
:10835000401DEB68197C80295ED181B210225EE05D
:108360002A89B089401C81B23046F2F721FD0B20EA
:1083700061E02A89B089401C81B23046F2F718FDCD
:108380006A89B089C01C81B23046F2F711FD0D2018
:1083900051E02846314601F090FF0F204BE06A89FA
:1083A0002989304601F077FFB089401DEB68197CC0
:1083B000802939D181B2102239E02A89B089401C44
:1083C00081B23046F2F7F4FC6A89B089C01C81B2F0
:1083D0003046F2F7EDFC2B69AA89B089401D81B2C5
:1083E0003046FAF788FF172025E02A7AB089401C2A
:1083F00081B2304601F012FF19201CE0E968097CC7
:1084000080294CD00727EEE62846314601F055FF7B
:10841000212010E013200EE081B20C3302223046FE
:10842000FAF769FF092006E081B20C3302223046D8
:10843000FAF761FF1120A070009870802A78B18946
:10844000304601F0EBFE2878410611D41E280FD0EB
:1084500062892189032000F027FF002804D03046DC
:10846000F2F7A5FB842618E0A08810210143A18023
:108470006089314600F0C4FF002801D081260CE05D
:10848000287800261E2808D1628921890220FAF75F
:10849000C5FFA08820218843A0803046F8BD112761
:1084A000A1E6C0468C040020A9E706107C0D002040
:1084B0001FB5089C0294079C0194069C009401F04F
:1084C00008FF04B010BDB0B50446EFF3108072B6DB
:1084D0002546CE35A878F3F7CFFAD120205CF3F704
:1084E000CBFA62B6A878FDF72FFACE2000212152F0
:1084F000A87AFF2801D0F3F7B7FAFF20A872287AEC
:10850000800701D5F4F7D4FFB0BDB0B50446D6203E
:10851000205C800701D40020B0BD25468435284664
:1085200001F031FFA16F284601F02EFFA06F083047
:10853000002101F02AFF606FA16F6167A067012031
:10854000B0BD7047007C411E8841704710B504469D
:108550000020FDF7BFFF044901402088401A424235
:1085600042414A40228010BDFF0F0000B0B50446D2
:10857000856F2A7C2946F3F71AFBA9680918607AE7
:108580004843B0BDE0B503462620009002210020FC
:108590000246DDF712FF002800D081208CBDE0B537
:1085A00001460023009302202622DDF7D8FE002892
:1085B00000D081208CBD80B501F0E8FE80BD0000B8
:1085C0000148002101707047390F00201CB5034697
:1085D000064C20785021009100210A46DDF7EDFE7F
:1085E0000121217001F0ECFE1CBDC046390F0020B6
:1085F000E0B5022801D3FF280DD1002200926B467E
:1086000018700192581C0622E6F780F9019900982B
:1086100001F0E4FE8CBD12208CBDB0B514460D46B1
:10862000014605222046E6F771F9601D0822294619
:10863000E6F76CF9B0BDF0B585B0039106460B9C2A
:1086400001940A9F009701F005FF04900C9D00958E
:10865000304603993A46234601F079FF281904A9C8
:108660000422E6F753F905B0F0BDF0B587B003ACCE
:108670000EC4074602900D98051F0C9C611906A8B0
:108680000422E6F743F90E9E0096ADB23846039FEA
:10869000394622462B4601F05AFF00960195029872
:1086A0003946049A059B01F0D5FE0699884201D00F
:1086B000812000E0002007B0F0BD00000348006802
:1086C00000210175418201747047C046B40E00203C
:1086D00080B500BF00BF024A11001820ABBEFBE707
:1086E0002600020010B5F2F7F5FE4D21425C002194
:1086F000BE238A4208D00468E45A240B05D1012421
:1087000024021B19491CF4E7FF21C8B210BDF0B5C3
:1087100089B000920F46054605AE00211022304672
:10872000E6F7FEF80324304639462246E6F7EEF82F
:1087300001AF284631463A4600F072FC00983946AF
:108740002246E6F7E3F809B0F0BD000080B5034922
:10875000096856310622E6F7D9F880BDB40E00202C
:1087600070470000BFB50C460546F2F7BDFB32214D
:10877000405C002801D0002011E00A4800689421E4
:108780004058C06B0168086A496A03AA0123009334
:108790000192FE2295432A462346F4F751FA04B08B
:1087A000B0BDC046B40E002080B500213422E6F7EB
:1087B000B7F880BD10B5EF21425C910701D52621A5
:1087C00000E027212523D40700D01946002A00D134
:1087D0001946A8228154A830417010BD074A12687A
:1087E00048321268002A07D05388834202D1938806
:1087F0008B4201D02032F4E710467047140F00205E
:10880000F0B585B00446408804252946F7F74EF9AF
:1088100006468088800508D5608801F0D1FE0028D2
:1088200039D0B0885E490140B18060886A46508086
:10883000A1889180A279531E112B00D967E0C04610
:108840007B441B795B009F44646873454040868B82
:1088500045564C4C5A08500808502669677AF7F775
:1088600025F90C237B43F1188F886289BF1AC088D1
:10887000401F80B2874200DC3846A081F35A6E4622
:108880003381B081488880187081162030708868E4
:108890008018049078E0A1790C2009297DD1217FEE
:1088A00010297AD1218B3F4A914276D13E490968FD
:1088B000483109680029B8D062884B88934202D1B8
:1088C0008A790F2A69D12031F3E7684608210170BF
:1088D000364804E068460821017020460C300390B9
:1088E0003BE00B2A42D0202041E06846182101706D
:1088F000217A017248E068460C2101702DE068463B
:1089000012210170A068E168029003913CE086208A
:1089100043E068460221017036E06846102101708C
:108920000021C94341812189018120460C3023E087
:108930006846062101700521C90281810021C943D1
:10894000418121890181207F102817D120461830CC
:108950000490022016E068460570A068029013E0BB
:1089600068460A210170218901810DE00E206946C7
:108970000870207A0872E068039005E020460C3009
:10898000049010206946C8816846FFF7E1FB002883
:1089900003D1207828432070002005B0F0BDC046E8
:1089A000FFFD00002A2B0000140F0020740400209B
:1089B00080B5827ADD2A23D18A1F042A1ED8D221CB
:1089C0007A44127952009744180211070A00817CF8
:1089D0008A0702D5D32110E0817C49070CD460219D
:1089E000415CC90704D1FEF79DFA80BDD42104E0A3
:1089F0000121F6F7CAFA80BDD5218172F6F710FA87
:108A000080BDF8B515460E4604465068407A009081
:108A100006211046F0F73EFF074608212846F0F7EA
:108A200039FFB91EE1726072009A2272320AE27155
:108A3000A671000AA072CAB2A8890C34801D81B246
:108A400028462346FAF743FCF8BD0000F0B585B090
:108A50001746039104465068407A04900621164D4B
:108A60001046A847029008213846A84701900A21DD
:108A70003846A84706460C213846A8472A460546E8
:108A80000E21384690476074290A2174E573310A33
:108A9000A1736673019A110A2173E272029A110A94
:108AA000A1726272039A110AE171A2710499217292
:108AB000000AA07405B0F0BD95980510F0B581B01E
:108AC0000D460646002A08D0002E2AD090B2202853
:108AD00006D33668203A1004F6D1002E21D00022A9
:108AE000002B20D02020841AA0B299B2884200D353
:108AF0001C46A7B290B23018011D28463A46009392
:108B0000E5F704FF009B1B1B180404D0ED19366821
:108B10000022002EE6D198B2002805D07E20C04366
:108B200002E0812000E00020C0B201B0F0BDF0B54D
:108B300081B006465009040604D0002E2DD03668B8
:108B4000401EF8E71C465B1E20469841002C1FD0B3
:108B5000002E1DD01F2002402020851AA8B2A3B2EB
:108B6000984200D325460095AFB2B018001D3A4692
:108B70000D46E5F7CBFE0098241AA1B24A1E08461E
:108B80009041002904D0E91936680022002EE3D173
:108B9000002803D07E20C04300E08120C0B201B095
:108BA000F0BD00003321C90041430548006894220C
:108BB0008058C06B40684018112109014018704767
:108BC000B40E0020084A126834321268002A07D016
:108BD0001389834202D153898B4203D01032F4E7C8
:108BE000FF20704750787047140F0020F0B5A1B0F7
:108BF000042900D0DEE0074601F0F6FC6E4C6F4E13
:108C0000012800D0A0E00BAD6D4914222846DDF705
:108C1000CFFD10A83446002644223146E5F780FEF9
:108C2000012021462A4601F0E5FC00280FD0044629
:108C30003846FEF70DFF6168096A8B686149C97A99
:108C400049084A1C0421FEF715FF10A908740421E5
:108C500004973846F6F72AFF10A9097C012903D1A9
:108C600080880006800F06D157480168833110A81C
:108C70001022E5F74BFE01200390F6F7F9FF0546B9
:108C800010A81230029005964B4C002D34D0B7B28C
:108C9000632F31D8287804280BD0022827D16868A0
:108CA000017D102921D1008A494988421DD10398AC
:108CB0001CE06868017D102919D1008AA04216D1F4
:108CC00004982946FEF7B7FE044602980090E2B2E7
:108CD00002213223384601F0ACFC0598012801D16D
:108CE00010A84474761C344C01E0002005902846FE
:108CF000F7F72CF90546C8E7012109AA08AB049F3C
:108D0000384601F0ACFC00281CD1B0B240002F491D
:108D100040188008133082B208A8017809A810AB67
:108D200001F0D3FC00280DD0044606AD09A90622A7
:108D30002846E5F7EBFDAC714220042107222B46C3
:108D4000F3F7CAFA1D4E1C4C0120F6F791FF0546B9
:108D5000002812D0287804280BD16868017D1029DA
:108D600007D1008AA04204D100223846294601F0EA
:108D7000DEFC2846F7F7EAF8E9E710AC10491422C0
:108D80002046DDF715FD01203146224601F032FC78
:108D900000280FD004463846FEF75AFE0949C97A22
:108DA0006268126A9268009249084B1C04210022F2
:108DB00001F03FFC21B0F0BD02290000FFFF0000E0
:108DC0007C4E04107C0D0020140F0020FEFF0300D9
:108DD000052A0000F8B50D46064600921468002CDE
:108DE00011D02746E4693888B042F8D13846F1F707
:108DF00051FEA842F3D100983946F1F7FBFF3846FF
:108E0000F1F7D5FEEBE7F8BDF8B50D460446194E6F
:108E1000376848373F68002F10D07888A0420BD1C0
:108E2000B888A84208D138781821014339700C203D
:108E3000EDF772FFDCF759FA2037EBE7042D17D175
:108E40003068816D0B46002B0BD01A469D680023BD
:108E5000002DF8D0AB88A3422B46F4D1AB689360C9
:108E6000F1E7002904D08A88A24201D1896881658E
:108E7000F8BDC046140F002010B5084B1B681B68D6
:108E8000EFF3108472B640001C5AA41A1C5248001A
:108E9000195A8918195262B610BDC0461C0F00201D
:108EA00080B50349096866310622E5F72FFD80BDCC
:108EB000100F002080B50349096860310622E5F7EC
:108EC00025FD80BD100F002080B5034909680622EA
:108ED000E5F71CFD80BDC046080F0020F0B5A1B02D
:108EE000044601F081FB012814D107A84549142547
:108EF0002A46DDF75DFC02A843492A46DDF758FC07
:108F000044200F9001210DAA0CAB204601F0A7FBD5
:108F1000002801D021B0F0BD0CA801780DA80FAA3F
:108F200010AB01F015FC0028F4D10F984428F1D8BB
:108F30000120364D02AA294601F05CFB002810D022
:108F400006462046FEF784FD10A90A7C3049C97AFE
:108F500073681B6A9B68009349084B1C042101F04D
:108F600068FB2C480168833110A81022E5F7E5FC66
:108F700000281FD0012007AA294601F03BFB00284A
:108F8000C8D001F007FC0028C4D0054604212046C3
:108F9000F6F78CFD818840220A43828010A8427C2B
:108FA0002046294601F0C3FB0B20EDF7B5FEDCF7A8
:108FB0009CF9AFE70120F6F75BFE064610AD1235CF
:108FC0000027002EA6D0B8B26328A3D83178042990
:108FD00012D171680A7D102A0ED1098A0E4A914277
:108FE0000AD1022132222B46FEF744FD02462046DA
:108FF000314601F09CFB7F1C3046F6F7A7FF064682
:10900000DFE7C046904E04107C4E0410FFFF0000C6
:109010007C0D0020140F0020022900007047000082
:10902000F0B58FB00292074607A8019010250C4EAC
:109030002A46B0470BAC204639462A46B04703AF14
:109040000026019821463A463346FCF78BFB0298EE
:1090500039462A46024B984730460FB0F0BDC0460D
:109060000DE90410FEB5144601910646FFF7A8FA73
:10907000274644372046FFF7A9FA002811D1607827
:10908000C006F7D502AD384601992A46FAF78AFBA1
:10909000022228463146E5F750FC0028EAD100209C
:1090A000FEBD8120FEBDF8B5144606460846FAF717
:1090B00043F930214156002905D42C30007802288C
:1090C00003D1122518E0022516E0CFB2002538465C
:1090D0002946FAF771F938462946FAF765F9014643
:1090E0002B30002E01D0057006E0012202701031F5
:1090F00010222046FDF7D8FB2846F8BD1F2101406D
:1091000001228A40EFF3108172B6054909684009CF
:109110008000081801691143016162B67047C046BA
:10912000240F0020FEB50191032002900027304A51
:109130003D4616461068A8240059C019801C062216
:109140000199E5F7FAFB002831D00298032832464E
:1091500009D110680059C05D8006800F01D003203E
:1091600000E0E8B2029008376D1C032DE1D11068D1
:109170004125415DA830022936D80299CF00006808
:10918000C019801C164606220199E5F7BFFB30681E
:1091900000591021C1550298C2B200200121154B7F
:1091A000F6F780F83068415D491C4155FEBD3068D6
:1091B0000059C35DCF211940103103221A40531CBE
:1091C000032A02D0DC2421401943C155032A00D1CF
:1091D000134609A0C05C7D21CB004343EAB20020C6
:1091E0000121F6F75FF8FEBD01210172FEBDC04608
:1091F000200F0020B80B000003050A1480B50846B4
:109200008978C91CEDF773FF80BD80B50846C97821
:10921000027912025118491D89B2EDF768FF80BD2D
:1092200080B508468978C27812025118091D89B2A2
:10923000EDF75DFF80BD0021002802D00068491CC9
:10924000FAE788B27047000010B50B4A126812683E
:10925000EFF3108372B64300D05E4418D4520BB2C1
:10926000C318012B02DB4342C10B1940D0880818F8
:10927000D08062B610BDC0461C0F002080B5818929
:1092800000F001F880BD1CB51F2903D801AA118088
:10929000406805E0406801AC2246F1F7C1FD218835
:1092A000401800791CBD000010B504460846114660
:1092B000FFF788FC80000019C1B203480068002253
:1092C000024BF4F70EFE10BD140F002030750000A5
:1092D000F0B585B0044605888089461C204601F01B
:1092E00089FA232810D0B1B21B2822D12046F0F7EA
:1092F000D1FA0146284601F083FA00283DD02046E5
:10930000F1F755FC002550E06788B1B22046B9421C
:109310002AD2F0F7BFFA0146284601F071FA002878
:10932000EDD1B01C81B22046F0F7B4FA3018061D1A
:10933000EBE72046F0F7AEFA0146284601F060FA66
:10934000002824D06E4675802046F1F7A3FBB0803C
:109350001E2030703046FEF7FBFE0546002820D167
:109360002046F1F724FC1CE0F1F794FB02460A20AA
:109370002946234601F06AFA12E02046F1F78AFBFB
:1093800002460A202946234601F092FA08E02046C8
:10939000F1F780FB02460A202946234601F0BAFA7B
:1093A0000546002D01D07B20C543E8B205B0F0BDD5
:1093B0001CB50446008801AB1880422002210A46F1
:1093C000F2F78AFF002801D084201CBD2046F1F767
:1093D000EEFB00201CBD10B50488F1F75BFB0146D5
:1093E0002046FFF7FBF9002808D0017818220A432D
:1093F00002700C20EDF790FCDBF777FF002010BD2A
:10940000B0B50C4605464888001D81B22046F1F7EC
:109410002AFD28462146FAF7D1FA002804D0204632
:10942000F1F7C5FB8120B0BD0020B0BD88214058B8
:109430000088C0B2C0097047FEB50C468021415C6F
:1094400049060CD48030218A6288521A93B2458A28
:10945000AB4209D9207AF7220240227201E0218A28
:10946000257B1020019005E0E069431E9841000132
:1094700001901546002902D1207A800701D40120ED
:1094800000E0022002900E4800688C27C059001DA1
:10949000E28951181F260E40A9198AB2A16901F06C
:1094A0006BFA60612573064B1868C0593018019932
:1094B000029A114381701868C0593018C570FEBDFA
:1094C000B40E002070B5002400290AD000260D46F5
:1094D0000968334620339EB296420ED20029F6D157
:1094E00001E023462546D11A89B200F035FB2860F9
:1094F00000280AD17920C44307E0002904D0FAF7F4
:10950000C7F900242C6000E00024E0B270BD842183
:109510004058018801200840704700207047000033
:109520002A2804D8032141430248405C7047142094
:109530007047C046446507102A2805D803214143D7
:10954000024840188078704714207047446507101F
:10955000F0B587B00F460146007900260C9C002824
:109560002FD00390086804914968059206AD0093D6
:1095700001953A46059BF3F763FB002821D0029042
:1095800005940D9A049C236806A90978CD005B19FF
:10959000DB7913700398401E0390C0B281422346CA
:1095A0000BD01D68CEB2F600AF19BA68FC68AA519C
:1095B0007C60491CCAB28242F3D103981871029EA2
:1095C000059C267007B0F0BD3321C9004143104807
:1095D000006894228058C06B40684018112109012E
:1095E00041180222002A09D00023CB80FF234B71AF
:1095F0007D235B040B604031521EF3E7CB21490011
:10960000FF22425419210901002242507047C046EE
:10961000B40E0020F82100224250F8300121090444
:109620004160704710B5002306A11A46042B03D0F1
:109630008C5C531C8442F8D1042A01D3002010BD55
:10964000012010BD0100161F882140580088C00568
:10965000C00F704710B51446484000F00DF8A04206
:1096600001D3002010BD012010BD80B5411048403D
:1096700000F002F880BD00004108084A0A40801A44
:109680000749820808400A401018010908180549CE
:10969000014005484843000E7047C0465555555592
:1096A000333333330F0F0F0F0101010141000A4A19
:1096B0000A4040080949014088188100084A0A40C8
:1096C00080080849014088180101074A0A4000093A
:1096D0000649014088187047AAAA010055550000A4
:1096E000CCCC070033330000F0F000000F0F000077
:1096F0007047000004280AD003280ED0022812D197
:109700002B291CD94F20C0432430022210E04808E6
:10971000E62814D904220C480AE008092C280ED99E
:109720000622084804E0502909D34F20C0430322F1
:109730004018D040FE2803D90020C04300E000209C
:10974000C0B2704730FDFFFF32FEFFFFF0B587B0BB
:109750001E46144605900C9A002B03D0D06F174676
:10976000154602E0002517461046C722825C0123F9
:1097700005980693FBF7A2FD002C01D0044602E0F9
:10978000202104468C43002E11D06D35A978002984
:1097900004D0E9794B424B41069303E004218C430A
:1097A000012106912978002901D108218C43C506A1
:1097B000E0B231463A46FBF7DFFD039006980028F9
:1097C000214602D0102021468143ED0F0491C8B2FA
:1097D00031463A46FBF7D0FDE1050022002901D4CD
:1097E000019512E00D998B88C988C91A0B0409D01C
:1097F000FE22131A8DB2AB4229DA0399511A0122C3
:10980000019203E0019515490C40114602940E9B0C
:109810008AB255425541059A921E561EB2412A40BF
:1098200000D10398119D109E0F9F0C18641C1C7092
:10983000002A049B00D1029B3B803080297006994E
:1098400048424841002A00D1019807B0F0BD069A6D
:10985000534253410193049C0390D7E7FFFE00005D
:109860007047000010B50446124800683D21415C75
:10987000890604D53D300A214056002800D410BD89
:109880000D480068006980212A220223F0F776F84B
:109890000028F4D0014604721020C871032088719A
:1098A0003E20487104200871200A48728020F0F799
:1098B000C5F810BDB40E00200C0F0020F0B589B023
:1098C00015460F46044606790068616808AA0093A9
:1098D00001923A462B46F3F7B3F900210F9B0E9AFB
:1098E0000028079226D106976779BE4222D20293BA
:1098F0000390049508A90878059686420DD0059F27
:109900002268FDB2ED0056193346083B0ACB51518F
:1099100073607F1EF9B28142F2D12168C000069ABD
:109920000A500818049941600598401C20710121D3
:109930000398029B089A079C22701870084609B089
:10994000F0BDB0B5EF22825C4018A821415CA83080
:10995000002A0FD00323DB4325395B1C0FD2491C9F
:10996000CCB2032C00D10021CCB21546E540EC0767
:10997000F3D004E02439CAB2032A00D100212531F2
:109980000170B0BDB0B500249BB2042C0BD00568AB
:109990008D4205D14568954202D105899D4202D08C
:1099A0000C30641CF1E7E0B2B0BDF8B50092302491
:1099B000025D032A0BD805463035561C2E700C2448
:1099C000544301510019038100994160F8BD541EB0
:1099D000E2B205461646002EF1D0EF682C692F60E2
:1099E0006C60AC8A2C810C35761EF4E70248006866
:1099F000006A8005C00F7047B40E0020F0B585B036
:109A00001D4650C80B981D4F33463B4004604360D1
:109A1000032901D120462DE0E0B20390D00713D1F5
:109A20002A6800209442024604D16A683A409B1A90
:109A30005A425A41039BFF2B00D02046FD23194276
:109A400018D0002A15D015E00D480068942141581F
:109A5000C868096904AA012300930192224633468B
:109A6000F3F7EEF8002804D00398FF28D2D10020A5
:109A700000E0FF20C0B205B0F0BDC046FFFFFF0010
:109A8000B40E002001681A68914207D140685A68F4
:109A90004240100203D00020C14300E0FF21C8B2C1
:109AA00070470000D2B2203A03D301009140002059
:109AB00070475242D0415242203291404140D04002
:109AC00090404140704710B504460120FCF702FD6C
:109AD000C0B22178ECF761F86018407810BD000042
:109AE0000248006894214058006D7047B40E002071
:109AF00080B507200021F2F74BFC80BD80B50A201D
:109B00000021F2F745FC80BD80B50B200021F2F763
:109B10003FFC80BD10B50C2000242146F2F738FC34
:109B20000D202146F2F734FC10BD10B50E200024A4
:109B30002146F2F72DFC0F202146F2F729FC10BD3B
:109B400080B510200021F2F723FC80BD80B51120E4
:109B50000021F2F71DFC80BDF0B5114A89184909B2
:109B60004A1C94B2EFF3108172B60021002C13D07E
:109B700003889C4210D8641E41680D4606D000261A
:109B80000D462D68761CB7B2BC42FAD82C684460EA
:109B900000242C609A1A028062B60846F0BDC046C6
:109BA000FFFF1F000001002900D00830C0B270473D
:109BB000BCB50A460446C11C01AD10462A46FEF754
:109BC000A6FD032228462146E4F7B7FE002800D070
:109BD0008120BCBDBCB50024214620460D46009422
:109BE000C0B2214622462346DCF7E7FBC21C691CB3
:109BF0000120002AF2D1E8B2BCBDB0B594B0044651
:109C00004178012529403E306A46FDF7DEF80028FC
:109C10000CD1694650222046E4F78FFE002808D078
:109C20006946487828403E31FEF705F960781028EB
:109C300001D2002002E0204600F0B9FE14B0B0BD11
:109C4000F0B59DB00193009202900CAE10240394E5
:109C50000125204F304622462B46B847304610306B
:109C6000009922462B46B8473046203001992246BB
:109C70002B463C46B84730463030229903222B46CB
:109C8000B84733202399315430463430249906277D
:109C90003A462B46A047304633302599C1713046AD
:109CA0003B3026993A462B46A04704AF38460299E6
:109CB000039A2B46A047412108AC30463A4623463A
:109CC000FDF766F827982146039A2B46014CA047DA
:109CD0001DB0F0BD75FF0510B0B5F5F775FA002899
:109CE00011D0044600252946F5F774F800280BD05A
:109CF000A17AF12905D1A17BCA0702D0890700D535
:109D00000020054600E002252846B0BDF0B583B02E
:109D100002910646002A08D0002E33D090B22028A7
:109D200006D33668203A1004F6D1002E2AD000223D
:109D3000002B019320D000271D4690B21F2814D875
:109D400020218C1AA1B2AAB2914200D32C46A2B211
:109D5000B9B2029B59183018001DE4F7EEFD002837
:109D60000FD12D1BE719002200E0203A280404D06F
:109D70003668002EE1D100E00027B8B2019B1B1A23
:109D800000E00346184603B0F0BD000010B50446DD
:109D90000821F1F773F804490968602200238B5207
:109DA000486660314C8010BD140F00201CB51F297F
:109DB00003D801AA1180406805E0406801AC224642
:109DC000F1F72EF82188401800791CBDFEB50293EA
:109DD00015460022884223D80C4616490F68602198
:109DE000795A00291CD000920191FDF7D1FD064659
:109DF0002046FDF7CDFD0199491E814200D3014661
:109E000089B2B2B28A420DD8786ED300C45CAC423B
:109E100004D1C0184368029CA34205D0761CF0E729
:109E20001046FEBD0098FEBD03498A4200D10020C5
:109E3000FEBDC046140F0020FFFF000010B5044611
:109E4000FDF7A6FD0649884207D0C200054B1B68F6
:109E50005B6E9A185288A24200D0084610BDC046D8
:109E6000FFFF0000140F002080B500F0ABFD40881C
:109E700080BD80B58022825A920708D480308171DB
:109E80001520ECF749FFDBF730FA002080BD3A20BF
:109E900080BD806F4221405CFF38411E8841704781
:109EA000F0B597B00446407A884200D8F2E01746F1
:109EB0000E460D93F2F7D6FF0D251290FF2800D124
:109EC000E9E0F2F7C3F9FF2800D1E7E00E961D990B
:109ED0000B911C990991A56F4021129A6A54109513
:109EE00040350C9068706F4801686F480068002228
:109EF0006A600F92AA602F7101220A92174001D066
:109F00005630014626466136681D11940622089295
:109F1000E4F7FCFC0F98E86028610D9C2C73284640
:109F20000D300999089AE4F7F1FCB801E1014018F5
:109F3000401D6421109A5054104664302221417013
:109F40000B9C2146F3F7D0FE1298EFF7B5F80D9071
:109F50001198C06FC721405C47081290F3F70EFFBD
:109F6000B9000D9F7918E289824200D3104602029F
:109F70008A650B988188109888304902F3F71EFF94
:109F80000E98A870F1F738FB1590F1F735FE169092
:109F9000384614301490139743480068407A0D9067
:109FA00032787178B778F47830790B907379B0792A
:109FB00009900A9D06950F9D05950726049613AEF8
:109FC000039615AE0296119E0E3601960095080274
:109FD00080183A0480182206821818020B9940183B
:109FE0000999090443180C9E30460D99F1F754FB6A
:109FF0001298F1F747FC044630462146ECF74FFE35
:10A0000030462146ECF715FE1098806B0E99415CA6
:10A010003046ECF7D2FD139C942029462A46ECF7F3
:10A0200047FB01462046119FECF78BFC1398ECF799
:10A0300090FC109A51680E9B18460D914843796D1B
:10A040000E18507C984201D3386D86192221129C3B
:10A0500020460F9D2A46F3F70FFD07460E212046A6
:10A060002A46F3F709FD1149079111490691114953
:10A07000059111490491082103910B210291019648
:10A080000D9900913B187C3388220C981199F1F7B7
:10A0900017FC00E01225284617B0F0BD1298F1F722
:10A0A000E3FCF8E7080F0020B40E00206B610710F6
:10A0B000A13507109B620710D53707100148002112
:10A0C00001707047380F0020BCB50346064D287854
:10A0D0000C210091012400222146DCF76EF92C703E
:10A0E00000F06EF9BCBDC046380F002010B50A481C
:10A0F000046838342468002C09D02046FDF7B6FBEC
:10A100001E2802D04021084003D01C34F2E7002072
:10A1100010BD012010BDC046140F0020E0B501A8FD
:10A120000221018000900020044B01460246F5F711
:10A1300057FC8638414248418CBDC0463751071014
:10A1400070B5084D2868846B002C0AD0E669286831
:10A1500038302146F0F74EFE2046F0F728FD344611
:10A16000F2E770BD140F0020FEB50D460446FDF762
:10A17000A9FE002834D0AC4232D80646A0422FD3E4
:10A180002046FFF75BFE04461648844228D0AE42C4
:10A1900000D32E463046FFF751FE13490F68602664
:10A1A000B95B4A1E824217D90190054602948BB2D0
:10A1B0006D1CAAB29A420DD2796EA0B2C0000818E6
:10A1C000D20089180822E4F7A1FB07480768B95BA9
:10A1D000641CECE7029C0198C243A2185118B953C1
:10A1E000FEBDC046FFFF0000140F002010B504465E
:10A1F0000846FDF7CDFB08490968496E82B2D200D6
:10A200008B5CA34205D0421E00041046F6D100200C
:10A2100010BD881810BDC046140F0020BCB51446F0
:10A220004068202904D301AD2A46F0F7F9FD2988BA
:10A2300040180471BCBDF0B589B00E46F4F7C4FFF8
:10A24000002825D005461C3005A90091FCF75CFECE
:10A2500074882B466833271DB9B204223046F9F7BB
:10A260004AF8FAB201AF009831463B4600F0D4FB01
:10A2700008372046083081B2082230463B46F9F7BD
:10A280003AF80C347480A86E401CA866002000E0E8
:10A29000022009B0F0BDB0B514460A4605468089D3
:10A2A000401C81B22846F0F783FDA889C01C81B20A
:10A2B00028462246F0F77CFDB0BD10B50C46C368B9
:10A2C0008989007A4200481C81B22046F9F713F8C8
:10A2D00010BDF0B589B00C46010A0E2901D912272C
:10A2E0004EE01F461646F9F727F8002808D0054625
:10A2F000089404462C342078032803D10C273FE02F
:10A3000002273DE006960797267901213046F9F7A6
:10A3100039F83A27012833D0207900F019FC0128B8
:10A320002ED0109A0F990E9CFE3528880591009129
:10A3300004920192029008980699079A234600F029
:10A3400009FC074600281BD1274601243046214638
:10A35000F9F72AF804994184059901840699418303
:10A3600008990183C7830799818330462146F9F70D
:10A3700023F80027304621463A462346F9F72CF8C1
:10A38000384609B0F0BD704770477047B0B501243A
:10A39000204600F005FC0546204600F027FC284337
:10A3A0000AD106480068942140580C30F2F731FA7F
:10A3B00000F033FC0020B0BD0C20B0BDB40E002076
:10A3C000C01CC0B2042802D37E20C04302E0C100FA
:10A3D0000148C840C0B27047B3B7B400F0B587B009
:10A3E0000C460546069105900126304600F0D8FB44
:10A3F0000746304600F0FAFB38431DD1E8B2FF288B
:10A4000005D10590FF2109060C4006940546104829
:10A4100000689421405803A9019104A900910C30CF
:10A42000012329462246FFF749FA002806D005A84D
:10A43000012100F0F3FB05E00C2006E003A8007802
:10A44000002801D0002000E0072007B0F0BDC04682
:10A45000B40E0020F0B59FB01C460792099101464A
:10A4600000261296119610960F960E960D960C9643
:10A470000B961BA810220192E4F748FA2599080AC6
:10A48000069013A8821C0592401C04900894200A90
:10A4900003900A91481E0009C01C24990291C5B27C
:10A4A0003746F8B20021854242D916911591149190
:10A4B0001391012813D0002820D113AC492020701B
:10A4C0000D2204980999E4F721FA0A98E073069896
:10A4D000A07317A810222146E4F718FA21E013AC64
:10A4E000002110222046E4F71BFA089A62700398B4
:10A4F000207005980799E4F709FA0CE0B0B20299C8
:10A5000009180A9A141A102C00D3019C13A8224689
:10A51000E4F7FCF936190BA813A917AA042300F0D5
:10A520007EFB17A81BA90BAA00F083FB7F1CB8E7D2
:10A5300013AC0998224600F08CFB1BA90FAA2046F9
:10A5400000F077FB0B990F9848401FB0F0BDF0B5B5
:10A5500091B01F4603920291014600260C960B967D
:10A560000A9609960DA810220092E4F7CFF901246B
:10A5700016980190380421D0A1B205AD02982A4660
:10A5800000F067FB0DA909AA2846049200F051FBD0
:10A59000B8B210283D4600D3009D681E8008401CBC
:10A5A000C3B2B6B20398801901998A19049900F0D0
:10A5B00036FB7F1BA8B23618641CDBE711B0F0BD78
:10A5C0000849096834310968002907D00A8982429C
:10A5D00002D14A89042A01D11031F4E748424841A6
:10A5E0007047C046140F002080B5FFF775FB41424D
:10A5F000484180BDF0B585B014460D46F5F738FBEF
:10A6000006460020002E12D07188A9420FD86F464E
:10A6100030463946F5F73EFB2046394600F027FB29
:10A62000002803D03046F5F791FCE9E7304605B045
:10A63000F0BDB0B54843C408A4B29C420ED8049BF8
:10A64000072528402025691A0025ED43CD402A40E2
:10A6500082408540185DA84310431855B0BDF8B539
:10A660001C4615460F46F4F7AFFD002816D00646E7
:10A67000811C06222846E4F749F97078694608707B
:10A68000002F1FD000281DD0012809D1F1798A0997
:10A690000120022A16D8402903D213E00220F8BD77
:10A6A000F179C0200840402808D1694630462A4642
:10A6B00000F0F4FA002803D08120F8BD8620F8BD10
:10A6C0006846007820700020F8BDF0B585B01E46C1
:10A6D00017460D46044602AA08462146FDF78CFBA4
:10A6E00000280BD10498B84206D1BAB20C203146EA
:10A6F000DBF7B0FE002816D0FDF798FB019602AEFE
:10A700003570701C06222146E4F700F904973046A4
:10A71000019900F0DAFA002805D0064628462146BD
:10A72000FDF789FB00E00026304605B0F0BDBCB562
:10A7300014460D46FDF78CF9696889698B8889682C
:10A74000009103210C4002212246FFF772FFBCBD9D
:10A75000B0B598B01C46154601AAFCF736FB002898
:10A7600016D101A94A78012010403E3115AAFDF703
:10A7700043FB002801D0B3200AE0296817988842DB
:10A7800001D9872004E0286081B2204600F0A9FAB0
:10A7900018B0B0BD70B58AB0054605A810A1142246
:10A7A000DCF706F82878FE2101400024022914D1A4
:10A7B0002846F5F7CBFB054600280ED0287802285E
:10A7C0000BD06E4628463146F5F764FA05A83146A7
:10A7D00000F04DFA0028EBD12C4620460AB070BD9F
:10A7E000FB349B5F80000080001000000229000005
:10A7F0001000000080B5818900F07EFA80BD000065
:10A80000BFB5044600F088FA0546002806D10E4878
:10A81000014600F081FA0546002802D02878022877
:10A8200001D200200DE003A902AA01AB204600F0EE
:10A8300085FA002804D1287802A909788142F0D24B
:10A84000C02004B0B0BDC046FFFF0000F8B505460B
:10A85000C00621D40E46134800685221405C0024F3
:10A8600000071AD5174600930F4800686907C90EFC
:10A8700040180069142203232946EFF77FF80028C7
:10A880000DD001460098C8604F810E81074848608E
:10A890002846EFF7D3F800E086242046F8BD0724C9
:10A8A000FBE7C046B40E00200C0F0020075D071028
:10A8B000F8B50546C00621D40E461348006851215C
:10A8C000405C002440061AD5174600930F480068E4
:10A8D0006907C90E40180069102203232946EFF7C3
:10A8E0004DF800280DD001460098C8604F810E81B8
:10A8F000074848602846EFF7A1F800E08624204684
:10A90000F8BD0724FBE7C046B40E00200C0F002062
:10A910000B5E0710F8B50546C00621D40E46134855
:10A9200000685121405C002480061AD51746009328
:10A930000F4800686907C90E401800690F220323F9
:10A940002946EFF71BF800280DD001460098C86093
:10A950004F810E81074848602846EFF76FF800E006
:10A9600086242046F8BD0724FBE7C046B40E00202D
:10A970000C0F0020A11F071010B5521E1F231343F8
:10A980009AB2531C9AB29A4201D000220DE05309A8
:10A990000A460021541864684450091D2029F9D141
:10A9A000116820305B1E1C04F2D1104610BDE0B5CA
:10A9B00001460020009050220346DBF7D0FCFFF751
:10A9C000FFFC8CBDF8B504780225214629430229F5
:10A9D0001ED1FDF763F80F49096860228B5A401CAD
:10A9E00082B29A4210D2002C08D0022CF7D1D700A4
:10A9F0004E6EF75D2F43022FF1D106E0D7004E6E69
:10AA0000F75D002FEBD100E04E6ED00080190838C2
:10AA1000F8BDC046140F0020F0B595B0019317465D
:10AA200003910025149513951295119511A90DAC5C
:10AA300004902246FEF7F4FA0F200290265609A948
:10AA4000204600F0A1F9002E67D409A802994456C7
:10AA500005A900F099F9002C6CD411A8002410224B
:10AA60002146E3F75DFFFDB2112D21D3201D81B2F8
:10AA700010220DAB0398F8F72AFC0020102807D00D
:10AA80000DA9095C11AA135C4B401354401CF5E757
:10AA900011AD0DAE049829463246FEF7C1FA1022D8
:10AAA00028463146E3F732FF103F1034A4B2DAE70C
:10AAB000102D08D1201D81B210220DAB0398F8F79C
:10AAC00006FC09A814E00DA800211022E3F728FFD6
:10AAD000380608D00DA8431B1033201D81B20398FF
:10AAE0002A46F8F7F4FB0DA8401B8021C17305A886
:10AAF000019A0021102909D00DAB5C5C435C6340D6
:10AB000011AD6C5C5C406C54491CF3E711A90498CE
:10AB1000FEF786FA002015B0F0BD11A8872101705C
:10AB20000F2D92D009A8415D11AA525D4A404255AD
:10AB30006D1CF5E711A88721017000200F288CD02B
:10AB400005A90A5C11AB1B5C53400B54401CF5E794
:10AB50000020704770B504461220062C1CD319251E
:10AB6000ED01AC4218D8062916D3A94214D8A14247
:10AB700012D394087C2C0FD8059C049EB4420BD3AE
:10AB80000A2B09D3AB4207D80698521C4A434243CA
:10AB90009008834201D8122070BD002070BD0000D3
:10ABA000F8B50446F0F796FC01464D20085C020219
:10ABB00000200D4B0546AA4213D00E687619BE2719
:10ABC000F75B9F4203D0CE27F75D012F03D001260C
:10ABD0003602AD19EFE7002C04D0C320305C411ED3
:10ABE0008841F8BD0120F8BDFFFF0000B0B5054663
:10ABF0000024DBF73DFF01280DD1F3F76DF8EB21C1
:10AC0000415CC90707D0002D04D0EA300078012448
:10AC1000044000E001242046B0BD70477047B0B545
:10AC2000002B05D010C920C8654020C25B1EF7E785
:10AC3000B0BD70B514460D46064600F0BAF80023C4
:10AC4000304629462246FAF78DFD204600F0B1F83D
:10AC500070BDB0B514460D46014601201070501C61
:10AC60000D22E3F753FEE573280AA073B0BD80B54B
:10AC7000027C0B7C9A4206D1202A07D0102A09D1E7
:10AC80008989808908E00020C04380BD1022E3F755
:10AC900054FE80BDC968C068401A80BD70B594B0CC
:10ACA00014460E464178801C6A46FCF78EF805462D
:10ACB000002807D10020307069463E310622204628
:10ACC000E3F724FE284614B070BDE0B50B460146FC
:10ACD0000089009001200C22DBF741FBFFF770FB9D
:10ACE0008CBDE0B503460091022001210C22DBF768
:10ACF00064FBFFF765FB8CBD1CB51F2903D801AAB7
:10AD00001180406805E0406801AC2246F0F788F801
:10AD10002188401800791CBD074A12685832126811
:10AD2000002A07D09388834202D153888B4201D0F6
:10AD30000832F4E710467047140F0020F8B51C469F
:10AD400016460D460021297011701970F4F73CFA6F
:10AD5000002817D0074601212970807AF12810D1E8
:10AD6000009100213846F3F784FD3070012809D1A5
:10AD700002202870F97A4907890F00D100982070C5
:10AD800000E031700020F8BD10B5027852000A7062
:10AD9000491C00220F2A0BD083185B785B008B5470
:10ADA0008456002C02D5012423438B54521CF1E716
:10ADB00010BD10B50F210246072906D0435C147858
:10ADC00044541370521C491EF6E710BD01488047D9
:10ADD00001480047217C0510EDD6061003480168A4
:10ADE000034A127889180160704700BFF40E0020F2
:10ADF00091040020C16908008006C00F7047406AB6
:10AE0000C0B2704780B5F6F7CDFB01BD80B5F6F74F
:10AE1000C9FBFEE77047704780B5FFF7DFFF01BD54
:10AE20001CB50C4C2000FFF7E5FF012808D12000DD
:10AE3000FFF7E5FF694608700121684600F020F839
:10AE40000F200549086013BD80B50448E3F70CFAEC
:10AE500001BD00000040004120400041A80E00203C
:10AE600080B5DDF712FE01BD80B5DDF714FE01BD32
:10AE700080B5E3F715FD01BD80B5E3F743FD01BDE6
:10AE8000F8B504000F00B04D2878002830D12078A4
:10AE900008280ED1C0480188002909D00188491E20
:10AEA0000180C4480078002802D0207800F0FCFE21
:10AEB0001EE0B94E3088FF281AD2BE48007800281C
:10AEC00002D0207800F0F0FE20780D2808D1002074
:10AED000B9493288885401202870DAF7FFF907E071
:10AEE00030880100491C31802178B34A80B2115466
:10AEF000F1BDF1B50F00140020780600F6B2360956
:10AF0000B61C3A00D2B268460178AC48DBF7A2FC26
:10AF100000253000C0B2854205DA615DA848DBF744
:10AF200099FC6D1CF5E7A7A0DBF794FCF1BDF1B52A
:10AF300082B00F00140000252E0022003900C9B293
:10AF40006846007AFFF7D5FF2078102805D1607891
:10AF5000A178090201430D0001E00120060028004C
:10AF600080B200903300DBB23A00D2B26846017A78
:10AF70009548DBF76FFCF7BDF8B507000E0015002C
:10AF80002A003100C9B23800C0B2FFF7B2FF2878FA
:10AF9000012801D1002400E001242300DBB23200AB
:10AFA000D2B23900C9B28948DBF754FCF1BDF8B51B
:10AFB00007000E0015002A003100C9B23800C0B2E7
:10AFC000FFF797FF28780F2801D1002400E0012423
:10AFD0002300DBB23200D2B23900C9B27C48DBF7C1
:10AFE00039FCF1BDF8B507000E0015002A0031004C
:10AFF000C9B23800C0B2FFF77CFF28780F2801D112
:10B00000002400E001242300DBB23200D2B2390078
:10B01000C9B27048DBF71EFCF1BDFEB507000E009B
:10B02000150000246846C4802878C0B20009401C7E
:10B03000694608716878694648712A003100C9B2CA
:10B040003800C0B2FFF755FF68460079032803D1E6
:10B0500068464079002801D001240CE028780007D8
:10B06000000F0E2806D1A878E97809020143684646
:10B07000C18000E001246846C08800902300DBB254
:10B080003200D2B23900C9B25348DBF7E3FBF7BD57
:10B09000FEB507000E00150000246846447268469D
:10B0A00004722A003100C9B23800C0B2FFF721FF94
:10B0B0002878112806D1687869464872A8786946C8
:10B0C000087200E001246846007A01906846407AE0
:10B0D00000902300DBB23200D2B23900C9B23F483F
:10B0E000DBF7B8FBF7BDFEB506000D001400002726
:10B0F00038006946087122002900C9B23000C0B288
:10B10000FFF7F7FE207810280ED16078A1780902A9
:10B1100001430F003000C0B200022900C9B2084349
:10B1200080B2E0F76BFA02E001206946087138004E
:10B1300080B20090684603792A00D2B23100C9B2C9
:10B140002148DBF787FBF7BD360F0020F1B582B051
:10B150000F00140000252E0022003900C9B26846F5
:10B16000007AFFF7C6FE2078102805D16078A17814
:10B17000090201430D0001E001200600280080B211
:10B1800000903300DBB23A00D2B26846017A0E4832
:10B19000DBF760FBF7BD00002E0F002038B505007F
:10B1A0000C002A00210089B20D48DBF753FB002078
:10B1B00032BD0000350F002010090020C03F0410F0
:10B1C000E03F04100A000000E83F041004400410AF
:10B1D000184004102C400410444004105C4004103B
:10B1E0007840041078B5DFB0AD4C0322ADA120004B
:10B1F00000F07CFD002812D1012000906A46AAA12F
:10B20000E01C00F095FD0098022802D3012000F018
:10B21000C3FC0098BC490870002000F0BDFC082267
:10B22000BA49200000F062FD00281FD109AB08AA2E
:10B23000B7492000083000F07BFD0400022C02D149
:10B240000898042802D3012000F0A6FCB14B099A0B
:10B25000D2B20899C9B20020E0F71EFB002802D143
:10B26000002000F099FC012000F096FC0B22AA4976
:10B27000200000F03BFD00281FD109AB08AAA4491B
:10B2800020000B3000F054FD0400022C02D108987D
:10B29000042802D3012000F07FFCA04B099AD2B20F
:10B2A0000899C9B20120E0F7F7FA002802D100207E
:10B2B00000F072FC012000F06FFC0A22C04920005F
:10B2C00000F014FD00281FD109AB08AA9049200006
:10B2D0000A3000F02DFD0400022C02D10898042849
:10B2E00002D3012000F058FCB64B099AD2B208995B
:10B2F000C9B20220E0F7D0FA002802D1002000F005
:10B300004BFC012000F048FC0822AF49200000F06F
:10B31000EDFC002809D1E0F7F7FE002802D100205B
:10B3200000F03AFC012000F037FC0A22C549200059
:10B3300000F0DCFC002809D1E0F715FF002802D15D
:10B34000002000F029FC012000F026FC0822BE4964
:10B35000200000F0CBFC002822D109AB08AA6C49E0
:10B360002000083000F0E4FC0400022C05D108980D
:10B37000042802D20998FF2802D1012000F00CFC19
:10B380000023B24A0999C9B20898C0B2E0F796FC06
:10B39000002802D1002000F0FFFB012000F0FCFBA0
:10B3A0000B22C349200000F0A1FC00281FD11EA8D9
:10B3B000009009AB08AABF4920000B3000F0B8FC90
:10B3C0000400032C02D10898042801D30120E3E3F0
:10B3D000B94B1E9AD2B20999C9B20898C0B2E0F727
:10B3E0003AFE002801D10020D6E30120D4E3072251
:10B3F000B249200000F07AFC002823D11DA801905A
:10B400001CA8009009AB08AAAD49E01D00F090FC13
:10B410000400042C02D10898042801D30120BBE3C6
:10B420001D98C0B200901C9BDBB2A34A0999C9B217
:10B430000898C0B2E0F79BFC002801D10020ABE3E4
:10B440000120A9E30A22C449200000F04FFC002893
:10B450002ED119A802901AA801901BA8009009AB40
:10B4600008AABE4920000A3000F062FC0400052C46
:10B4700002D10898042801D301208DE31998019086
:10B480001A98C0B200901B9BDBB28B4A0999C9B2D3
:10B490000898C0B2E0F766FD002807D100207BE3E2
:10B4A000100900204154450025780000012073E375
:10B4B0000722BF49200000F019FC002852D107A83C
:10B4C00006900CA8059015A8049016A8039024A82F
:10B4D000029017A8019018A8009009AB08AAB549D6
:10B4E000E01D00F025FC0400092C0AD1089804286E
:10B4F00007D20C98022804D20798802109028842BA
:10B500000ED3012048E300BF350F00208440041013
:10B51000904004102FAF061098400410E7B00610BA
:10B52000079840000C99014389B206911598C0B262
:10B5300005901698C0B2049024A803C80290039105
:10B540001798C0B20090189BDBB2B24A0999C9B2F1
:10B550000898C0B2E0F71CFA002801D100201BE3D4
:10B56000012019E30A22BB49200000F0BFFB00289C
:10B5700050D110A807900AA806900BA8059011A812
:10B58000049012A8039022A8029013A8019014A876
:10B59000009009AB08AAB04920000A3000F0C8FBAF
:10B5A00004000A2C0AD10898042807D20B98022814
:10B5B00004D20A9880210902884207D30120EBE2D5
:10B5C000A44004104DB10610B0400410109807902C
:10B5D0000A9840000B99014389B206911198C0B2B4
:10B5E00005901298C0B2049022A803C8029003915B
:10B5F0001398C0B20090149BDBB2864A0999C9B275
:10B600000898C0B2E0F716FC002801D10020C3E280
:10B610000120C1E20722BB49200000F067FB00289F
:10B6200024D14FA8009009AB08AAB749E01D00F04B
:10B630007FFB0400032C02D10898042808D30120C2
:10B64000AAE200BFB8400410C44004101BB00610AA
:10B650004FABAE4A0999C9B20898C0B2E0F720FAD8
:10B66000002801D1002097E2012095E20922B44987
:10B67000200000F03BFB002836D103A8019006A86B
:10B68000009009AB08AAAF492000093000F050FB38
:10B690000400042C0AD10898042807D20698FA213D
:10B6A0008900884202D2039864280BD3012073E2F8
:10B6B000D0400410DC40041091B00610E8400410A3
:10B6C000F04004100398C0B20090069B9BB29E4AC3
:10B6D0000999C9B20898C0B2E0F786FA002801D1EA
:10B6E000002059E2012057E20A229849200000F088
:10B6F000FDFA00281AD10EAB0FAA954920000A3096
:10B7000000F016FB0400022C02D10898042801D393
:10B71000012041E20E99C9B20F98C0B2E0F7DEFEF7
:10B72000002801D1002037E2012035E20822B84983
:10B73000200000F0DBFA00281ED109AB08AA8449DA
:10B740002000083000F0F4FA0400022C02D108981E
:10B75000042805D301201FE2FC4004100841041016
:10B760000999C9B20898C0B2E0F7D0FE002801D10B
:10B77000002011E201200FE20722BE49200000F064
:10B78000B5FA002807D1DFF7B3FC002801D100206B
:10B7900002E2012000E20E22B749200000F0A6FAE2
:10B7A00000280BD1DFF7C8FC002805D10020F3E109
:10B7B00018410410204104100120EDE10D22AF4991
:10B7C000200000F093FA002807D1DFF7E1FC002801
:10B7D00001D10020E0E10120DEE10A22A849200099
:10B7E00000F084FA002807D1DFF7EAFC002801D135
:10B7F0000020D1E10120CFE10A22A249200000F07F
:10B8000075FA00280AD1DFF79CFF002804D1002038
:10B81000C2E100BF79AF06100120BDE10A229A49BA
:10B82000200000F063FA002808D1EBF7D2FC0400F6
:10B8300021009648DBF70EF80020ADE1072294497D
:10B84000200000F053FA002808D1DAF7F7FC0020B6
:10B85000A2E100BF404104104C41041007228D4971
:10B86000200000F043FA002839D109A8019008A867
:10B87000009004AB0DAA8849E01D00F059FA0400BD
:10B88000042C02D10898042801D3012084E11FAAC6
:10B8900004A803C8107004A803C880B2000A50703E
:10B8A00004A803C8000C907004A803C8000ED07050
:10B8B00004A803C8117104A803C8080A0021507124
:10B8C000099BDBB2089AD2B21FA90D98C0B2E0F76B
:10B8D00078FE002801D100205EE101205CE10D220C
:10B8E000AE49200000F002FA00281AD13FAAAC4964
:10B8F00020000D3000F01CFA0400012C08D00120BB
:10B900004AE100BF6C41041074410410AFAF06104F
:10B910003FA8E1F789FA002801D100203CE101208D
:10B920003AE10C229F49200000F0E0F9002813D1F1
:10B930009D48E1F7D1F900280CD100202CE100BF8F
:10B940008441041090410410E5AF06109C4104109E
:10B950009040041001201FE10A22A449200000F0B9
:10B96000C5F900283ED126A8E1F788FA002837D18A
:10B9700026A99F48DAF76EFF9E48DAF76BFF00258D
:10B9800026AC3D20205C854207DA60193E21415CEF
:10B990009948DAF75FFF6D1CF2E798A63000DAF7F6
:10B9A00059FF3A998148DAF755FF3B998048DAF711
:10B9B00051FF3C997F48DAF74DFF7F48DAF74AFF9D
:10B9C0000525002D07D460195C21415C8A48DAF70F
:10B9D00041FF6D1EF5E73000DAF73CFF0020DBE0A9
:10B9E0000120D9E00C227549200000F07FF90028E1
:10B9F0001FD102AA72A120000C3000F099F90400B6
:10BA0000012C02D10298022804D30120C4E000BF17
:10BA1000A84104100298002801D0012000E0002075
:10BA2000C0B2E1F7EDFA002801D10020B4E0012016
:10BA3000B2E00C227249200000F058F900282FD102
:10BA400001AA5FA120000C3000F072F90400012C63
:10BA500003D101986B49884201D301209CE00198F1
:10BA6000010089B26848E1F7F3FA002816D10020F6
:10BA700092E000BFB4410410BC410410CC4104105A
:10BA8000DC410410E8410410F441041000420410A9
:10BA900010420410184204102042041001207BE0E0
:10BAA0000B225A49200000F021F9002807D1E1F7C4
:10BAB00000FC002801D100206EE001206CE007228C
:10BAC0005349200000F012F9002864D15148DAF7F8
:10BAD000C1FE5148DAF7BEFE5048DAF7BBFE5048C7
:10BAE000DAF7B8FE4F48DAF7B5FE4F48DAF7B2FE9C
:10BAF0004E48DAF7AFFE4E48DAF7ACFE4D48DAF7BB
:10BB0000A9FE4D48DAF7A6FE4C48DAF7A3FE4C48EA
:10BB1000DAF7A0FE4B48DAF79DFE4B48DAF79AFEBB
:10BB20004A48DAF797FE4A48DAF794FE4948DAF7C6
:10BB300091FE4948DAF78EFE4848DAF78BFE48480E
:10BB4000DAF788FE4748DAF785FE4748DAF782FEDB
:10BB50004648DAF77FFE4648DAF77CFE4548DAF7D2
:10BB600079FE4548DAF776FE4448DAF773FE444832
:10BB7000DAF770FE4348DAF76DFE4348DAF76AFEFB
:10BB80004248DAF767FE4248DAF764FE4148DAF7DE
:10BB900061FE002000E0012060B070BD3042041062
:10BBA00040420410484204109DB106108442041023
:10BBB00094420410A4420410B4420410BC42041085
:10BBC0002575000080B5FFF70DFB002803D1324832
:10BBD000DAF740FE02E03148DAF73CFE00200100CF
:10BBE0002F4A11802F49087001BD000058420410EF
:10BBF00064420410704204107C4204100A000000E9
:10BC0000CC42041089130000D4290410DC42041033
:10BC1000E8420410F04204107043041098430410EA
:10BC2000D443041008440410384404106C44041035
:10BC3000B0440410F844041048450410B045041002
:10BC400044460410EC4604100C47041074470410DA
:10BC5000B8470410E447041000480410504804108A
:10BC600090480410F048041040490410984904100A
:10BC7000F0490410404A0410684A0410984A04101D
:10BC8000E04A0410384B04106C4B0410084C0410AC
:10BC9000944C0410144D0410384D0410404D041001
:10BCA0002E0F0020360F002080B50D497944303129
:10BCB0000C4A7A442E32914203D00B4900BF00BF98
:10BCC00002BD6946087001220120EBF7F9FD012849
:10BCD00002D16846007802BD0020C04302BD00BF0B
:10BCE0002043F9EF1C43F9EFAC030020F8B5002A1C
:10BCF0001CD004000D001600207800F02DF807007D
:10BD0000287800F029F8874207D1207800280DD044
:10BD1000641C6D1C761EEFD108E0FFB2C0B28742F2
:10BD200002D20020C043F2BD0120F2BD0020F2BDCE
:10BD30000DB4C0B50A0004A801900020009001AB2A
:10BD400003A9044878440C3000F03AF8029906B090
:10BD5000084700BFE777FEFF10B50400ECF7E0FCF2
:10BD600001002000896A884710BD000080B50300EB
:10BD70000800C168491CC160012200210068984781
:10BD800002BD80B5030008000269521E0261C1684D
:10BD9000491C002AC16000D4EEE70020C04302BD68
:10BDA00010B5030008001100C268521E0024E443CD
:10BDB000A142C26002D000220068984710BD000076
:10BDC000F8B59EB00024E4430191196802912499CA
:10BDD00001ABD9770021049103920AA91F311D916B
:10BDE0000700099413E00498401C049001220021EC
:10BDF0000198B847040000F0E1FE0028F3D12200CA
:10BE000001A93800FFF7CCFF0398401C039003986A
:10BE1000007800F0D3FE0028E5D1039C20780028AC
:10BE200005D10999884200DA08001FB0F0BD252825
:10BE300008D1601C039001782A2914D1411C039178
:10BE4000007811E00498401C049001220021019820
:10BE5000B84721788842D7D0020001A93800FFF7FF
:10BE60009FFF0020DDE7002001A908770020069051
:10BE70000BE00698A14A904205DA820010184000B3
:10BE8000401830380690601C0390039C217808000D
:10BE900030380A28EDD30020C04307902178384875
:10BEA0007844FF302338ECF71DFB002802D0601CDB
:10BEB0000390207801A9487701A8407F682807D11E
:10BEC0000398017868290DD1622101AA517707E012
:10BED0006C2807D1039802786C2A03D171224A7723
:10BEE000401C039003980178264878449630ECF77C
:10BEF000F9FA002810D10498401C04900122002176
:10BF00000198B847040000F059FE0028F3D1220040
:10BF100001A93800FFF744FF002001A988770398A2
:10BF20000078253843D01C3800D1BAE0001F022821
:10BF300000D8B6E0133800D172E3C01E24D0801FB1
:10BF400000D1AEE0801E01D100F001FD401E00D105
:10BF500066E3401E022800D8A3E0001F00D15FE383
:10BF6000401F4DD0401E012800D859E3001F44D087
:10BF7000801E00D154E3C01E00D151E300F0F1FC5B
:10BF8000808EFDFF848EFDFF0022D24300F0E0FC96
:10BF9000099E2499002901D100F0E5FC2221C94322
:10BFA000884201D000F0DFFC0020C0433DE7049848
:10BFB000401C0490012200210198B84725280DD18A
:10BFC0000998002801D50020099001A8807F002849
:10BFD00000D119E70998401C099015E7099E040053
:10BFE000220001A93800FFF7DBFE0020C043844295
:10BFF00001D100F0B8FC00F00BFC012200F0A8FC1D
:10C0000001A8007F0028DBD101A8407F622838D03A
:10C01000682815D06A2823D06C2801D071281FD039
:10C0200002980168001D0290002906D10024E44313
:10C0300033487844CA3000F086FC04980860BFE7B3
:10C0400002980168001D0290002906D10024E443F3
:10C050002B487844AA3000F076FC04980880AFE7BB
:10C0600002980268001D0290002A06D10024E443D1
:10C07000234878448A3000F066FC0498C11703C254
:10C080009EE702980168001D0290002906D1002455
:10C09000E4431B487844683000F055FC049808706D
:10C0A0008EE70698002800DC164805900EAC380094
:10C0B000FFF767FE00210A912B2801D02D2807D118
:10C0C0000EA908700EA8441C01A93800FFF759FEFC
:10C0D0000A2500216A461170302820D101A93800B4
:10C0E000FFF74FFE20220243D2B2782A0CD0012162
:10C0F0006A46117069460978EFE000BFCBCCCC0CE2
:10C10000108DFDFFFFFFFF7F3020207078206070D2
:10C11000A41C01A93800FFF734FE1025EAE7202609
:10C1200001003143CAB26E2A48D1002069464870E6
:10C130006E202070651C01A93800FFF722FE040064
:10C140003043C0B2612800D0AAE128706D1C01A95B
:10C150003800FFF716FE04000643F6B26E2E00D03C
:10C160009EE101A93800FFF70CFE282806D0020046
:10C1700001A93800FFF714FE6E20A6E00598401EC6
:10C18000059005D50498401C04900024E44304E085
:10C1900001A93800FFF7EAFD04002600200000F0A6
:10C1A00016FD0028EAD1303C0A2CE7D35F2EE5D0FB
:10C1B0003400292C00D073E16E2086E0C9B26929D1
:10C1C00000D09FE000206946487069202070651CFF
:10C1D00001A93800FFF7D5FD04003043C0B26E2836
:10C1E00000D05DE128706D1C01A93800FFF7C9FD82
:10C1F00004003043C0B2662800D051E101A93800E4
:10C20000FFF7BFFD01003143C9B2692905D0020023
:10C2100001A93800FFF7C4FD56E00599491E0591B4
:10C220000498401C0029049005D4012200210198A3
:10C23000B847040001E00024E44320003043C0B2CA
:10C240006E2800D02CE10599491E05910498401CE8
:10C250000029049005D4012200210198B847040068
:10C2600001E00024E44320003043C0B2692800D03C
:10C2700016E10599491E05910498401C0029049077
:10C2800005D4012200210198B847040001E00024F0
:10C29000E44320003043C0B2742800D000E1059987
:10C2A000491E05910498401C0029049005D40122E0
:10C2B00000210198B847040001E00024E44326432C
:10C2C000F6B2792E00D0EBE0662028706D1CF0E00D
:10C2D00001A93800FFF74AFD0121302809D105984E
:10C2E000401E0590F4D50498401C04900020C043E3
:10C2F000F2E76A46117069460978002902D03021B8
:10C300002170641C0A9E6A4655701278002504E06C
:10C3100001A93800FFF72AFD01220021C943884204
:10C3200025D00100CBB2612B01DBA93109E0412B03
:10C3300001DBC93105E0303B0A2B01D2D03100E0EE
:10C34000FF216B465B78C9B2994210D2242D03DAE3
:10C350002070641C6D1C00E0761C0598401E059042
:10C36000D6D50498401C04900020C043D4E70C9715
:10C370000B9404000A96684602700D95ECF7D2F90A
:10C38000406A0078844215D10B9804700B98401CC9
:10C390000B900599491E05910498401C00290490B2
:10C3A00006D40122002101980C9B9847040001E06B
:10C3B0000024E4430D98002828D10C9E20000A9DFB
:10C3C0006946097804E001A93000FFF7CFFC01219C
:10C3D00030280AD16D1E0598401E0590F3D50498AB
:10C3E000401C04900020C043F1E70C9604000A951D
:10C3F000684601700A98002808D530200B9908700B
:10C400000B98401C0B900A98401C0A900C9F0B9DA7
:10C4100021006846467800780D9C05E001A93800A7
:10C42000FFF7A4FC010001200022D243914222D058
:10C430000A00D3B2612B01DBA93209E0412B01DBF9
:10C44000C93205E0303B0A2B01D2D03200E0FF2296
:10C45000D2B2B2420FD2242C09DB0598401E0590BF
:10C46000DCD50498401C04900020C043DAE7297012
:10C470006D1C641CF1E70C0069464E70087068463C
:10C48000007800280CD02020204349780A2941D187
:10C49000C0B2652841D003E0250004006846017061
:10C4A000220001A93800FFF77BFC684600780028CD
:10C4B00025D00020287001A8007F002800D07FE54B
:10C4C000684640780A2800DD7FE000230A9A0021B0
:10C4D0000EA800F085FC01AB01229A77029A5B7FDF
:10C4E0006C2B00D07EE01368121D0292002B77D1D6
:10C4F0000024E44347487844FF301B3023E2099E80
:10C500000EA8854200D083E10020C043844200D0C1
:10C510007EE128E2C0B27028C2D12C706C1C059854
:10C52000401E059010D40498401C04900122002164
:10C530000198B8472B2801D02D2812D12070641CF7
:10C540000598401E059005D50498401C04900020D5
:10C55000C04306E00498401C049001220021019889
:10C56000B8470025002104E001A93800FFF7FEFBD1
:10C570000121302809D10598401E0590F4D5049872
:10C58000401C04900020C043F2E70A0008D030228B
:10C590002270641C04E001A93800FFF7E7FB0121C9
:10C5A0000200303A0A2A00D376E7082D09DB059805
:10C5B000401E0590EFD50498401C04900020C04315
:10C5C000EDE72070641C6D1CF1E7002300220021C0
:10C5D0000EA800F005FC0A9A9200EBF7EAFF7AE752
:10C5E00003C3EDE44C2B0AD11368121D0292002BF9
:10C5F000F6D10024E443074878441830A3E11468D6
:10C60000121D0292002C07D10024E4430148784413
:10C61000801C98E1C487FDFF00F078FC2060CFE427
:10C620000698002801DD401E00E010480AAC059085
:10C63000002804981CD4401C049001220021019879
:10C64000B8472B2801D02D2816D10AA908700AA8AE
:10C65000441C0599491E05910498401C002904902A
:10C6600008D4012200210198B84705E0FEFFFF7FB2
:10C67000401C04900020C0430025039909786429D8
:10C6800011D075290FD0692901D100260CE06F293E
:10C6900001D1082608E0702903D020220A43782A15
:10C6A00002D1102600E00A26302834D10120009063
:10C6B00001250598401E0590049806D4401C04905E
:10C6C000012200210198B84703E0401C049000209B
:10C6D000C04320220243D2B2782A18D1002E01D0C2
:10C6E000102E21D110260598401E0590049807D4DD
:10C6F000401C0490012200210198B847002513E056
:10C70000401C04900020C043009000254EE0002E05
:10C710000AD1082608E0002E36D10A2634E001A905
:10C720003800FFF723FB009D302809D10598401EF3
:10C730000590F4D50498401C04900020C043F2E713
:10C74000290621D030212170641C1DE0412B01DB22
:10C75000C93205E0303B0A2B01D2D03200E0FF2283
:10C76000D2B2F1B28A4220D21D998C4216D30598DA
:10C77000401E059001250028049812D4401C049006
:10C78000012200210198B8470021C94388420CD0FA
:10C790000200D3B2612BD9DBA932E1E72070641C1F
:10C7A000E5E7401C04900020C0430090009A01A9D6
:10C7B0003800FFF7F5FA2D0620D00020207001A8E0
:10C7C000007F002801D0FFF7FBFB03980078642866
:10C7D00071D069286FD0320000210AA800F096FCC1
:10C7E00001AA01239377039B1B78702B15D1029A22
:10C7F0001368121D0292002B0CD1A0E0099E009933
:10C800000AA8844204D10020C043814200D1AAE09A
:10C810000020A8E01860FFF7D3FB527F622A3AD0CD
:10C82000682A11D06A2A26D06C2A06D0712A2AD00A
:10C83000742A19D07A2A10D036E0029A1368121D91
:10C840000292002BE6D17AE0029A1368121D02923E
:10C85000002B74D01880FFF7B3FB029A1368121DE7
:10C860000292002BD6D16AE0029A1368121D02923E
:10C87000002BCFD163E0029A1368121D0292002BA5
:10C8800000D0ADE65BE0029A1368121D0292002B05
:10C8900000D0A5E653E0029A1368121D0292002B05
:10C8A0004DD01870FFF78CFB029A1368121D02928C
:10C8B000002BAFD143E0320000210AA800F07FFC3A
:10C8C00001AA01239377527F622AE4D0682ABBD061
:10C8D0006A2A1DD06C2A06D0712A21D0742A10D061
:10C8E0007A2A07D024E0029A1368121D0292002BC4
:10C8F00090D124E0029A1368121D0292002B89D174
:10C900001DE0029A1368121D0292002B82D116E0DC
:10C91000029A1368121D0292002B00D060E60EE00E
:10C92000029A1368121D0292002B00D058E606E00E
:10C93000029A1368121D0292002B00D06AE70024AD
:10C94000E44300BF95A0EBF7D7FD201A03E00022D7
:10C95000380000F031F8002801DDFFF731FBFFF768
:10C9600017FB0020099E002E01D5FFF75EFA30006C
:10C97000FFF75BFAC9B206E0994202DB83788B428B
:10C9800015DAC01CD21E032A08D343782D2B037856
:10C99000F2D08B420BD0401C521EF4E7002A08D084
:10C9A00003788B4203D0401C521EF9D101E00120D4
:10C9B0007047002070470000F8B588B007000E00EF
:10C9C00015000020049069460871002D27D5B06835
:10C9D000401CB06001785E2903D1411CB160007831
:10C9E00000E000200290B46820785D2801D1601C2E
:10C9F00000E020005D21EBF775FD002800D1B2E0DA
:10CA0000011B0091B0600098032808DB821E2D21D5
:10CA1000601CEBF795FD002801D00120049070699F
:10CA2000002804DC002D01D0534800E001203061D3
:10CA3000307F00280DD170680168001D706006917C
:10CA4000002906D10024E4434A487844FF302730C7
:10CA500011E0307F002817D1F07F002814D07168D2
:10CA60000868091D716080210906884207D30024E7
:10CA7000E44300BF41A0EBF73FFD201A78E0B16925
:10CA8000884200D90800B061079703950594069F76
:10CA90006846057900E002253169491E3161F06878
:10CAA000401C0029F06002D50024E44342E001224A
:10CAB00000213068079B984704000020C04384424F
:10CAC00038D0039800280CDC26D50498002802985A
:10CAD0000BD00028009A19D021000598FFF74AFFD3
:10CAE0000AE0200000F06AF806E00028009A06D06C
:10CAF00021000598EBF724FD00281BD10CE0210054
:10CB00000598EBF71DFD002814D005E021000598DD
:10CB1000FFF730FF00280DD0307F0028BBD1012562
:10CB2000B069002806D03C707F1CB577B069401E04
:10CB3000B061B0E7079822003100FFF731F90398A0
:10CB4000002801D0022D08D0022D10D00020C043B3
:10CB5000E9070DD4844206D10AE0307F002806D1CF
:10CB6000B069002801D1002002E0002038700120C7
:10CB700009B0F0BD4082FDFFFFFFFF7F7363616E70
:10CB8000665F733A206261642025632C2025732C34
:10CB9000206F7220255B2073697A65007363616E74
:10CBA000665F733A2062616420696E7465676572BE
:10CBB00020617267756D656E7400000010B5040029
:10CBC000EBF7AEFD01002000096A884710BD10B5E3
:10CBD0000400EBF7A5FD010020000969884710BD9E
:10CBE000FBB584B0002A00D1F0E004A803C87AA401
:10CBF00030CC04400D4002D1002C00D1E6E008000A
:10CC0000410049150023DB43994202D1000300D1C2
:10CC1000DCE00020B549002A5AD554422B4D7D4412
:10CC2000AA3508260AE0E20705D502000B0003CD6D
:10CC3000083DDFF73FFD64080835761E002C01D063
:10CC4000002EF0D106000F006A4604A803C8EBF7D7
:10CC500082FC009D32003B00EBF7E3FC2A00EBF77F
:10CC6000A8FC04AA03C25CA6C0CE04A803C839402D
:10CC700002D1002800D18EE004A803C808004100BA
:10CC80004915B14202D1000300D184E0002C00D14B
:10CC900081E004A803C86A46EBF75DFC009D94A2FE
:10CCA0000CCADFF707FD2A00EBF783FC32003B00DC
:10CCB00002400B4001D1002A6BD04B005B15B34200
:10CCC00001D10A0365D0641E63D0E4E7F433FDFFAD
:10CCD00061DD404D7D44FF35ED1E0826012714001F
:10CCE0003C4205D002000B0003CD083DDFF7E2FC1B
:10CCF00064100835761E002C01DD002EF0D12600D0
:10CD000004000D006A4604A803C8EBF724FC009F4A
:10CD100022002B00DFF7CEFC3A00EBF74AFC04AA16
:10CD200003C22DA003C802AA03C204A80CC802A80B
:10CD300003C81040194001D100282CD004A803C812
:10CD400008000027FF4341004915B94201D1000303
:10CD500021D0002E1FDD04A803C834006A46EBF77B
:10CD6000FAFB009D64A20CCADFF7A4FC2A00EBF7D3
:10CD700020FC02AA0CCA02400B4001D1002A08D0B4
:10CD80004B005B15BB4201D10A0302D0641E002C8C
:10CD9000E4DC04AA03C204A803C80FA20CCA024020
:10CDA0000B4001D1002A08D008004100491500229B
:10CDB000D24391420AD1000308D1069C00BF00BFB4
:10CDC000002C03D0206801210143216004A803C87E
:10CDD00007B0F0BDEC32FDFFFFFFFFFFFFFFFF7F5D
:10CDE000F9B587B01500002B01D0002018600E00A7
:10CDF000079C07A800F0E8F90107CA0F059208216F
:10CE000088430495012829D10220009001AB32000B
:10CE10000799200000F064FA050002D100200021EB
:10CE200017E00298DFF73CFC022D12DB01AC08345E
:10CE30006D1E0022324BDFF73DFC06000F0020681C
:10CE4000DFF72EFC32003B00DFF739FD241D6D1E9D
:10CE5000EFD1089B049A019C12192EE002282FD1D1
:10CE6000009001AB32000799200000F023FB050081
:10CE700002D1002000211BE00298DFF711FC022DF7
:10CE800016DB01AC08346D1E02000B0000201D49AA
:10CE9000DFF710FC06000F002068DFF701FC32000E
:10CEA0003B00DFF70CFD02000B00241D6D1EEDD1D1
:10CEB000019AEBF77EFB089B049AFFF791FE0CE0CA
:10CEC000032802D10020104907E0042803D10020E4
:10CED000C043410801E000200021059A002A02D049
:10CEE00080221206514009B0F0BD00000000F03F62
:10CEF000436FAC642806C80A3CBF737FDD4F1575CD
:10CF000065CDCD410000B0410000F07F0122520507
:10CF10004B18DA4201D9581570475B0D0722D20130
:10CF20009B1A10D9FF2B1DD2DB050122D2070A4024
:10CF300013430903020D1143490AC200524100D9AB
:10CF4000491CC81870470AD1800A0A0302435212CA
:10CF5000921C04D9D3070B40D00518437047C80F63
:10CF6000C0077047C80F0002FF30C00570470000BF
:10CF7000FCB589B00C001500002B01D00021196010
:10CF80000490064600E0761C3078FFF717FE002874
:10CF9000F9D130782D2801D02B2803D169460870AB
:10CFA000761C02E02B20694608700194002D03D402
:10CFB000012D01D0252D04DB002C64D004982060C5
:10CFC00061E0002D0ADD102D16D13078302813D104
:10CFD00070782021014378290ED10AE0307830287A
:10CFE00001D00A2508E0707820210143782902D178
:10CFF0001025B61C00E00825089600E0761C307865
:10D000003028FBD00020002106AA03C205963C4B25
:10D010007B44FF33133B28336C466370039506ABA8
:10D0200030CB06AB03C30290354F7F44FF372D3F13
:10D0300011E006A930C169464978401AC0B2029091
:10D0400020002900039AD317E8F720FE029C002550
:10D0500024184D41761C3078FEF77EFE039A0100BD
:10D0600038002830EBF76CFA0028E2D1039A0396D7
:10D07000029E08980399884208D10198002802D09E
:10D080000498019908600020002137E008460599BE
:10D09000401AB95C401A00281ED412DCF6B20027F0
:10D0A0002900A01BB9418D420BD301D8844208D37B
:10D0B000D317E8F704FE06AA0CCA994201D19042A0
:10D0C0000AD000BF00BF0A98002802D001200A99A8
:10D0D00008600CA430CC09E0684600782D2805D102
:10D0E00000200021001BA94104000D000198002828
:10D0F00002D0039801990860200029000BB0F0BD10
:10D100002C7DFDFFFFFFFFFFFFFFFFFF80B500232A
:10D11000FFF72EFF04BDF7B50D001E00002D00D156
:10D120006D460190044600E0641C2078FFF746FD40
:10D130000028F9D127782D2F01D02B2F06D1641C80
:10D140002078FFF73BFD002801D009E02B27029A49
:10D15000330029002000FFF70BFF2A68944204D116
:10D16000019828600020002109E02B2F09D180239D
:10D170001B0699420FD202000B001000190003B0E9
:10D18000F0BD2D2FF7D1012280231B06994211D328
:10D1900001D890420ED300BF00BF002E01D0012065
:10D1A00030602D2F02D100201946E8E70020C0434F
:10D1B0004108E4E700220023121A8B41DDE780B525
:10D1C0000023FFF7A8FF04BDF1B582B00E0004688C
:10D1D0000027002500E0641C2078FFF7EFFC002802
:10D1E000F9D120782D2801D1082501E02B2800D184
:10D1F000641C2178202020220A4300966E2A25D123
:10D2000061780143612903D1A17808436E2802D0D7
:10D210000298046815E0E41C2500042728782828D3
:10D220000FD16D1C2E783000FFF7D1FC0028F8D10B
:10D23000303E0A2EF5D328785F28F2D0292800D175
:10D240006C1C0098002846D0046044E0692A26D16E
:10D25000617801436E2903D1A1780143662902D088
:10D260000298046817E0E41C03272F432178014348
:10D27000692910D1617801436E290CD1A17801434D
:10D28000692908D1E1780143742904D1217908433F
:10D29000792800D1641D002E1DD034601BE0302998
:10D2A00017D161780843782813D1A01C01782E2962
:10D2B00000D1401C007801006139062906D3010025
:10D2C0004139062902D330380A2802D2A41C022789
:10D2D00000E001272F4302980460380003B0F0BD3E
:10D2E000F5B591B00D001900189A00200290D300F6
:10D2F0009A182D2A00DD2D2208604860002701239E
:10D3000001E06D1C01272C78302CFAD00026009308
:10D3100005AC18920FE00A68521C0A602A78302A7D
:10D3200007D0009805E0189B9E42F4DAD032A2554F
:10D33000761C6D1C009F2A781300303B0A2BF2D319
:10D3400001910390EBF7EEF92978406A0078814269
:10D3500000D16D1C002E01980ED1297830290BD1F7
:10D360000168491E01606D1C009FF6E7302901D05D
:10D37000009903916D1C009F29780A00303A0A2A0F
:10D3800009D2189A9642F1DAD031A155761C01687B
:10D39000491E0160EEE701951899039A0397002A48
:10D3A00004D0621E525C521C631E5A54050007E0F2
:10D3B000601E805D002809D12868401C2860761E08
:10D3C000002EF5DC02D100202070009E039800287A
:10D3D00060D000200490092430000921E8F7DAFB2E
:10D3E000641A20000921E8F7D5FB002901D0009834
:10D3F0000290029F0296049E18E0B8002818016867
:10D400008A0051184900009A891801600CE005A8AB
:10D41000805D009020000921E8F7BCFB0029ECD1D9
:10D420007F1C0098B9006850641C761C02988642E4
:10D43000EDDB02970198007820210143652929D16D
:10D44000019800900198431C1C782B2C01D02D2CA6
:10D4500001D15B1C00E02B240026002109E0144EC2
:10D46000B14204DA8E0071184900091830395B1C8A
:10D47000012618780700303F0A2FF0D301932D2C96
:10D4800001D148420100286840182860002E01D1CF
:10D49000009801901299002906D00398002801D025
:10D4A000019800E011980860029813B0F0BD00BF29
:10D4B00000E1F505F5B58FB0169800220392C20081
:10D4C000101A232800DD232000221A605A6000264B
:10D4D00001E0491C01260C78302CFAD0002400BF52
:10D4E00076A20092012202920D001F00169010E019
:10D4F0003868401C38600AE01699A142F8DB00BF8A
:10D5000074A1009A801A085C05A90855641C6D1C5A
:10D51000029E00BF69A016222978EBF711F80028B7
:10D52000EAD1049701962700EBF7FCF82978406AC6
:10D530000078814200D16D1C002F0BD12C00049E7D
:10D54000019D2078302819D13068401E3060641C5D
:10D55000029DF6E72C00049E019D0FE01699B9424A
:10D560000ADB00BF5BA1009A801A085C05A9C855B8
:10D570007F1C3068401E3060641C029D162221789A
:10D580004EA0EAF7DDFF0028E8D100941698019537
:10D59000B84218DA05A9095C072906DD05A9491E64
:10D5A000095C491C05AA521E115407003068401C32
:10D5B000306008E005A8401EC05D00280AD1306830
:10D5C000401C30607F1E002FF4DC03D10020694630
:10D5D0000875029F306880003060019800285ED096
:10D5E00000200490072438000721E8F7D3FA641AD2
:10D5F00020000721E8F7CEFA002901D00298039015
:10D60000039D0397049F16E0A800301801680901E4
:10D61000029A891801600CE005A8C05D0290200004
:10D620000721E8F7B7FA0029EED16D1C0298A9008E
:10D630007050641C7F1C03988742EDDB03950098B3
:10D64000007820210143702929D100980290009888
:10D65000431C1C782B2C01D02D2C01D15B1C00E02D
:10D660002B240025002109E0134DA94204DA8D0086
:10D6700069184900091830395B1C01251878070022
:10D68000303F0A2FF0D300932D2C01D148420100E6
:10D69000306840183060002D01D102980090109938
:10D6A000002906D00198002801D0009800E00F98CA
:10D6B0000860039811B0F0BD00E1F5053031323358
:10D6C00034353637383961626364656641424344B4
:10D6D00045460000000102030405060708090A0B7D
:10D6E0000C0D0E0F0A0B0C0D0E0F00000548014625
:10D6F00003B4684680F3098800BF00BF00BF00BFC5
:10D7000000F002F8A5EDF5FE00F00DF8002801D0BC
:10D7100000F00CF800BF00BF002000BF00BFD8F72A
:10D720003FFF00F017F801207047000010B50749CF
:10D7300079441831064C7C44163404E0081D0A680C
:10D74000891888470100A142F8D110BD988D0000CA
:10D75000D48D000080B500F001F801BD07463846C1
:10D76000FAF7B6FFFBE70000F0B58FB00446EEF71E
:10D7700043FA06908B4D2868E9F73BF8064628687F
:10D78000E9F73FF80546D027E05D2C214143864A62
:10D7900012685118897D142903D10A21032200F04F
:10D7A0000BF92046B43007900894DB340594002E22
:10D7B00039D000250E950D95069C2078C0090DA93D
:10D7C00008707A480068C05D0390481C2146083103
:10D7D00006263246E1F79AF80C9504950B952078C9
:10D7E0004006C00F0BA90870481CA11C3246E1F787
:10D7F0008DF820780F260640052E01D1E1F73EF97D
:10D80000079FFB7B3A79049C029409AD0195089827
:10D81000843000900BA8314600F0DCF841087E29E6
:10D8200008D8014607E001260024002D5AD0089DA3
:10D83000079F5AE001212970089D696F0A680D9BB6
:10D840009A422DD149680E9A914229D10446FF3C53
:10D85000611E8C41032E23D1FF2821D0B8880124DA
:10D8600080071DD5039801281AD12846E8F7DDFF67
:10D87000787E012809D178894D49884205D009AAC6
:10D880001178C0B2521C00F0CDF8387FE9F7F7F9F3
:10D89000012005990870284600F0F6F8002624E0DB
:10D8A000B888C0071AD0052E18D1069800F008F9DC
:10D8B000012813D10A990998FAF754FF41424141CE
:10D8C000214001290AD10398012807D109AA284635
:10D8D0000699D9F7A3FB0126002406E000243C802A
:10D8E000012602E0079F3C80089D3988B87F002808
:10D8F00022D0002922D1401EB877B88803210140E8
:10D90000481E814148003880284600F03BF9014616
:10D91000387FE9F752F9387FE9F7B1F92846E9F796
:10D9200002F8E1F7ABF8002005990870284600F0EE
:10D93000ABF8E1F7AEF82AE0002919D019480068E1
:10D94000E8F75FFF002822D02846E8F7ECFF787C54
:10D95000012801D0174900E0462114352846E9F78F
:10D9600017F83888401E3880E8F7F5FE00260EE0EC
:10D97000E1F784F82846E8F7D6FFF888401EF880DB
:10D980000021284600F046F9387FE9F7D7F9002C46
:10D9900002D03888401E3880F8F72BFC30460FB094
:10D9A000F0BDC046000F0020BC0E0020B40E0020C9
:10D9B000FCFF0000EE02000010B51F231A402C24CB
:10D9C000444303480068001982751940417510BD31
:10D9D000BC0E0020F0B587B0CD1EFF21FD242542EE
:10D9E0001CD1002A1AD00D9E0C990C680594069340
:10D9F0004B6882C8FF2000063C46844312C603934E
:10DA00000598029006980190684268410090C8B25B
:10DA10005207D30F3A4600F0DDF90146084607B039
:10DA2000F0BD0000F8B50E460546154800683D21DA
:10DA3000415C890622D53D30C07A40071ED5144688
:10DA4000104800684069A1212B220323EBF796FFC1
:10DA5000002813D00746467205720A300622214676
:10DA6000E0F754FF1320F8710920B8713E20787157
:10DA700004203871A1203946EBF7E0FFF8BDC0461D
:10DA8000B40E00200C0F002070B50446C520205CA9
:10DA9000EDF7F8FE05462646C536F07A2946E9F741
:10DAA000FEF8F07A2946E9F7C4F8E8F754FEEDF7F6
:10DAB000A3FD0246B07D214600F0BCF970BD000018
:10DAC000F0B587B00446007E617E09020E18721E12
:10DAD000082A00D30822A07E0490E07E0390607D97
:10DAE0000121274F0191B8470546A07DE17D09023C
:10DAF0000818002106913246B8473346029606467A
:10DB00002E431920C201062118460592B8473B460C
:10DB1000054635430398000204994718FF22F43262
:10DB200038460699984706462E43781C0299484382
:10DB3000800881B20A2900D80A21207F627F120260
:10DB40001018059A0E4DA84706432320215C1F207C
:10DB5000084005211022A847304301D006980CE068
:10DB6000204622300078C00606D11E202228F5D09B
:10DB7000215C401C0029F9D0019807B0F0BDC046D7
:10DB800041BC0510FEB50446C220275C01253D407E
:10DB9000BA07D00F28187907C90F4018401EC0B225
:10DBA000C234267CB0420FD1019201200290F8F7D6
:10DBB00091FC012E0AD0022E0ED1C0B20621E7F749
:10DBC000ECFF12A0405C12E0607C11E0029908407A
:10DBD000002D04D10CA108E0B808381A07E001991B
:10DBE000002901D407A100E005A10818007860749D
:10DBF0007100C2B2CA40032010402430FEBDC046AE
:10DC000006090000070D00000B0E00001B1E272D4B
:10DC100036390000F0B58FB00746D020385C2C2391
:10DC20005843684A12681018807D3C4694343A463E
:10DC3000B43205923E46D6361428049602930AD191
:10DC4000E0F7FBFE0546EEF703F8059B2818323097
:10DC5000A06001251BE0A268561800253046114639
:10DC600000F05AF9002805D0F86FA1680A18A260E0
:10DC70006D1CF3E7059B9888000708D40120EDF799
:10DC8000B4FC059B50490140A0684018A0609888EA
:10DC900003210140481E814148001880987B0122E1
:10DCA0000146019211408207D20F89184007C00F28
:10DCB0000818401E987738461E46FFF763FF014656
:10DCC000307FE8F77AFF307FE8F7D9FF0020039034
:10DCD0000499487138462830F0F785F906463846E9
:10DCE0003C30F0F780F9002E049E02D03179C9074C
:10DCF00004D1002805D03079800702D53846FAF7DC
:10DD000004FCA1682068059BDA88002A02D1DA7E2B
:10DD1000012A03D088424CDA00284AD0987E002895
:10DD200047D09888000720D50DA8009003998180DE
:10DD30000D9106A8019A42763C228276FF228275D6
:10DD4000C181224A82827A6F137A03768181C175FA
:10DD5000009B0793093206920A910893EEF7A4F804
:10DD60003078800701D5EFF7A3FB022000F0D8F848
:10DD7000012819D1059BDA88002A01D03C2000E057
:10DD800043200190124800680299405C0001C043A2
:10DD90001946A1230343B12018400B7A9A1AD3B233
:10DDA0008A7A0199F8F7CCFB3846F8F703FCA168AA
:10DDB000059B187FEDF7F8FD0398707128460FB0AA
:10DDC000F0BDC046BC0E0020FF0F0000FFFF0000AA
:10DDD000080F002070B584B015460A460446002B93
:10DDE00007D00A9882421FD10B98684000021BD1CD
:10DDF0001BE0099808990123002902D006461E401D
:10DE000004D1002911D1022108400ED00848006831
:10DE100094214158C868096903AE009301962B46C6
:10DE2000EEF70EFF002800D1FF24204604B070BD9D
:10DE3000B40E0020F8B514460D4606460F46B83716
:10DE40000420002E01460DD139884A0707D4032249
:10DE500011404A424A41022903D0510002E0012107
:10DE600000E006212170002E07D13988014004D13D
:10DE70002E20285C801D60700FE0002E04D0284604
:10DE800042300078801D00E00C2060702046083091
:10DE9000696F09310622E0F739FD696FA01C491C42
:10DEA0000622E0F733FD20782F2101402170686FB2
:10DEB0000078C007400E40182070696F097AC901C8
:10DEC00008182070EFF720FE2178400108432070E9
:10DED000714271413888042202409008084001D103
:10DEE000082700E00E27002801D00C2011E0002EAA
:10DEF00001D03C2000E028202958002E01D04220EB
:10DF000000E02E202D5AE0192A46E0F7FFFC781990
:10DF1000801E60700020F8BDC0434018C00F7047DD
:10DF2000034909683522895C0840411E88417047D1
:10DF3000080F002010B504460A48006800699021C7
:10DF400001221346EBF71AFD002804D00146446075
:10DF50009020EBF773FD044800688821425C521C56
:10DF6000425410BD0C0F0020B40E0020FEB53D4DF4
:10DF7000286810300021062905D004C8528801AB5A
:10DF80005A52891CF7E7EFF3108072B628680468CC
:10DF90000027076062B6E00702D0002000F066F8B4
:10DFA000A00702D5012000F061F8600702D5022029
:10DFB00000F05CF8200702D5032000F057F8E006D7
:10DFC0004AD5042000F052F846E0780001A90E5A24
:10DFD0000097BF002868C019006901880288B24212
:10DFE0002AD08908891C89004418A17803220A4094
:10DFF000012A02D0002A03D11EE0817A08300446AB
:10E00000480603D42046F5F77FFD0AE0E0781328A0
:10E0100007D2800014490A58211D20469047002845
:10E0200005D12868C019006921880180D5E7002042
:10E03000E8F772FED7F759F9EFF3108072B6286847
:10E04000C019006941880288914202D100210180F3
:10E05000418062B6009F7F1C032FB6D100F014F8F8
:10E06000FEBDC0460C0F0020684F0410E0B501AAA9
:10E07000D070012090701020507004211170104653
:10E08000E9F735F88CBD000010B586B01548046876
:10E0900002A801A96A4600F027F800281FD002A8AC
:10E0A0000178608AC840C00719D0019A009B03A874
:10E0B000082484701C0EC4721C0C84721C0A4472E6
:10E0C0000372C2718171FF214170822101700021B0
:10E0D000417104220271C1700C21E9F708F806B001
:10E0E00010BDC046B40E002070B503460A4804684F
:10E0F000EFF3108072B6207D00252575257C0F2654
:10E100002E401E70237C1B090B70E1681160411EBC
:10E11000884162B670BDC046B40E0020F0B587B02D
:10E120003148046806A9049100200190087005AEEA
:10E1300001203070F3F7BAF85D200394275C781E55
:10E140003D46854120203840444202904441049895
:10E150003146F4F759FA002F01D101283ED12C4065
:10E1600038D105A80078002834D0039C20465D30C3
:10E17000C07B002834D02834029D002D03D02178A4
:10E180000020D8F7DCFB06A80078012802D1002087
:10E19000D8F745FCEAF738FC002804D1002001211B
:10E1A000EAF7B0FC0190002D0AD021780120D8F7C1
:10E1B000C6FB002804D00198002801D0EAF7CAFC69
:10E1C00006A80078012809D10620E8F7A5FDD7F7B1
:10E1D0008CF803E001200146EAF794FC07B0F0BD9B
:10E1E00000200121F8E7C046100F0020B0B55C28E0
:10E1F00006D10C4804685D3400256057002800D41F
:10E20000B0BD60780228FBD1557080201070C8B274
:10E210001146EAF729FD657020787F2101402170C1
:10E22000B0BDC046100F0020074909685D228A5C16
:10E2300088231A4204D0723109884140080501D070
:10E240000020704701207047100F0020B0B5044631
:10E2500080880025C00501D4284606E0628921890E
:10E26000022000F027F8002800D0B0BD2089618985
:10E27000042902D1EAF79AFFEEE7F5F7DFF86189A2
:10E280002089F5F7F1F800202081094909684B6BD6
:10E29000A34205D01A461B69A342FBD1103201E00C
:10E2A0000A463432236913600A6B22610C63B0BDE5
:10E2B000140F0020F8B50446C00608D40D461948CE
:10E2C00000685021405C800703D4002727E08627A0
:10E2D00025E01646144800686107C90E4018006919
:10E2E000572203232146EBF749FB002816D00146AD
:10E2F000067385720C204872022008720027CF71C5
:10E3000006208871FF20487182200871300A487306
:10E31000280AC8722046EBF791FB00E00727384631
:10E32000F8BDC046B40E00200C0F002080B5810857
:10E330000A4800683430006800280ED042788A42CB
:10E3400001D01030F7E70121090282880A43828058
:10E350000720E8F7E1FCD6F7C8FF80BD140F0020C6
:10E3600080B54069014900F003F880BD2DE3061037
:10E37000FEB5029105464778006AC45DE0F75DFB93
:10E38000C00801902046C2B2BA420DD053006E6A56
:10E39000F35A2E78761D0199F140591A09B20129D4
:10E3A00003DC286A805CEEE73846296AC855C6B2A5
:10E3B00028463146F4F7B6FCE0B2B04206D0296AEE
:10E3C0000F5C0C54029988473C46F5E7FEBD0000FF
:10E3D0007CB504468068418904291AD16068818926
:10E3E000491C89B2EBF756FA0546172800D81725BD
:10E3F0001D4E308A854200D30546A36898880007E1
:10E400000FD4198902202A4600F030F8002814D0D1
:10E410007CBDC368022000210622F9F767FA862036
:10E420007CBDD888A8420ED00833422003210222A6
:10E43000EDF752FF0028EBD105E0A068C580818888
:10E4400008220A438280308A01AB587003251D7070
:10E45000000A9870A068C468A18920462A46F4F78B
:10E460004AFF658000207CBD7C0D0020F8B5044685
:10E47000C00608D40D46194800685021405C40078A
:10E4800003D4002727E0862725E0164614480068B5
:10E490006107C90E401800695822032721463B46F0
:10E4A000EBF76CFA002815D00146067385720C2034
:10E4B00048720F720027CF7106208871FF204871C3
:10E4C00082200871300A4873280AC8722046EBF788
:10E4D000B5FA00E007273846F8BDC046B40E002064
:10E4E0000C0F0020F0B58BB00A9314460D4607467A
:10E4F000F1F7DCFA002811D00646049780880C2733
:10E5000041077FD4022C01D180077BD4029503946C
:10E51000109C0A9B012B03D8032503E0122771E00E
:10E520009800451CA01C1946002904D002885519E2
:10E530000830491EF8E7F088022B02D3A9B28142C5
:10E5400060D8A9B2814200D30546A9B230460691EF
:10E55000F9F70FFA00280ED007460398022807970C
:10E5600001960FD1B9891D22384600F089F80A9822
:10E5700001280FD04EE00820E8F7CEFBD6F7B5FE15
:10E5800088273FE0B9890A9801283ED11B223846E6
:10E5900000F076F82288B889401C81B23846ECF742
:10E5A00007FC6368B889E91E8AB2C01C81B238468C
:10E5B000F4F7A1FE07984580039D022D0CD10120A0
:10E5C0000499029AFAF770FE0028019C0CD00746C5
:10E5D0000798ECF7ECFA15E0E807019C04D0079ADD
:10E5E000107A08210143117202980799FAF708FF7F
:10E5F0000746022D06D1002F04D1A0880221014335
:10E60000A180002738460BB0F0BD2322384600F029
:10E6100037F80A98A71C012105950028CAD00A904E
:10E62000079DA8894018089181B2BB1E0224284684
:10E630002246124EB047A889089E3018801C81B22D
:10E640002846099422463B460C4CA047311DA88918
:10E6500040188EB206998A1B39888A4200DB0A4626
:10E6600009997B5881B294B228462246034DA847A7
:10E67000A11908370A98401E059DCEE7F73206100B
:10E68000BCB514464068202904D301AD2A46ECF7F6
:10E69000C7FB298840180471BCBD000070B5234D2C
:10E6A0002868866C002E40D03446366A20780107F0
:10E6B0000CD44007F6D42046FAF7A2F88828F1D106
:10E6C0000C20E8F729FBD6F710FEEBE7A17911390A
:10E6D00002290AD3C006C01781230340A28861889B
:10E6E000022000F025F80028DCD1204620302968DF
:10E6F0008B6CA34209D01A461B6AA342FBD1036864
:10E700001362002B08D1203205E00A464832036824
:10E710001360002B00D1CA6400222262496D0C6094
:10E720000121217029684865BCE770BD140F0020E5
:10E73000F8B50446C00628D41F4616460D461548AF
:10E7400000686107C90E401800695A220323214658
:10E75000EBF714F900281AD00146067385720C20D5
:10E760004872102008723A460027CF71072088713E
:10E770008A73FF20487182200871300A4873280A82
:10E78000C8722046EBF75AF902E0862700E0072717
:10E790003846F8BD0C0F002080B50248006880475D
:10E7A00080BDC04688040020F0B595B005460488B9
:10E7B000ECF770F901462046FAF710F88626002893
:10E7C00000D108E204462F882846ECF763F9014699
:10E7D0003846F1F76BF908902078FB210140217051
:10E7E0000C273846E8F798FAD6F77FFD2846FCF75D
:10E7F00001F8012807D16088FFF716FD002860D0D6
:10E80000204600F049FA20780022010757D4A37966
:10E81000591E112900D9DEE10792490079448988FF
:10E8200049008F44C50002010F01990099001F01A2
:10E83000640175017C01B901A600A600B8001100B1
:10E84000B00011001100B000C00600D5A7E0A288FA
:10E8500061880A202B4600F02BFA002800D0B4E192
:10E86000A079112800D1B2E1637A216908911028BA
:10E8700000D0D0E10693A889401C81B22846EBF76E
:10E8800009F80590A889C01C81B22846EBF702F868
:10E890000026A2896988491F9142049000D0CFE1E7
:10E8A000384606994843089A1018806861894118CB
:10E8B0002846154600F02EFA069B0390C4E1164642
:10E8C00089E109A90FAA0EAB284600F02EFA00280C
:10E8D0002BD02846ECF76BF90EA80078122808D147
:10E8E00060880421F1F7E2F88188012252020A438C
:10E8F0008280A079012804D1089B99880422914341
:10E9000099800EA909780A2908D0072902D10A2876
:10E9100000D175E7217810220A4322700E2800D119
:10E9200071E7102800D16EE76AE709A80078079020
:10E93000A38862880FA8008821460EAC2478009036
:10E9400001940C46022011461A46079B00F008FA73
:10E950000028BED006463EE1A28861880A202B46E8
:10E9600000F044FA002800D02FE1284600F070FAA9
:10E97000C8E0A28861880A200B2B00D020E12B463A
:10E9800000F07CFA1FE1A2886188022000F0A8FA5A
:10E99000002800D019E12846ECF709F917E1608951
:10E9A000002800D113E1002626720F20A07112E189
:10E9B000A889401C81B22846EAF76CFF0646172852
:10E9C00000D81726B348008A8642089F00D306461F
:10E9D000B888000714D5F888B04211D03B460833F8
:10E9E000422003210222EDF777FC002800D0ECE062
:10E9F0002078102101432170B88808218843B8800D
:10EA00002078C00600D5FE88618802203246FFF7D4
:10EA10002DFD002800D0D8E0FE80B88808210143F1
:10EA200004208143B9802046DCE0A28861880A2066
:10EA30002B4600F091FA002800D0C6E0284600F0EE
:10EA4000BDFA0BE0A28861880A202B4600F0CCFAC0
:10EA5000002800D0B9E0284600F0F8FA8C49884236
:10EA600053D1B4E0284600F0FEFA089060890EA960
:10EA7000088020460C30079009A80C3005900FA89C
:10EA8000401D06900026F7B20FAA2846394600F02E
:10EA9000F1FA002800D0A1E00898072805D109A8BC
:10EAA000102101740222059803E009A88021017455
:10EAB00010220699DFF72AFF0EA80FA90222DFF71E
:10EAC00025FF09A8079900F0F1FA00280DD1A288C6
:10EAD00061880898009001954743B81C83B20220D2
:10EAE00000F014FB002800D082E0761CCBE7A2885F
:10EAF00061880A202B4600F05FFB002865D128467C
:10EB000000F08CFB6189884261D2401C208161E069
:10EB1000A28861880A202B4600F09AFB53E0284621
:10EB200000F0A1FA064606946088FFF77DFB089086
:10EB300002246888A3B2834253D2089801280ED1D8
:10EB4000A889001981B20FAF284632463B46F4F738
:10EB5000BEFB5C2031463A46FFF748FB1AE0069FB1
:10EB6000BA88798800960195022000F0CFFA002833
:10EB70002BD1387F10280DD10698008B424988424E
:10EB800008D1069840880421F0F790FF81883F4A19
:10EB900011408180A419CCE7A28861880A202B4605
:10EBA00000F088FB002810D10898C088411E6888B2
:10EBB000401E82B291420AD861890818608109E03A
:10EBC0002B4600F0A9FB002801D0842603E0204654
:10EBD00000F062F8079E304615B0F0BD0EA8008820
:10EBE0000AE0069800F058F82846EBF7E0FFF1E756
:10EBF0000E98401E0EA90880618982B28A4202D214
:10EC0000401C208102E0204600F046F82846EBF741
:10EC1000CEFF0026DFE76189089AA089401860814D
:10EC200080B25F43D11989888842D3D1207A401EAF
:10EC3000984224D900266681607A401C6072CAE737
:10EC4000F0430390069B089D394659436A5A28466B
:10EC5000059D95420BD1024641184A8861898A1860
:10EC6000049DAA4203D1024603980028D5D02672FB
:10EC70000F20A0712078102101432170ABE7012003
:10EC800020720F20A071A5E72A2B0000FFFD0000D5
:10EC9000FFFF00007C0D002080B5017808220A43A8
:10ECA00002700C20E8F738F8D6F71FFB80BD000093
:10ECB000F8B50546C00621D40E4613480068512118
:10ECC000405C002400071AD5174600930F480068DF
:10ECD0006907C90E401800690E2203232946EAF786
:10ECE0004DFE00280DD001460098C8604F810E816E
:10ECF000074848602846EAF7A1FE00E0862420463F
:10ED0000F8BD0724FBE7C046B40E00200C0F00201E
:10ED1000891A071080B50B4642888189491D89B23E
:10ED2000521F92B2F8F720FC80BDFEB50E46418816
:10ED3000052912D11C4615468189052201AF3B46A3
:10ED4000F4F7C5FA78783070B878F97809020818BD
:10ED50002880029820700020FEBD8620FEBD0000A5
:10ED6000F8B50446C00608D40D461E480068512177
:10ED70004056002804D4002700E086273846F8BD16
:10ED80001F461646184800686107C90E40180069FA
:10ED90005B2204232146EAF7F1FD002820D001463A
:10EDA000079A06980090C8730E738D720C234B72ED
:10EDB00011230B7238460027CF710A238B714A74D6
:10EDC0008873FF224A7182220A710098000A08742F
:10EDD000300A4873280AC8722046EAF72FFECDE7AA
:10EDE0000727CBE7B40E00200C0F0020F8B505462E
:10EDF000C00621D40E46134800685021405C002410
:10EE000080061AD5174600930F4800686907C90E97
:10EE100040180069092203232946EAF7AFFD0028BC
:10EE20000DD001460098C8604F810E8107484860A8
:10EE30002846EAF703FE00E086242046F8BD0724B2
:10EE4000FBE7C046B40E00200C0F0020411C071049
:10EE5000BCB504468089401C81B22046FAF713FAFB
:10EE60006188081AA189401881B2022201AD2046AA
:10EE70002B46F4F72CFA2888BCBD0000F8B50546EF
:10EE8000C00621D40E46134800685121405C00247E
:10EE9000C0071AD0174600930F4800686907C90ECB
:10EEA000401800690C2203232946EAF767FD002871
:10EEB0000DD001460098C8604F810E810748486018
:10EEC0002846EAF7BBFD00E086242046F8BD07246B
:10EED000FBE7C046B40E00200C0F0020D11C071029
:10EEE000F8B50446C00608D40D46194800685121FB
:10EEF000405CC00603D4002727E0862725E016469D
:10EF0000144800686107C90E40180069592203239C
:10EF10002146EAF733FD002816D0014606738572B4
:10EF20000C2048720D2008720027CF7106208871CE
:10EF3000FF20487182200871300A4873280AC8727D
:10EF40002046EAF77BFD00E007273846F8BDC046BB
:10EF5000B40E00200C0F0020F8B50546C00621D4E1
:10EF60000E46134800685121405C002480071AD5E2
:10EF7000174600930F4800686907C90E40180069DA
:10EF80000D2203232946EAF7F9FC00280DD001469B
:10EF90000098C8604F810E81074848602846EAF70C
:10EFA0004DFD00E086242046F8BD0724FBE7C0465F
:10EFB000B40E00200C0F0020B11B0710BCB5044696
:10EFC0008089401C81B22046FAF75DF96188081AF1
:10EFD000A1894018801C81B2022201AD20462B4637
:10EFE000F4F775F92888BCBDF8B50546C00621D4EC
:10EFF0000E46134800685021405C0024C0061AD514
:10F00000174600930F4800686907C90E4018006949
:10F01000082203232946EAF7B1FC00280DD0014657
:10F020000098C8604F810E81074848602846EAF77B
:10F0300005FD00E086242046F8BD0724FBE7C04616
:10F04000B40E00200C0F0020611907101CB5818937
:10F0500042885118891E89B2022201AC2346F4F776
:10F0600036F920881CBD80B58189491C89B2FBF71F
:10F0700043FE80BD70B514460E4605468089401C8F
:10F0800081B22846FAF7FFF802464643B01C698869
:10F09000884208D2A989081881B228462346F4F785
:10F0A00016F9002070BD862070BD000070B58AB0D2
:10F0B0000C46014605AD142628463246DFF726FCED
:10F0C000684621463246DFF721FC287C802807D09D
:10F0D00005AC0D490C222046DFF718FC0020E0812A
:10F0E0006846007C802807D06C4607490C222046E1
:10F0F000DFF70CFC0020E08105A869461022DFF74D
:10F100001CFC0AB070BDC04615660710F0B587B08C
:10F110000546C00643D40E46244800685221405C90
:10F12000002480073CD5049205930C9A204800687F
:10F130006907C90E401800691E490692511803223A
:10F140000A43113291088BB25C222946EAF716FC79
:10F15000002828D007460D99069800900391019148
:10F16000381D3146049A059B00F008F9280704D59C
:10F170000398EBF71CFDF72005400C207872122055
:10F180003872FF207871822038710698C01DB871DE
:10F19000000AF87128463946EAF750FC00E0862458
:10F1A000204607B0F0BD0724FAE7C046B40E0020A1
:10F1B0000C0F0020FDFF0300FEB50446C00624D45A
:10F1C0001646134800685022805C002500071DD5B4
:10F1D0001F46019102950F4800686107C90E40184B
:10F1E00000690725032321462A46EAF7C7FB0028C2
:10F1F0000CD00146C76046810198088106484860E6
:10F200002046EAF71BFC029D00E086252846FEBD4D
:10F21000B40E00200C0F0020D9190710BCB504460D
:10F220008089401C81B22046FAF72DF81121C9438C
:10F23000012800D10E3160884018A189081881B2D8
:10F24000022201AD20462B46F4F741F82888BCBDC8
:10F25000F8B50546C00621D40E4613480068502173
:10F26000405C002440061AD5174600930F480068FA
:10F270006907C90E401800690A2203232946EAF7E4
:10F280007DFB00280DD001460098C8604F810E819B
:10F29000074848602846EAF7D1FB00E0862420466C
:10F2A000F8BD0724FBE7C046B40E00200C0F002079
:10F2B000C91D0710F8B50546C00621D40E461348EF
:10F2C000006850214056002400281AD517460093A4
:10F2D0000F4800686907C90E401800690B22032314
:10F2E0002946EAF74BFB00280DD001460098C8607C
:10F2F0004F810E81074848602846EAF79FFB00E0EF
:10F3000086242046F8BD0724FBE7C046B40E002043
:10F310000C0F0020351B0710F8B50546C00621D498
:10F320000E46134800685221405C002440071AD55D
:10F33000174600930F4800686907C90E4018006916
:10F34000132203232946EAF719FB00280DD00146B2
:10F350000098C8604F810E81074848602846EAF748
:10F360006DFB00E086242046F8BD0724FBE7C0467D
:10F37000B40E00200C0F00204D1D07107CB51D465B
:10F38000044602728171100A6072080AE071079ED9
:10F39000B089C01881B2022201AB3046F3F797FF63
:10F3A0000698801E20730199A172090AE172B18941
:10F3B0006918891C89B20D34C2B230462346F3F76E
:10F3C00086FF7CBDF0B589B017460D46064600782D
:10F3D0007488042845D0032877D17168086A00280A
:10F3E0007DD00A7D102A74D1098A494A914270D190
:10F3F0000097012107AA08AB284600F08DF80028E5
:10F400006ED12888F8F724FB07AA117807230B4050
:10F41000059313707168096A8B683E49C97A490877
:10F420004A1C0421049003920293F8F723FB059AE7
:10F4300001461140814257D102980090042104985E
:10F44000039BFBF7F6F87068006A0078C0073AD0B3
:10F450002E882846EBF71EFB024608A8008807A95D
:10F460004CE071688869002839D00A7D102A30D1B3
:10F47000098A264A91422CD10097022106AA08AB9C
:10F48000284600F049F800282AD106A800880590EF
:10F490007088801E81B20220FAF7A8FE002821D0D1
:10F4A00005998907890E406800780840884219D17B
:10F4B00006A8028828883146FBF739F97068806908
:10F4C0000078C00712D100200AE00320387086209F
:10F4D00006E021462A463B4600F042F800E0842040
:10F4E00009B0F0BDFD20F1E71320EFE72E88284694
:10F4F000EBF7D0FA024608A8008806A9009001910F
:10F5000002203146234600F057F8E9E702290000BF
:10F51000292B00007C0D0020F8B51D4614460F462F
:10F520000646F8F7A3F90E21C943D22800D00C31C2
:10F530007088081882B20699BA4205D90D20087061
:10F5400000202880862709E000270F702880B089D6
:10F55000C01C81B230462346F3F7B9FE3846F8BDE9
:10F56000FEB516460C46054682688188009302ABBC
:10F570003046FFF7D1FF002800D0FEBD2878810774
:10F5800003D4A98802AA118001E002996980C0070A
:10F5900001D10020FEBD37883046EBF77BFA0246EA
:10F5A00002A80088A96800900191022039462346EC
:10F5B00000F002F8FEBD0000F0B585B00546C006BB
:10F5C00045D4264800685024005D0024C0073FD081
:10F5D0000293039204910A9E214800686907C90EAC
:10F5E00040180069711E03220A43113291088BB240
:10F5F00056222946EAF7C2F900282CD007460B9874
:10F6000001903E740299B973039B3B73049ABA72DA
:10F61000300A7874080AF873180A7873100AF872B6
:10F620003846123001993246DFF770F90C207872B3
:10F63000012038720A36300AF871BE71FF207871E5
:10F640008220387128463946EAF7F8F900E0862426
:10F65000204605B0F0BD0724FAE7C046B40E0020EE
:10F660000C0F0020F0B587B0054602AC27491422E4
:10F670002046D7F79DF80120254E31462246FAF75D
:10F68000B9FF002700283CD001462868828852062E
:10F6900037D52A79FE2313408624042B32D00089E3
:10F6A000012200F03BF881282BD0286881880A06C7
:10F6B00025D48027394381802879022822D12889BE
:10F6C00001281FD16889B0421CD1EA68107C10283B
:10F6D00018D190890F49884214D101203146FAF798
:10F6E00089FF00280ED001A80780296809890090A9
:10F6F00001200024084B2246F0F772F902E000F0E6
:10F700003BF83C46204607B0F0BDC0467C4E041096
:10F71000FFFF00002A2B00004F51071070B586B084
:10F7200014460E46054601A810491422D7F740F8A2
:10F73000002E07D101200E4901AAFAF75BFF064609
:10F74000002810D02846F8F783F97168096A8B6899
:10F750000849C97A49084A1C0421F8F78BF9204264
:10F7600001D0002000E0812006B070BD7C4E041066
:10F77000FFFF00007C0D0020E0B501AAC22111802E
:10F780000189009201200022014BF0F729F98CBD7C
:10F790004351071070B58AB0044605AD0DA114267B
:10F7A00028463246D7F704F868460FA13246D6F706
:10F7B000FFFF20462946FFF779FC002807D069465D
:10F7C0002046FFF773FC01464042484100E001201B
:10F7D0000AB070BDFB349B5F800000800010000009
:10F7E0000028000010000000FB349B5F80000080B8
:10F7F000001000000128000010000000B0B58AB021
:10F8000004468088400601D400254BE009A88021E9
:10F8100001802189009001200025244B2A46F0F721
:10F82000DFF8A18889073DD400283BD104AD2049E9
:10F8300014222846D6F7BCFF01201E492A46FAF7B3
:10F84000D9FE002812D00546FAF7A4FF00280DD0F3
:10F8500001462089F8F7EFF8800712D420890021AB
:10F860000122FFF75BFF054681281BD109A8402133
:10F8700001802189009001200022104BF0F7B0F8A0
:10F880000FE00D48039001AA042050806888108082
:10F8900003A8029061892089009202220123FEF7C9
:10F8A00021FE054628460AB0B0BDC04637510710B4
:10F8B000904E0410FFFF00000100FFFF43510710AE
:10F8C00070B514244443144D144800684F21405C23
:10F8D000000713D52868C06A065B11480068806974
:10F8E000062202210B46EAF749F8002806D0014615
:10F8F0000C4848600E810220EAF7A0F82868C06A28
:10F90000011900228A718A78F92313408B70005BF9
:10F91000FF21F4F77BFC70BD180F0020B40E00200F
:10F920000C0F00208F5E0710FEB50446E9F7C4FBFC
:10F9300005462C20285CFE21014002295AD1029460
:10F940002F46E6373A79D00619D4F02401921440B4
:10F9500001212846EEF7BAFA064600212846EEF7BE
:10F96000B5FA304306D00298EEF722FB012801D009
:10F9700020200443019A10262643788827E0C026D9
:10F980001D4800684021405600281CD5688F019012
:10F990001A480068806942211446232202252B461A
:10F9A000E9F7ECFF224600280DD00146019AC2710A
:10F9B00085715720487104200871100A087242208E
:10F9C000EAF73CF82246164078883988081A0A2354
:10F9D0004343EFF3108072B638798242029902D124
:10F9E000032006433E7162B603480068A830012236
:10F9F000EEF777FAFEBDC046B40E00200C0F0020D3
:10FA000080B5044909689422895848310522DEF7F7
:10FA10007DFF80BDB40E002070B5FF24062A35D8C6
:10FA20000546900001A210588746C04649FA0610C4
:10FA300051FA06108DFA061069FA06108DFA0610B2
:10FA40008DFA06106DFA0610012917D113241DE056
:10FA5000002628463146F3F7AFFC082228463146F7
:10FA60003346F3F7B9FC11E0012108E0012058709A
:10FA700003201870012907D0132006E00021082276
:10FA8000284600F005F801E012209870204670BD6D
:10FA9000B0B514460D46F9F785F8AA0181180B791F
:10FAA000A34204D17D235B04835000208871B0BD44
:10FAB000F8B50D4604460088A189884200D308465F
:10FAC0006082A0882189884200D308462082678806
:10FAD000E089874200D30746E782E688608986424C
:10FAE00000D30646A6823020285CF6F79DFD00284C
:10FAF00026D0A9210901C279042A03D18F4200D856
:10FB00000F46E782807904281AD13D200001628ADD
:10FB100092011218E08A824200D810464B229200CD
:10FB20008018EA6C074B53431A0A101A00D20020BF
:10FB3000B04200D80646B0B2884200D80846A0823B
:10FB4000F8BDC04671020000FEB50C469421655A0E
:10FB5000028A27469037438A21463031264692361C
:10FB6000AB4214D13D88AA4211D1F5880295C58ACD
:10FB70000194029CA542019C09D1B5880295858A11
:10FB80000097029FBD42009F01D1002510E03A80FE
:10FB90007380C28AF280828AB280828832814288EF
:10FBA000B281C288728142893282C089F081012586
:10FBB0000878F6F739FD002804D08179042905D0AA
:10FBC000012908D1B088C0080E3810E0008802284A
:10FBD00005D0012004E0B08880080F3807E003203A
:10FBE000B188084A8918C14007480818C00882B27D
:10FBF0003988914200D301463180204600F006F852
:10FC00002846FEBD88FEFFFFB5FF0700FEB507468C
:10FC10004124005DE6F75DFF0546385DE6F751FFDC
:10FC200092236C1EE1B202979237702503260529B4
:10FC300032460195294605D861B28A00194989588A
:10FC4000194CA258029CE35A7C88401EC5B2052D6F
:10FC500006D840B28000134D2D580195124D2E58F4
:10FC60009340581800024721CD0040190F49E5F78D
:10FC700094FF0090B44001982018000240190B49ED
:10FC8000E5F78BFF0646FC88EBF7E2FF00990818C2
:10FC9000B1B28C4200D821464018CD300299C866D6
:10FCA000FEBDC046BC4E0410A44E041071020000FC
:10FCB000FEB50090D6F7D8FE0546E8F78FFBC0B238
:10FCC000C02141432806C50C0D4309200602E8F770
:10FCD00083FBC7B277432F43D7F7CDF905033D43E5
:10FCE0002C4EB047C0B22C4F47432F430D20850602
:10FCF000F5F766FFC4B26C433C4373204504E8F754
:10FD00006FFBC7B26F432743E8F76AFB0546B0476E
:10FD10002840C0B20325EC0444433C4300F042F8C1
:10FD2000800747422743EDF7EFFE800338431B4926
:10FD300001430191E8F756FBC0B20E244443E8F7B3
:10FD400053FB0006470C2743B047F9210901040182
:10FD50000C403C432E02D7F78EF9054675432543E8
:10FD60000120C402D6F784FE0006000B0419D6F762
:10FD7000EBFFC0B26043284361210143084800689B
:10FD8000006A0840029001A908220098DEF7BEFD33
:10FD9000FEBDC046EB6C0410002000031D000008EF
:10FDA000B40E002000207047F0B585B01F46144601
:10FDB00005460391F3F7F8FA02902846E9F77CF933
:10FDC000611E062974D806462C30C046794409794C
:10FDD00049008F4403036D2F6D345F0000780328C2
:10FDE00066D1FC1C204600F066F8012858D1387A0C
:10FDF00001907F7A05222046029C2146F6F754FDA9
:10FE000038020199401882B23046214600F06EF85F
:10FE10000024022628462146324600F073F80123CA
:10FE2000284621463246F3F7D7FA2846039900F0D0
:10FE30007DF83DE0B878012836D02A2135E03146FA
:10FE4000FE310A88318FC08A00F080F804A9019140
:10FE50000880029C20462946FFF7D2FD0120B87099
:10FE60000820787003203870F91C05222046F6F728
:10FE70001BFD08370222019C20463946F6F714FD87
:10FE800022883046029900F031F82846039900F0A4
:10FE900064F80DE0022228460399FFF7F9FD07E018
:10FEA0002846F4F725FF03E02321304600F064F8EC
:10FEB000FF2005B0F0BDB0B5014600791F2811D86C
:10FEC000002002460346252A0FD007241440D508F7
:10FED0004D5DE540EC0703D05B1CDCB2022C03D087
:10FEE000521CF0E70020B0BD0120B0BD10B5A82322
:10FEF000C150C9214900435A20241C434452401890
:10FF0000428010BDB0B514460D46F8F74BFE022CEA
:10FF100008D8A9014018801DE100034ACA400178B1
:10FF200011430170B0BDC0460204080010B50C4674
:10FF3000F8F738FE8221425A012313434352A101AC
:10FF40004018817940220A43827110BD491C5143F7
:10FF500006224A43101880B2704710B50C46E9F7E4
:10FF6000ABF8A10141188B2252008B5C40241C434A
:10FF70008C5400F00DF810BD10B504462D2021540E
:10FF80002D34207D00F00CF8207DF5F7DDFC10BD50
:10FF900088214058018804220A43028070470000EB
:10FFA0002C214143024800684018102141827047CB
:10FFB000BC0E002080B5E9F77FF819210901425AEB
:10FFC000014B1340435280BDFFFB0000F0B591B0E0
:10FFD0000C93144605460B91F3F7E6F90A902F4669
:10FFE0002846E9F769F8611E072900D9D6E00546D9
:10FFF0002C350646FE36C0467944097949008F44BF
:020000041007E3
:100000000303CD1FCD2C7BC82978032900D0C5E080
:1000100009900C9C63892289E18830880E46002172
:100020000091019102903046314608921D46FAF740
:1000300091FD002800D1B4E03846F4F759FEADE058
:100040000C998B7823210F2B0A4600D02A22002BF3
:1000500000D01146FFF790FFA0E00C99891C079192
:100060000446EAF741FF089032880994218FE88A14
:10007000FFF76CFF05462820012106910A9C2154B8
:10008000208B618B081840081090A08B0490E68BA1
:100090000DA8077110A90F910D9400F0D7F81098D2
:1000A0002083059529048919664A049D2B0403437E
:1000B00007980CC0016064480C9908800320400236
:1000C00032032146E5602261069A520205C408986F
:1000D0000068628B1202083C904200D310464861CF
:1000E0001098400288600998059A00F0B0F83846E8
:1000F0000B99FFF732FF51E028210A9E715C01291C
:100100003D4643D104460DA805710D9600F0ABF8AD
:100110004A4800683D21415C890632D53D30407A2D
:1001200040072ED5F08B0C90B08B0990378B668FE3
:100130004348006800698021242204242346E9F70B
:100140001DFC00281DD001460B304E7207700A9727
:10015000099F4F730C9B037100220A720322CA711C
:100160000A228A713E224A710C71320A8A720A9AF4
:10017000120A42703A0A8A731A0A42718020E9F719
:100180005DFC002128460A4600F06EF80022284651
:1001900001E0002238460B99FFF77AFCFF2011B0EE
:1001A000F0BDE078002800D146E7711E082900D391
:1001B000082181420C9900D23EE78A88B24200D9D8
:1001C0003AE733460A9E2946F583089DB583338373
:1001D000738309031C465B02520240022DC6316044
:1001E000099EF26C01209A4206D1B26E914203D16F
:1001F000308F281A411E884128210A9D6854109486
:100200000DA8077110A90F910D9500F01FF802229B
:1002100038460B9C2146FFF775FE00220123384625
:100220002146F3F7D9F80C9882893046294600F028
:100230000EF838462146FFF779FEAFE7B40E0020EE
:100240000C0F002000030100030C0000704710B5E4
:10025000A423C150C9214900435A08241C434452D5
:100260004018428010BD7047B0B515460C46E8F7FF
:1002700023FFE621435A002D1A4600D02246C46CC3
:100280000146E6310D8B6543008F0A306843000B51
:1002900084B2641D944200D3224694B2A3420BD090
:1002A00048800A800879012806D0022008711320AE
:1002B000E6F732FDD5F719F8B0BD0000FEB50446EB
:1002C0002B4E3068E6F79DFA054630682746D03752
:1002D000E6F759FA064601207872D020205C2C21DE
:1002E0004143244A12685118897D142903D10A21F7
:1002F0000722FDF761FB002E04D03878E6F71EFDDB
:100300000120FEBD26469836002D23D0B87800285F
:1003100020D0DEF7B3FB2046E6F705FBB0681649B0
:1003200009680D687B35401B306002A901AAEBF714
:10033000F3F8401901210A46DEF793FB0546B87829
:10034000401EB870204600F019F8E6F704FA002DB8
:10035000D3D1D5E71C20305E002806D4DEF78EFB13
:100360000021204600F036F8C7E7E6F7F4F9C7E7C2
:10037000000F0020BC0E0020B40E00207CB5044607
:10038000FDF700FC0146D026A05DE6F716FCC5206F
:10039000205CEBF777FA0546A05D2946E6F77FFC7F
:1003A000A05D2946E6F745FCDB20205C2146B831FC
:1003B000062801D0052802D122463C3201E022461F
:1003C000283209880094019200221346F5F770F84C
:1003D0007CBD0000F0B589B00D460446D020205CFD
:1003E0002C214143574A12685118897D2646983678
:1003F0002746B837142909D1DEF71FFB0446EBF76F
:1004000027FC211832317160387E09E00497002DF5
:100410000AD01C21715E002906D571684B4A8918E3
:10042000EBF7C2FA012788E06842311D224600F04E
:100430008FF80746002D00D12F462546D935716823
:10044000B08B002818D00220A870B068401A306025
:10045000049C0D46A17A01220A408B07DB0FD218BB
:100460004907C90F5118491EA17605A906AAEBF73D
:1004700053F8294641195DE0287800281DD00291E3
:100480000320A87008AA039207AB2146F4F7C2FF25
:100490000190039801780498C07B0022EDF7ECFAF4
:1004A0000921C9430931B183D03030600498007804
:1004B0008007254808D0B08315E020460C46EDF7AC
:1004C000ABFE2146049C35E00199002938D0206D0F
:1004D00003907D20800002210122E6F7E9F8014621
:1004E0000398E6F72EFA20462830EDF77CFD0390BE
:1004F00020463C30EDF777FD01460398084313D0C2
:100500002046B6300191F8F721F8019903980028A8
:1005100002D06878C00704D1002905D06878800728
:1005200002D52046F7F7F1FFB168049C607EEBF737
:100530003BFA0299207EEBF737FA384609B0F0BD56
:10054000C01DB8E7BC0E0020F6FF0000A086010029
:10055000F0B585B0144603911746B43700210197D2
:10056000002836DC04900026BD5F002D13D4B87C33
:10057000471BB81C80B22146F5F7C4FF0290781CD7
:1005800080B22146F5F7BEFF002D0BD00299081A64
:10059000019F049E10E00120EBF727F80E49084068
:1005A000049E0BE00120EBF720F8019FBD5F0A4994
:1005B0000840012D049E01DB691E3980E16F091896
:1005C000039B1A68891819608019E16F401801218E
:1005D000C6E7C8B205B0F0BDFF0F0000F0B591B09E
:1005E00004460CA80021089101700AA80125057095
:1005F000C5480068D021465CC44F38680994B834B7
:10060000E6F7C1F8002805D0DEF738FA607EE6F795
:1006100095FB37E1012E04D03868E6F7F2F80028A0
:10062000F2D03D46099F3E4698362868E6F7E1F845
:100630000796B28BB6498A4220D106462868E6F76B
:10064000E0F8002817D00AA800250570607EE6F7BC
:10065000E0FA3E6D942029462A46E6F729F801463D
:100660003046E6F76EF9E07B401E022818D37D2065
:100670008100FA3115E00798828B30463E46DB3622
:10068000A4495118062914D87944097949008F449E
:100690000310106376108C003846D6F7C9FCEDE0E5
:1006A00046210998006D1430E6F772F9E6F753F821
:1006B000E4E0002800D1A3E0386D1430E6F7BCF880
:1006C000054600780F2303406878052B02D0032BE2
:1006D00000D0D3E0222800D9D0E00396821C38460F
:1006E000DC308D4E29460693B047089F10970F9730
:1006F0002878C0090FA90870481C29460831062629
:100700003246854B98470E970D9728784006C00FC4
:100710000DA905910870481C0495A91C069D324638
:100720007D4B9847E37A22780998006D0146303175
:100730002830099E84360096099E01900291059802
:100740002946FDF747F9316D28228F541746410895
:100750007E2957D8014656E0386DE6F7E4F83D6D3E
:100760007D20800002210122E5F7A2FF01462846F4
:10077000E6F7E7F806203070617F217724E0DEF7A6
:100780007DF9386DE6F7CFF83D6D942000210A46DB
:10079000E5F78EFF01462846E6F7D3F86088401E4D
:1007A0006080607EE6F7CAFA68E0607F20773D6D82
:1007B0007D20800002210122E5F77AFF01462846CC
:1007C000E6F7BFF8042030700CAE0BAB394632466A
:1007D000F4F720FE05463178E07B0022EDF74CF976
:1007E000D03007990860384600F098F83846EDF7A1
:1007F0000DFC002D42D14648C01D079988833DE07D
:10080000384639E00121326DD35D0B43D355716F0A
:100810000A680F9B9A4213D14968109A9142049B2F
:100820000FD10246FF3A511E8A410892032D08D18A
:10083000FF2806D02088800727D40120089000E0F8
:10084000049B2088C00716D0052D14D11846FDF74B
:1008500037F901280FD1316D886AC96AF7F782FF2D
:100860004142414108980140012904D10AA930467A
:10087000D6F7E4FB02E0304600F06AF8F5F7B9FC81
:100880000AA80578284611B0F0BD0AA80021017019
:10089000306DE5F7CAFF0520039908700CAA0BAB71
:1008A0003146F4F7B7FD002812D01948801D08978B
:1008B000079FB883356D7D20800002210122E5F776
:1008C000F7FE014628463D46089FE6F73AF803E062
:1008D0000F48C01D079DA883E5F73DFF0CA80178D0
:1008E000E07B0022EDF7C8F8D03028603046EDF705
:1008F0008DFB607D0128C1D1326DD15DA079283298
:10090000521CFDF78FF8B9E7B40E0020000F00204D
:10091000F6FF00000700FFFF0DE90410B0B5044624
:10092000C720205CEAF7AEFF0546C734A07A294607
:10093000E6F7B5F9A07A2946E6F77BF9A07AE6F75B
:100940009EF9617BA07AE6F738F9E5F704FFB0BDC0
:1009500010B50446DEF792F8BA20215A491E2152FA
:10096000D120205CE6F7EAF910BD000070B50E4614
:10097000044605469C3568680D4941182046D0302C
:100980004078EBF711F82046EDF775FB8019E16F21
:10099000081A29462246FFF7DBFD2046EDF73CFC0E
:1009A0009C202158D020205CEAF7FEFF012070BD7A
:1009B000FFFFFF0FF0B58DB0099316460F460446B2
:1009C000F2F7F2FC054608942046E8F775FB03466B
:1009D000052E07D13D211846FFF7CEFAFF263046F7
:1009E0000DB0F0BD044607952A46283205462C3541
:1009F000287802282AD11078401EFF260B28EED82E
:100A00004000C04678448088400087440B00A20024
:100A1000A500C000CA00CE0028012C0154016401C9
:100A2000730176010A2009998870FF263046043048
:100A300008800121089815460A461C46FFF762FA0D
:100A4000204600F0E9FA02202870C8E7012E2ED1D6
:100A500000205070069200251F4618462946EDF7E3
:100A600035FA09998978032955D100283B46079E14
:100A7000B0D1099CE01C3146303108220492184B59
:100A8000984720460B3031462E310222144B9847AE
:100A900020460D303146049A114B984715342036C4
:100AA0000422204631460E4B9847052039E0507805
:100AB000FF260D2893D8EC344000C0467844808847
:100AC000400087440F0010005D0165016E01920136
:100AD000D2011C02E5013C02E901F90110023002D9
:100AE000A9680610B6E70B2009998870022050709B
:100AF000FF26304604300880002401220898214651
:100B00001D46FFF7FFF9284600F086FA28462146E1
:100B100000F089FA63E701283B4600D05AE7012537
:100B20002846089E069C60702571002430462146A8
:100B30002246FFF7E7F9384600F086FA30462146AC
:100B4000F2F73AFC0122304621462346F2F744FCF4
:100B500044E70320107019E1099880780B2800D031
:100B600038E704201070022118461D4600F05BFA99
:100B70000124089F38462146F2F71EFC0022384621
:100B80002146FFF7BFF9284600F05EFA27E70B2061
:100B90000999887005201070FF26304604300880BF
:100BA0001DE7062010700121D1E10496099FBE1CAB
:100BB0000025F949284605930692884704460B907C
:100BC0002846F54988470C902846F3498847039002
:100BD000F24939800A90069D287A0002697A090450
:100BE0004018A97A09064018C01C3060079F384693
:100BF000333000F031FA70602006F98D09020818D0
:100C0000E97B4018B0600BAC601C00F025FAF06086
:100C10000398000661794018A17909024018E1792A
:100C20000904401830610AAD6878A97809020818EB
:100C3000E978090440187061049E0822204639466C
:100C4000F5F732FE2037042228463946F5F72CFE08
:100C5000072006990870012108980A46FFE008203D
:100C600010700426BBE609988078112861D0072807
:100C70005FD00D285DD00428079E00D0AAE6092089
:100C80001070099FF81C3146083108221C46F5F700
:100C90000BFE0B373146243104223846F5F704FEAB
:100CA0002E66012100220898FFF72CF9204600F05B
:100CB000CBF9052693E609988078112846D00D28AF
:100CC00044D0052800D085E6144601210898F2F7A3
:100CD00073FB0A200CE0062009998870FF26304635
:100CE0000430088002211846144600F0C0F90B2099
:100CF000207074E60C201070CCE0099880780628EB
:100D000000D067E6002015461070BE4800682C2110
:100D1000405CC007C10E6F20C04348401C465A8F3C
:100D20002979C0B2012900D015E1114600F0B0F9CF
:100D30001CE0B44800682C21405C0001C0438021C5
:100D40000143902008405A8F1A210BE0AD480068FB
:100D50002C21405C0001C0438021014390200840C9
:100D60005A8F06211C46002300F0C4F9204600F0EB
:100D7000F3F9204600F0F8F9012108980A46FDE051
:100D8000032050700121184600F04DF90B2626E68D
:100D9000099880780B2800D01CE6042050700326A8
:100DA0001DE6099880780328079F00D012E60520E9
:100DB0005070099CE01C3946303108252A46954B75
:100DC000984720460B3039462E310222914B9847E6
:100DD00020460D3039462A468E4DA8471534203717
:100DE000042220463946A847B0E000250395884CE8
:100DF000284605930692A0470B902846A0470C90E2
:100E00002846A04704210291099CA1700D21617020
:100E1000032121700A90E11C0BA80190049608267A
:100E20007C4B324698470B340AAF38462146029D28
:100E30002A46784B9847079C21460831019832464C
:100E4000049E744B9847734B2434384621462A46F7
:100E50009847062006994870012208980399FFF7E1
:100E600051F8059800F0D8F8B9E5674800683D21C9
:100E7000415C890604D53D30407AC00600D580E04B
:100E8000002108981446F2F797FA20460D27B7E09C
:100E9000092050700626A2E50620099988700B20CB
:100EA0005070FF2630460430088001251846294638
:100EB00000F0DDF8257092E500200990507051484F
:100EC00000682C21405CC007C10E6F20C043484021
:100ED00011465A8F097901290593C0B23ED11146B6
:100EE00000F0D6F83EE01846154600F035F900242B
:100EF000012208982146FEF7CBFD6C706FE5D07893
:100F0000012810D105200999887007982866FF26C6
:100F100030460430088000211846144600F0A7F837
:100F2000082060705BE5099819461C46154600F0DC
:100F300025F90C206870204600F016F94FE5099855
:100F40008078062800D045E50A20507000210898D6
:100F5000F2F732FA43E50021012305E700210123DE
:100F600000F0C8F8059809992170044600F0F4F8DB
:100F7000204600F0F9F8012208983946FEF788FD6E
:100F80002DE5204800682C21405CC007C00E049667
:100F9000069205D0192204E0EBB5051003170000F6
:100FA0000A22079F6F21C9434840C1B2F88D0890BB
:100FB0005C8F164800680069042509912B46E8F704
:100FC000DDFC39460727002818D006460472200A9F
:100FD000707230460A3030310822DDF797FC0899EC
:100FE000080AF074B1740520F0710D20B0713E2034
:100FF0007071357109983146E8F720FD049E069816
:101000004770ECE4080F0020B40E00200C0F002005
:10101000EBB50510A9680610882140580188802288
:101020000A430280704788228058002907D001298E
:1010300003D0018840220A430280202100E04021A1
:1010400002880A43028070478821405801880122A3
:1010500012020A4302807047017842781202511846
:10106000827812048918C078000608187047882210
:101070008058002907D0012903D0018810220A4393
:101080000280082100E0102102880A430280704794
:10109000B0B50D460446C00606D4144800683B218E
:1010A0004056002804D4B0BDBF200440072200E011
:1010B00017220F4800686107C90E40180069022313
:1010C0002146E8F75BFC0028EDD0014605720020C0
:1010D000C871032088713020487104200871280AE3
:1010E00048722046E8F7AAFCB0BDC046B40E002006
:1010F0000C0F0020F8B51E4615460F460446C006E4
:1011000006D41348006836214056002804D4F8BDA0
:10111000BF200440062200E016220E480068610746
:10112000C90E4018006902232146E8F727FC002871
:10113000EDD0014605728672C771042088710822BD
:101140004A710871280A48722046E8F777FCF8BD12
:10115000B40E00200C0F0020882140580188802206
:101160009143018070470000882140580188024A5D
:101170000A4002807047C046FFFE00000322027052
:1011800085235B00C95C490703D406230D21022295
:1011900003E00621017111211346C3708170427072
:1011A00070470000F0B585B01C4615460F46064650
:1011B000F2F7FAF8039002963046E7F77DFF06460D
:1011C000FF20062D00D99EE0049785214900731861
:1011D00037462C377D442D796D00AF440308942A9F
:1011E00094944F000499012965D109208BE0A178DE
:1011F0000E2902D0082900D085E0E41C03990831AB
:101200000546082220461E46F5F74EFB05223046CD
:101210002146DDF77BFB029E3046049C2146F2F717
:10122000CBF80322002330462146F2F7D5F82846B2
:1012300069E0A17807294AD0092964D10746192015
:1012400000013518E41C052218462146DDF75EFB37
:101250000398407C002805D0728F8020002123460F
:1012600000F054F80120400229880143298003221C
:1012700002980499FEF70CFC384644E002900920DD
:101280000190607003202070E61C3046FEF710FDD0
:10129000A079F7210140A17108253046039E31460F
:1012A0002A46F5F701FB0498012808D1387802286E
:1012B00026D1A57026E00446032202981CE001987E
:1012C000A070E078317A0140E17031741AE0397829
:1012D000032918D104461878F72101401970039B9F
:1012E000587C002805D0728F083380201A2100F026
:1012F0000DF8032202980499FEF7CAFB204602E08B
:101300000E20A070029805B0F0BD0000FEB50546A5
:10131000C00633D417461C4800683D22825C002476
:1013200092062CD53D30407A000728D501910293D2
:10133000164800686907C90E401800692522042371
:1013400029460093E8F71AFB00281AD00646477290
:1013500001983072380AB07230460B300822029978
:10136000DDF7D4FA0099F1710C20B0713E20707154
:10137000317128463146E8F761FB00E086242046BB
:10138000FEBD0724FBE7C046B40E00200C0F002072
:10139000FEB500910646C01C02AD0227204C29462E
:1013A0003A46A047701DA91C3A46A047F01D01AC63
:1013B00021463A461A4B98470936A11C30463A4610
:1013C000174B984729881222FB290ED81B290CD3CA
:1013D00002A84088134B984207D8FF224832521C7B
:1013E000904201D3002200E0122201A803880020CD
:1013F000FB2B13D81B2B11D301AC6488094DAC42D5
:101400000CD8E508292D09D3002A07D1009A1181AB
:10141000D481938102A8408850810120FEBDC0463E
:10142000A968061090420000F0B585B01D46174629
:1014300006460491F1F7B8FF044603963046E7F7F5
:101440003BFE0646FF20062F00D9EAE00294344610
:101450009034C0467F443F797F00BF440309E22CAB
:10146000E2E250000499002900D199E01520D8E06B
:10147000A978142900D0D4E0044628460299FFF741
:1014800087FF002800D1BAE0039D2846E7F714FE45
:1014900019210901425A01239B0213434352284652
:1014A000049E3146F1F788FF062200232846314684
:1014B000F1F792FFA6E0A978072900D188E0152965
:1014C00000D0AEE001902846029F3946FFF760FF4A
:1014D000002800D198E038463146FEF7E9FA384650
:1014E0003146FEF731FB012800D094E0A388E28862
:1014F0002188708F2489009400F098F88BE0019087
:101500000398E7F7D9FD19210901405A01218E02FC
:1015100006400498012812D1002E10D00021039C0F
:101520002046F1F741FF029A91888180D188C180DD
:101530002046FEF73FFD0121062220466EE00920ED
:10154000294668700320287004980128029F0ED055
:10155000E9F7CAFC818A3980C08A7880002E06D0DB
:101560006089B880A089F8800398FEF723FD2E4695
:10157000E91C02252C4C38462A46A047B81C711D90
:101580002A46A047381DF11D2A46A047B81D3146FE
:1015900009312A46A047049801282DD114202CE0B7
:1015A0000190029F38463146FEF782FA38463146AE
:1015B000FEF7CAFA012807D1A388E2882188708F34
:1015C0002489009400F032F800210622039825E0D7
:1015D00085214900731819780646DF220A401A70DF
:1015E0000299088B6081488BA08106220398049998
:1015F000FEF74EFA304614E01520B07010E0039864
:10160000F3F776FB20460CE00398F3F771FB388B79
:101610006081788BA081062203980499FEF738FA3E
:10162000019805B0F0BDC046A9680610F8B50D4692
:1016300004461A4800683D21415C89062CD53D309E
:10164000407A400628D51F461646154800680069AE
:101650008021262204230093E8F790F900281BD06C
:101660000146069808748F730E738D720C720722F0
:10167000CA710B228A713E224A71009A0A71000ACD
:101680004874380AC873300A4873280AC872200A96
:1016900048728020E8F7D2F9F8BDC046B40E0020A9
:1016A0000C0F0020024909684A680260887B704775
:1016B000B80E00202C214143064800684018817C68
:1016C000102901D0202900D170471230012101706A
:1016D0007047C046BC0E0020B0B52C2444430B48D4
:1016E0000068059D05510019049C8460C1600B9938
:1016F00081620A994162099901620899C161079959
:10170000817506994175C2744360B0BDBC0E00205E
:101710002C22424302480068801881747047C046FA
:10172000BC0E0020F0B587B01E4614460F46054695
:10173000F1F73AFE04902846E7F7BEFCFF22062C9C
:1017400000D9A2E00346C0467C4424796400A74443
:1017500003199C449C9C5F00012F6AD11920000151
:101760001C18185AC10404996FD5284600F0A4F833
:10177000012105222846FEF78BF921884C480840B4
:10178000FF2263E002930392284600F0A7F80028A6
:101790007AD1F01C05220192049C2146F5F784F8C9
:1017A000029E31463C312046019AF5F77DF819201A
:1017B00001017018715A0A056AD5012212031143FA
:1017C0000180052228463946FEF762F9708F2146CE
:1017D00000F08EF82846214617E0B0780C2854D146
:1017E000F01C0524049E3146039222460293F5F72D
:1017F0005BF8284639462246FEF74AF90298408FA0
:10180000314600F075F82846314600F055F83BE0C7
:10181000039206A830210180012F20D11920010157
:10182000585A820416D5012105222846FEF730F9C0
:1018300015E01446052228463946FEF729F92846C0
:10184000049900F039F822461FE00C2219490140A2
:1018500021801AE059180122D202104308800D207D
:10186000F0700C20B0700620707003203070311DB5
:1018700006A802242246F5F717F805A804210180DE
:10188000B11D2246F5F710F8039A104607B0F0BDD7
:10189000012252031143018028463946F1F78CFD9D
:1018A0000522002328463946F1F796FDECE7C046AD
:1018B000FFEF0000FFF7000010B50C46E7F7FCFB58
:1018C0000146192000010A5A01231B0213430B523F
:1018D0003C3105222046F4F7E7FF10BD80B5E7F75D
:1018E000EBFBFF219231415C0120084080BD0000EC
:1018F00070B50C460546104800683721405C00076B
:1019000019D50E4800688069022121220323E8F7D7
:1019100035F800280FD00646001D2946224600F063
:101920000FF80820B0710C20707104203071022073
:101930003146E8F783F870BDB40E00200C0F00208C
:1019400001710023C370090A4171117881715178C6
:1019500093780372C171D1781279827241727047A3
:10196000B0B5FFB083B00C4605468B68CA8889883D
:101970006846801D00F01AF8280702D5A068E9F72C
:1019800016F96846817A8900CA1D8270120AC270EF
:1019900005220271044A02800C2242710B31E5F7E4
:1019A000A6FB7FB003B0B0BD82FF0000B0B51C46FF
:1019B0005B88150AC57082700A0A42700170591E50
:1019C0008A080271A589431D8AB2681C81B220462B
:1019D000F1F77DFCB0BD0000B0B5FFB083B00C46A0
:1019E00005468B68CA8889886846801D00F01EF805
:1019F000280702D5A068E9F7DAF86846C17A039AA1
:101A0000120251180A4609328270120AC270042268
:101A10000271054A02800C2242710D3189B2E5F74C
:101A200066FB7FB003B0B0BD82FF000070B51C46FE
:101A300005465E88100AE870AA70080A6870297066
:101A40009889401C81B2184600F00EF8B11E0A0AAF
:101A5000AA7169712871A089EB1D8AB2801C81B2BC
:101A60002046F1F734FC70BD1CB51F2903D801AA2C
:101A70001180406805E0406801AC2246E9F7D0F9E2
:101A80002188401800791CBDB0B5FFB083B00C466A
:101A900005468B68CA8889886846801D00F01AF858
:101AA000280702D5A068E9F782F86846C1890A4686
:101AB0000C328270120AC2700C220271044B038035
:101AC0004271103189B2E5F712FB7FB003B0B0BDAF
:101AD00082FF0000FEB51C46174602910546588855
:101AE00001909889401C81B21846E7F7D3FE06465C
:101AF000A089C01C81B22046E7F7CCFE0199491F9E
:101B00000A0A6A722972A871320A6A712E713A0A37
:101B1000EA70AF70029B1A0A6A702B70000AE871B3
:101B2000A0890A358AB2401D81B220462B46F1F7C2
:101B3000CEFBFEBDB0B5FFB083B00C4605468B684A
:101B4000CA8889886846801D00F01CF8280702D5DD
:101B5000A068E9F72CF8684641890A460832827085
:101B6000120AC27008220271054A02800C224271D8
:101B70000C3189B2E5F7BBFA7FB003B0B0BDC04607
:101B800082FF0000B0B51C465B88150AC5708270E4
:101B90000A0A42700170591E01710A0A4271A58930
:101BA000831D8AB2681C81B22046F1F790FBB0BD5C
:101BB000B0B5FFB083B00C4605468B68CA888988EB
:101BC0006846801D00F01EF8280702D5A068E8F7D7
:101BD000EEFF6846C17A039A120251180A4609328A
:101BE0008270120AC2700A220271054A02800C2217
:101BF00042710D3189B2E5F77AFA7FB003B0B0BD1A
:101C000082FF000070B51C4605465E88100AE87029
:101C1000AA70080A687029709889401C81B2184619
:101C2000FFF722FFB11E0A0AAA7169712871A08903
:101C3000EB1D8AB2801C81B22046F1F748FB70BDD3
:101C4000B0B5FFB083B00C4605468B68CA8889885A
:101C50006846801D00F01EF8280702D5A068E8F746
:101C6000A6FF6846C17A039A120251180A46093241
:101C70008270120AC27006220271054A02800C228A
:101C800042710D3189B2E5F732FA7FB003B0B0BDD1
:101C900082FF000070B51C4605465E88100AE87099
:101CA000AA70080A687029709889401C81B2184689
:101CB000FFF7DAFEB11E0A0AAA7169712871A089BC
:101CC000EB1D8AB2801C81B22046F1F700FB70BD8B
:101CD000B0B5FFB083B00C4605468B68CA888988CA
:101CE0006846801D00F01CF8280702D5A068E8F7B8
:101CF0005EFF684641890A4608328270120AC27045
:101D000009220271054A02800C2242710C3189B20B
:101D1000E5F7EDF97FB003B0B0BDC04682FF00002B
:101D2000B0B51C465B88150AC57082700A0A4270FD
:101D30000170591E01710A0A4271A589831D8AB278
:101D4000681C81B22046F1F7C2FAB0BDB0B5FFB051
:101D500083B00C4605468B68CA8889886846801D12
:101D600000F01CF8280702D5A068E8F720FF6846B5
:101D700041890A4608328270120AC2701E2202711C
:101D8000054A02800C2242710C3189B2E5F7AFF9A5
:101D90007FB003B0B0BDC04682FF0000B0B51C46A6
:101DA0005B88150AC57082700A0A42700170591E5C
:101DB00001710A0A4271A589831D8AB2681C81B229
:101DC0002046F1F784FAB0BDB0B5FFB083B00C4641
:101DD00005468B68CA8889886846801D00F01CF813
:101DE000280702D5A068E8F7E2FE684641890A465E
:101DF00008328270120AC27007220271054A0280FC
:101E00000C2242710C3189B2E5F771F97FB003B051
:101E1000B0BDC04682FF0000B0B51C465B88150A05
:101E2000C57082700A0A42700170591E01710A0A57
:101E30004271A589831D8AB2681C81B22046F1F7E0
:101E400046FAB0BDF8B50446C00628D41F4616466B
:101E50000D46154800686107C90E401800696022E8
:101E600003232146E7F78AFD00281AD001460673AE
:101E700085720C2048721C2008723A460027CF71E8
:101E8000072088718A73FF20487182200871300A08
:101E90004873280AC8722046E7F7D0FD02E086277B
:101EA00000E007273846F8BD0C0F0020F0B5FFB062
:101EB00086B00C4605460B89CA8889886089A68940
:101EC000276900900196029703A8801D00F01CF876
:101ED000280702D52069E8F76AFE03A8C1890A46E7
:101EE0000C328270120AC2701B220271054A0280F3
:101EF0000C224271103189B2E5F7F9F87FB006B0D3
:101F0000F0BDC04682FF000070B515460446059A34
:101F100002720498A0712371A5702170160A66726E
:101F2000000AE071180A6071280AE070080A6070FF
:101F3000069881890A34491D89B22346F1F7C7F909
:101F400070BD0000F8B50446C00620D41F461646F2
:101F50000D46114800686107C90E40180069122239
:101F600005232146E7F70AFD002812D0014608980C
:101F7000079A069B48610A82CB818F814E810D8131
:101F8000064848602046E7F759FD0020F8BD862046
:101F9000F8BD0720F8BDC0460C0F0020AD1E07108D
:101FA000B0B5FFB083B00C4605468B68CA888988F7
:101FB0006846801D00F01CF8280702D5A068E8F7E5
:101FC000F6FD03990A460A3268468270120AC27008
:101FD0000E220271054A02800C2242710E3189B232
:101FE000E5F785F87FB003B0B0BDC04682FF0000C2
:101FF000F8B51C4617460E46054658880090988945
:10200000401C81B21846E7F745FC0099C91E0A0A30
:10201000EA71A97128713A0AEA70AF70320A6A70DF
:102020002E70000A6871A08908358AB2C01C81B27E
:1020300020462B46F1F74BF9F8BD0000F8B50446F1
:10204000C00625D416460D46144800686107C90E1F
:10205000401800695E2203232146E7F78FFC002821
:1020600018D00146067385720C204872172008723A
:102070000027CF7106208871FF20487182200871E7
:10208000300A4873280AC8722046E7F7D7FC02E0F6
:10209000862700E007273846F8BDC0460C0F002011
:1020A000F8B50446C0062ED41F4616460D461848FD
:1020B00000686107C90E401800695F2204232146A9
:1020C000E7F75CFC002820D00146069808748F735F
:1020D0000E738D720C224A7219220A722B46002549
:1020E000CD710A228A71FF224A7182220A71000A86
:1020F0004874380AC873300A4873180AC8722046F0
:10210000E7F79CFC02E0862500E007252846F8BD9D
:102110000C0F0020F0B5FFB086B00C4605460B7AD8
:10212000CA8889886089A6892769009001960297E4
:1021300003A8801D00F01EF8280702D52069E8F7E3
:1021400036FD03A8417B827B120251180A460B32EE
:102150008270120AC2701A220271054A02800C2291
:1021600042710F3189B2E4F7C2FF7FB006B0F0BD13
:1021700082FF0000B0B515460446059AC271049866
:1021800060712371A5702170130A2372000AA07177
:10219000280AE070080A6070069881890934C91C11
:1021A00089B22346F1F793F8B0BD0000F8B50446B4
:1021B000C00620D41F4616460D4611480068610728
:1021C000C90E40180069112205232146E7F7D6FB06
:1021D000002812D001460898079A069B48610A8297
:1021E000CB810F734E810D81064848602046E7F78A
:1021F00025FC0020F8BD8620F8BD0720F8BDC046AC
:102200000C0F00201521071080B540690149FCF72B
:10221000AFF880BDD35E0710F0B5C5B00C460879A5
:1022200002A90871CD1D1034012200211B4EC0B23D
:10223000814224D2A81E01912146083909780170F3
:10224000681EE11F09780170A11F0092062228462E
:10225000B0472278AA716168E81DB0472778E8196D
:10226000C01D214608310122B047009A0199D219B8
:102270000A320B351434491C02A80079D7E702A8AA
:102280000221C17004490180511C8170D1B2091D25
:10229000E4F72DFF45B0F0BD043E00000DE9041049
:1022A000F0B5C5B00C46087902AF38710E3711345D
:1022B00001220021274EC0B281423BD23846093864
:1022C000019121460939098801700092FA1FE31F24
:1022D0001B781370090A4170B81FA11F06252A46F2
:1022E000B0470520205A787121783970617879706B
:1022F000A178B970E178F97021793971E179F971D2
:10230000000AB87138460830214608312A46B047DD
:10231000A27BBA730F20215838460F30B047009A7D
:102320000199A07B1218183219371C34491C02A8D5
:102330000079C0E702A80D21C17005490180511C38
:102340008170D1B2091DE4F7D2FE45B0F0BDC046A0
:10235000043E00000DE9041070B588B00446002862
:1023600005D06846FF212022DCF7DAFA04E02031AC
:1023700068462022DCF7CAFA194800682C21405C24
:10238000C007C50E01D10C220AE0164800683D21A5
:10239000415C890622D53D30807AC0071ED01B22C1
:1023A000122045401048006880690A232946E7F753
:1023B000E5FA002812D00646047209306946202248
:1023C000DCF7A4FA0920F0712220B0713E20707170
:1023D0000420307128463146E7F730FB08B070BD65
:1023E000080F0020B40E00200C0F0020F0B5C5B07F
:1023F0000C46C87902ADE871097929716179697172
:10240000A179A9710E35103404270021C0B2814290
:1024100027D2A81F01912146083909780170681F49
:10242000E11F09780170281FA11F09780170E81EBB
:10243000611F09780170A81E211F09780170681EAC
:10244000E61E3278027021682846DCF75FFA0199AF
:1024500030783818871DED1D0C34491C02A8C0794E
:10246000D4E702A82821C17004490180791C817039
:10247000F9B2091DE4F73BFE45B0F0BD043E000093
:1024800070B590B0044600280CD10D462048006875
:1024900068302022DCF73AFA203568464022294687
:1024A000DCF734FA1B4800682C21405CC007C50EDD
:1024B0001FD10B2212204540174800688069122363
:1024C0002946E7F75BFA00281ED006460472093059
:1024D00069464022DCF71AFA0820F0714220B071F8
:1024E0003E2070710420307128463146E7F7A6FA85
:1024F0000AE0074800683D21415C890604D53D306B
:1025000009214056002801D410B070BD1A22D1E72D
:10251000B40E0020080F00200C0F002005480068B2
:102520008821415C88308078814201D80020704742
:1025300001207047B40E0020054800688921415CE5
:1025400089308078814201D800207047012070478F
:10255000B40E002080B50349C97A814201D3FDF74A
:10256000AFF980BD7C0D002080B540690149FBF7C3
:10257000FFFE80BD55250710801EC1B2022904D878
:1025800040B240000249085A704728207047C046B0
:1025900076670410FEB50446C9204200A05AC3075E
:1025A00025462C35002B7FD0A6187288511A0B04B3
:1025B00004D008B2002877D52820FEBD41050FD4ED
:1025C000010716D4800638D4287900F075F8002861
:1025D0005FD02879012100221346E6F7D4F858E0AD
:1025E0002879114600F06AF830883249014031807C
:1025F0004FE0606CAF6F796840186064B9683A6802
:10260000287802280291019228D1687DE4F761FAC6
:10261000042801D0062800D10220029B7969994242
:102620000A4600D31A462265800020188165019869
:102630004008616C081860641AE02746E237E96FC9
:10264000687DE4F784FA3878012804D1E96FBC3456
:102650002046E8F799FF3088202118E0E8F744FC8D
:10266000029B019961634068984200D31846206537
:10267000F86820873869E16C0A186266A06699429A
:1026800003D0E3642046F6F7C5FF3088082188436D
:1026900030803088022101430120814331801520A0
:1026A000E4F73AFBD2F721FE287900F008F8002081
:1026B000FEBDC046FFFB000000207047704770471A
:1026C000F0B599B00446408E401C60864120275CDE
:1026D0002D20205C002808D0DCF7D0F93846FDF723
:1026E0005FFC3846E4F72AFBBDE215200001201804
:1026F0000790C92040002018089020462C300C90EC
:10270000254680352046AC3006902046E4300B90BC
:10271000EC4E3068E4F775F80A9000280D953ED02D
:10272000264614363046E4F780F83046E4F777F86A
:102730002878800747D409972046E4F77DF80746B4
:10274000254628350C98007800210891032800D0F0
:10275000A8E03046E4F770F80346AF4215D0397868
:1027600003200A460240032A0AD1890600D4022027
:10277000385C062804D120460793FEF7F5FC079B3A
:102780000D9A10684021014311601878397801438F
:10279000C80676D40D980078C0067FD582E00997E8
:1027A0002046E4F742F82046E4F739F80EA8002165
:1027B00081770176059141773068E4F71EF80028AB
:1027C00014D0012518E08B2040002518DCF756F9BD
:1027D0000C9E707DFDF7E4FB002028703546132128
:1027E00071700799887108990880F2E13068E3F701
:1027F000ECFF0546401E85410EA8C5763068E4F71B
:1028000003F807460F90002D1ED0DCF737F90B9D1B
:10281000E868002802D0C188491CC18028690028C6
:102820000D9E0AD00C98407DE4F72CF940002969F0
:1028300008189421425A521C42520EA801250576CE
:10284000306800210591B9E004973068E3F7D1FFC3
:102850000D9F39784A090125294691430EAA9176A0
:1028600003900E903068E3F7A4FF00286ED038780C
:10287000C0067BD4E3F76FFF38681021014339604D
:1028800078E0069840680790DCF7D7F8616C081A82
:102890000799401802D4E16E884203D2DCF7EEF8C3
:1028A000012008902046F1F7C9FF02283DD10D987C
:1028B00080680068C10615D4400636D50C98407D66
:1028C000E4F785F80D9B9868016840229143016008
:1028D00018680821884318601320E4F71DFAD2F71E
:1028E00004FD22E0079700200F900E900C9F787D4A
:1028F000E4F778F8787D0EA9E4F769F938780328C9
:1029000003D10C98407DE4F775F90D9B9868016838
:1029100010229143016018680821014319601320B7
:10292000E4F7FAF9D2F7E1FC079FAF420B9901D027
:10293000888AC88208980028099F0C9D00D045E12C
:10294000069801683046E4F723F844E13068E3F77D
:1029500038FF002827D00398002824D0DCF78EF811
:102960000EA83D21059181770D9E23E0DCF786F8C6
:102970000EA80576049F0B98C068002802D04188F5
:10298000491C41800B9E306900280AD00C98407D7C
:10299000E4F778F84000316908184A21425A521C7D
:1029A00042520D9E07E00D9E306810218843306032
:1029B00000250595049F316820200843794279411C
:1029C00089013A464027B84340183060002D27D08F
:1029D0000EA8807F00286BD10EA8C07E0028099F1A
:1029E0000D9E00D0E9E0A06C00280B9D00D1C2E054
:1029F000354E3068D021415C01294AD10568E5F7A0
:102A0000EBFC012800D09FE00C9800790E21414397
:102A1000306894228058C06B80684018C07994E078
:102A2000154620461430E3F707FF11900178032282
:102A300011400EAE029171750178890600D4022210
:102A40000490805CF075F6F76BFD3075A16E6166E1
:102A50000123002D0D9A08D01168194005D01626C3
:102A6000DCF70CF80EA8867722E091684978C90750
:102A700003991AD0002918D0029A032A0FD13D26B3
:102A80001228EDD8194681401048014203990CD113
:102A9000E6E7DBF7F3FF0EA8012101766AE0049870
:102AA0004078002801D03D26DAE7059800280FD0AD
:102AB0000C9D687DFDF774FA0EA8807F6870012672
:102AC000099F89E0000F0020B40E002012000400CE
:102AD0001D46019720460F46E3F7AEFE06460EA8B8
:102AE000002101774176129603911091002F00D1B9
:102AF00055E10C980078022814D1049800783178B8
:102B00000143C80609D5276DDBF797FF616C081AEA
:102B1000C01902D4E16E884204D2DBF7AFFF0EA8E1
:102B20000121017604984778002F00D137E10D98F4
:102B300000680826064000D1B0E0D3F795FF0128D1
:102B400000D199E01C2098E00120666CE4F7DBF8E6
:102B5000281A6064A16C891B0818069A5168814282
:102B600001D9081A50600020A0646063204600F07C
:102B7000B7FA0B9D0D9E0EA8807E012802D1A06E93
:102B8000606604E01220E4F7C7F8D2F7AEFBE8680D
:102B9000002802D00188491C0180286900280C9D6A
:102BA00008D0687DE3F76EFF40000B9909690A5A67
:102BB000521C0A52287900F0C1FA0EA8007E0128A2
:102BC0000C9D08D13068102188433060204600F009
:102BD000B6FA012600E000266D7D2846E3F74AFF9D
:102BE0000D990968002805D0480705D42846E3F761
:102BF000EEFE04E00807F9D52846E3F7F3FE002EC1
:102C00001FD00D9EF568002D17D009940C9C607D97
:102C1000E3F721FF02462946103101232846F2F747
:102C2000A1FD607D099CE3F70FFF014620350822D6
:102C30002846F3F739FE0020F0603846E4F77EF8C6
:102C400001E0E3F788FD0A9800280CD1DBF7EDFEE0
:102C50007F2805D00546E9F7CFFD28180B990870A5
:102C6000204600F0E4FA01242046F6F747FAD2F7AE
:102C70003CFB204619B0F0BDFC20049938420DD031
:102C80004878001F487002200B9988711320E4F7E0
:102C900043F8D2F72AFB0EA8407D02900298032841
:102CA00010D10EA8C57D022D18D1119840780228A8
:102CB00014D10EA8012101770D9D2868022101433E
:102CC000296043E00C980078032818D10B98007A0B
:102CD000002814D00220109901434FE02046F6F757
:102CE00016FC002821D00C98407DE4F705F8002E52
:102CF0000D9D2BD00C98407D00F09AFA26E011989B
:102D000005904778D3F7B0FE012801D01F2600E0D8
:102D1000FF263E401FD003982067FFF7FFFB0028E7
:102D20001DD0022010900B9D2CE00C9800780328F9
:102D300008D1272D06D1119840780B2802D10EA872
:102D4000012141770EA8012141760D9D286880213F
:102D50000143296001E0039810900B9D16E005984F
:102D600000788006C00F3218618F2846EBF7AAFD65
:102D70002067002801D0294600E002210B9D109118
:102D8000880703D50C98407DE3F7B6FF11980078CB
:102D9000A98AE982202101400EA88175129E012195
:102DA00020460491F1F786FD07462046283005901D
:102DB000A36F002B10D0187A00070DD5D869002812
:102DC0000AD0BE4208D00598864205D00D99086801
:102DD000019A9043086003E00F9800280C9D19D0D9
:102DE000BE421AD0059FBE4227D058699861197B10
:102DF000039D1D731A8A511819828AB21E465B8878
:102E00009A421CD2F2895118C90602961AD100685A
:102E1000B06117E0E3F79FFCDDE002930321204659
:102E2000F1F712FD2046E3F7F3FCB878272802D12A
:102E30000EA801214177059F07E0029305E0F6699E
:102E4000029604251098284310902046F6F7EEFAD3
:102E500005462046F1F7F2FC0EA90E7F002E22D186
:102E6000012820D1012620463146F1F723FD0746EF
:102E700020463946E3F706FD387880061FD4B87837
:102E800027280B990C9D47D002284BD10D99086833
:102E900030430860687D1F210A46FAF78DFDA06E59
:102EA000079908603EE0FFF747FB002814D0E3F7DE
:102EB00052FC0E98002807D00C9D049806E020468E
:102EC000E3F7D9FC0C9D2DE011200C9D20852046B8
:102ED0003946E3F7D7FC73E002980028E7D0012DCC
:102EE000E5D0012EE3D0E3F736FC7C4800688C2166
:102EF0004058029D298AEA8951181F220A40101859
:102F0000871C20463946E3F7BDFC20462946F6F7E4
:102F100093FA65670C9D53E0A87D7871E87DB871E0
:102F2000002088820D9880680068010717D4800609
:102F300011D5687DE3F74BFD0D9B98680168202251
:102F40009143016018680421884318601320E3F757
:102F5000E3FED2F7CAF9E3F7FEFB0D9D20E0002067
:102F600017901690687DE3F73DFD687D16A9E3F79D
:102F70006AFE2878022802D1687DE3F772FEE3F743
:102F8000EAFB0D9DA868016808229143016028684A
:102F90000421014329601320E3F7BEFED2F7A5F90F
:102FA00002212046F1F750FCA86801684A070C9DF1
:102FB00006D50422914301600899088830430880AF
:102FC00001212046EAF782FF012804D17878002801
:102FD00001D0001D7870109881070D9906D50978E9
:102FE000090703D5687D00F023F91098410706D53D
:102FF00020467830E7F7E4FDF1F7B2FD1098C007FE
:1030000026D011984578D3F72FFD012801D01F2233
:1030100000E0FF222A40206F428011990B789B0626
:1030200002D40023037302E001230373521C40689F
:10303000891C00F00FF9206F0025C56111990978EE
:1030400003220A40017A11430172FAF773FF2567E0
:103050000EA8407E012831D100212046F1F72AFC3C
:103060000646119801784078000240183080D3F766
:103070003CFE0546F2F7A4FD2843C0B2E7F71DFF6A
:103080000EA9897D202901D0022100E00321119A97
:103090005118001FC3B252789A4200D30246D2B2EE
:1030A000B01CDBF733FC0D984068016801220A432D
:1030B00002601520E3F730FED2F717F90EAD204677
:1030C000294600F0DEF8A87D202800D080E4119881
:1030D00080788109204600F0D5F879E4B40E00200C
:1030E00070B5044606462C360546AC35E5F774F94E
:1030F00001280BD130790E2141430E4800689422FB
:103100008058C06B80684018C07900E00120E3F768
:10311000FAFD09494843000A103028603278032A32
:1031200007D1626BA36C5B009A185143090A081817
:10313000286070BDB40E0020710200007047FEB51B
:103140000446F020205827464237002802D08188C4
:10315000491C818025468035204600F094F8606C3B
:1031600001903E88204600F08FF802462046314606
:1031700000F0D1F8E26C4243616C89186164009000
:103180003018029086B23888B04206D92046FE3008
:1031900000882146FC3100F0C0F82868802188436F
:1031A000286020463146FFF7F5F906460298388038
:1031B000002E1AD1606C0199471A2046394600F05A
:1031C000ADF80646002810D111200001201839461C
:1031D00000F0B3F80646002807D120463946009A89
:1031E00000F0C7F8064600280AD0C920400025187C
:1031F00027462D37387DFCF7D3FE3E70002028800F
:10320000A06F002801D0C66900E000267834002EA7
:103210000CD03546F669287A0007F8D520462946AD
:10322000E7F7E8FD2846E7F7C2FCF0E7FEBD704788
:103230001CB504466946E3F72DFC0098411E009139
:10324000002802D10198401E019069462046E3F70C
:10325000BEFC1CBDB0B5521E1F2313439AB2531CB3
:103260009AB29A420CD15209031D00240D591D51E6
:10327000241D202CFAD100682031521E1304F3D1F2
:10328000B0BD704770477047F8B505462C20285CE4
:10329000012403283DD1288F00283AD02846E3F79F
:1032A000CBFA29462831884233D12F462C37542077
:1032B000385C0006800F2CD12846E3300078800768
:1032C00027D42846FA300088002822D138790124F2
:1032D0002146F0F757F8064638790021F0F752F802
:1032E000304302D1288F441C13E0C9204000281825
:1032F0000188C9070DD0F98A4088401A81B2022995
:1033000007D3441EA1B2288F401C82B2914200D341
:103310000446A0B2F8BD104670477047426E511A7D
:103320004166491E01D4002070478021405C800620
:1033300001D5082070473E20704770B502467D20B9
:10334000430400200446802C12D01519AE79F607EC
:103350000BD02D79FD26354207D015596E1E06D4A7
:103360009D421E4600D86E1A16514034EBE72220CB
:1033700070BDF0B585B00F4604464120205CE221C7
:10338000615C25462C3501290DD1E3F736FBEA8A2D
:103390006E7D00230093019002932146BC3130469C
:1033A000E8F747F910E01646E3F75CFB0497074699
:1033B000464368793618B0B2F1F71CFA6871F01B11
:1033C000049F80B2F1F716FA0146687DE3F78AFCA4
:1033D000287802280CD12046E3F7A5FA2046E3F727
:1033E00059FA687DE3F74BFC626C216D687D2DE036
:1033F000A66C608D3946F1F70DFA8019A16C002991
:1034000000D10D30E16C49083E39884201D90820CD
:1034100022E0A064616B4000002901D00F1805E094
:10342000E16E0818276DB84200D8074626461436C4
:103430003046E3F778FA3046E3F72CFA687DE3F795
:10344000E8FB606CA16C421A687D3946F1F7ECF933
:10345000608E401C6086002005B0F0BD70B504464B
:103460000C48006894214558483526460E360522FA
:1034700030462946DBF761FA00280AD0052230469B
:103480002946DBF743FA0120E0726A20205A0A300D
:10349000A08170BDB40E0020F0B583B004466F204B
:1034A000205CA76F26466C36002806D0307A0028AC
:1034B00001D0401E00E0F07930721B480068E3F74D
:1034C000A0F9002814D03878002811D117480068D6
:1034D0000568786802A901AAE8F71EF8281ACD3015
:1034E000012529462A46DBF7BCFA00280AD03D70A0
:1034F000A06F083000F01CF83078E3F71FFC0120C3
:1035000003B0F0BDE3F727F9A17A3078E3F755FB74
:1035100020461430F6F7D7FAA07209212046E8F7C2
:103520009DFB0020ECE7C046000F0020B40E0020F9
:103530000021818070470000F8B50D460446C06F39
:10354000C721465CE8F758F8134909680F684178C5
:1035500000223046EAF790FA381AE96B411A6C22D9
:10356000A65C2C2256430D4B1B689F597F189F5118
:103570008C26AE5D56439F597F189F514126AE5D04
:1035800056439A5951189951E863697C6A684A43CD
:10359000801A6065F8BDC046B40E0020BC0E002045
:1035A000F0B591B00690846F4120205C059086486C
:1035B00007683846E3F725F905463846E3F719F971
:1035C000002805D03846E3F708F94642464100E0B6
:1035D0000026002D069F19D0E3F7BDF82646FC6FA4
:1035E00032203E21F1F752FE784941430D0AC720AF
:1035F000205CFEF7C1FF291830462430E3F7C8F9F4
:1036000038463146FFF798FF0020DAE00394403453
:10361000DBF734FA00213846049100F0DBF8002E85
:1036200000D184E0E8F7E8FA054600780F21014070
:1036300008297CD168780E2879D1A8780D2876D110
:10364000E878C10773D0800771D504980B900A9071
:1036500028784006C00F0AA902910870481C291D4D
:103660000622DBF753F926460C36019609A800908E
:10367000039B5C3303210298049AF6F7BFF9FF28F5
:1036800055D030700498089007902878C00907A991
:103690000870481C0A3506222946DBF737F9E4F79B
:1036A0009DFE01280BD14A4800689421405880684B
:1036B0005D21405C002802D0039B443301E0039B62
:1036C0005433207909A909780090019107A80321B2
:1036D00000252A46F6F7D6F9FF2828D0059E304661
:1036E000FDF7E8FFB96FFA6FEB430AA80381FF27E4
:1036F0003B4602330382C57302238381BE23D25C1F
:10370000827240228A5CC2720A46403253788373C6
:1037100064310A910C320B92E9F7EAFB0698417A80
:1037200003982A462B46E8F7B9F9A77045E07D7A59
:103730002078E8F799F9FF2626706078E9F7AEFB64
:103740006670039F38462946049D2A462B46E8F7B3
:10375000A5F9A67007A98D800795227D0AA8457650
:103760003E23837686752E46C581EB4383822346AE
:103770000D330A93237B0376022313400D4601D0B9
:10378000153425463A467C320C95002B01D05D3726
:1037900039460B91117853781B0259188181917821
:1037A000D3781B025918018211795279C675120219
:1037B00051184182E8F778FB059E3046E3F7BEFAE0
:1037C000012011B0F0BDC046000F002071020000C2
:1037D000B40E0020F0B58FB008910446006D09903A
:1037E000606D0E906A200790205A0DAD288020460B
:1037F0006A3080780590607A0A90A66F70680690AB
:103800004120375C2046FFF729FE2C2078431A49D7
:10381000096809580BA804900CA8039002950EA8FB
:1038200001900698009008980A9A099B00F026F8E3
:1038300009900798275A2D8825520E9860650C9894
:10384000F0630B987074204600F04FF8AF4210D030
:10385000059F3846E3F7D1F8B16B0A9A00920190C0
:10386000029121461431012338462A46E7F7E1FE4A
:10387000A07209980FB0F0BDBC0E0020F0B585B065
:103880001E4601920B9A03921768C91B04900D18EB
:1038900028461946E2F781F9044600964643A81BDC
:1038A0000A9D2946E2F779F9411C0C980288131900
:1038B000F7190E9A02920D9C019A914203D22E465C
:1038C0004E43F61904E000997E185B1C0021374630
:1038D000039A1760038026600298017004982946B5
:1038E000E2F75BF9401C05B0F0BDF0B581B00446CD
:1038F000C07A00281ED026466036A0897189814290
:1039000018D30020E072307B25460E352946E3F7B8
:103910001EF9377820465C3005222946DAF7F6FF93
:10392000E020384031780143317014342046294674
:10393000E7F72AFE01B0F0BDF0B587B00590876FBC
:10394000B8680390FE6BDBF778F80290787C019002
:103950004000F969496808184478FD683846243001
:103960000490E2F762FF039880190299081A294629
:10397000E2F713F9064601250390002D22D0F0B29C
:10398000A0421FD2761CBE7406A90598E8F7BCF8C1
:103990000546DBF752F801460698411A573907D415
:1039A00000210A46DBF75DF8002803D00125E4E793
:1039B000DBF76FF8E2F7CFFE04982946E2F7E8FF5D
:1039C0000025DAE7154804682046E2F712FF0028D0
:1039D0000ED02046E2F701FF002809D10598C06FFC
:1039E000BE21405CFA7C0399CBB2019900F018F833
:1039F000002D10D08C203C5C0A2107222046F9F7CC
:103A0000DBFF6C200599085C0B210822F9F7D4FF35
:103A10002046E3F793F9E8B207B0F0BD000F0020AD
:103A2000F0B597B01746002A0C910B900A931BD063
:103A3000E8F7E2F804460DAD2946E8F7F9FC287DE1
:103A40000990DAF7F2FF0646E8F7D6FE3618687BEB
:103A500023183F20C043A178C94301436078401830
:103A60002D7C0021089105E00020FF257F26089588
:103A7000034609967C427C411C4909683D228A5CC8
:103A8000920630D53D310D22895600292BD5C0B282
:103A90000790401E03210143153188081F4683B259
:103AA000134800684069A1210522E5F767FF002857
:103AB00019D03A460746F0B2099900910190029553
:103AC0000A98039008980490079805900692381D6C
:103AD0000B990C9A234600F00FF806487860A12055
:103AE0003946E5F7ABFF17B0F0BDC046B40E002075
:103AF0000C0F0020ED230710B0B51446099A42734D
:103B0000089D0573079DC572069D8572059D4572CA
:103B1000049D05720125C5718371447101710346CD
:103B2000143303610A991846DAF7F0FEB0BD0000BD
:103B3000B0B50446856F0E480068E2F762FE411E8C
:103B40008841E87420462946FFF7F6FC8C20285C63
:103B50000B210822F9F730FF6C25605D0A2107224E
:103B6000F9F72AFF605DE3F7E9F80120B0BDC04630
:103B7000000F0020F0B593B00B910546006D0A9040
:103B8000686D12906A200690285A11AE308028463F
:103B90006A3080780590687A0C90AC6F60680D9000
:103BA0008C20275C2846FFF759FC2C200897784387
:103BB0004A49096809580FAF049710A80390029664
:103BC00012A801900D9800900B980C9A0A9BFFF791
:103BD00055FE09900699685A079030880B906852F4
:103BE00012996965109AE263387860744223E35C45
:103BF00098420CD1401CC3B20C9EB3420D9B07D31C
:103C00000FAB002018700A9BC9188B1A00E0002324
:103C10000D93C0B20A904000E16949680E5CA67439
:103C2000081847780EA92846E7F76EFFB81B401C16
:103C3000C2B228462146E7F7BAFF01460E980D9A10
:103C400082180898F0F7F0FD20462430E2F76BFE6A
:103C50002846FFF74AFE0B9F0798B8420C9E12D0E9
:103C60003746059E3046E2F7C8FEA16B00970190EB
:103C7000029129461431012330463E460B9F3A46B5
:103C8000E7F7D7FCA872E07D400618D1701E00D877
:103C900001201349097F491E022900D30221B142A4
:103CA00000D30146C8B20A994018E17DA27D521C9A
:103CB000D3B2984201D2E1750DE0801AE075E86F49
:103CC000BE21405C002231462346E8F705F8002873
:103CD00000D07F1C2784099813B0F0BDBC0E0020D3
:103CE0007C0D0020F0B58FB009910446006D0A905C
:103CF000606D0E906A20215A0DA8018021466A311C
:103D000008918B782C2106935943667AA76F7A68BD
:103D1000274B1B6859580BAD04950CAB03930290CD
:103D20000EA8019005920092099832460A9BFFF76F
:103D3000A5FD42210797795C2D788D42099009D124
:103D4000059B0A9A6D1CE8B2B042069805D20C9900
:103D5000C91804E00C99069801E00E998918E7F754
:103D600023FE0798477C089800880DA9098881429E
:103D700008D1E8B2F9B2814216D22046E8F7CAF972
:103D80007F1CF6E7F9B2B14204D22046E8F7C2F947
:103D90007F1CF7E70026E8B2F1B2814204D2204648
:103DA000E8F7B8F9761CF6E709980FB0F0BDC04601
:103DB000BC0E0020F0B593B01C460546012964D125
:103DC0000121062A66D12846EFF7EEFA0746284673
:103DD000E5F772F94221465ABB7AC26C416C002B5E
:103DE00077D005910692F888E7F72AFE00287FD061
:103DF0000546049601465A310291388908AE308052
:103E00000888B080E86F0790B01D29465C31052214
:103E1000394FB84730460B302946613104220192B0
:103E2000B84730460F302946653103220392B84720
:103E3000079B1846C73040793076029FB979E02257
:103E40000A40596F0B78DB07DB0E034313433376CD
:103E500030461A30491C0622274B9847019A388A67
:103E6000F082C721079B595C032900D00A4672766D
:103E700006994900059A89184A426B6D049E991863
:103E80000DD5296DCB18401CF9E720462946D2F7FD
:103E90008BFF2DE009222846FBF7FAFD28E008AA4F
:103EA00016845082B01C9082901C0022E7F744FDDB
:103EB000687A03992170002811D02A20A0702B2045
:103EC000607008A922312846D2F728FF6078421E88
:103ED0000AE0009438463346D2F757FF08E01C202A
:103EE000A070232060702222E01C08A9DAF70EFDE2
:103EF000FF2013B0F0BDC0460DE9041070B50D46AB
:103F0000044600686168E8F74BFA010616D42821D8
:103F100041430B4800689422805880680068461826
:103F2000304600F00FF8002808D02846E7F75DFB80
:103F3000014630462A46234600F010F870BDC046C0
:103F4000B40E0020026841688368C06811431943B9
:103F50000143481E8141084670470000F0B58DB00E
:103F600001AC0DC4154801400818401C0C900024F9
:103F70000B940A940994089408AD0CAE03272846C4
:103F800031463A46DAF7C2FC079406940594049445
:103F900004AC284601992246029BF1F7E3FB039DFE
:103FA000681C21463A46DAF7B1FC281D31463A46EC
:103FB000DAF7ACFC012028700DB0F0BDFFFF3F0028
:103FC000F0B585B004060026002C2DD4039204938E
:103FD0002825454316480068942280588068006868
:103FE0000190441902910029274601D02746103735
:103FF0003846FFF7A7FF2421615C002914D0002870
:1040000012D00298002804D001984019016A039C3C
:1040100004E0039C2046E7F7E8FA014638462246CA
:10402000049BFFF79BFF0126304605B0F0BDC0465C
:10403000B40E0020F0B585B004468120205C0490C9
:104040008220255C8020205CE76B26467A3600289B
:1040500001D031780FE0204642300288A06A002368
:10406000009301900293214654312846E7F7E1FA84
:1040700001460120B0712846E2F79FFD09484743F9
:10408000390A09180498032801D04B3102E0FF20B7
:10409000143009182046E2F77BFC204600F004F8B3
:1040A00005B0F0BD7102000070470000B0B50446D5
:1040B00040694821405CE4F7FFFF05464120285C49
:1040C0002C214143094A12685118897C012906D1E3
:1040D0002C35E8F7E3FE00202870FF2068752046A5
:1040E00000F006F82046F1F7D0FBB0BDBC0E002072
:1040F00070B54569AC202C5C5F20C643002E09D00A
:10410000A819B221415CFF2902D0AC3000F006F8BA
:104110000C36F3E72046E8F7C1FE70BD10B5044643
:10412000016880200122F1F7E1FAFF20A07110BDA3
:10413000F0B5E5B00746F74D2868E2F75AFB0446AC
:104140002868E2F75EFB0FAE00210B91317201216E
:1041500071800A910902B181FF22114602317181F9
:104160004221795A31807D693F21695C7172110267
:104170001091394640310C910E977D370D97002CE8
:10418000099260D0E7F738FD074600780F252840F0
:10419000052800D082E00D9E7079E2F770FD0E9C3C
:1041A0006069E2F742FBE2F7D6FAB0780890384649
:1041B000F9F786FC0690A069E169259124A9079189
:1041C0000B9CCC7124901B941A9438784006C00F35
:1041D0001AAE3070701CB91C0622DAF797FB3978DA
:1041E00019A8029013A80190079800902940012275
:1041F00030462346F9F7EEFBFF2800D1C2E019A8AC
:104200000B9000780024012213AB21460492E9F7B9
:10421000FBFE3D781794EE0917A8067018940790D6
:10422000401C0837062239460592DAF76FFB1594D1
:1042300015AF3E70169468B2002800DB85E0DA48BE
:104240000168563183E0002868D02F463F37787ADE
:10425000E4F732FF04460FA800264673E7F7CCFCCC
:10426000014624A8FF22827201231B020382C67327
:10427000043282810C9A528902817A7AC272412276
:10428000A25C82730E9F3A46183225922491E8F779
:104290002FFE2846E2F747FB0D9CF4E034460D3430
:1042A000E9F72CFC1AAD8020287324A81B9038460F
:1042B0002946E8F7BDF801220E9F384629462346D5
:1042C000E8F742F9012835D0002839D1301D079090
:1042D00008360D9D6879E2F7F4FB7C69B2490968FC
:1042E00009680891E2F70FFD08990A1A21463F3143
:1042F00008944434E87801280694059100D08AE0B7
:104300000B9828700220E8701F9868720F98208020
:104310000878002800D083E0FA6281E0E9F7EEFB3C
:104320000D9CA078000771D40FA8FF218171012195
:104330000E9FA5E00C98C088401C0FA948809CE007
:1043400001213846E8F74CF997E0984801680B9D41
:10435000079E059A781CDAF7D9FA1AA930463A4628
:104360002B46D2F72EFDFF280CD0E4F737F80128B2
:10437000049C07D119A80078012415AB21462246D8
:10438000FFF71EFE0E9FB869F969F4F7EBF908997B
:1043900009072DD4069901292AD1002C28D00028FC
:1043A00026D1E7F729F90546082028701598C00797
:1043B000400E083028700321E9700D21A9700E21EC
:1043C00069701399C9010818287015A8411C281D87
:1043D00006242246DAF79AFA13A8411C0A35284621
:1043E0002246DAF793FA0FA8002181720D9C08E0AB
:1043F000E9F784FB0D9C6079E2F70BFC7869E2F742
:1044000092FA0020F8630FA9487337E00FA8002143
:1044100041730E9F37E01AA8007D7F2800D0687294
:104420001AAF04923A7B1B990E98E8F7DAF80FACB2
:104430000B98E072787BE0711E98607129460C9DA4
:10444000E888401C60804A7930460799E8F713F9FC
:104450002073089904980864886205980078069A81
:1044600090704969085CD07078890E9F2880386BFD
:10447000796B4018B8630B98F8630D9C0FA8C17A4C
:10448000384600F095F8ECF77CFF0FA8807A0028FA
:104490000AD00FA84188384600F0E6F80146607956
:1044A000002931D0E2F74AFC0FA8407B002877D0E2
:1044B0003846E8F70FF9A078800771D50FA8407A41
:1044C0007969183100F01BF9002869D04120840077
:1044D00024A82146D2F736F9E8F778F905460FA85F
:1044E0008079FF2818D0E7F787FB014640780B90CA
:1044F0000FAFFE7924A82246DAF708FA0B98801B42
:10450000811CB8790A9E0AE0E7F7B6FA6079E2F70B
:1045100015FC45E0000F002000210A9E09980B9130
:10452000CFB2AF4200D80646DAF77FFA0446E8F782
:1045300063F901461AA8C672AF422E4600D80B9EF8
:104540008672611841730D99497A01730C994989F2
:1045500081800FA94A7942720F9AC2804A7A027208
:10456000C97924AA51181A91DEF7B4FCAF420ED9CA
:104570000FA98A791AA8C2720B9A521B8272C97942
:1045800024AA5118F2B289181A91DEF7A3FC0FA9D8
:104590004B790A7A087B097900910E99E8F738F986
:1045A000012065B0F0BDC046B40E0020080F002009
:1045B000F0B58BB00D4604464220215A66693F2073
:1045C000325C30464C3000F0AEF8FF283FD0002D72
:1045D00006D00C21414370184C30FFF79FFD36E0A8
:1045E000254681353746AC3778700C214143711828
:1045F00009915320085C316B726B424350180002E2
:104600002721C90040181349E1F7C7FA0A9054203E
:1046100009990A5CB06A09902978B08F00F096F881
:1046200003463878F16A0C4A07920C4A06920C4A03
:1046300005920C4A04920A220392029200910A996E
:10464000099A891801918D222146E7F739F90BB0B3
:10465000F0BDC04671020000F14007103B63071037
:104660008D47071063630710FEB50E460446456983
:104670003E20295C28463E30029047782A46183270
:10468000384600F071F822467F32B842019200901D
:1046900006D9C01BEF6A47431078000710D516E013
:1046A0002346423300215170198889191980E26A22
:1046B000216B71435218E262C01BEA6A42435718E9
:1046C000204639463246F1F752F8002814D02046E9
:1046D0003946F1F75DF800280ED006460298009999
:1046E0004170A86AC019A862E16B4908411A019893
:1046F000C078E7F759F900E000263046FEBD2028D3
:1047000001D2002209E0602801D3032200E0022246
:10471000402800D201221F23184092008958C1402E
:10472000012008407047B0B50023FF24082B0AD0B1
:104730008579954202D00C305B1CF6E782888A426C
:1047400002D0FFF7EBFC2346D8B2B0BD80B50B46D4
:10475000400601D5032000E001208018C1B20022EC
:104760001846E9F789F980BD70B514460D4606462E
:10477000F0B2401C2946E1F710FA0E4608462146E1
:10478000FFF7BDFF0028F3D0F0B270BDF8B5466961
:104790004720345CAC25705D3146AC314F78E2F790
:1047A0006EFA705D2146E2F708FA0C207843301863
:1047B0005421445CC56CB68FE6F71EFF07210170DB
:1047C000710605D4611C41700321002202230CE014
:1047D00002218170E11C4170C17840220A43C270FD
:1047E000054909684A7A05210423C254401829461C
:1047F0002246DAF78BF8F8BDB40E0020F0B589B088
:10480000054646693F20325C80202B5CEF6B2C46CE
:10481000803461780891A078002B1AD12B4642335E
:1048200031463E3105921A8804920A78A96A0790A7
:104830007369009201910293294654310120069038
:104840000798049A069BE6F7F4FE0798059A0699DE
:1048500021707169895CE2F7B0F90A484743390A67
:1048600009180898032801D04B3102E0FF201430CA
:1048700009182846E2F78CF82846FFF715FC09B01E
:10488000F0BDC04671020000F0B5C7B00446E9F7BC
:1048900023FA0546F320285C211D0C913EAA2146EF
:1048A00020310D912E46EA36002838D00027777245
:1048B0000D9EDAF7E3F8A86B001DE2F734F8F07A02
:1048C000FCF7F8FEFF20F072B07AE2F737FAB03565
:1048D0002878FF2850D1022F41D0012F4CD1A07E43
:1048E0000546E53D00D20025317B2646E27E4408A0
:1048F000722C01D920231A43002902D1FF210C9BDD
:104900001970401BC1B2D3B200220C98D2F745FBFC
:10491000732C31D3F37EE9B2E5220C982AE00A9297
:104920000B94DD4C2068E1F764FF07462068E1F74F
:1049300068FFDA490968D022895C00290CD0002878
:104940001DD0A86B001DE1F770FFE1F704FF0D9982
:104950008879401C88710FE000270B9CA8E7002194
:10496000A1766161E07E40220243DF231340E376BB
:104970000C980A46D2F711FB002047B0F0BD002F7B
:104980002ED0DAF756F8F17903220A408000101889
:10499000F071E1F7E0FE0D98C07A09210A46F9F7B7
:1049A0000BF82F68B9783878099030AA7F20908268
:1049B000FF20D074002330938022069233920EAAF7
:1049C00031920F22079289060B9C1FD0F978C907F4
:1049D0003A461FD10D99097B002924D0002032E0EE
:1049E0000D988079022701280B9C07D0042805D058
:1049F000032802D12846F1F75FFA002770784007B4
:104A000000D555E70020E866286751E7059318466A
:104A10003A463BE001200D99087328461746F1F706
:104A200074FA3A460FE000213F913E9017463278E3
:104A30003EA8009101900346F4F7E0FF3A46014694
:104A4000FF3948424841D178890702D400210591B5
:104A500009E001210591002805D12EA92846174615
:104A6000F1F79DFA3A4691788B0901280ED1307AF8
:104A7000002808D12846743008931746D2F7D6F993
:104A80003A46089B3072401E411E88410999079F93
:104A90003940002808931DD107291BD1099130AF57
:104AA00010463946E7F7C4FCF97C0020FF290FD0F7
:104AB000A18C30AA12898A42089B09990AD00D98C4
:104AC00081790A1F50425041012926D0470025E034
:104AD000089B0999002806D1002B04D0082906D18B
:104AE0000D98807909E001280ED1002716E00729EA
:104AF0000AD10D988079002806D0021F51425141F9
:104B000001280AD04F0009E00F460D98C07AE1F75E
:104B1000D8FF04280CD002460BE00227E8F7EEFF8E
:104B20000126F1F766FB002E0D9E00D0C1E6CEE611
:104B300002223946072F089F4BD107900392309BE2
:104B4000581E1946814109910493002B50D0E8F773
:104B5000D5FFA86B001DE1F7E6FE30A80390807B2F
:104B600006214143C8B2C549096809680A913099CC
:104B7000E7F704FC0646C2494143CC090798E2F72F
:104B8000C2F807467D2000012118A86B309C001D4B
:104B9000E1F7FEFE7008C0190A990919091A0D9C5F
:104BA000E07AE6F701FF0398C07B6072E07A06992D
:104BB0000843E2F7C3F8A079002604283FD0032871
:104BC0000B9C40D00127002801D10D9887713346F6
:104BD000EAE0012600270829A3D10D98807906284C
:104BE0009FD128462146D2F7AAF900273E4698E7EA
:104BF0000D98807900282CD030A8407D01280D9E8A
:104C000000D0A4E028465430317B002948D0294602
:104C100055310A794B791B029A183AAB9A80552282
:104C2000AA5C4B781B029A188B78C9780902C918BC
:104C3000090489183A9129465B31027844E001273A
:104C40003B460B9CB0E004200D99887101273B4640
:104C5000AAE0002FD0D00D98C0792818AA21405C76
:104C60000128C9D12EA800787178490700D589E0BC
:104C7000022F0D9E6BD1FD2869D001270023284605
:104C800003993A460A93F1F715FA01285FD10220F9
:104C9000B0710A9B1E4687E0000F0020B40E002072
:104CA000617AA27A120251183AAA91806179A279A6
:104CB00012025118E279237A1B029A181204511831
:104CC0003A9121460B3122790A9F2037FF2A17D1CA
:104CD000294675310A794B791B029A183AAB9A80AA
:104CE0007522AA5C4B781B029A188B78C978090246
:104CF000C918090489183A912021425C29467B3160
:104D0000039230AEF07C0A9008780790307B31999E
:104D10003CAA0692D2F7BDF87870002038703EAFFA
:104D2000039838760D99087A78750698409016366B
:104D30003F960E46384619303AA90622D1F738FD7B
:104D40000A9807990143F9773846D2F775F8B07990
:104D5000801E002304280ED801271E4678440079BF
:104D6000400087442102021E21002846F1F767F91E
:104D700001200A9000E00A93E8F7C0FE01273E46B2
:104D80000A9B11E0012F0D9EE1D1FD28DFD000220A
:104D9000012328460399F1F78DF90128D7D1052081
:104DA000B07100273B463E46A18C2846099A0A93DB
:104DB000F1F72CF8012802D100270A9B56E009964A
:104DC000E07E17210140E17628680B900D9EF17975
:104DD0002846F1F75CF82077317A284600F052F83F
:104DE000E0773598A077D9F720FE0646E7F704FD6F
:104DF0003018607730A8417B0B9A51186161917827
:104E00001346C943C0220A4359788918A176C07C49
:104E1000FF2801D00D99087030A8407D0128089A1C
:104E20000A9B01D0002000E03698099E2083E07E96
:104E30000499002901D020210843002B01D008212A
:104E400008431043E0760D99097B012904D1696D6F
:104E5000AA6D0C9B06C30A9B0599002906D02F99C1
:104E60002E9AE260216104210843E076002B00D1F4
:104E700057E60020E866286753E6C046B40E0020D7
:104E80007102000070B50C46F121455C03266640B6
:104E9000F4F7ACFD0121414031430C222A40042AA1
:104EA000204600D11046002900D0204670BD0000E9
:104EB000F0B585B00D460446002901D0032000E07E
:104EC0000120E6F7DFFC0390274F04A8FCF7EAFB7C
:104ED00000280FD026469C36A90063188C2159580B
:104EE00084229A58511A012807D10398012806D81C
:104EF0001F4F05E03946C2311AE008460EE01B4F4D
:104F000002930191E6F7A4FE381A04994018019F14
:104F10000490B84200D33846029B134F71680029B1
:104F200005D0326851189A6C891A814200D3014623
:104F300021656619A820315C0295AC25705DE1F70A
:104F40003CFE705D0399E1F774FE705DE1F761FE70
:104F50000298800020188068216D4F43390AE1F7DC
:104F600017FD05B0F0BDC04671020000DCFBFFFF7D
:104F700034FEFFFF80B50349C97A814201D9FAF7AF
:104F8000D3FC80BD7C0D002080B540690149F9F754
:104F9000EFF980BD754F071010B5044600200121C0
:104FA000074B2246EAF77EF906480068A8214058D8
:104FB000E100425CCF2313402033435410BDC04670
:104FC000204E0000200F0020F8B5294E3168A8259A
:104FD0004959C4000A5DD3060ED4930646D5091973
:104FE000930735D0FC231340521E03241440E218CB
:104FF0000A70FFF7D1FFF8BDFFF7CEFF30684059C8
:105000000019841C6520C643374665371948006877
:105010003421405C7F1C874228D215480068A425B3
:10502000405980197036683006222146D9F785FC30
:105030000028EBD10E4800684059815DFB2915D14D
:10504000102181550E20E1F767FED0F74EF9F8BD2B
:1050500035460024082208462146D9F761FC30680D
:10506000B02144544121425C521E4254F8BDC04616
:10507000200F0020080F002080B5022802D8FFF77B
:10508000A3FF80BD0449C97AC91C814203D9C01E4F
:10509000C0B200F003F880BD7C0D0020FEB50546CF
:1050A0007020029045430F480068A42101914058A8
:1050B0004719398902200124002622463346EEF79B
:1050C0003DFA38462146EEF7EDF93889EEF7D0F98A
:1050D000044800680199405840193146029AD9F7AE
:1050E0001FFCFEBD200F002080B540690149F9F783
:1050F0003FF980BD79500710F401FA009600640072
:105100004B0032001E001400F401FA009600640007
:105110004B0032001E00140038B505000C002000C2
:10512000F6F7C2FDA04200D00025280032BDD021F4
:10513000FF224254704709888088084000D08620AA
:105140007047098882888A438280002070470988D6
:1051500082880A43828000207047B0B50546806887
:10516000428901894220FCF769FF0446002810D1DA
:10517000A868428901890120EEF750F9A868818862
:105180004A0603D5FAF7F8FAA86881880222914303
:1051900081802046B0BD10B504460078002801D0BB
:1051A000002010BD60688189491C89B2F4F7FEFDBA
:1051B0000346A068428901890220FCF743FE0028CB
:1051C00000D010BDA068C06881891922F9F758FA8B
:1051D000A068C06801214180842010BDF0B591B065
:1051E000074609AC1020207478688189491D89B26E
:1051F000E4F750FBA08178680FAE0EAD31462A4629
:10520000F2F7A4FB368878680697B9684488C868BE
:10521000818907220290F9F733FAE01F2988049167
:105220000121059180B203900196059887B23C1D3B
:1052300006988068C08884423CD8B0B209AA049914
:10524000F5F7D8F9002835D0054610A800900022BF
:1052500008AB0698294600F03DF8862828D000289B
:1052600036D16E8808984368069840688189C91DC0
:1052700089B2039F3A46F2F777F908990988B9424B
:1052800016D1002814D107AF3E70300A7870284636
:10529000F2F7C6FB0646B870000AF87002988189DA
:1052A000059A891889B204223B46EEF724F8059442
:1052B000761CBAE7012F07D106200A220199029B2A
:1052C000F2F714FB862003E0029805994180002044
:1052D00011B0F0BDFEB51F460646089D00242C7097
:1052E0000078012807D1306900281FD00C363E60B5
:1052F0000020287029E00292B068008901913A46A6
:105300002B4600F024F8002812D084281DD10198E3
:105310004388B06842890189029800900220FCF716
:10532000BFFE002811D17B20C0430EE00E2005E017
:1053300038680188029A914203D20720287086209B
:1053400003E04168891841602046C0B2FEBDF8B54F
:105350001C4600920E46074601220846394600F0D8
:105360000FF820708625002808D138463146009A6B
:10537000EAF7B8FC862802D10E2020702846F8BD36
:10538000F0B585B015460191014604780027022347
:105390000E20032C1A463E4612D30BD0042C58D1B3
:1053A000486801788C07C9078A0F002C00D54C3259
:1053B000411C02E04868411C0278801C0E78077886
:1053C000012D03D110461840184642D00320032D6A
:1053D00002D1082111403CD0042D02D104211140FA
:1053E00037D0052D02D140210A4032D004A903AAAA
:1053F00002AB019C2046F5F7A1FC022802D1002F48
:105400000FD125E0012D00D0FF08052D0BD104A8F8
:105410000078022805D102A80078022814D10020C3
:1054200013E00E2015E00020002F12D003A9097808
:10543000FA0703D0032901D205200AE07A0708D52C
:10544000022908D20F2004E0052001210F4000D1DD
:10545000384605B0F0BD2046314600F006F8B628C3
:1054600001D00020F5E70C20F3E710B50C46E9F772
:10547000ABFE002805D0817AF12902D1007CA04240
:1054800001D2B62010BD002010BDF0B58FB001468E
:10549000406801918968CF680DAD0EAC294622465F
:1054A000F2F754FA28880790EAF7E2FB02462088D0
:1054B000029000252B4600950395002A069550D0B2
:1054C00050880790029988424BD8A8B2C018019919
:1054D0008968C988884244D81C4608AD05921046A0
:1054E0002946EAF7D7FB2E7C0398000606D00098E1
:1054F000864239D1C0080490069D16E0B98905227C
:105500003846F9F7BDF8102E01D0022200E0012242
:10551000069DB889401C81B238460392F9F7B0F86D
:10552000AD1CF0080490841C0096B889401981B223
:105530003846079AE5F73CFCB8892818861C08A865
:1055400000F020F80346B1B20498C2B23846EDF735
:10555000D2FEE0B22D180598EAF7F8FC0246234681
:10556000ABE70398000603D006987880002007E098
:10557000079881B204200A223B46F2F7B7F9862049
:105580000FB0F0BD017C802900D00C30704770B5A1
:1055900086B004460078002814D0A589A068C18888
:1055A000491FA94200D80D46AAB22369C068818963
:1055B000491D89B2EDF79FFE681DA168C968488042
:1055C000002040E060688189491C89B2E4F762F9F3
:1055D0000546032205AB2046294600F036F8002890
:1055E00008D00246A068C36816202946F2F77EF963
:1055F000862028E060688189C91C89B2E4F74AF9ED
:1056000006466068A1684A89098943885B1F9BB286
:105610000096019302900A202B46FCF793FC002889
:1056200011D103AB5D70280A9870DE7017201870D6
:10563000300A1871A068C06881890522EDF75BFE09
:1056400000206060842006B070BDF0B585B01E46B5
:1056500014460F46054601A801810271A96801910F
:10566000FAF700F8862801D112200CE03846F2F74C
:10567000C5F93060002805D0A96809892246FFF7DE
:105680007FFE00E0012005B0F0BDF0B597B0044604
:10569000406815A914AAF2F759F90A94606881893B
:1056A000491D428889B2072A05D1E4F7F3F80FA90A
:1056B0008881102004E010220FABEDF708FE802057
:1056C0000FA908740A984078102801D0022100E040
:1056D000042107910A9A9168CC68CB8805931278C7
:1056E000002A04940AD06588022D15D3A089401C95
:1056F00081B22046F4F75AFB06460EE015AA15883B
:10570000102812D10FA8FAF745F8002800D1B8E008
:105710000895A18911221BE00026A089401981B2B9
:105720002046E4F7B7F8089018E00BA8058102229C
:105730000271149A42810B910FA90E91F9F792FF11
:10574000862802D116A812229DE00895A189092277
:105750002046F8F795FF0125658000260598801EF4
:10576000019014A8008803900996F6B20695AFB28E
:10577000B8190599884274D8089885B20FAA2846A6
:105780000399F4F737FF00286BD00446029516A85A
:10579000009000250BAB0A9821462A46FFF79AFD98
:1057A00000284FD10B98008807990918012F11D1B3
:1057B000FF2900D3FF210198814200D3019909916B
:1057C000CAB2049EB089401C81B23046F8F758FF37
:1057D000022703E0B142049E069F5CD16588204603
:1057E000F2F71EF90890B089C01981B230462A46F6
:1057F000E5F7DEFA079809990A1A3C46BF1C0A9891
:10580000407810280AD1B089C01981B23046089D6D
:1058100017462A46E5F7CCFA3A46271D2C46B089AA
:10582000C01981B20B984368D5B230462A46EDF7CD
:1058300062FD7D19758002200A990870601C08902D
:10584000099E91E78628069A16D084280546049872
:1058500021D18189891889B2029AE5F7A9FA8425AC
:1058600019E0012F06D116A80A22027015A8058892
:10587000049C09E000250EE016A80278049C089D0F
:1058800002E016A8102202700A984078A9B22346B6
:10589000F2F72CF88625284617B0F0BDF0B58BB08E
:1058A00005468068C468C7882878002824D02E461A
:1058B0000C36059668688089401C81B2042204ABCE
:1058C0002046EDF704FD308869787F1E0C2903D14E
:1058D000874253D20499401A80B2874200D30746C8
:1058E000BAB27368A089401C81B22046EDF703FD6F
:1058F000781C608000204DE068780C28029707D162
:1059000068688189C91C89B2E3F7C4FF0D2201E0F0
:105910000B22002004AF03903880A1892046F8F7BD
:10592000AFFE68688189491C89B2E3F7B3FF064678
:10593000788007A8068101270771A9680791F9F700
:1059400091FE862801D1122715E03046F2F756F86D
:10595000002810D0014606A8009005AB2846039AFF
:10596000FFF7B8FC002817D0842818D0862811D15A
:1059700006A8077807E006A8077004E006A80B272A
:10598000077004A84688687831463A462346F1F7FE
:10599000ADFF86200BB0F0BD059E029F93E7A08966
:1059A000401C81B2042204AB2046EDF7A4FC842005
:1059B000F0E7F0B58DB08168CE68C98806910178AE
:1059C0000029079009D07788B089C01981B2304684
:1059D000E3F760FF079902460CE040780E2801D0FB
:1059E000212200E00F22B1893046F8F749FE01225A
:1059F0001746079948688078801AC0B24508087829
:105A00000028029666D0079908460C300190EDB246
:105A1000FF35E8B200230393A84200D1B3E0BCB243
:105A20000698A04200D8AEE048688189059289189E
:105A300089B202220CAB0492EDF749FC0799087871
:105A4000012802D1019808900DE00CA80088F1F718
:105A5000D5FF014607988068008908AAEAF742F94D
:105A60000799842865D00698041B48780E2809D128
:105A7000B089C11908980288944200DB144689B2A3
:105A8000A2B213E0B089C01981B2089A30461688D4
:105A90003246E5F78DF9A41EB44200D33446A2B2D3
:105AA000BF1C029EB089C01981B208984368304675
:105AB000EDF721FC3F197780079948782028059A4F
:105AC00004D10698C01B80B202285CD304980870E9
:105AD000921C9CE700210592079C88B2A84292D2B2
:105AE00004914900606882895118491C89B20222D8
:105AF0000CABEDF7ECFB08A8012606710C990181AF
:105B0000A1680891F9F7AEFD86282AD00CA8008874
:105B1000F1F774FF002827D00799896809890122C5
:105B2000FFF72EFC00281ED10499491C029E059AFD
:105B3000D3E70CA803888868428901890020009077
:105B40000220FCF7ADFA03900028059A1BD177805C
:105B5000B089C01981B292B23046E5F729F98420A4
:105B600010E0122600E006460CA80188079840784D
:105B70000E2801D10E2000E020203246029BF1F7D2
:105B8000B5FE8620039003980DB0F0BDF0B589B046
:105B900004460078002801D000203BE06068A1683E
:105BA000C968069146888189491C89B2E3F772FE6B
:105BB0000546F11E6078002752280CD0D2280ED15D
:105BC000A0684089042824D10F3E05220127002027
:105BD000049005960EE00591042204970AE00591D1
:105BE000069EB18913223046F8F74AFD0120049041
:105BF0007080032207AB20462946FFF726FD0246A8
:105C000008A80270002A07D060782946069BF1F7A1
:105C10006DFE862009B0F0BD002F08D06168A06835
:105C2000008900F023F8002801D00022ECE7616829
:105C3000079808AAF9F7C6FB0028EBD0842812D1F0
:105C40006068A1684A890989059B9BB20095019308
:105C500002900A20049BFCF7A9FA0028DAD1002060
:105C600060608420D6E708A80278CDE7F0B58DB053
:105C70000D464F88E9F7A8FA002805D00446407C75
:105C8000400603D4B12034E0022032E021464831FE
:105C900005A81022D8F73AFE083FB9B20C2202AE8E
:105CA00028463346EDF713FB30787178090208185F
:105CB000B17809044018F17809064118E06E814274
:105CC00001D8401C10D10191FAB205A809AE2946AD
:105CD0003346F4F7A1FE02A8001D0836082231461B
:105CE000D8F72BFE002801D0052002E00198E066DD
:105CF00000200DB0F0BDD021FF2242547047D121C9
:105D0000FF2242547047F0B5FFB08CB00C460546F8
:105D10008B68CA88898807A8801D00F034F8280796
:105D200002D5A068E4F743FF07A8418905910189DE
:105D30000391C18802910C3004900025049EA8B202
:105D4000059988421CD231188AA80690022422465E
:105D5000D8F7DCFDA81C80B2311889AF384622463E
:105D6000D8F7D4FD281D84B230193B8806990A88DB
:105D700000900298039900F01CF838882518DEE797
:105D80007FB00CB0F0BDB0B51C465B88150AC5707D
:105D900082700A0A42700170591E01710A0A42712A
:105DA000A589831D8AB2681C81B22046EDF78FFA5F
:105DB000B0BDB0B5FFB083B01C466D462B73AA7260
:105DC0002972A8711B0A6B73120AEA72090A6972B6
:105DD000000AE87128460E3086992246D8F796FDCB
:105DE00020460A30A870000AE8700F202871FF20B2
:105DF0006870822028700C2068710E34A1B2284689
:105E0000E1F775F97FB003B0B0BDB0B5FFB085B0B4
:105E10000C4605468B68CA88898802A8801D00F058
:105E200011F8280702D5A068E4F7C1FE02ACA389E7
:105E300062892189E0880E340094FFF7BAFF7FB0B1
:105E400005B0B0BDF8B51C4617460E460546588845
:105E500000909889401C81B21846E3F71BFD009919
:105E6000C91E0A0AEA71A97128713A0AEA70AF706C
:105E7000320A6A702E70000A6871A08908358AB2E9
:105E8000C01C81B220462B46EDF721FAF8BD10B5B3
:105E9000FFB083B089886C46A01D00F014F8217A09
:105EA000481DA070000AE07001202071FF20607082
:105EB000822020700820607109312046E1F717F92F
:105EC0007FB003B010BD017000228270090A4170DA
:105ED000704780B5022807D0012809D0002806D1D4
:105EE0000020D0F77AFD80BD0020D0F76FFD80BD87
:105EF0000020F8F713F980BD002070471CB5898891
:105F00006C46E01C00F00BF80520A07013206070B8
:105F10000420207008212046E1F7E9F81CBD00228A
:105F200002710122C27041700270090A81707047CB
:105F30000020704700207047002070477047B0B5C0
:105F400004463020255C608FFFF7F8FF2846D0F725
:105F5000ABFF2546ED35002804D03034607C0121AC
:105F6000FBF7D6FB002028701520E0F7D5FECFF711
:105F7000BCF9B0BD7CB50446E0F75EFC05460121E6
:105F80002046EEF797FC26462C36214628318D42D6
:105F900010D085420ED0616F2046F3F74DFA0121F3
:105FA0002046E7F793FF012804D16878002801D044
:105FB000001D68702546AC353078032813D101A840
:105FC000FBF770FB012806D000280AD1E06EA16C17
:105FD0004900081806E0216D0198884202D308465E
:105FE00000E0206D68602046F9F710FE2046FDF7BE
:105FF00077F8296814342046E0F7CAFC7CBDF0B578
:1060000089B002464220155A506C01904018069003
:10601000C9204000101804901046423005901046E8
:106020002D3003900792FE32029200200890A9B210
:106030000122079E3046FDF76EF9F16C4143726C08
:10604000541874640899411808912D18AFB230465D
:106050003946FCF79FFA0646002802D10698201A16
:10606000E5D4059C2088B84205D902980088079994
:10607000FC31FDF752F92580002E089D1BD10798B1
:10608000416C019A8F1A3946FDF748F906460028F7
:1060900011D111200001079908183946FDF74DF973
:1060A0000646002807D1079839462A46FDF761F9C8
:1060B0000646002807D0039C207DF9F771FF267063
:1060C000002004990880284609B0F0BD80B5002161
:1060D00000F001F880BD002901D00021C167002136
:1060E0000172704710B504466C20205CA17AE0F77D
:1060F00064FD20461430F3F7E6FCA0720821204628
:10610000E5F7ACFD10BDF0B583B00D460446FDF7D4
:10611000A5F9266D28463146DFF73FFD6A27E15B8A
:10612000451C4819E0536E43606D81196165264630
:106130006A36B078E5F738FC2046FDF7D6FBB07834
:10614000E0F75BFCE25BB6780023009301900293DA
:10615000214614313046E5F76CFAA072A06F083082
:10616000E7F741FF284603B0F0BD80B5FFF7AEFF6B
:1061700080BDF0B585B0029201910746406C3B4668
:1061800048330ECB3C4654340FC43D465C3538464C
:10619000643004903C465434384688300390E2F72B
:1061A0001DF9012822D12678B00710D528462146AE
:1061B00000F066F82078012108400E40B04206D079
:1061C000049B1978BF220A408001101818702E789D
:1061D00001212846FDF792FE2878B04206D0049BA4
:1061E00019787F220A40C001101818703E467A368E
:1061F00038466630611C06242246D8F787FB6C3788
:10620000691C38462246D8F781FB039C2568222169
:106210000022019F3846E7F72FFCFD210F40042F95
:1062200002D00121890201E003214902029A891862
:106230000F18E81BB1784902F2785204511800286F
:1062400007D4CA19D243AA180CD4DFF7A6FC7D18CC
:1062500008E0E843381844182046DFF79EFC601930
:10626000039C451AE81B410A31702560400C707090
:10627000E5F7C2F924220499D8F748FB05B0F0BD30
:1062800010B50C46026841681046E6F789F801210E
:1062900000222346FDF794FE10BDB0B50546846F7D
:1062A0004120205C617CA26B515CE0F786FCE86FCA
:1062B000C721405CE5F7E6FA0146E26B2046FFF7AE
:1062C00058FFB0BDB0B50546846F8C20205C617C62
:1062D000A26B515CE0F771FC00212846E5F714FC45
:1062E000014624342046E0F753FBB0BDB0B5044668
:1062F0006C20205CA16F4D7C896B495DE0F75DFCF3
:10630000A01DF2F723F90A35E9B22046E5F7A6FC0D
:10631000B0BDB0B50A460446016B1046DFF73DFC40
:10632000451C20462946E6F7A8F9002803D182201B
:10633000205CE5F7A1FB2846B0BDB0B54469AC20B0
:10634000205C2146AC314D78FBF7B4F9FF20E0F733
:10635000F5FC0C20684320184C30FDF7DFFE0120CF
:10636000B0BDB0B54469AC20205C2146AC314D785D
:10637000FBF7A0F90C20684320184C30FDF7CEFE47
:106380000120B0BDF8B505464669B06A471800243B
:1063900001212846FEF768F9002806D0B06AC043FC
:1063A0003818641C0028F3D503E08220285CE5F748
:1063B00063FB2046F8BDB0B504462820205CE5F715
:1063C00061FA05462834E0782946E0F732FCE078A7
:1063D0002946E0F764FC6178E078E0F7EEFBE078CE
:1063E000E0F717FCB0BDB0B504462B25405DFBF7C8
:1063F00061F9FF2060550120B0BD80B50121FEF795
:1064000057FD80BD80B50021FEF752FD80BD10B55F
:1064100001242246EFF730FC204610BD80B5002253
:10642000EFF72AFC012080BD70B40123002413E0A3
:106430000168001D194202D04D466918491E0C60C2
:10644000091D121F042AFAD20D00960701D50C80EF
:10645000AD1C1A4000D02C700268001D002AE7D144
:1064600070BC7047F1B401684118436858080A18B5
:1064700000988068DB0701D54B46C01891422DD0AB
:106480000D78491C032403262E4002D10E78F61CF9
:10649000491C2B090F2B07D10B780F33491C03E044
:1064A0000F78491C0770401C761EF9D1002BE5D0EF
:1064B0000E78491CAD082C40032C01D10C78491CE6
:1064C00024023419654244190025AE1E9E42D5D0DF
:1064D0002678641C0670401C6D1CF6E700980C3092
:1064E000F2BC704745FFFFFF0400000030000020B1
:1064F000600000005C000020A40A00009804002056
:106500000000000061FFFFFF190100000E00000005
:10651000C000002051FFFFFF10010000F601000045
:106520004C020020BD1A3CCDA6B8995899B740EB53
:106530007B60FF4A503F10D2E3B3C974385FC5A3F4
:10654000D4F6493F000C00020800040200011703C2
:10655000010D030101000101001302000309000302
:1065600009000101000101000506001202000309F3
:10657000011418001418001203000801010801009A
:1065800006090106090107030207030007050014B5
:1065900003000A02020A010009230011020111028C
:1065A000010E24020E09020E10000F04000B04025B
:1065B0000B05000B0500100B02100B000C04010D65
:1065C0000B00092B006C888391AAF5A53860370B66
:1065D000DB5A6083BEE69D350E480103CCDBFDF43B
:1065E000AC1191F4EFB9A5F9E9A7832C5E2CBE9705
:1065F000F2D203B0208BD28915D08E1C742430EDDA
:106600008FC24563765C15525ABF9A32636DEB2A8E
:1066100065499C80DCFB349B5F800000800010009B
:1066200000F2FF0001F16A011003030000003204D0
:106630001003B00D0020FF0110100000FFFF020743
:106640000000FB349B5F8000008000101D332A0097
:10665000076101E0024C02002024D20124E0025430
:1066600019041024D20424F2026024D2A624126C4D
:1066700024B00122070924C3882B242101B1B04290
:10668000182092012412020C1260B8D20370430247
:10669000292CB00258280410D0F102446101214C89
:1066A00052FF0112040C12022A210811327248040E
:1066B00020114000410024F40002040101BC0B0041
:1066C000200C0C0020082104212B6108F0070EF09B
:1066D000030020DC0300200001F00207D341051075
:1066E00004618CD001B24D04142004000022670420
:1066F00010C452F4643401EB86053B52E5081003E4
:1067000001870510E90CF002031587051084650068
:10671000A51C4703281C0009DB360510B1930610A1
:036720000101EA8A
:040000051006D6ED1E
:00000001FF
