:020000041004E6
:1000000000000120FDA00610F5A40610FDA40610B6
:1000100000000000000000000000000000000000E0
:1000200000000000000000000000000005A5061010
:10003000000000000000000007A5061009A506103A
:100040007B9604101BA0041043B50410C7C904100C
:10005000000000000000000000000000F7D10410C4
:1000600011A50610DFD2041093D90410D7F40410A0
:1000700003F8041039A506100000000063A506105F
:1000800071A5061017FA041053A506100000000011
:100090004BA50610000000000000000043A506105C
:1000A0007F0005105BA506100F0405103305051031
:1000B0001B0605100000000000000000000000000A
:1000C0004572726F7220696E20424C455F535441F5
:1000D000434B5F496E697428292030782530327887
:1000E0000D0A000020204661696C2020203A206122
:1000F00063695F68616C5F77726974655F636F6E77
:100100006669675F6461746120636F6D6D616E64C1
:10011000202D20434F4E4649475F444154415F5094
:100120005542414444525F4F46465345542C207239
:100130006573756C743A203078253032580A0000A7
:100140002020537563636573733A206163695F6848
:10015000616C5F77726974655F636F6E6669675F14
:100160006461746120636F6D6D616E64202D204346
:100170004F4E4649475F444154415F5055424144C8
:1001800044525F4F46465345540A000020204661C2
:10019000696C2020203A206163695F68616C5F733D
:1001A00065745F74785F706F7765725F6C65766594
:1001B0006C20636F6D6D616E642C20726573756C5D
:1001C000743A203078253032580A000020205375C8
:1001D00063636573733A206163695F68616C5F7321
:1001E00065745F74785F706F7765725F6C65766554
:1001F0006C20636F6D6D616E640A000020204661A3
:10020000696C2020203A206863695F6C655F7772B3
:100210006974655F7375676765737465645F64654A
:100220006661756C745F646174615F6C656E677440
:100230006820636F6D6D616E642C20726573756CE0
:10024000743A203078253032580A00002020466168
:10025000696C2020203A206163695F676174745F74
:100260007372765F70726F66696C655F696E6974D0
:1002700020636F6D6D616E642C20726573756C7494
:100280003A203078253032580A000000202053757B
:1002900063636573733A206163695F676174745F58
:1002A0007372765F70726F66696C655F696E697490
:1002B00020636F6D6D616E640A000000202046614E
:1002C000696C2020203A206163695F6761705F6913
:1002D0006E697420636F6D6D616E642C207265733E
:1002E000756C743A203078253032580A00000000CE
:1002F0002020537563636573733A206163695F6798
:1003000061705F696E697420636F6D6D616E640A00
:100310000000000020205075626C696320426C75FB
:1003200065746F6F746820416464726573733A20FA
:10033000253032783A253032783A253032783A25ED
:100340003032783A253032783A253032780A000057
:1003500020204661696C2020203A204761705F7040
:10036000726F66696C655F7365745F6465765F6EF6
:10037000616D65202D20446576696365204E616D51
:10038000652C20726573756C743A20307825303294
:10039000580A00002020537563636573733A204741
:1003A00061705F70726F66696C655F7365745F64BE
:1003B00065765F6E616D65202D20446576696365A5
:1003C000204E616D650A000020204661696C202086
:1003D000203A204761705F70726F66696C655F7369
:1003E00065745F617070656172616E6365202D2058
:1003F000417070656172616E63652C207265737502
:100400006C743A203078253032580A002020537519
:1004100063636573733A204761705F70726F6669DA
:100420006C655F7365745F617070656172616E6346
:1004300065202D20417070656172616E63650A00F0
:1004400020204661696C2020203A206163695F6743
:1004500061705F7365745F696F5F6361706162692A
:100460006C69747920636F6D6D616E642C207265A8
:1004700073756C743A203078253032580A000000C9
:100480002020537563636573733A206163695F6706
:1004900061705F7365745F696F5F636170616269EA
:1004A0006C69747920636F6D6D616E640A00000081
:1004B00020204661696C2020203A206163695F67D3
:1004C00061705F7365745F73656375726974795F7A
:1004D000726571756972656D656E747320636F6D99
:1004E0006D616E642C20726573756C743A2030787F
:1004F000253032580A00000020205375636365736D
:10050000733A206163695F6761705F7365745F73DD
:10051000656375726974795F726571756972656D0D
:10052000656E747320636F6D6D616E640A00000008
:1005300020204661696C2020203A206163695F6752
:1005400061705F636F6E6669677572655F66696C1F
:100550007465725F6163636570745F616E645F721E
:1005600065736F6C76696E675F6C69737420636F17
:100570006D6D616E642C20726573756C743A2030F9
:1005800078253032580A0000202053756363657364
:10059000733A206163695F6761705F636F6E66695C
:1005A000677572655F66696C7465725F61636365C8
:1005B00070745F616E645F7265736F6C76696E678D
:1005C0005F6C69737420636F6D6D616E640A000007
:1005D000FF80FFFF30FFFFFF20204661696C202075
:1005E000203A206863695F6C655F7365745F657648
:1005F000656E745F6D61736B20636F6D6D616E64AA
:100600002C20726573756C743A203078253032581E
:100610000A0000002020537563636573733A2068F5
:1006200063695F6C655F7365745F6576656E745F43
:100630006D61736B20636F6D6D616E640A00000005
:100640003D3D3E3E20456E6420424C455F496E690B
:10065000742066756E6374696F6E0A0053657276F6
:100660006963657320616E642043686172616374BD
:100670006572697374696373206372656174696F0D
:100680006E0A0000456E64206F66205365727669BD
:1006900063657320616E6420436861726163746591
:1006A00072697374696373206372656174696F6ED4
:1006B0000A0000003E3E3D3D204843495F44495307
:1006C000434F4E4E454354494F4E5F434F4D504C60
:1006D0004554455F4556545F434F44450A0000006A
:1006E00020202020202D20436F6E6E656374696F7B
:1006F0006E2048616E646C653A2020203078253089
:1007000032580A20202020202D20526561736F6E00
:100710003A202020203078253032580A000000008E
:100720003E3E3D3D204843495F4C455F434F4E4E62
:10073000454354494F4E5F5550444154455F434FE4
:100740004D504C4554455F5355424556545F434FB9
:1007500044450A0020202020202D20436F6E6E6526
:100760006374696F6E20496E74657276616C3A20AD
:10077000202025642E25303264206D730A2020202D
:1007800020202D20436F6E6E656374696F6E206C40
:100790006174656E63793A2020202025640A202048
:1007A0002020202D205375706572766973696F6EF5
:1007B0002054696D656F75743A2020202564206D82
:1007C000730A00004843495F4C455F454E48414E1F
:1007D0004345445F434F4E4E454354494F4E5F435C
:1007E0004F4D504C4554455F5355424556545F4319
:1007F0004F44450A000000004843495F4C455F45AF
:100800004E48414E4345445F434F4E4E4543544945
:100810004F4E5F434F4D504C4554455F56325F53EA
:1008200055424556545F434F44450A004843495F8B
:100830004C455F504552494F4449435F41445645FA
:1008400052544953494E475F53594E435F545241A6
:100850004E534645525F52454345495645445F56BF
:10086000320A000053746174757320253032580ABF
:10087000000000004843495F4C455F504552494FD6
:100880004449435F4144564552544953494E475F9A
:1008900053594E435F4C4F53540A00004843495F3D
:1008A0004C455F4D4554415F4556543A20307825BC
:1008B0003032580A000000003E3E3D3D2041434991
:1008C0005F4C324341505F434F535F434F4E4E4561
:1008D0004354494F4E5F5245515F56534556545FFE
:1008E000434F44450A0000004368616E6E656C5FCB
:1008F000547970653A2025640A5350534D3A20309C
:1009000078253034580A506565725F4D54553A2049
:1009100025640A506565725F4D50533A2025640A7C
:100920004349445F436F756E743A2025640A0000A2
:10093000556E6578706563746564204C3243415030
:10094000206368616E6E656C207265717565737485
:100950000A000000556E6578706563746564205305
:1009600050534D0A000000003D3D3E3E206163694A
:100970005F6C326361705F636F735F636F6E6E6530
:100980006374696F6E5F72657370203A20466169A7
:100990006C2C20726561736F6E3A2030782530328E
:1009A000580A00003D3D3E3E206163695F6C326342
:1009B00061705F636F735F636F6E6E656374696FA1
:1009C0006E5F72657370203A20537563636573734D
:1009D0000A0000003E3E3D3D204143495F4C32430A
:1009E00041505F434F535F444953434F4E4E45433D
:1009F00054494F4E5F434F4D504C4554455F5653FD
:100A00004556545F434F44450A0000003E3E3D3D7D
:100A1000204143495F4C324341505F434F535F5342
:100A200044555F444154415F52585F5653455654B4
:100A30005F434F44450A00006163695F6C32636144
:100A4000705F636F735F7364755F646174615F652A
:100A50007874726163743A206661696C2C207265E7
:100A600061736F6E3A203078253032580A000000EA
:100A70003E3E3D3D204143495F4741505F50524F0C
:100A8000435F434F4D504C4554455F565345565474
:100A90005F434F44450A00003E3E3D3D20414349EF
:100AA0005F4741505F4B455950524553535F4E4F3E
:100AB00054494649434154494F4E5F565345565455
:100AC0005F434F44450A00003E3E3D3D20414349BF
:100AD0005F4741505F504153534B45595F52455119
:100AE0005F56534556545F434F44450A000000008B
:100AF0003D3D3E3E206163695F6761705F70617379
:100B0000736B65795F72657370203A204661696C1A
:100B10002C20726561736F6E3A2030782530325820
:100B20000A0000003D3D3E3E206163695F676170E1
:100B30005F706173736B65795F72657370203A20C3
:100B4000537563636573730A000000003E3E3D3DCC
:100B5000204143495F4741505F4E554D45524943FF
:100B60005F434F4D50415249534F4E5F56414C5594
:100B7000455F56534556545F434F44450A000000B5
:100B800020202020202D206E756D657269635F76B0
:100B9000616C7565203D2025640A0000202020201E
:100BA000202D204865785F76616C7565203D202595
:100BB000780A00003D3D3E3E206163695F676170D9
:100BC0005F6E756D657269635F636F6D7061726989
:100BD000736F6E5F76616C75655F636F6E66697269
:100BE0006D5F7965736E6F203A204661696C2C20C9
:100BF000726561736F6E3A203078253032580A0082
:100C00003D3D3E3E206163695F6761705F6E756D5B
:100C1000657269635F636F6D70617269736F6E5F38
:100C200076616C75655F636F6E6669726D5F79651D
:100C3000736E6F203A20537563636573730A000007
:100C40003E3E3D3D204143495F4741505F50414951
:100C500052494E475F56534556545F434F44450AE9
:100C6000000000003E3E3D3D204143495F4741506A
:100C70005F50414952494E475F434F4D504C455498
:100C8000455F56534556545F434F44450A000000A4
:100C900020202020202D2050616972696E67204B32
:100CA0004F0A20202020202D205374617475733A40
:100CB000203078253032580A20202020202D205244
:100CC0006561736F6E3A203078253032580A000023
:100CD00020202020202D2050616972696E672053EA
:100CE0007563636573730A004143495F48414C5F14
:100CF00046575F4552524F525F5653455654203027
:100D000078253032580A00004843495F56454E4422
:100D10004F525F4556543A203078253034580A00F7
:100D20004843495F48415244574152455F455252FA
:100D30004F525F455654203078253032580A000013
:100D40004843495F4556454E543A20307825303265
:100D5000580A00003E3E3D3D206863695F6C655F58
:100D6000636F6E6E656374696F6E5F636F6D706CD9
:100D70006574655F6576656E74202D20436F6E6EB9
:100D8000656374696F6E2068616E646C653A2030CB
:100D900078253034580A000020202020202D2043C0
:100DA0006F6E6E656374696F6E2065737461626CDB
:100DB0006973686564207769746820403A25303229
:100DC000783A253032783A253032783A2530327800
:100DD0003A253032783A253032780A002020202017
:100DE000202D20436F6E6E656374696F6E20496EAF
:100DF00074657276616C3A20202025642E2530328D
:100E000064206D730A20202020202D20436F6E6EF9
:100E1000656374696F6E206C6174656E63793A20E6
:100E200020202025640A20202020202D20537570AA
:100E30006572766973696F6E2054696D656F75743C
:100E40003A202564206D730A000000006863695F22
:100E50006C655F726561645F706879206661696C5A
:100E60007572653A20726561736F6E3D307825301A
:100E700032580A003D3D3E3E206863695F6C655F05
:100E8000726561645F706879202D205375636365B6
:100E900073730A003D3D3E3E205048592050617218
:100EA000616D202054583D2025642C2052583D204F
:100EB00025640A003D3D3E3E206863695F6C655FC6
:100EC0007365745F70687920504859205061726171
:100ED0006D202054583D2025642C2052583D20255B
:100EE00064202D20000000004661696C0A000000AB
:100EF000537563636573730A000000006163695F83
:100F00006761705F7465726D696E6174652066619A
:100F1000696C7572653A20726561736F6E3D3078E9
:100F2000253032580A0000003D3D3E3E2061636995
:100F30005F6761705F7465726D696E617465203A98
:100F400020537563636573730A0000006163695F12
:100F5000676174745F636C745F65786368616E6702
:100F6000655F636F6E666967206661696C7572653F
:100F70003A20726561736F6E3D3078253032580AC1
:100F8000000000003D3D3E3E206163695F67617483
:100F9000745F636C745F65786368616E67655F63D7
:100FA0006F6E666967203A20537563636573730AD1
:100FB000000000003D3D3E3E206163695F67617057
:100FC0005F7365745F6164766572746973696E6777
:100FD0005F636F6E66696775726174696F6E202DED
:100FE000206661696C2C20726573756C743A2030D0
:100FF00078253032580A00003D3D3E3E205375634F
:10100000636573733A206163695F6761705F7365DD
:10101000745F6164766572746973696E675F636F2C
:101020006E66696775726174696F6E0A0000000010
:101030003D3D3E3E206163695F6761705F7365742B
:101040005F6164766572746973696E675F64617409
:1010500061204661696C65642C20726573756C74DF
:101060003A203078253032580A0000003D3D3E3E9F
:1010700020537563636573733A206163695F6761C9
:10108000705F7365745F6164766572746973696EAD
:10109000675F646174610A003D3D3E3E20616369A3
:1010A0005F6761705F7365745F61647665727469B0
:1010B00073696E675F656E61626C65204661696C1D
:1010C00065642C20726573756C743A203078253015
:1010D00032580A003D3D3E3E20537563636573738D
:1010E0003A206163695F6761705F7365745F616413
:1010F000766572746973696E675F656E61626C654F
:101100000A00000044697361626C65206164766561
:1011100072746973696E67202D206661696C2C207A
:10112000726573756C743A203078253032580A0035
:101130003D3D3E3E2044697361626C65206164768A
:101140006572746973696E67202D205375636365DA
:1011500073730A006163695F6C326361705F636F10
:101160006E6E656374696F6E5F706172616D6574D8
:1011700065725F7570646174655F726571202D20A2
:101180006661696C2C20726573756C743A203078D6
:10119000253032580A0000003D3D3E3E2061636923
:1011A0005F6C326361705F636F6E6E656374696FED
:1011B0006E5F706172616D657465725F7570646198
:1011C00074655F726571202D205375636365737359
:1011D0000A0000008C1B00209A3700002600010442
:1011E00000003200F7000000FFFFFFFF3200011097
:1011F00008000103F70001000001010202020200E1
:1012000000010003000400000A0A57415443484407
:101210004F4720524553455421212121212121218D
:10122000210A0A000A0A53595354454D2052455386
:1012300045542121212121212121210A0A000000D8
:10124000427574746F6E20256420707265737365C7
:10125000640A000000100E00000000000000000002
:101260000000000020204661696C2020203A2061A7
:1012700063695F676174745F636F6E6669726D5FE7
:10128000696E6469636174696F6E20636F6D6D610F
:101290006E642C20726573756C743A2030782578F2
:1012A000200A00002020537563636573733A206140
:1012B00063695F676174745F636F6E6669726D5FA7
:1012C000696E6469636174696F6E20636F6D6D61CF
:1012D0006E640A0020204661696C2072656769733C
:1012E000746572696E67204449532068616E646C4E
:1012F0006572730A0000000020204661696C20209E
:10130000203A206163695F676174745F7372765F0E
:101310006164645F7365727669636520636F6D6D88
:10132000616E643A204449532C206572726F7220BA
:10133000636F64653A2030782578200A0000000049
:101340002020537563636573733A206163695F6737
:101350006174745F7372765F6164645F73657276E3
:1013600069636520636F6D6D616E643A2044495313
:10137000200A000002100400FB349B5F8000008004
:1013800000100000502A00001000000000000000C3
:101390000000000064020020FB349B5F800000809E
:1013A000001000000A1800001000000001000000FA
:1013B0000000000000000000010000007413041091
:1013C0005772697465206F6E204543500A00000013
:1013D0004143495F474154545F5352565F4154540F
:1013E0005249425554455F4D4F4449464945445F33
:1013F00056534556545F434F44452045534C5F5325
:101400004552564943455F434F4E54524F4C5F50EF
:101410004F494E545F4E4F544946595F44495341DA
:10142000424C45445F4556540A0000004143495F21
:10143000474154545F5352565F41545452494255A8
:1014400054455F4D4F4449464945445F56534556C0
:10145000545F434F44452045534C5F5345525649D2
:1014600043455F434F4E54524F4C5F504F494E548B
:101470005F4E4F544946595F454E41424C45445F8B
:101480004556540A000000002A2A2A2045534C5F82
:10149000616464726573733A203078253034580A79
:1014A0000000000020204661696C2020203A206165
:1014B00063695F676174745F636F6E6669726D5FA5
:1014C000696E6469636174696F6E20636F6D6D61CD
:1014D0006E642C20726573756C743A2030782578B0
:1014E000200A00002020537563636573733A2061FE
:1014F00063695F676174745F636F6E6669726D5F65
:10150000696E6469636174696F6E20636F6D6D618C
:101510006E640A002020424C454556545F52656770
:1015200069737465724761747445767448616E645A
:101530006C6572207265743A2030782578200A0034
:1015400020204661696C2020203A206163695F6732
:101550006174745F7372765F6164645F73657276E1
:1015600069636520636F6D6D616E643A2045534C0D
:101570002C206572726F7220636F64653A20307838
:101580002578200A000000002020537563636573EE
:10159000733A206163695F676174745F7372765F29
:1015A0006164645F7365727669636520636F6D6DF6
:1015B000616E643A2045534C200A000020204661A9
:1015C000696C2020203A206163695F676174745FF1
:1015D0007372765F6E6F7469667920434F4E545212
:1015E0004F4C5F504F494E5420636F6D6D616E6478
:1015F0002C206572726F7220636F64653A203078B8
:10160000253032580A00000020205375636365734B
:10161000733A206163695F676174745F7372765FA8
:101620006E6F7469667920434F4E54524F4C5F5031
:101630004F494E5420636F6D6D616E640A00000067
:101640000100000002000000761B002008102000AE
:10165000FB349B5F8000008000100000F62B000030
:10166000100000000000000000000000000000006A
:1016700008102000FB349B5F8000008000100000F9
:10168000F72B000010000000000000000000000028
:101690000000000008102000FB349B5F80000080E9
:1016A00000100000F82B00001000000000000000F7
:1016B000000000000000000008102000FB349B5FC9
:1016C0008000008000100000F92B000010000000D6
:1016D0000000000000000000000000001C102000BE
:1016E000FB349B5F8000008000100000FE2B000098
:1016F0001000000001000000780200209402002089
:1017000002100400FB349B5F80000080001000008A
:10171000FA2B000010000000000000000000000094
:101720000000000002100400FB349B5F800000807A
:1017300000100000FB2B0000100000000000000063
:10174000000000000000000002100400FB349B5F5A
:101750008000008000100000FC2B00001000000042
:101760000000000000000000000000000210040063
:10177000FB349B5F8000008000100000FD2B000008
:101780001000000000000000000000000000000049
:10179000FB349B5F800000800010000057180000A1
:1017A000100000000100000001000000A002002065
:1017B000090000004C1604102A2A2A20556E617375
:1017C000736F6369617465642053746174650A00A2
:1017D0006863695F6C655F7365745F646566617596
:1017E0006C745F706572696F6469635F616476656C
:1017F00072746973696E675F73796E635F74726127
:101800006E736665725F706172616D657465727327
:101810003A000000206661696C202830782530325B
:1018200078290A0020737563636573730A000000EA
:101830002A2A2A20436F6E6669677572696E67206F
:1018400053746174650A00002A2A2A20556E617358
:10185000736F636961746564207374617465206675
:10186000726F6D20436F6E6669677572696E67206F
:10187000737461746520666F72206C696E6B206C86
:101880006F7373200A0000002A2A2A20556E73798C
:101890006E6368726F6E697A6564207374617465D3
:1018A0002066726F6D20436F6E6669677572696E30
:1018B0006720737461746520666F72206C696E6B4B
:1018C000206C6F7373200A002A2A2A20556E7379C0
:1018D0006E6368726F6E697A656420737461746593
:1018E0002066726F6D205570646174696E67207335
:1018F0007461746520666F72206C696E6B206C6F0A
:101900007373200A000000002A2A2A20556E73797A
:101910006E6368726F6E697A656420737461746552
:1019200020666F722073796E63206C6F73740A0087
:101930002A2A2A2045534C5F4150505F436F6E74F2
:101940006578742E61705F73796E635F6B65795F24
:101950006D6174657269616C3A200A0025303258F5
:10196000000000000A2A2A2A2049563A200A0000CC
:101970002A2A2A2045534C5F4150505F436F6E74B2
:101980006578742E65736C5F726573705F6B6579D3
:101990005F6D6174657269616C3A200A0000000035
:1019A0002A2A2A205345542043757272656E744169
:1019B000627354696D653A2025640A006863695F43
:1019C0006C655F7365745F706572696F6469635F8E
:1019D00073796E635F7375626576656E743A000045
:1019E0006863695F6C655F7365745F706572696F6A
:1019F0006469635F6164766572746973696E675F59
:101A0000726563656976655F656E61626C653A00F3
:101A10002A2A2A2053796E6368726F6E697A656428
:101A20002053746174650A006163695F6761705F68
:101A30007465726D696E617465206661696C75723A
:101A4000653A20726561736F6E3D3078253032588B
:101A50000A0000003D3D3E3E206163695F676170A2
:101A60005F7465726D696E617465203A20537563A9
:101A7000636573732028424C455F4552524F525F55
:101A80005445524D494E415445445F52454D4F5483
:101A9000455F55534552290A0000000044656372B2
:101AA000797074696F6E206661696C2E0A0000009F
:101AB000456E64206F662045534C5F4150505F4136
:101AC00064765061796C6F616452656365697665AF
:101AD000640A000050494E4720636F6D6D616E646B
:101AE000205B6F70636F64653A2030782530327800
:101AF0005D200A004C454420434F4E54524F4C2029
:101B0000636F6D6D616E64205B6F70636F64653AC7
:101B1000203078253032785D200A00004C45442082
:101B200054494D454420434F4E54524F4C20636F0F
:101B30006D6D616E64205B6F70636F64653A203019
:101B400078253032785D200A00000000524541447B
:101B50002053454E534F52204441544120636F6DF2
:101B60006D616E64205B6F70636F64653A203078DE
:101B7000253032785D200A005458542056454E4492
:101B80004F5220636F6D6D616E64205B6F70636F89
:101B900064653A203078253032785D200A000000F4
:101BA00050524943452056454E444F5220636F6D75
:101BB0006D616E64205B6F70636F64653A2030788E
:101BC000253032785D200A00555044415445204369
:101BD0004F4D504C45544520636F6D6D616E6420D0
:101BE0005B6F70636F64653A203078253032785DC2
:101BF000200A0000554E4153534F4349415445205C
:101C000046524F4D20415020636F6D6D616E6420D0
:101C10005B6F70636F64653A203078253032785D91
:101C2000200A00005345525649434520524553452A
:101C30005420636F6D6D616E64205B6F70636F64C1
:101C4000653A203078253032785D200A00000000A7
:101C5000464143544F525920524553455420636FD7
:101C60006D6D616E64205B6F70636F64653A2030E8
:101C700078253032785D200A000000004449535036
:101C80004C415920494D41474520636F6D6D616E50
:101C900064205B6F70636F64653A20307825303262
:101CA000785D200A00000000524546524553482006
:101CB000444953504C415920636F6D6D616E6420EF
:101CC0005B6F70636F64653A203078253032785DE1
:101CD000200A0000444953504C41592054494D4575
:101CE0004420494D41474520636F6D6D616E64200E
:101CF0005B6F70636F64653A203078253032785DB1
:101D0000200A00006C6C5F7365745F706572696FA8
:101D10006469635F6164766572746973696E675F35
:101D2000726573706F6E73655F646174615F707408
:101D300072206661696C7572653A20726561736FB5
:101D40006E3D3078253032582C2053796E635F48D1
:101D5000616E646C65203078253034582C205265D3
:101D600071756573745F4576656E742025642C20EB
:101D70005375626576656E742025642C20526573F8
:101D8000706F6E73655F536C6F742025640A00007A
:101D90003D3D3E3E206C6C5F7365745F706572699B
:101DA0006F6469635F6164766572746973696E6795
:101DB0005F726573706F6E73655F646174615F708D
:101DC0007472203A20537563636573730A000000D0
:101DD000524553504F4E5345206F70636F64653AC0
:101DE00020307825303278200A000000556E737953
:101DF0006E6368726F6E697A65642073746174656E
:101E000020666F722074696D656F75740A0000003A
:101E10002A2A2A20556E6173736F63696174656441
:101E20002073746174650A0050656E64696E672082
:101E30004C454420636F6D6D616E642064656C6514
:101E40007465640A0000000050656E64696E672066
:101E5000446973706C617920636F6D6D616E64208D
:101E600064656C657465640A000000002A2A2A20F3
:101E70005570646174696E67207374617465207451
:101E800072616E736974696F6E2066726F6D205334
:101E9000796E6368726F6E697A65642073746174B9
:101EA000650A00002A2A2A205570646174696E67E9
:101EB000207374617465207472616E736974696FE4
:101EC0006E2066726F6D20556E73796E6368726FE7
:101ED0006E697A65642073746174650A000000009D
:101EE00048454C50000000004C697374206F662018
:101EF000636F6D6D616E64732075736566756C20BC
:101F0000666F722074657374733A200A00000000D3
:101F100020202D2041425354494D453A20476574B5
:101F20002043757272656E74204162736F6C7574B4
:101F3000652054696D650A0020202D205352564EAD
:101F400045454445443A205365742053657276698B
:101F50006365204E65656465642062697420746FF2
:101F60002054727565200A0020202D20554E5359AB
:101F70004E433A20536574205468652045534C20E5
:101F8000737461746520746F20556E73796E636825
:101F9000726F6E697A6564200A00000020202D208F
:101FA0004E4F444953504C41593A20456163682093
:101FB000646973706C6179206973206E6F7420643A
:101FC0006973706C6179696E6720616E20696D61FB
:101FD0006765200A0000000041425354494D450006
:101FE0002D2D3E204765742043757272656E7420F6
:101FF0004162736F6C7574652054696D653A202574
:10200000640A00005352564E4545444544000000C2
:102010002D2D3E20536574205365727669636520CB
:102020004E65656465642062697420746F20547223
:1020300075650A00554E53594E4300002D2D3E2024
:10204000536574205468652045534C207374617443
:102050006520746F20556E73796E6368726F6E6958
:102060007A65640A000000004F4B0D0A0000000072
:102070004552524F520D0A0043757272656E7420BC
:1020800074696D653A2025640A0000005265717517
:1020900065737465642074696D653A2025640A006F
:1020A00051756575652066756C6C0A0050656E64C7
:1020B000696E67204C454420636F6D6D616E6420CE
:1020C0007265706C616365640A00000054696D6537
:1020D0007220737461727465642E2050656E646939
:1020E0006E67204C454420557064617465206269B8
:1020F00074207365740A000050656E64696E672011
:102100004C45442055706461746520626974207286
:10211000657365740A000000446973706C6179200E
:10212000496E6465783A202564202D20496D6167E9
:102130006520496E6465783A2025640A0000000035
:1021400050656E64696E6720446973706C617920B4
:10215000636F6D6D616E64207265706C6163656440
:102160000A00000054696D657220737461727465B1
:10217000642E2050656E64696E6720446973706CCC
:10218000617920557064617465206269742073659B
:10219000740A000050656E64696E6720446973704C
:1021A0006C61792055706461746520626974207275
:1021B000657365740A000000526566726573682075
:1021C000446973706C617920436F6D6D616E64203A
:1021D0002D20496E6465783A2025640A00000000CD
:1021E0004C454420496E6465783A20307825303279
:1021F00078200A004C454420436F6D706F6E656E09
:10220000743A20307825303278205B4272696768F2
:10221000746E6573733A2025645D0A004C45442052
:10222000466C617368696E67205061747465726E84
:102230003A2030782530327825303278253032789F
:102240002530327825303278200A00004C45442071
:10225000466C617368696E67205061747465726E54
:10226000204F464620506572696F643A20307825C9
:10227000303278200A0000004C454420466C6173DF
:1022800068696E67205061747465726E204F4E20CD
:10229000506572696F643A2020307825303278209A
:1022A0000A0000004C454420526570656174733A21
:1022B0002020307825303478205B52657065617459
:1022C00020747970653A202564202D205265706550
:1022D0006174206475726174696F6E3A203078257C
:1022E0003034785D0A0000004C4544204F46460AD1
:1022F000000000004C4544204F4E0A004C4544204D
:1023000025642025730A00004C454420696E6163F2
:10231000746976650A000000496D616765206E6F1B
:102320007420617661696C61626C652E0A00000040
:10233000446973706C617920496E6465783A202530
:1023400064202D20496D61676520496E6465783A87
:102350002025640A000000004E6F20696D616765EA
:1023600020646973706C617965642E0A0000000056
:102370005265667265736820446973706C61792078
:10238000436F6D6D616E64202D20496E6465783AEF
:102390002025640A0000000053656E736F7220727E
:1023A0006561642074696D656F75740A00000000D2
:1023B00053544D33325742300000000002000000F9
:1023C0007A1B00200000000008000000C00200206E
:1023D0000000000001000000720500200000FFFF67
:1023E0000000000004000000DC23041000000000D6
:1023F00003000000101B002000000000010000008E
:10240000F20D051001000000020000007C1B0020FE
:1024100020000000FB349B5F800000800010000063
:10242000052A00001000000001000000A4030020A5
:10243000E02304100A000000FB349B5F8000008052
:1024400000100000292B0000100000000000000018
:1024500000000000EC23041002000000FB349B5F2E
:1024600080000080001000002A2B000010000000F7
:10247000000000000000000000000000020000005A
:10248000FB349B5F80000080001000003A2B0000AE
:10249000100000000000000000000000F8230410FD
:1024A00096C298D84539A1F4A033EB2D817D0377EE
:1024B000F240A463E5E6BCF847422CE1F2D1176B89
:1024C000F551BF376840B6CBCE5E316B5733CE2B5C
:1024D000169E0F7C4AEBE78E9B7F1AFEE242E34F8B
:1024E00000010000000000000001000000000000EA
:1024F00000010000000000000100000000000000DA
:10250000FFFFFFFFFFFFFFFFFFFFFFFF00000000D7
:10251000000000000000000001000000FFFFFFFFBE
:10252000020000000500000003000000FEFFFFFFA6
:10253000F9FFFFFFFBFFFFFFFCFFFFFFFCFFFFFFBB
:102540000300000000000000000000000000000088
:10255000000000000000000000000000000000007B
:102560004B60D2273E3CCE3BF6B053CCB0061D6547
:10257000BC86987655BDEBB3E7933AAAD835C65AD0
:102580000000000000F00B1000080000AA0200008C
:1025900000F80B10F807010000000000A001000087
:1025A000000000005265616420434343206572725D
:1025B0006F720A0020204661696C2072656769733A
:1025C000746572696E67204F54532068616E646C45
:1025D0006572730A0000000020204661696C2020AB
:1025E000203A206163695F676174745F7372765F1C
:1025F0006164645F7365727669636520636F6D6D96
:10260000616E643A204F54532C206572726F7220B1
:10261000636F64653A2030782578200A0000000056
:102620002020537563636573733A206163695F6744
:102630006174745F7372765F6164645F73657276F0
:1026400069636520636F6D6D616E643A204F54530A
:10265000200A000000000000020000007E1B002095
:102660000000000002000000801B00200210040097
:10267000FB349B5F8000008000100000BD2A00003A
:10268000100000000000000000000000000000003A
:1026900002100400FB349B5F8000008000100000EB
:1026A000BE2A000010000000000000000000000032
:1026B0000000000002100400FB349B5F80000080DB
:1026C00000100000BF2A0000100000000000000001
:1026D000000000000000000002100400FB349B5FBB
:1026E0008000008000100000C02A000010000000E0
:1026F00000000000000000000000000002100400C4
:10270000FB349B5F8000008000100000C32A0000A3
:1027100010000000000000000000000000000000A9
:1027200002100400FB349B5F80000080001000005A
:10273000C42A00001000000000000000000000009B
:102740000000000028100400FB349B5F8000008024
:1027500000100000C52A0000100000000100000069
:10276000E80300200000000028100400FB349B5FF9
:102770008000008000100000C62A00001000000049
:102780000100000004040020000000004F54503AF3
:1027900020616C6C20696D6167657320657261737F
:1027A00065642E0A00000000496D6167652025649C
:1027B000000000004F54535F4F41435057726974FB
:1027C000650A00004F54503A2057726974696E6769
:1027D00020466C61736820506167650A0000000044
:1027E0004F54535F4150505F4C32434150436861F6
:1027F0006E6E656C4F70656E6564206369643A2027
:1028000025640A004F54535F4150505F4C3243419E
:10281000504368616E6E656C436C6F7365640A004B
:102820004F54503A2052656365697665642053447D
:102830005520286C656E6774683A2025642062799B
:10284000746573290A0000004F54503A204C61739C
:102850007420646174612072656365697665640AD9
:102860000000000054696D656F75740A0000000077
:1028700000000000000000000100000096C298D88F
:102880004539A1F4A033EB2D817D0377F240A46399
:10289000E5E6BCF847422CE1F2D1176BF551BF37A2
:1028A0006840B6CBCE5E316B5733CE2B169E0F7C75
:1028B0004AEBE78E9B7F1AFEE242E34FCAEBECED58
:1028C000EFF0F1F2F3F4F5F6F7F8F9FAFAFCFDFDA2
:1028D000FEFEFFFF0000010203040506CAEBECED5B
:1028E000EFF0F1F2F3F4F5F6F7F8F9FAFAFCFDFD82
:1028F000FEFEFFFF000001020304050608000000C1
:1029000095A40610A1A4061065A30610FDA3061049
:1029100007A20610A7A2061004030202010101018A
:10292000000000000000000000020406080A0C0E6F
:1029300000020406010002000400060008000A006C
:102940000C00100020004000800000010101010384
:10295000070100000804020408010101686A6C74A0
:102960007A4C00007072696E74665F733A20256E4F
:1029700020646973616C6C6F776564007072696E56
:1029800074663A2062616420256E20617267756DFD
:10299000656E74007072696E74665F733A2062616E
:1029A0006420257320617267756D656E7400000088
:1029B000000000006E616E004E414E00696E6600C0
:1029C000494E46003000CA2AFB349B5F80000080DD
:1029D00000100000292B000010000000FB349B5F5A
:1029E0008000008000100000052A00001000000098
:1029F00002000000030000000300000006000000C9
:102A000003000000030000003C0000007000000014
:102A100070000000D003000070000000C30100003F
:102A200069AD061023460410654604108D46041057
:102A30007F4604109D43041079440410D94D0410BE
:102A4000E74D0410F54D0410034E0410114E041010
:102A5000DDB30610894D0410634D0410974D04102A
:102A6000F14804107B0C0510A7440410894B041096
:102A7000F346041001470410CDB10610B52307102A
:102A800011220710B5250710C7270710C727071001
:102A9000DD280710B5250710B72A0710B72A071039
:102AA000B72A0710B9240710CB2107108F21071070
:102AB000DD2807108744041097440410572E071090
:102AC0005F2E07105B2E0710E5440410F544041038
:102AD00005450410154504106545041035450410DE
:102AE000454504105545041025450410754504104E
:102AF0008545041095450410A5450410B5450410FE
:102B000000B5BFF34F8F0348CA490860BFF34F8F2A
:102B100000BFFDE70400FA0580B501F0CBF801F035
:102B20008BF90021C943884201D101F025FB01BD89
:102B3000F8B596B0002069460873062421000020ED
:102B4000009007AD009A280001F01CFB6846047451
:102B5000802080006946C88109A89649342201F086
:102B60003BFB09A801F06EFB06003000C0B2002854
:102B700006D03100C9B2904801F09AFB01F0FCFA8E
:102B800007AC0120207000206070AA20A070E12016
:102B9000E070802020710220607107AA06210020C9
:102BA00001F09AFB05002800C0B2002805D02900DA
:102BB000C9B2A14801F07CFB02E0A04801F078FB1B
:102BC0001821002001F08CFB07003800C0B200285B
:102BD00005D03900C9B29A4801F06AFB02E0994871
:102BE00001F066FB9849FB2002F025FA0600300050
:102BF000C0B2002804D03100C9B2944801F058FB9B
:102C000006A9012002F07EFA05002800C0B20028C3
:102C100005D02900C9B28E4801F04AFB02E08D4878
:102C200001F046FB0026300009210143684641734C
:102C300000216846007B02F0C1FA07003800C0B2EC
:102C4000002805D03900C9B2A44801F031FB02E0E8
:102C5000A34801F02DFB04A8801C009005AB05AA39
:102C6000921C6846017B6846407B02F0AFFA050083
:102C70002078029060780190A0780090E378227923
:102C80006179984801F014FB974C07A9200000F0E7
:102C90007DFF07AA0F21954800F09CFF2200062126
:102CA000002002F0DCFA04002000C0B2002805D0A9
:102CB0002100C9B28E4801F0FBFA02E08D4801F014
:102CC000F7FA03AA921C0221002002F0DBFA0500A9
:102CD0002800C0B2002805D02900C9B2864801F0FA
:102CE000E7FA02E0854801F0E3FA854C0320207002
:102CF000207802F09EF807003800C0B2002805D006
:102D00003900C9B27F4801F0D3FA02E07E4801F0F1
:102D1000CFFA66701020E07020710120A0700220B0
:102D2000029020790190E0780090002302226178DF
:102D3000A07802F085F805002800C0B2002805D070
:102D40002900C9B2714801F0B3FA02E0704801F0FD
:102D5000AFFAA078002810D0012002F015FB050082
:102D60002800C0B2002805D02900C9B2694801F086
:102D70009FFA02E0684801F09BFA01A867490CC974
:102D80000CC00839083801A802F00EFB040020002E
:102D9000C0B2002805D02100C9B2614801F088FA0C
:102DA00002E0604801F084FA5F4801F081FA17B050
:102DB000F0BD0000D4110410C000041080B5012142
:102DC000012002F0CCFB01BD80B5012002F046FCE1
:102DD00002F047FC012002F042FC01BD80B502F088
:102DE0006BFD01BD80B50021022002F0B8FB01BDE2
:102DF00080B504F04CFB01BD80B50121042002F038
:102E0000AEFB01BD80B5FFF7EDFF01BD10B50400BD
:102E1000200004F08DFBFFF7E5FFFFF7EDFF3848DA
:102E2000817B042902D0807B052801D100F010FFAE
:102E300010BD00000CED00E0E4000410400104109F
:102E40008C010410CC01041048080000FC0104109F
:102E50004C0204108C02041080B50021402002F0C6
:102E60007EFB01BD80B5FFF7A9FF01BD10B52F4A5C
:102E70000021012002F063FB2D4A0021022002F014
:102E80005EFB2C4A0021042002F059FBFFF744FEB0
:102E9000FFF74EFE1A4C0020A0732748A081274A56
:102EA0000021402002F04BFB2548A06125A4200012
:102EB00001F0FEF9244801F0FBF904F0E5FB05F010
:102EC00071FF05F087FF214801F0F2F9200001F0C1
:102ED000EFF9012000F02AFD10BD0000BC02041033
:102EE000F0020410140304104C02002054020020CD
:102EF0005003041094030410C80304100C040410BD
:102F0000081100204004041080040410B0040410D0
:102F1000F80404103005041088050410D0050410CE
:102F2000D80504101406041040060410C92D04101E
:102F3000DD2D0410F12D0410FFFF0000898704101F
:102F4000413B04100A0000005C06041084060410D3
:102F5000F1B588B08620694608740898007804287E
:102F600004D008980078822800D04FE30898401CCD
:102F7000069008980078042803D10698801C0790D2
:102F800003E00898401CC01C0790069800780528AC
:102F900008D0102800D128E33E2839D0FF2800D1DE
:102FA000B6E12EE30698841C6178A0780006000C38
:102FB0000143D248828989B2914213D1D04981819B
:102FC000817B022901D100218173CE4801F070F983
:102FD0006178A0780006000C0143E27889B2CA4803
:102FE00001F066F900F0A2FD6078A1780906090CED
:102FF000084380B204F0A7FBC44801210170617846
:10300000A2781206120C1143418005F0BBFEFDE2CE
:103010000698801C059005980078012800D104E1ED
:10302000032812D00A2800D1A8E00C2800D1A0E083
:10303000102800D150E1252800D137E1262800D101
:103040001BE1292800D1C1E051E10598441CC74883
:1030500001F02EF9E07821790906090C084380B2C5
:1030600006F012F90022C24B06F028F90022802354
:103070005B0306F0E5F92BD8E07821790906090C05
:103080000843E57821790906090C0D4380B206F062
:10309000FBF80022B64B06F011F906000F00ADB2A6
:1030A000280006F0F1F80022B14B06F007F906F00F
:1030B000E1F906F0F9F802000B003000390006F0E3
:1030C00065FA0022D84B06F0F9F806F0D3F928E0AB
:1030D000E07821790906090C0843E5782179090689
:1030E000090C0D4380B206F0CFF80022A04B06F089
:1030F000E5F806F0BFF906F0D7F806000F00ADB20C
:10310000280006F0C1F80022D44B06F0D7F83200B0
:103110003B0006F0D8F90022C34B06F0CFF806F0CA
:10312000A9F9E279217A0906090C0A436379A179A0
:103130000906090C0B43E17825792D062D0C29434E
:1031400092B20A25554300959BB2020016001D005D
:10315000080080B206F098F80022854B06F0AEF821
:1031600006F088F901002B003200CF4801F0A0F8EA
:10317000C2E00598441C00F0D9FCBDE00598441C51
:10318000D34801F095F8E07E217F0906090C084339
:10319000627EA17E0906090C0A43E37D217E0906B1
:1031A000090C0B436178A5782D062D0C2943544D4D
:1031B000039580B2029092B201929BB20093631D7C
:1031C000227989B2207800F043FA95E00598441CF2
:1031D000CC4801F06DF8E07F641CE17F641E0906B5
:1031E000090C0843E27E217F0906090C0A43637E2D
:1031F000A17E0906090C0B43E57D217E0906090C19
:103200000D436178A6783606360C314380B20390C0
:1032100092B202929BB20193ADB20095631D2279E6
:1032200089B2207800F014FA66E00598441CA8489A
:1032300001F03EF8E07B217C0906090C0843627B23
:10324000A17B0906090C0A43E37A217B0906090CD4
:103250000B436178A5782D062D0C2943284D039545
:1032600080B2029092B201929BB20093631D2279C8
:1032700089B2207800F0ECF93EE00598441CC5487E
:1032800001F016F8207800280BD106201B4988731E
:103290006079A1790906090C084380B204F09CFB0F
:1032A00003E02178CA4801F003F825E00598441CA2
:1032B000207A00280DD1607A00280AD06079A1799F
:1032C0000906090C0843627A21000A3180B204F031
:1032D000E5FB00F0BDFC0FE00598441CCC4800F075
:1032E000E7FF00200549887304F06AFA04E00598B6
:1032F0000178C84800F0DCFF88E100BF0811002019
:10330000FFFF0000B4060410E006041030000020A7
:1033100007980390039908784A781206120C104314
:1033200080B2001F00D1CDE0801E00D146E1BA4935
:10333000401A00D120E1401E00D1CBE0401F00D157
:10334000BAE0801E00D1DFE0401E00D1BBE0401E8D
:1033500000D103E1B149401A0CD0001F77D00938E1
:1033600000D17DE0401E08D034E100BF20070410EA
:103370000000F43F0398801C36E10398861CA8489F
:1033800000F096FF307A717A0906090C0843B37988
:10339000F1790906090C0B43327971790906090C98
:1033A0000A43317B019180B200909BB292B2B17816
:1033B0009C4800F07DFF307B022802DAB0780028BC
:1033C00004D0994800F074FF04240DE0307971793D
:1033D0000906090C084380B2252804D0934800F060
:1033E00067FF022400E00024307871780906090C98
:1033F00008438F4D290028310291012101912100BC
:1034000089B20091F723F522F17880B201F0E0FD56
:1034100007003800C0B2002808D03900C9B285487A
:1034200000F046FFF2E000BF00005940824800F083
:103430003FFF200080B2002808D13078717809065B
:10344000090C0843298D80B205F01EFECCE07B48B4
:1034500000F02EFF05F026FEC6E000BF0000F4BF1E
:10346000774800F025FF0398861CB178F0780006B5
:10347000000C0143307872781206120C1043714C24
:1034800001AA00922300F52289B280B201F0C2FDA8
:1034900005002800C0B2002808D02900C9B26A4837
:1034A00000F006FFB2E000BF540704102100684698
:1034B000808805F01BFE97E0644800F0F9FE039851
:1034C000801C91E090E0B24800F0F2FE8CE000BF7A
:1034D000C4070410AF4800F0EBFEAF4954488089A0
:1034E00001F0D1FC694608746846007C002805D0CC
:1034F0006846017CA94800F0DBFE02E0A84800F025
:10350000D7FE71E0F8070410A64800F0D1FE03983A
:10351000001D06F0B3F80100A34800F0C9FE0398AF
:10352000001D06F0ABF80100A04800F0C1FE012428
:103530002100C9B23E48808901F0AEFC694608749A
:103540006846007C002805D06846017C984800F059
:10355000AFFE02E0974800F0ABFE45E0964800F071
:10356000A7FE0398841C207861780906090C08439B
:1035700080B205F057F837E0904800F099FE0398C4
:10358000841CA078002807D0E278A1788C4800F04D
:103590008FFE04E02C0804108A4800F089FE8AA0FF
:1035A00000F086FEA078002807D12078617809060F
:1035B000090C084380B204F0B8F815E00398841CA5
:1035C0002178824800F074FEFFF79AFA0CE000BF01
:1035D000640804100398017842781206120C114313
:1035E00089B27B4800F064FE10E00698841C2178C4
:1035F000784800F05DFE2078042801DAFFF780FAB1
:1036000004E006980178BC4800F052FE09B0F0BD15
:10361000740804109C080410FB030000F50300006C
:10362000B8080410E8080410300904105409041004
:103630000811002068090410A4090410D40904101A
:103640000C0A041032110020380A0410700A041009
:10365000F5B583B00F001D000A9E390089B2A74856
:1036600000F026FE2878029068780190A8780090F3
:10367000EB782A796979A24800F01AFE300080B20E
:1036800005F002FE00229F4B05F018FE0022802369
:103690005B0305F0D5FE22D8300080B205F0F4FDC2
:1036A0000022984B05F00AFE00900191300080B294
:1036B00005F0EAFD0022934B05F000FE05F0DAFE6E
:1036C00005F0F2FD02000B000098019905F05EFF85
:1036D00000228D4B05F0F2FD05F0CCFE1FE030001E
:1036E00080B205F0D1FD0022864B05F0E7FD05F024
:1036F000C1FE05F0D9FD00900191300080B205F0C7
:10370000C3FD0022814B05F0D9FD009A019B05F015
:10371000DAFE00227C4B05F0D1FD05F0ABFE6946D8
:10372000098E0A224A43009269468B8D020001925B
:103730001C00300080B205F0A7FD0022714B05F09F
:10374000BDFD05F097FE01002300019A704800F0CE
:10375000AFFD704CA07B012802D10320A07301E0D3
:103760000220A073A7812B006846027C6846818EE8
:10377000380080B203F0B8FF67480021017047802D
:1037800005F000FB2000103002F0FCFA05B0F0BD9F
:10379000980A0410C80A041007B20100F00A0410C5
:1037A000240B04104C0B0410800B04109C0B041011
:1037B000B40B0410000C0410400C0410640C041032
:1037C000900C0410D00C04100A000000E80C041047
:1037D000080D0410200D04107CB506003000C0B2A6
:1037E000002803D0022873D05CD384E0494C01AA9E
:1037F00001A9491CA08901F038FC05002800C0B2CD
:10380000002805D02900C9B2444800F051FD48E025
:10381000434800F04DFD68460279684641794148C9
:1038200000F046FD6846407902281FD168460079BD
:1038300002281BD1012201213B4800F039FD002064
:103840000090012301220021A08901F019FC05004C
:103850002800C0B2002803D0AE4800F029FD20E0C7
:10386000AD4800F025FD00F066F91AE002220221C1
:103870002D4800F01DFD00200090022302220021AF
:10388000A08901F0FDFB05002800C0B2002803D08C
:10389000A04800F00DFD04E09F4800F009FD00F095
:1038A0004AF928E013211B48808901F0B8FA050085
:1038B0002800C0B2002805D02900C9B2974800F0FE
:1038C000F7FC04E0964800F0F3FC00F034F912E055
:1038D0001048808901F058FB05002800C0B200287C
:1038E00005D02900C9B28F4800F0E2FC02E08E4802
:1038F00000F0DEFCFFE773BD400D0410540D041012
:10390000980D04100000F43F000059400000F4BF7F
:10391000DC0D041008110020300000204C0E0410B3
:10392000740E0410940E0410B40E0410F0B591B08F
:103930000700A0200D90B4210C913A00D2B2002AC9
:103940000DD0012A06D0022A12D0042A13D0052A4B
:103950001BD030E00D900C9104200B902BE0C82080
:10396000C0000D90FA20C0000C9005200B9022E0C2
:1039700000200B901FE0C82080000D900C900020CC
:103980000B90FA2040000E9015E01321BB4880896F
:1039900001F045FA04002000C0B2002805D0210043
:1039A000C9B25E4800F084FC04E05D4800F080FC91
:1039B00000F0C1F8FFE73800C0B20028012808D99C
:1039C000801E6DD0801E00D184E0801E00D19DE05D
:1039D0009DE0062100220FAD280000F0D3FB00205F
:1039E0000A900020099001200890002007900120F3
:1039F00006900020059000200490002003900020F5
:103A00000290072001900C9800900D9B1322022138
:103A1000002005F03EFE06003000C0B2002805D0B0
:103A20003100C9B2964800F043FC05E00B98934979
:103A30008873944800F03CFC934B0F220321002034
:103A400005F05CFE05002800C0B2002805D0290062
:103A5000C9B28E4800F02CFC02E08D4800F028FC32
:103A60000FAA0121012005F04DFE04002000C0B284
:103A7000002805D02100C9B2864800F019FC0EE0EC
:103A8000854800F015FC854D280002F07BF93800D0
:103A9000C0B2012803D18249280002F040F936E083
:103AA00000220021002005F02DFE04002000C0B2FD
:103AB000002808D00B98714988732100C9B2794851
:103AC00000F0F6FB02E0784800F0F2FB734802F0E9
:103AD00059F91CE00E9880B200900B9B9BB20C9A97
:103AE00092B20D9989B26548808901F05EFA0400AE
:103AF0002000C0B2002805D02100C9B26B4800F0F8
:103B0000D7FB02E06A4800F0D3FB00E0FFE711B00A
:103B1000F0BD0000E80E0410F00E0410FC0E0410BE
:103B2000280F04104C0F0410840F041080B50120DE
:103B300001F027FD01BD80B5012001F03BFD01BD75
:103B400010B504000220FFF7F1FE0020FFF7EEFEA3
:103B500010BD10B50200D2B2120903071B0F1400EA
:103B6000E4B20A2C03DB140037340C7002E01400BA
:103B700030340C701C00E4B20A2C03DB1C00373418
:103B80004C7002E01C0030344C7010BD70B5040065
:103B90000E0000252800C0B2205C002819D02800A3
:103BA000C0B2002813D02800C0B22018401E0078F0
:103BB00058280CD12800C0B2205C582807D1280012
:103BC000C0B22118491E3078FFF7C3FF01E06D1C19
:103BD000E0E770BDF7B504000E00002528003100B5
:103BE000C9B280B289B2884230D2280080B2205C4B
:103BF0000700280080B2201840786946087068469F
:103C0000007809281DD1280080B23900C9B24018B7
:103C1000205C582814D1280080B23900C9B240185D
:103C20002018401E007858280AD1280080B2390098
:103C3000C9B240182118491E02980078FFF789FF81
:103C4000FFE73800C0B22D186D1CC7E7F7BD7047FD
:103C5000704780B50948817B002902D0817B052906
:103C60000AD1807B002801D1FFF7F1FF0220FFF786
:103C70005DFE0120FFF75AFE01BD00000811002083
:103C8000B40F0410F80F0410540200203010041078
:103C90006C10041098100410D41004101811002097
:103CA000905F01000411041030110410541104102D
:103CB0009811041010B503F0FFF95C4C21000020AE
:103CC00003F0C6FA5A49012003F0C2FA59480460C9
:103CD00010BDFEB504000F0016001D002000C0B28C
:103CE000022803D152485349086002E04F48514925
:103CF000086001956846008C00903B00320092B24B
:103D00002100C9B24B48006803F006FB010008001F
:103D1000C0B2002801D1002008E00800C0B202288B
:103D200002D10020C04301E00120C043FEBDF3B535
:103D300083B017001E000A9D6846007C022804D14B
:103D40003B483C490860012403E038483949086091
:103D500000246846007B02280CD102A800902B00AA
:103D60009BB23200390089B23248006803F0B4FADD
:103D7000010018E06846007B002805D12D48016845
:103D80002000C0B203F064FA02A80190280080B2BB
:103D9000009033003A0092B26846017C25480068E2
:103DA00003F073FA01000800C0B2002801D100201E
:103DB00008E00800C0B2042802D10220C04301E09C
:103DC0000120C04305B0F0BD70B506000D00140021
:103DD00023009BB22A00310089B21648006802F025
:103DE000BAFD0100002901D1002006E0002902D51A
:103DF000A4B2200001E00220C04370BD10B5040051
:103E00002000C0B2022808D10A480168084A91423D
:103E10000AD0006803F0B4FA06E02000C0B203281C
:103E200002D1002003F0B2FA10BD0000B81A002041
:103E3000C81A0020081B002001201F49086000202C
:103E4000704700B50120C0431B490968012901D111
:103E50000021080040B200BD00B50020EFF3108142
:103E600072B6154A1368012B03D00122D243100009
:103E700001E00323136081F3108840B200BD00B558
:103E80000020EFF3108172B60B4A1368032B03D0A6
:103E90000122D243100001E00123136081F3108856
:103EA00040B200BD38B505000C00220003492800CF
:103EB00005F09FFC32BD0000480400207C2804105F
:103EC00000B5BFF34F8F9D489D490860BFF34F8FEA
:103ED00000BFFDE79B4800680005000D704799484A
:103EE0000068010B49B2484240B270470069704710
:103EF00081B095490A6802430A600968014000914F
:103F0000009901B0704781B090490A6802430A6085
:103F1000096801400091009901B0704781B08C4957
:103F20000A6802430A60096801400091009901B0E3
:103F3000704700B5864909680140814201D10120DE
:103F400000E0002000BD83490A6802430A60704710
:103F500080490A6882430A60704780B505F05AFEBE
:103F600000F012F800F03AF800F098F800F057F876
:103F700000F06EF800F048F800F0A2F8002005F01C
:103F8000B9FE05F087FFFCE738B588B0182100249A
:103F9000220002AD280000F0F5F8082122006D464D
:103FA000280000F0EFF803200290802040020390E8
:103FB0001020059002A806F007F9002801D000F0B3
:103FC000DBF80094202001900021684606F0FAF901
:103FD000002801D000F0D0F809B030BD10B586B08F
:103FE000182100226C46200000F0CCF8022000903E
:103FF000802040010590684606F0C6FA002801D0EE
:1040000000F0BAF806B010BD80B5534853490160BE
:1040100006F074FB002801D000F0AEF801BD80B5B9
:104020004F48006800900120FFF783FF002808D167
:104030000120FFF788FF0120FFF78AFF0120FFF72B
:104040006DFFC020C0050090684606F0AFFC01BDC2
:104050003EB50821002422006D46280000F092F8A9
:104060000120FFF766FF002808D10120FFF76BFF52
:104070000120FFF76DFF0120FFF750FF3948FFF7E0
:1040800035FF1028FAD36846A0214900018021009D
:1040900081700194684601F06EFB37BD18B585B09C
:1040A0000820FFF725FF0420FFF722FF01F0D8FAD0
:1040B000142100226C46200000F064F806B010BD08
:1040C00010B586B01020FFF71EFF2020FFF71BFF62
:1040D000254C264820600720E0610420A0610220D2
:1040E0002062802000026062C020C00360618020E6
:1040F000000320610120E060200006F091FF00280D
:1041000001D000F039F80C2000900020019003212C
:1041100002910390049016480590FFF7DBFE1549C5
:10412000884205D0FFF7DBFE0490FFF7D3FE059031
:104130006946200007F08CF806B010BD0400FA05AF
:104140000CED00E01C1E0010500040485800404894
:104150006000404840004048E81A00200000304815
:104160008025041000180060A018002000600041A5
:1041700055050000FF0F000080B572B6FFF7A0FEE6
:1041800001BD2E001206130A1A43130C1A4300BF76
:10419000094205D0830707D00270401C491EF9D19F
:1041A000704700000022FFE71300103906D330B437
:1041B0001400150010393CC0FCD230BC490700D3B4
:1041C0000CC000D504C0890002D30280801C0029E5
:1041D00000D502707047430070B4103A03D378C919
:1041E000103A78C0FBD2530701D318C918C001D5C3
:1041F00008C908C0D20704D30B880380891C801C1F
:10420000002A01D50B78037070BC70478B0701D171
:104210008307E1D0124205D00B78491C0370401C83
:10422000521EF9D170478300850007000700830004
:10423000850005000700030003000F000500820051
:1042400081000500B0B50546C07A1224802829D81F
:10425000298C172926D31448821D914222D8298AF5
:1042600017291FD381421DD8A87E00281AD000F03C
:10427000D5FA002808D0E87E002813D0802811D86D
:10428000287F401E0E280DD808483422294607F002
:1042900091F807F057F9002803D407F087FB0024B2
:1042A00000E087242046B0BDFA0300001419002066
:1042B0000EB4C0B5020003A801900020009001AB2D
:1042C0000121044878440C3007F0DAFB029906B06B
:1042D000084700BF5DDE020080B508F075FB80BDB9
:1042E00080B508F04FFC80BDF0B58BB007000E0024
:1042F00015001C001AA800780A9019A800780990E7
:1043000018A80078089017A80078079016A80078D9
:104310000690694654200856059014A80078049029
:104320001398039012A80078029011A800780190C9
:104330001098009023002A0092B23100C9B23800D0
:10434000C0B208F043FC0BB0F0BDF8B507000E009A
:1043500015001C0023002A0092B23100C9B23800B7
:10436000C0B208F0D1FCF2BD70B506000D0014001B
:1043700022002900C9B23000C0B208F0E9FC70BDCB
:1043800038B505000C002100C9B22800C0B208F001
:1043900065FD32BD80B508F079FD02BD10B50400A1
:1043A000200080B208F094FD10BD38B505000C0067
:1043B000210089B22800C0B208F0B0FD31BD38B587
:1043C00005000C002100C9B2280008F0CBFD32BD69
:1043D00038B505000C002100C9B2280008F0D6FD50
:1043E00032BD10B504002000C0B208F05BFE10BD65
:1043F00010B504002000C0B208F07AFE10BD38B538
:1044000005000C002100C9B22800C0B208F098FED7
:1044100031BD10B50400200080B208F098FE10BD38
:1044200038B505000C002100280008F091FE32BDCF
:1044300070B506000D00140022002900C9B230003A
:10444000C0B208F09FFE70BD10B504002000C0B2DD
:1044500008F0C1FE10BD10B50400200008F0CCFE2D
:1044600010BD80B508F0E4FE02BD10B504002000C8
:10447000C0B208F009FF10BD10B50400200080B2E2
:1044800008F028FF10BD38B505000C0021002800F9
:1044900008F026FF32BD38B505000C0021002800C9
:1044A00008F048FF32BD10B50400200080B208F0CB
:1044B00071FF10BD80B508F0D5FF02BD80B508F0D2
:1044C000D3FF02BD80B508F0D1FF02BD80B508F072
:1044D000CFFF02BD80B508F0CDFF02BD80B508F06A
:1044E000CBFF02BD38B505000C002100280008F004
:1044F000DFFF32BD38B505000C002100280009F0AF
:1045000007F832BD38B505000C002100280009F07D
:104510001BF832BD38B505000C002100280009F059
:104520002FF832BD38B505000C002100280009F035
:1045300067F832BD38B505000C002100280009F0ED
:10454000A5F832BD38B505000C002100280009F09F
:10455000CDF832BD38B505000C002100280009F067
:10456000E3F832BD38B505000C002100280009F041
:10457000F7F832BD38B505000C002100280009F01D
:104580000DF932BD38B505000C002100280009F0F6
:104590001BF932BD38B505000C002100280009F0D8
:1045A00031F932BD38B505000C002100280009F0B2
:1045B0003FF932BD38B505000C002100280009F094
:1045C00053F932BD80B509F095F902BD10B504006C
:1045D000200009F0C9F910BD80B509F0C7F902BD86
:1045E00010B504002000C0B209F0C2F910BD38B502
:1045F00005000C0021002800C0B209F0CBF931BD44
:1046000038B505000C0021002800C0B209F0DAF925
:1046100031BD80B509F016FA02BD80B509F014FA73
:1046200002BD10B50400200080B209F05FFA10BD91
:1046300010B50400200080B209F024FB10BD10B5B5
:104640000400200009F056FB10BD10B50400200046
:10465000C0B209F0A5FB10BD10B50400200009F0A0
:10466000B5FB10BD10B50400200080B209F01EFC9F
:1046700010BD10B50400200009F008FD10BD10B5F4
:104680000400200080B209F077FD10BD10B50400D1
:10469000200080B209F094FE10BD10B50400200087
:1046A000C0B209F0CBFE10BDFEB507000E0015002C
:1046B0001C0009A80078019008A800780090230049
:1046C000DBB22A00D2B23100C9B23800C0B209F060
:1046D0000BFFF7BD38B505000C002100280009F0DC
:1046E000B3FF31BD10B504002000C0B209F0F4FFE3
:1046F00010BD10B50400200080B209F0F5FF10BD18
:1047000010B50400200080B20AF00AF810BDFEB512
:1047100007000E0015001C000A98029009980190ED
:10472000089800902300DBB22A00D2B23100C9B24F
:1047300038000AF011F8FEBDFEB507000E001500A6
:104740001C00099801900898009023002A00D2B21A
:104750003100C9B238000AF05DF9FEBDFEB50700B0
:104760000E0015001C0009A80078019008A8007828
:10477000009023002A00D2B23100C9B238000AF0FA
:104780007FFAFEBDF8B507000E0015001C002300DF
:104790002A00D2B23100C9B23800C0B20AF0D2FA4F
:1047A000F1BD80B50AF058FB01BD10B50400200032
:1047B0000AF066FB10BD38B505000C00210028008A
:1047C0000AF0F8FC32BD70B506000D00140022009E
:1047D0002900C9B230000AF02DFD70BD80B50AF085
:1047E0007BFD02BD10B5040020000AF077FD10BD6E
:1047F00038B505000C00210028000AF0EBFD32BDA1
:1048000038B505000C00210028000AF004FE31BD77
:1048100010B5040020000AF00AFE10BD80B50AF0B1
:1048200029FE02BDF8B507000E0015001C0023008C
:10483000DBB22A00D2B23100C9B23800C0B20AF0ED
:104840001BFEF1BD10B504002000C0B20AF030FE1E
:1048500010BDF8B507000E0015001C00069800906A
:1048600023009BB22A00310038000AF035FEF1BD6A
:1048700038B505000C002100C9B228000AF0ECFE92
:1048800031BD80B50AF0BEFF01BD38B505000C0092
:104890002100C9B228000AF0BDFF31BDF8B50700FC
:1048A0000E0015001C0023002A00310038000AF019
:1048B000D5FFF2BDF8B507000E0015001C0023005F
:1048C0002A00D2B23100C9B23800C0B20BF012F8DF
:1048D000F2BD10B504002000C0B20BF045F810BDC9
:1048E00038B505000C00210028000BF087F831BD19
:1048F00010B50400200080B20BF08EF810BD80B51A
:104900000BF01EF902BD38B505000C002100C9B23C
:1049100028000BF017F931BD80B50BF03DF901BD52
:1049200080B50BF055F901BD80B50BF067F901BDFD
:1049300010B5040020000BF079F910BD10B504008B
:104940002000C0B20BF08AF910BD10B504002000A1
:104950000BF08EF910BD80B50BF0CEFA01BD70B52D
:1049600006000D0014002200D2B22900C9B23000A6
:10497000C0B20BF0E3FA70BD80B50BF013FB02BDC3
:1049800010B5040020000BF015FB10BD10B504009D
:1049900020000BF023FB10BD10B5040020000BF02D
:1049A00031FB10BD10B5040020000BF03FFB10BD23
:1049B00010B5040020000BF063FB10BD80B50BF0B8
:1049C000D9FC01BDF8B507000E0015001C006846B3
:1049D000007E00902300DBB22A00D2B23100C9B2BF
:1049E0003800C0B20BF0D4FCF1BD10B504002000BB
:1049F000C0B20BF0F5FC10BD38B505000C0021006D
:104A0000C9B228000BF004FD31BD70B506000D00E1
:104A10001400220029003000C0B20BF06DFD70BD03
:104A200010B504002000C0B20BF084FD10BD10B51D
:104A3000040020000BF09AFD10BD38B505000C00F5
:104A40002100C9B228000BF0BBFD32BD38B505000E
:104A50000C00210028000BF0E1FD31BD10B5040071
:104A600020000BF00DFE10BD38B505000C00210034
:104A7000C9B228000BF038FE31BD10B5040020008B
:104A80000BF07EFE10BD10B5040020000BF07FFE81
:104A900010BDFEB507000E0015001C00099801901E
:104AA00008A8007800902300DBB22A00310038000B
:104AB0000BF074FEFEBD70B506000D001400220060
:104AC000D2B2290030000BF063FF70BD10B50400B6
:104AD0002000C0B20BF0AAFF10BD38B505000C00D5
:104AE0002100C9B22800C0B20BF0F8FF31BD70B58B
:104AF00006000D0014002200D2B22900C9B2300015
:104B00000CF058F870BD10B5040020000CF09AF8B5
:104B100010BDF8B507000E0015001C002300DBB225
:104B20002A00D2B23100C9B238000CF0A7F8F1BDAA
:104B300038B505000C00210028000CF00FF932BD3B
:104B400010B5040020000CF055F910BD10B504009C
:104B50002000C0B20CF080F910BD10B50400200098
:104B6000C0B20CF0ABF910BD10B5040020000CF081
:104B7000BBF910BD10B5040020000CF00DFA10BDFB
:104B800080B50CF063FA01BD10B50400200080B2BE
:104B90000CF064FA10BD10B5040020000CF0EEFA21
:104BA00010BD10B504002000C0B20CF031FB10BDE8
:104BB00080B50CF07BFB01BD80B50CF07FFB02BD26
:104BC00010B504002000C0B20CF082FB10BD10B57F
:104BD00004002000C0B20CF0ABFB10BD70B50600A5
:104BE0000D0014002200290030000CF01BFC70BDE9
:104BF00010B5040020000CF04FFC10BD38B50500C6
:104C00000C00210028000CF083FC31BD10B504001D
:104C100020000CF0B7FC10BD38B505000C002100D9
:104C2000280080B20CF0E6FC32BD10B50400200074
:104C30000CF0F4FC10BD80B50CF0B0FD02BD10B559
:104C4000040020000CF0ACFD10BDF8B507000E000C
:104C500015001C0023009BB22A0092B2310089B2D9
:104C6000380080B20CF0B6FDF2BDF0B587B0070099
:104C70000E0015001C0012A80078069011A80078FC
:104C8000059010A8007804900FA8007803900EA853
:104C9000007802900DA8007801900CA80078009090
:104CA0002300DBB22A00D2B23100C9B23800C0B250
:104CB0000CF01CFE07B0F0BD10B5040020000CF095
:104CC00043FE10BD10B5040020000CF081FE10BDA5
:104CD00010B5040020000CF02BFF10BD10B504002F
:104CE00020000CF03FFF10BD10B5040020000CF0B8
:104CF00051FF10BD10B5040020000CF065FF10BD81
:104D000010B5040020000CF077FF10BD10B50400B2
:104D100020000CF099FF10BD10B5040020000CF02D
:104D2000C1FF10BD10B5040020000CF0DBFF10BD6A
:104D300010B504002000C0B20DF01EF810BD10B573
:104D4000040020000DF038F810BD10B5040020005C
:104D50000DF04EF810BD10B5040020000DF076F8EF
:104D600010BD10B50400200080B20DF0A9F810BDF0
:104D700010B5040020000DF085F910BD10B5040039
:104D800020000DF097F910BD10B50400200080B28E
:104D90000DF0B8F910BD10B50400200080B20DF080
:104DA000B5F910BD10B5040020000DF075FA10BD66
:104DB00010B5040020000DF0C5FA10BD10B50400B8
:104DC00020000DF0EBFA10BD80B50DF01FFB01BD0A
:104DD00080B50DF06BFB01BD10B50400200080B262
:104DE0000DF0C8FB10BD10B50400200080B20DF01E
:104DF000D3FB10BD10B50400200080B20DF0EEFB17
:104E000010BD10B50400200080B20DF00BFC10BDE9
:104E100010B50400200080B20DF0BEFC10BD38B506
:104E200005000C002100C9B2280080B20DF0CAFCB8
:104E300032BD10B504002000C0B20DF0C7FC10BD9B
:104E4000FEB507000E0015001C000AA800780290AD
:104E500009A80078019008A8007800902300DBB230
:104E60002A00D2B23100C9B23800C0B20DF0B6FC8F
:104E7000FEBD38B505000C002100C9B2280080B283
:104E80000DF0F0FC32BD38B505000C002100280003
:104E900080B20DF0EFFC32BD38B505000C002100EA
:104EA000C9B2280080B20DF0F1FC32BD80B50DF022
:104EB000F5FC02BDF8B507000E0015001C0023002C
:104EC0002A003100C9B23800C0B20DF0ECFCF2BDCE
:104ED00038B505000C0021002800C0B20DF0EDFC33
:104EE00032BD10B5040020000DF0F5FC10BD10B56A
:104EF000040020000DF0F3FC10BD38B505000C00D7
:104F0000210089B228000DF0EEFC32BD10B504007E
:104F100020000DF0ECFC10BDFEB507000E001500E2
:104F20001C00099801906846008C00902300DBB2B9
:104F30002A0092B2310089B2380080B20DF0DBFC59
:104F4000FEBDFEB507000E0015001C00099801907B
:104F50006846008C00902300DBB22A0092B2310038
:104F600089B2380080B20DF0D5FCFEBDF8B507005F
:104F70000E0015001C0023002A00310089B2380001
:104F800080B20DF0D0FCF2BD10B50400200080B25C
:104F90000DF0CDFC10BD38B505000C00210089B224
:104FA000280080B20DF0C7FC32BDF8B507000E0036
:104FB00015001C006846008B009023009BB22A005D
:104FC00092B2310089B2380080B20DF0B8FCF2BD67
:104FD000FEB507000E0015001C000A98029009A8F3
:104FE000007801906846008C009023009BB22A0054
:104FF00092B23100C9B2380080B20DF0ADFCFEBDF6
:1050000038B505000C00210089B2280080B20DF0EF
:10501000F7FC32BDF8B507000E0015001C0006981D
:10502000009023002A0092B2310089B2380080B289
:105030000DF0EAFCF2BD38B505000C00210089B284
:10504000280080B20DF0E6FC32BDF8B507000E0076
:1050500015001C002300DBB22A0092B2310089B295
:105060003800C0B20DF0DAFCF2BD70B506000D00DC
:10507000140022002900300080B20DF0E5FC70BD64
:10508000F8B507000E0015001C006846008B009064
:105090002300DBB22A00D2B23100C9B2380080B29C
:1050A0000DF0DBFCF2BD10B50400200080B20DF065
:1050B000DFFC10BD38B505000C002100C9B2280086
:1050C00080B20DF0E2FC32BDF8B507000E0015000D
:1050D0001C0023002A00D2B2310089B2380080B20D
:1050E0000DF0E2FCF2BD0300FFFFFFFFFFFFFFFF3B
:1050F000FFFFFFFFFFFF010000000000FFFF0100B6
:105100000000FFFFF1B50F0000203880264C200082
:10511000FFF7E7FE05002800C0B2002802D02800F3
:10512000C0B240E02000FFF7E2FE040068460078CD
:10513000C0070CD5210089B21C48FFF7DEFE050030
:105140002800C0B2002802D02800C0B22BE01748C7
:10515000FFF7DCFE3880210089B21548FFF7CDFE4D
:1051600006003000C0B2002802D03000C0B21AE001
:10517000210089B20F48FFF7C0FE05002800C0B229
:10518000002802D02800C0B20DE0210089B20A48F0
:10519000FFF7B3FE01000800C0B2002802D00800EB
:1051A000C0B200E00020F2BDC003002010240410B3
:1051B00034240410582404107C24041080B50228E0
:1051C00001D9122080BD0DF083FC80BDFFB581B0F8
:1051D0000A9F002503980580049805803D80684655
:1051E000007905210140002936D0634E3000FFF7D9
:1051F00078FE6946087068460078002802D0684644
:1052000000782AE05D4C2000FFF780FE03990880BB
:1052100020002430FFF77AFE049908803000FFF761
:1052200066FE694648803D806846007A02280ED1B5
:105230006846418820006C30FFF75FFE69460870C1
:1052400068460078002802D06846007805E04C4A9D
:105250000821002000F003F8002005B0F0BDF8B5EB
:1052600007000E0015004548FFF750FE0400641CBF
:105270002B00320092B2390089B2200080B200F0D7
:1052800014F8F2BDF8B507000E0015003D48FFF711
:105290003DFE0400641C2B00320092B2390089B23A
:1052A000200080B200F001F8F2BDFBB584B015001B
:1052B00000242000C0B2052816D230482100C9B20F
:1052C000242251434018FFF721FE694608806846B2
:1052D0000088002806D068460088401C6946098A74
:1052E000884201D0641CE4E72000C0B2052801D147
:1052F00012203FE0214E2000C0B224214843301844
:10530000006A80886946898A2A0092B28918884290
:1053100001DA12202EE02000C0B2242148433018C8
:10532000006A002801D1122024E0280080B20290F7
:10533000069801902000C0B2242148433018006A2A
:1053400080686946898A4718029A01993800FEF7F1
:105350005DFF2000C0B2242148433018006A007865
:10536000800706D52000C0B2242148433018006AC7
:105370004580002007B0F0BD7C030020C80200205B
:10538000B0230410EC020020E0B501A9087001224E
:10539000084611460DF0F6FB002800D08CBD01A890
:1053A00000780DF00DFC8CBD1CB5044668460DF070
:1053B00023FC0020082806D06946095C225C0A43C9
:1053C0002254401CF6E720460DF04EFC1CBD7047F1
:1053D000F1B588B072480068069071480068089975
:1053E00001406F4801606C48006802906D48006899
:1053F00001906A48006800906B4800680490684F0C
:1054000002980099014038680840002869D0019846
:1054100004990140002964D100247B4DE000285804
:105420000099014038680840002801D1641CF4E765
:10543000E000285800990140386808400390E000D7
:105440002818406803990140002904D10020C04376
:10545000E10069184860554F0399E000281840683A
:10546000084000F0D3F838600121E00028184268B5
:105470003B68080098408243E00028184260EFF340
:105480001080059072B6444802683B680800984056
:105490008243414802600226002E0DD0F0002818F9
:1054A000083802683B68080098408243F0002818DA
:1054B00008380260761EEFE7059880F310883C48B4
:1054C0003968890040588047334800680290354861
:1054D00000680190314800680090334800680490EB
:1054E0008DE70020C043314908602F4C01982168A6
:1054F000014000291FD104F0D3FCEFF3108572B6F0
:1055000025480068029027480068019023480068F9
:10551000009002980099014038680840002806D1A0
:10552000019821680140002901D104F0BAFC85F3FB
:1055300010880DF0A9FB0698386009B0F0BDF8B5E9
:1055400004000F001500EFF3108672B6200000F083
:105550005DF8800016490D5086F31088F1BD30B417
:10556000EFF3108272B60C4B1C6804431C60264B90
:10557000CC001C590443CD005C5182F3108830BC30
:105580007047EFF3108172B6064A13680343136045
:1055900081F3108870470000341B00204C04002069
:1055A00050040020381B00203C1B0020401B002022
:1055B000EC150020FEB50400244E306800903068E1
:1055C0000021C943884201D1002502E0012530684D
:1055D00085401F4F386801903C601E48016821409B
:1055E000002904D1210028000DF04FFBF5E70099B8
:1055F0003160EFF3108172B60268A243026081F35A
:10560000108801983860F7BDD81A002010B5010045
:1056100000200A00130C1B04002B02D110231800D9
:105620001204130E1B06002B01D108301202130FB7
:105630001B07002B01D1001D1201074B140F1B5D2E
:10564000C0181F23181AC0B210BD0000401B002054
:105650003C1B0020381B002018290410704770479D
:10566000704780B500200DF017FB80BD00B501002C
:1056700049B2002905D40121C206D20E91408C4ABC
:10568000116000BDC1680322914302220A43C26037
:105690007047C16803229143C160704700B5C0687C
:1056A0008007800F022801D1012000E0002000BD0A
:1056B000C16803229143C160704700B5C06880078C
:1056C000800F032801D1012000E0002000BD01610E
:1056D000704700697047816A8022D2050A4382625E
:1056E0007047816A734A0A4082627047816A080083
:1056F0004000C00F7047016B8022D2050A4302634D
:105700007047016B6B4A0A40026370470A00D2B2CD
:105710008260704741627047406A7047C16270475B
:1057200000697047816A802292050A43826270474D
:105730007047816C01220A4382647047C16C012268
:105740000A43C2647047C16C0800C007C00F7047AD
:105750004160704700218160704780687047C06871
:105760007047016901220A4302617047016908001C
:10577000C007C00F7047F1B5BC48FFF7DFFFBB485B
:10578000FFF7D7FF1720FFF771FF1420FFF76EFF19
:1057900000984068002801D0012000E00020B44CAF
:1057A00020702078002803D100988078002802D04B
:1057B00000F038FB09E0C82040032062E061B248F5
:1057C000A061B2482061B24860610098406800283A
:1057D00005D1A020C00500F087FA606014E0251D07
:1057E0000098406800030A210DF0B5FA2860A94E20
:1057F000300000F079FA6168814201D2606802E00D
:10580000300000F071FA286000252800207200980E
:105810000088A066A169A06E80B200F0E9FB2800B4
:105820008421605400260027266767678F48FFF7AA
:1058300077FF80216050A667E76720002830C0C04E
:105840000838280034216054934AA16960680DF03B
:10585000D9FA20632078942160548C2025500120AF
:1058600090216054280093216054280091216054B5
:105870002800922160542800612160542800622190
:105880006054280063216054A665E7658348A064DE
:10589000656500F032FA6268002312184B4120005F
:1058A000403000F0D9FB0121200000F02FFBF1BDBA
:1058B00000E100E0FFFFFFBFFEB500206946087071
:1058C000EFF31080029072B6694C6120205C0028D2
:1058D0000BD000F012FAA26DE36D8B4205D801D314
:1058E000824202D2002061216054029880F3108825
:1058F0002500913528789221615C884204D328786C
:105900009221615C401A06E028789221615C401A7D
:10591000802149004018002847D028789221615CF6
:10592000884206D328789221615C401A6946487003
:1059300005E028789221615C401A6946487001A907
:105940008C20205800F0C4FC8C216050019F002F57
:105950000AD03E6900203873B868002802D03800A9
:10596000B96888473700F2E7B14E6946306800F001
:10597000F3FB30606846007801280FD1EFF3108008
:1059800072B62978491C9222A25C914201D12978F1
:1059900001E02978491C297080F31088A548017816
:1059A0006A46527889180170A2E7207A002843D00D
:1059B000A148FFF7DBFE002857D000210800207225
:1059C0009420205C002806D1200093300278002A21
:1059D00001D001701CE000F0ACFC26008C3669465A
:1059E000306800F0B9FB30606846007801280FD1BC
:1059F000EFF3108072B62978491C9222A25C914282
:105A000001D1297801E02978491C297080F3108898
:105A100069462000583000F0F9FC25004035280088
:105A200000F0B0F900F069F96268002312184B41E8
:105A3000280000F011FB18E02078002815D000F0B5
:105A40005CF9220028320CCAFA2676030027B61821
:105A50005F418F4209D801D3864206D240342000EC
:105A600000F090F9200000F0DEFAF7BD00180060A9
:105A7000C014002010B5040021009A48006800F00E
:105A8000D1FD10BD00000000C2F528008D5B0000B4
:105A9000ECEB6501FFEFFFFF260300002760041019
:105AA000F8B586B000F0D5FD002801D1002080E0D7
:105AB000032600F022F904AA03C2083A02A800F063
:105AC000D8FD07005D4A6120105C002803D16220E8
:105AD000105C002803D03800C0B2012803D1632035
:105AE000105C00281ED0906DD16D0090019104A82B
:105AF00030C808388420105C002100196941946E78
:105B0000002524184D410020523445410098019948
:105B1000A94204D801D3A04201D2012049E00220C9
:105B2000060009E03800C0B2022803D03800C0B235
:105B3000012801D101203CE013008C3318680028B3
:105B400035D01868007B002831D0186803C8009051
:105B5000019104A803C804000D00906E00210019F3
:105B60006941002452306141009C019D8D4204D85E
:105B700001D3844201D201201BE03000C0B20328CF
:105B800013D11868006900280FD11868110040313E
:105B900088420AD1012093215054002000F05EFB7E
:105BA0004248FFF7AEFD032003E00220060030006C
:105BB000C0B207B0F0BDF5B583B00F000024684651
:105BC00004723800C0B2002801D0012000E020009B
:105BD0001A4D642168546846007C002801D00120D9
:105BE00000E02000602168548D4E2800283003C852
:105BF00000900191039A2800283003C8101A002150
:105C0000009A019B8018594103C6083E61202C541C
:105C100063202C5401206221685402A9300000F056
:105C2000F5FB012000F01AFB6846007A05B0F0BDD4
:105C30004C1500205215002000100060C0140020F8
:105C400070B5C024E4052000FFF723FD2000FFF716
:105C50002FFD1648FFF745FD0024AB4D61202C5465
:105C600062202C5463202C54EFF3108672B600F09F
:105C700044F8AA6DEB6D121A8B418420285C002138
:105C8000121A8B4186F31088002B04DC01DB012AF9
:105C900001D2012007E0002B04DC01DB0F2A01D236
:105CA000022000E02000C0B270BD000000180060BB
:105CB00070B5EFF3108672B67148FFF731FD04003E
:105CC000C025ED052100091D2800FFF700FD280073
:105CD000FFF7D8FC86F3108870BD70470020B149EB
:105CE000087070471400006010B50400634A8648CD
:105CF000C16920000DF086F810BD80B56946824864
:105D000000F0E2F904BD00B5801A99410A2200238F
:105D10000DF09AF8000B0A051043090B00BDF2B50F
:105D200082B00700029C0025FFF7E7FF0090019179
:105D3000200029000903020D114300030A22002359
:105D40000DF09BF8009A019B8018594102000B004E
:105D5000380000F081F90600012000F07FFAF6B269
:105D60003000FEBDF8B5070014001D0022002B0016
:105D7000380000F071F90600012000F06FFAF6B269
:105D80003000F2BDF8B50600874C27008C37310093
:105D9000386800F087FA0500002069460870307303
:105DA0003868A8421BD06946280000F0D5F9386051
:105DB00068460078002813D0EFF3108072B62100F7
:105DC00091310A78521C9223E35C9A4201D10A78FD
:105DD00001E00A78521C0A7080F3108800E03D60F0
:105DE000F1BD1CB5002000900098254C2000FFF765
:105DF00088FC6D48010091310A78521C9223C05CE6
:105E0000824201D1087801E00878401C0870200027
:105E1000FFF794FC2000FFF796FC009013BD0000F4
:105E20001815002010B5C84C2000FFF79FFC002873
:105E3000F9D017212000FFF78BFC334C20001030E5
:105E400000F00EF8E069206210BD000010B5BE4CF5
:105E50002000FFF786FC2000FFF77CFC10BD00004F
:105E600010B50400FFF7F2FFB748FFF77FFC0028EA
:105E7000FAD0200000F006F810BD00003506000042
:105E800000180060F1B584B0AF4C2000FFF765FC4E
:105E900005002000FFF761FC854201D1002D04D1EF
:105EA0002000FFF75AFC0500F3E7A84F28120290E4
:105EB000E8B2019002987843019979430912401899
:105EC000103040110499C86004980560A048009003
:105ED0002000FFF744FC06002000FFF740FC86424C
:105EE00001D1002E04D12000FFF739FC0600F3E7B2
:105EF000B011009941430A0080321212049B9A604B
:105F0000049A566005B0F0BDC0140020F8B5050035
:105F10000F0090480078C0B27D214843FA218900E3
:105F20000CF016FF0400641CB84AA9691B200CF091
:105F300069FFB7490870B7480078C0B200F03FF871
:105F40003D216854B44E30782100C9B2401800F0A9
:105F500036F838216854B1480078C0B22100C9B27F
:105F6000401800F02CF839216854AD480078C0B2D0
:105F700000F025F83A216854C6480078C0B200F015
:105F80001EF83B2168543800C0B2002808D0307891
:105F90002100C9B2401800F009F81B303C216854B8
:105FA000F1BD000023150020C0140020010068206E
:105FB0004843DB224A43000A120C8018704738B568
:105FC0000400B54840690021220000230CF03CFF8A
:105FD000032200230CF038FF02000B008020C004D5
:105FE000002180185941C00E4D012843C90E32BD11
:105FF00070B506000C00854A2100300080B20CF01C
:1060000001FF050080204001854201DBA348050017
:10601000102D01DA1020050028110100C9B2A04896
:10602000FFF774FB70BD38B505009B4C207A002843
:1060300006D12078002801D0FFF708FF0120207248
:10604000FFF75BFE00226430514102000B0020008C
:10605000403000F001F831BDF8B5040016001F0013
:10606000002069460870207B002801D0012028E02C
:10607000C0C4083C01202073124D2100286800F0A4
:10608000D1F8A0421BD16946200000F065F82860D5
:1060900068460078002812D0EFF3108072B67E4B6D
:1060A000190091310A78521C92255B5D9A4201D108
:1060B0000A7801E00A78521C0A7080F3108868465A
:1060C0000078F2BD4C150020F2B584B00600EFF365
:1060D0001080019072B6306F716F02AA03C2083A45
:1060E0006F48FFF71DFB0499086004980068802141
:1060F0007158401A0090C34F02A830C808383A00BF
:10610000F16900980CF07EFE00210019694104003D
:106110000D00B06FF16F8D420DD801D384420AD2C9
:106120003A00F1690020C0430CF06CFE0021001918
:10613000694104000D00B467F567019880F3108889
:106140002000290005B0F0BD00100060F6BC08007A
:1061500053070000CE000020F8B584B006000D0003
:106160003400009600202870002C26D0207B0028C8
:1061700021D0EFF3108772B6FFF7BFFD02000B00CE
:1061800003CC083C801A994102AA03C2083A02A82B
:1061900003C800290ADB01DC012807D301210A001A
:1061A00002A803C8110000F010F801E001202870D7
:1061B00087F3108801E02469D6E72878002801D009
:1061C000009800E0200005B0F0BDF8B504000F0015
:1061D0000E4A3148816920000CF014FE212801D3B9
:1061E000060000E02026884C2000FFF799FA050001
:1061F000A91908312000FFF791FA2000FFF792FA61
:106200002000FFF778FA2800F2BD00002603000006
:10621000C5000020C6000020C8000020C9000020E2
:10622000CA000020F8B504000F00250000260094E5
:10623000002D0BD00CCD083D03CF083F8B4205D875
:1062400001D3824202D22E002D69F1E73D61002E7A
:1062500001D1009700E037610098F2BD38B5040025
:106260002000C0B200280BD09C480500903529784A
:1062700000290DD14030FFF7D6FE0120287007E03D
:10628000964D28004030FFF77DFD00209021685496
:1062900031BD0000CB000020C0140020FF0F000023
:1062A0000018006030B50200130000241000002B1D
:1062B00004D08B4202D01C001B69F8E7002B06D0EB
:1062C000934202D11D69280001E01D69256130BD9E
:1062D000F2B584B007003C000025019500970498B2
:1062E00007602E00002C19D0207B002812D0FFF769
:1062F00004FD02000B0003CC083C801A994102AA5D
:1063000003C2083A02A803C8002903DB01DC0628FF
:1063100000D303E001942469761CE3E7002E03D048
:1063200001980561009401E004980560009805B0AB
:10633000F0BD38B58AB0694C207800281FD0684677
:10634000FFF7A0FD0299A06E80B2FFF751FEEFF3B8
:10635000108572B601203421605401986061029862
:10636000A061009820610398E061200000F011F81E
:1063700085F3108800212000FFF7C8FD07E0EFF348
:10638000108572B6200000F004F885F310880BB079
:1063900030BDF8B504001C48FFF7C2F90600276AB3
:1063A000184D2A00390080202058301A0CF02AFDA0
:1063B000210028310CC90839002180185941206773
:1063C00061672078002812D180202058301A216B74
:1063D00088420CD22A0039000020C0430CF012FD84
:1063E000226F636F00218018594120676167802008
:1063F0002650206F616F2200283203C2083AE069FC
:106400002062F1BD3506000000180060F2B586B0CC
:106410000600002406980470B07A00285CD02F4D46
:10642000280028300CC808386868002180185941B5
:1064300004AA03C2083AEFF3108772B6FFF75DFCB7
:1064400002AA03C2083A03CE083E0090019104A8B4
:1064500003C8C8229202002312184B4100980199E8
:10646000994210D301D890420DD304A803C8B92291
:106470005200002312184B4102A803C88B4229D8AE
:1064800001D3824226D202A803C800220A30514119
:106490000090019103CE083E00224C389141009AB1
:1064A000019B8B4211D801D382420ED2327A317BCA
:1064B0000B0003CE083E190000F012F80699087090
:1064C000B47201207072F07204E062202C5401203A
:1064D0000699087087F3108807B0F0BDC01400203B
:1064E000F7B586B06846007F012813D108A8007868
:1064F000002807D07C483821415C00913C21405C59
:1065000001901AE078483921415C00913C21405CBF
:10651000019012E008A80078002807D072483A21BC
:10652000415C00913C21405C019006E06E483B21BB
:10653000415C00913C21405C01906B4C069D03A99D
:106540002000FFF7C1FD281A0590684AA169059847
:106550000CF058FC04900198A16E4018C8300599C1
:10656000884223D2624F04983978401A0099401A21
:106570000290604D0398029941182800FFF7CAF86D
:1065800000212800FFF7D4F8C026F6053000FFF7F9
:1065900080F83000FFF78CF82800FFF79CF82800FF
:1065A000FFF7C0F800983978451818E004983D21A5
:1065B000615C401A0099401A0290C025ED050398CD
:1065C000029941182800FFF782F84A48FFF789F836
:1065D0002800FFF757F800983D21615C45180398A3
:1065E0000499401888216050029841192800401DE4
:1065F00081420CD2C024E4052000FFF74AF82000B5
:10660000FFF756F83B48FFF76CF8012007E03A4ADD
:10661000E16928000CF0F6FB842160540020C0B230
:1066200009B0F0BD7CB506000D002F4C6946200076
:10663000FFF74AFD03C5083D2F4AE1690098801B1A
:106640000CF0E0FB020003CD083D0023801A9941C5
:106650007CBD00B524489121415C9222825C91422C
:1066600004D1007A002801D1012000E00020C0B24E
:1066700000BD38B504001F4D2800FFF737F800288B
:1066800005D02800FFF748F82060032018E0C02557
:10669000ED052800FFF702F8002805D02800FFF7D5
:1066A00018F8206001200BE02800FFF706F800280A
:1066B00005D02800FFF70DF82060022000E0002040
:1066C00032BD80B5FFF78DFBFCF79CFB01BD81B0AF
:1066D0000020009000980948016801220A430260E6
:1066E0000068009001B07047C0140020260300002D
:1066F000C50000200018006035060000740000602E
:1067000010B50200136800201081508190819073B1
:1067100019000878FF2806D150681C00001B001FD4
:10672000908100201BE00878FE2803D11089401CCE
:10673000108108E00878002803D15089401C50815E
:1067400001E003200BE04888C01C03240443641CC0
:106750001B191800401D5468A042D9D3002010BD59
:10676000F6B50200079C089D200080B2002805D0E5
:1067700068464480FE2606706E4600E05668506803
:106780009768B84202D23078FF2801D1042036E061
:10679000107B002802D00020107314E05768BC461C
:1067A0007788FF1C03203843401C67463818506028
:1067B0005068060050689768B84202D23078FF28C7
:1067C00001D104201BE030780028E1D03078FE2889
:1067D00001D0032013E00800C0B2FF2804D0707875
:1067E0000F00FFB2B842D3D15068001D019F38603E
:1067F00070881880002D01D0707828700020F6BDB8
:10680000FBB584B0140000200D9908800F9801900A
:106810006846008F009002AB03AA6846017D049889
:10682000FFF79EFF05002800C0B2002802D0280014
:10683000C0B228E020006946098980B2884201D3AD
:10684000062020E068460089210089B2401A694686
:10685000098E884205DA68460089210089B2461A05
:1068600001E06846068E0398210089B24018009026
:10687000069F320000993800FDF7C8FC6846008981
:106880000D990880002007B0F0BDF7B584B0060070
:10689000069802906846808AAC49014068460180AB
:1068A0006846808A69460988401A694688700024CB
:1068B00068460088844210DA042502980019039083
:1068C00001AF2A0003993800FDF7A0FC019A3119A5
:1068D00000200CF011FB241DEAE70020C0430190CA
:1068E00068468478029869460988451801AF2200F5
:1068F00029003800FDF78AFC019A684600883118A3
:1069000000200CF0F9FA07B0F0BDFBB50400089EBA
:106910006D46521E032717437F1CFE2028706846D1
:1069200000796870B8196880009A210000200CF086
:10693000E3FA029A390089B22000001DFFF7A5FF93
:10694000099A310089B2380080B22018001DFFF783
:106950009CFF0020FEBDF8B504000D00160067681E
:106960006068A168884202D23878FF2801D10420EB
:1069700020E0207B002802D13878FE2801D00520B5
:1069800018E02800798880B2884201D3062011E0FF
:1069900000202073684602886068290089B2401888
:1069A000011D30000CF042FB002801D1002001E065
:1069B0000020C043F2BDFCB583B004000D000020F0
:1069C0000A9908806946898D002907D001A96A467D
:1069D000928D4A80FE220A7001AE00E0666861680E
:1069E000A268914202D23178FF2901D1042030E01F
:1069F000217B002902D13178FE2901D0052028E031
:106A00002900728889B2914201D3062021E02073C7
:106A10007088290089B2401A6946098A884204DAD6
:106A20007088290089B2471A01E06846078A6068C1
:106A3000290089B24018001D0290039800903A0086
:106A400002990098FDF7E2FB009870880A99088087
:106A5000002005B0F0BD38B50500FF24E443220056
:106A6000290000200CF048FA002032BD70B5040067
:106A700065686068A168884202D22878FF2801D141
:106A8000042027E02878FE2823D12800FFF7E3FF21
:106A900001000800C0B2002802D00800C0B219E00E
:106AA000BE48227814235A4382182378142673434D
:106AB000C3181B895B1E1381227814235A43821842
:106AC000237814267343C0184089401C508100204D
:106AD00000E0052070BD7FB505000C00B048281807
:106AE000C60A01A80C21FDF75DFB02962000C0B28A
:106AF0000390694601A80CF0A9FA7FBDF8B506001D
:106B00000F0015006805400D002806D12A00390045
:106B100030000CF08BFA002817D0681EA149014301
:106B2000491CC90AC9B23000FFF7D5FF0024AC42A6
:106B30000BD2200004210CF00BF980003A583119D7
:106B400000200CF0D9F9241DF1E7F1BDFCFF000095
:106B5000012101700021418081807047FFB587B01D
:106B6000109E00273C006846808C0190FF2000901A
:106B7000089D009A01992800FDF704FBFE20694654
:106B800008766846808C001B001F69464882307872
:106B900000283AD006AD681C0390B088029005A882
:106BA00001906846408A00900898210089B24018F8
:106BB000031D0022FF210798FFF722FE6946087493
:106BC0006846808AB0806846007C002804D00A9815
:106BD00004806846007C6EE06846808A68800420F5
:106BE000029006A801900898210089B240180090F0
:106BF000029A01990098FDF709FB00986888C01C6B
:106C0000032101436418641C1FE0B088019005A8AB
:106C100000906846438A0898210089B2421871881A
:106C20000798FFF7C8FE694608746846007C00288C
:106C300002D06846007C3EE06846808A7188401A2F
:106C4000401E03210143491C0C006846808A71885C
:106C5000401A401E03210143491C6846C182684610
:106C6000408A6946C98A88420BD237707088694663
:106C7000498A401870806846808C0A9908800020F4
:106C800019E06846C08A6946498A884208D10120CD
:106C9000307077806846808C0A99088000200AE06E
:106CA0006846C08A6946498A884200D369E701205C
:106CB0003070778065E70BB0F0BDF1B5BC48854416
:106CC000364F832000016844007814214843381867
:106CD0004089002801D100205CE008A98320000140
:106CE0006844007800F0B4FA0600099D06A8FFF792
:106CF0002FFF8024240106A8009001AB22000CA9DC
:106D000008A8FFF72BFF06003000C0B2042806D009
:106D10003000C0B2002802D03000C0B23AE068466D
:106D200080882100884203D03000C0B20028E0D023
:106D30006846808800280AD0684682880CA9280006
:106D4000FFF7DCFE2D193000C0B20028D1D00A9820
:106D5000401E14490143491C481BC40A1048281806
:106D6000C00A6946087003A80C21FDF71BFA6846A3
:106D7000007804902000C0B2059002A903A80CF08E
:106D800065F98320000168440078142148433818CD
:106D9000FFF7B6FCC3498D44F0BD0000B0190020D8
:106DA0000000FCEFFF070000F8B5BF4CA54406004B
:106DB00000206946C8710020694688710024307936
:106DC000844213DAB0680C216143405C6946087163
:106DD00078486946097914225143401840890028AF
:106DE00002D0012069468871641CE8E76846807912
:106DF000002801D100205AE080273F013A00FF21FE
:106E00000AA80CF07FF90025307985422ADAB068AB
:106E10000C216943405C69460871B0680C216943E4
:106E200040184068039006A96846007900F010FAFF
:106E30006946487168464079002801D0002036E054
:106E400004A8FFF785FE04A8009002AB3800039960
:106E5000421A92B20AA80399411806A8FFF77EFECB
:106E60006D1CD1E73A000AA93068FFF747FE0024FD
:106E70003079844219DAB0680C216143405C69467C
:106E800008714C4869460979142251434018FFF7AC
:106E900037FC6946487168464079002803D0684647
:106EA00040796946C871641CE2E76846C0797F4949
:106EB0008D44F0BDF2B5010000200300022B0FDA73
:106EC0007B4C0C255D436419A479220014000D004D
:106ED000E4B2EDB2AC4201D1022026E05B1CEDE74A
:106EE0000300002B20D50400724D0C265E43AE1922
:106EF0003679B44216DA0C265E43AE19B6680C2712
:106F00006743F65D320016000F00F6B2FFB2BE42D4
:106F100006D10C2058432818009D2860012004E069
:106F2000641CE1E75B1CDCE70020F2BDF1B5C7485B
:106F300085440E0080273F013A00FF2108A80CF08D
:106F4000E1F800243079844229DAB0680C216143E9
:106F5000405C6946087168460079822109016944EC
:106F60000978884219D004A96846007900F070F9C0
:106F7000B0680C2161434018456802A8FFF7E8FD9E
:106F800002A8009001AB9B1C38002900421A92B263
:106F900008A8411904A8FFF7E1FD641CD2E73A00F4
:106FA00008A93068FFF7AAFD0020C9498D44F0BD4B
:106FB000D0F7FFFFB0190020FBB582B0040003201A
:106FC000C44E3100511805000D436D1C6168491D08
:106FD000A26891420BD3CE48217814225143401825
:106FE0004089002801D00B205AE0022058E0616857
:106FF0000F003978FF2913D1A0686168401AB042A8
:1070000003D2A0686168461AFFE7300080B2290009
:1070100089B26A46128D8918091D88421CDA0FE070
:107020003978FE2904D03978002901D0032037E0CF
:1070300061687A88D21C0243521C89186160C5E7D6
:10704000B34821781422514340184089002801D0C8
:107050000B2025E0022023E00B9801906846008D6C
:107060000090049B2A0092B26846017B6068FFF79B
:107070004CFC01000800C0B2002802D00800C0B2D9
:107080000EE0A34B2078142250431A189C46207817
:1070900014235843634618180089401C10810020AF
:1070A00005B0F0BD34080000D8F7FFFF2C08000041
:1070B00084250410201B0020FEB50025002D7AD564
:1070C000944F0C2068433858019000260C206843E8
:1070D0003818007986426CDA0C20684338188068CA
:1070E0000C217143405C04000C2068433818806810
:1070F0000C2171434018406802900C2068433818F6
:1071000080680C2171434018008969464880804896
:107110002100C9B2142251434158002903D1210052
:10712000C9B2022901DB01208FE00199029A891876
:107130002200D2B214235A4381500C21694379189A
:107140000979491E8E420AD10199802212018918BB
:107150002200D2B214235A43821851600FE00199E1
:107160000C226A43BA1892680C237343D21812692E
:1071700089182200D2B214235A43821851606946FA
:1071800049882200D2B214235A4382181182210066
:10719000C9B2142251434018FFF7B2FA6946087089
:1071A00068460078002802D0684600784DE0761CDA
:1071B0008CE76D1C82E70025022D45DA6F480C2113
:1071C0006943411889790C0051492200D2B2142335
:1071D0005A438A58002A03D12200D2B2022A01DB84
:1071E000012032E00C226A4382582300DBB21426CD
:1071F0007343CA500C226A4382580C236B43C31852
:107200009B88D2182300DBB214267343CB185A6034
:107210000C226A43801800892200D2B214235A43F8
:107220008A1810822000C0B2142250430818FFF7B9
:1072300067FA6946087068460078002802D06846F8
:10724000007802E06D1CB7E70020FEBDE0F7FFFF0D
:1072500010B502001000C0B2022801DB012013E0CB
:107260002B481300DBB214246343C3584B60130054
:10727000DBB214246343C01840688860012008739F
:107280000A7000204873002010BDF8B584B00400D7
:107290000F0016001D001E4821781422514340188B
:1072A000807B002801D00A2010E0002003900020FD
:1072B00002900B9801906846008D00902B003200E0
:1072C00092B23900C9B22000FFF79AFA05B0F0BDBA
:1072D00024080000FFFF0000FEB504000F001600A8
:1072E0001D000B482178142251434018807B002850
:1072F00001D00A200BE000200190089800902B009C
:107300009BB23200390089B22000FFF754FBFEBD6A
:10731000B0190020201B0020F2B582B00400160036
:107320001F00089D09980190280080B200903B0042
:10733000320092B26846017A2000FFF73DFE01005C
:107340000800C0B2002802D00800C0B215E0744A9C
:10735000207814235843131894462078142250435D
:1073600062461018828994467219521E03201043F7
:107370006246101A401F98810020FEBD842504102B
:1073800010B504002000FFF771FB10BDF0B587B009
:10739000050001A92800C0B2FFF78CFD69460870FE
:1073A0006846007802282FD15D4C2800C0B2142115
:1073B000484327582800C0B2142148432018406889
:1073C000039058483818C00A694648700398401E10
:1073D00055490143491CC81BC60A04A80C21FCF7E7
:1073E000E1FE6846407805903000C0B2069002A9E0
:1073F00004A80BF02BFE2800C0B21421484320182B
:10740000FFF77EF9002025E068460078012820D1AA
:1074100001992800C0B2FFF789FD04002000C0B226
:10742000002813D100260198007986420EDA0198CF
:1074300080680C217143475C39483900C9B2142275
:1074400051434018FFF75CF9761CECE72000C0B20E
:1074500000E0012007B0F0BD38B504006946200007
:10746000C0B2FFF727FD05002800C0B2022804D1F2
:107470002000C0B2FFF721FC08E02800C0B20128BC
:1074800003D10098FFF790FC00E0012032BD10B559
:1074900000F00BF80400200040B2002803D42000C4
:1074A000C0B2FFF7D9FF002010BD30B51F480178EA
:1074B0001B4A0B00DBB214246343D3185B89002BF7
:1074C00019D00B00DBB214246343D3189B890C0042
:1074D000E4B214256C431219128A93420BD20A00AB
:1074E000521C027000228256022A01D10022027030
:1074F000080040B212E0491C0A00D2B2022A01D1AF
:10750000002211000A00D2B20023C35612B21BB2ED
:107510009A42CDD1002202700020C04330BD00004D
:10752000B01900200000FCEFFF070000841B0020C2
:10753000F0B583B004464C48046020460CF02BFAAA
:10754000054620460CF017FA0646684603F0EFFFA2
:107550000099091A4B0B45490A681146D031002B96
:1075600002D11060012000E000200870404800684F
:10757000447B0021FF2C0AD02C2060433D4A126836
:107580001018827C002A02D0416AC068FFE70127F8
:10759000002E03D0002D01D1002911E0002D15D0BF
:1075A000354A8B1A5A425A41344BCD1A6B426B41C1
:1075B000334D4E1B75427541002907D013431D43BF
:1075C0002A4E294D04D08847002701E0274E264D3A
:1075D00028680CF0DCF9002801D0042520E0286898
:1075E0000CF0BEF9002801D0012519E028680CF044
:1075F000BBF9002801D0022512E028680CF0CFF971
:107600002946052500280BD108680CF0CCF9002884
:1076100006D1154800680CF094F9002820D0002508
:107620000120A840174909680A6802430A6000203F
:107630000CF050FCFBF716FC03F074FF20460CF036
:107640005BFC3468607D012808D1217C0F20084054
:10765000E26809090CF016FE0020607503B0F0BD69
:10766000002FE9D1EDE7C0464C1B0020F41A0020A2
:10767000F81A0020FC1A00207B4A04104B49041021
:10768000874A0410581B002038B58E48FCF710FEBE
:1076900000208D4C01002170752160540CF0FEFF1C
:1076A000FDF704FC8948FCF703FE0023FA22920050
:1076B00000210120FDF7C9FC05002800C0B2002808
:1076C00005D02900C9B28248FCF7F2FD02E08148EA
:1076D000FCF7EEFDAD4880216050AD489821605028
:1076E000B848B021605031BDF7B582B01E00764C6D
:1076F0000120C921605468460089C0216052684653
:10770000007CC2216054062500962700C3372A005A
:1077100000993800FCF77AFD6846808900F054FF34
:107720000020CB21605405B0F0BD38B50400664D93
:107730002878002806D1A448FCF7BAFD012028705B
:10774000C0202C5231BDF8B5040000255E4E280043
:10775000C9217054CC20305C002804D0FDF7A6FB72
:107760000DF0CBF92BE03078012812D17520305C78
:107770000F2808D0280030709448FCF799FD0120AC
:10778000FCF7D4F814E09248FCF792FD00F0A1FE5B
:107790000EE03078032805D1BD48FCF789FD00F0E4
:1077A00098FE05E03078002802D10020FCF7BEF8F2
:1077B0000627C3362A0039003000FCF7E3FCF1BD90
:1077C00080B58448FCF774FD00F083FE0020B149C9
:1077D000087001BD10B5040000F06FFE002816D03F
:1077E00021000800C0B2FF2801D1132010E0364864
:1077F000220092B2120A5206520E42708170752215
:10780000825C0123134375228354002000E013207F
:1078100010BDF8B584B0070000F04FFE00284ED030
:10782000102003900297284EF41C039A029920001E
:10783000FCF7ECFC08200190380010300090340078
:107840001334019A00992000FCF7E0FC9248FCF701
:107850002FFD002425002800C0B210280FDA2800D0
:10786000C0B23018C178B248FCF722FD2800C0B27F
:107870000F2802DAAFA0FCF71BFD6D1CEBE7AE484A
:10788000FCF716FD2000C0B208280FDA2000C0B2B5
:107890003018C17CA648FCF70BFD2000C0B20728B9
:1078A00002DAA4A0FCF704FD641CEBE7A3A0FCF73C
:1078B000FFFC7520305C022101437520315405B076
:1078C000F0BD0000B817041030130020D0170410CA
:1078D0001418041024180410F8B584B0070000F040
:1078E000ECFD002850D0102003900297944E3400F5
:1078F0001B34039A02992000FCF788FC08200190B1
:1079000038001030009034002B34019A0099200088
:10791000FCF77CFC8B48FCF7CBFC002425002800FE
:10792000C0B210280FDA2800C0B23018C17E8048DB
:10793000FCF7BEFC2800C0B20F2802DA7DA0FCF7DD
:10794000B7FC6D1CEBE77C48FCF7B2FC2000C0B232
:10795000082810DA2000C0B230182B21415C74488E
:10796000FCF7A6FC2000C0B2072802DA71A0FCF7E1
:107970009FFC641CEAE771A0FCF79AFC7520305C60
:10798000042101437520315405B0F0BDF184041089
:107990001585041010B5040000F08FFD00280FD0ED
:1079A00020000DF0B1F866487521415C08220A43B9
:1079B000752142540DF0D3F801006348FCF778FCC0
:1079C00010BD0000858204103018041048180410FF
:1079D0008818041008190410F8B50700584CA78639
:1079E0000120CA2160545948FCF762FC631C012243
:1079F0000021380080B2FDF767FB06003000C0B2FE
:107A0000002805D03100C9B25148FCF751FC02E012
:107A10005048FCF74DFC5048FCF74AFC0121380067
:107A200080B2FDF747FB05002800C0B2002805D052
:107A30002900C9B24648FCF73BFC02E04548FCF788
:107A400037FC00F03AFD002809D04448FCF730FC30
:107A500002202070424920007830FEF760F9CB20E8
:107A6000205C002812D01321C020205AFDF7D7F93E
:107A700005002800C0B2002805D02900C9B2394845
:107A8000FCF716FC02E03848FCF712FCF1BD0000E0
:107A9000C8180410FA13002030190410F5B58FB07F
:107AA0000E00274C207802283FD110A800783E28ED
:107AB0003BD27078312805D13078401C10A9097864
:107AC000884200D031E020007830FEF75BF9307852
:107AD000401E6946087102A80090B31C68460279EE
:107AE00021001331E01C0DF05FF807003800C0B230
:107AF000002803D01D48FCF7DBFB16E002AC25781C
:107B00002800C0B2694609790A39884202D16078F2
:107B1000342800D009E02A00D2B2A11C6846808F28
:107B200000F0B6FB1248FCF7C3FB11B0F0BD00003B
:107B30005C1904103A000000641904100A000000E7
:107B40003013002070190410A0190410BC1904107F
:107B50001418041024180410E0190410101A04104A
:107B600080EE3600281A0410541A04109C1A0410CF
:107B7000B01A0410F7B58CB006001D00159C0DA8B6
:107B80000078002823D0012800D117E2022800D174
:107B90003BE2032800D15CE2042800D1DAE110289E
:107BA00000D10BE1112800D1B8E2202800D170E209
:107BB0003F2800D190E1602800D1EFE2B02828D022
:107BC000BF2800D146E1F02800D186E031E30EA8BD
:107BD0000078FF281CD00DA80178BD48FCF768FB91
:107BE00010202100C9B26854BA48C18E2200D2B216
:107BF000AA185170C08E80B2000A2100C9B269185B
:107C000088702000C0B2285CC0B200092418A41CEF
:107C10001FE3B07869460872F0786946C87205209B
:107C20000590301D04900AA80190059A04990198C6
:107C3000FCF7ECFA0198707A69468872B07A694666
:107C40004872F07A317B09020143684681810DA8B0
:107C50000178D148FCF72CFB684680890190684682
:107C6000407A00906846837A0AAA6846C17A6846D4
:107C7000007A00F027FE07003800C0B2002812D0BA
:107C80000EA80078FF280ED000202100C9B2685449
:107C90002000C0B2281847702000C0B2285CC0B2D3
:107CA00000092418A41C3800C0B2002814D10EA862
:107CB0000078FF2810D001202100C9B2685468461E
:107CC000007A2100C9B2691848702000C0B2285C4F
:107CD000C0B200092418A41CBBE20DA80178AF486B
:107CE000FCF7E6FAB07869460873F0786946C8731D
:107CF00005200690301D059008A80190069A059968
:107D00000198FCF783FA0198707A69468873B07A13
:107D100069464873F07A317B090201436846018263
:107D2000707BB17B09020143F07B00040843317C86
:107D3000090601430791079802906846008A01905E
:107D40006846407B00906846837B08AA6846C17BF2
:107D50006846007B00F0E7FD07003800C0B200284D
:107D600012D00EA80078FF280ED000202100C9B242
:107D700068542000C0B2281847702000C0B2285CA8
:107D8000C0B200092418A41C3800C0B2002814D1C5
:107D90000EA80078FF2810D001202100C9B2685435
:107DA0006846007B2100C9B2691848702000C0B243
:107DB000285CC0B200092418A41C4AE20DA801786E
:107DC000D348FCF775FA0EA80078FF2800D140E2EE
:107DD000B0786946087068460078002802D006200E
:107DE00007000AE000AA521C2000C0B22818811C1B
:107DF000684600780CF015FE07003800C0B2002875
:107E00000ED000202100C9B268542000C0B228184A
:107E100047702000C0B2285CC0B200092418A41C1E
:107E20003800C0B2002814D16846407800010E2105
:107E300001432000C0B22954684600782100C9B22D
:107E4000691848702000C0B2285CC0B2000924182C
:107E5000A41CFEE10DA80178AE48FCF729FAB11C7C
:107E600014A80078401EC0B20CF093FD0700380043
:107E7000C0B2002812D00EA80078FF280ED0002033
:107E80002100C9B268542000C0B2281847702000F1
:107E9000C0B2285CC0B200092418A41C3800C0B2CB
:107EA000002813D10EA80078FF280FD00F20210042
:107EB000C9B2685400202100C9B269184870200076
:107EC000C0B2285CC0B200092418A41CC1E100BFE4
:107ED000D41A0410301300200DA801788E48FCF746
:107EE000E7F93179B278F0780002104380B20CF0F3
:107EF00053FD07003800C0B2002812D00EA8007849
:107F0000FF280ED000202100C9B268542000C0B262
:107F1000281847702000C0B2285CC0B2000924189D
:107F2000A41C3800C0B2002813D10EA80078FF2886
:107F30000FD00F202100C9B2685400202100C9B21F
:107F4000691848702000C0B2285CC0B2000924182B
:107F5000A41C7EE10DA80178C048FCF7A9F9012016
:107F6000BF490870BF480078002826D0BE48FCF7FB
:107F70009FF9BE4B01220021BD48808EFDF7A4F879
:107F800007003800C0B200280AD03900C9B2B94889
:107F9000FCF78EF907E000BFF41A04101C1B041054
:107FA000B548FCF785F9B548FCF782F9B0480221DD
:107FB00001706421A830FDF7B2FE4AE10DA80178F6
:107FC000AF48FCF775F90EA80078FF281CD01020E8
:107FD0002100C9B26854A648C18E2200D2B2AA18A4
:107FE0005170C18E89B2090A2200D2B2AA189170CA
:107FF0002100C9B2695CC9B209096418A41CFA213C
:1080000089009030FDF78BFE23E10DA80178D04860
:10801000FCF74EF90CF06CFD0EA80078FF2817D085
:1080200010202100C9B268549148C18E2200D2B2FA
:10803000AA185170C08E80B2000A2100C9B2691816
:1080400088702000C0B2285CC0B200092418A41CAB
:10805000FFE00DA80178BF48FCF72AF900F0A8FB63
:1080600007003800C0B2002812D00EA80078FF2800
:108070000ED000202100C9B268542000C0B22818D8
:1080800047702000C0B2285CC0B200092418A41CAC
:10809000DFE00DA80178D248FCF70AF9F178B07852
:1080A00000F052FD07003800C0B2002812D00EA820
:1080B0000078FF280ED000202100C9B268542000AB
:1080C000C0B2281847702000C0B2285CC0B20009B6
:1080D0002418A41C3800C0B2002818D10EA80078BB
:1080E000FF2814D011202100C9B26854B0782100B3
:1080F000C9B269184870F0782100C9B2691888704F
:108100002000C0B2285CC0B200092418A41CA0E062
:108110004C1B0410781B0410A01B04100DA8017840
:10812000B048FCF7C5F86946B07800F0FEFD0700DE
:108130003800C0B2002812D00EA80078FF280ED058
:1081400000202100C9B268542000C0B2281847702E
:108150002000C0B2285CC0B200092418A41C38005A
:10816000C0B2002819D10EA80078FF2815D0112020
:108170002100C9B26854B0782100C9B269184870AA
:10818000684600782100C9B2691888702000C0B222
:10819000285CC0B200092418A41C5AE00DA801787C
:1081A000D248FCF785F83079717909020143B0793A
:1081B00000040843F179090601430191019AF1781D
:1081C000B07800F0E3FC07003800C0B2002812D0FD
:1081D0000EA80078FF280ED000202100C9B26854F4
:1081E0002000C0B2281847702000C0B2285CC0B27E
:1081F00000092418A41C3800C0B2002818D10EA809
:108200000078FF2814D011202100C9B26854B0783A
:108210002100C9B269184870F0782100C9B2691804
:1082200088702000C0B2285CC0B200092418A41CC9
:108230000FE000202100C9B2685402202100C9B219
:10824000691848702000C0B2285CC0B20009241828
:10825000A41C2000C0B20FB0F0BD0000C81B041069
:10826000FB130020FA130020BC1904103113002066
:10827000301300201418041024180410101A0410CD
:10828000F41B041010B504000120FBF7A5FA10BD83
:10829000F7B590B00027FF433D0002261198007803
:1082A0004006400E6946C8726846C07AC54949789A
:1082B00088424AD11198441C119812A90978401893
:1082C000401E84422FD22078C0B20009401C69466B
:1082D00048726078694608726D1C6846007AB94930
:1082E0008978884203D06846007AFF2816D168460C
:1082F000007AFF2800D02F0020786946887230006D
:10830000C0B201906846407A009003AB6846027A9A
:108310006846817A2000FFF72DFC06006846407A07
:108320002018441CC8E7380040B200280DD403A828
:10833000711E0170342141703300DBB203AA390091
:10834000C9B210A8008800F007F813B0F0BD000013
:10835000241C0410501C0410F5B585B00F001D003E
:10836000984C2600383628000A30307031203921E8
:10837000605420003A300090069B2A00D2B22100BF
:108380002B3120001B300CF019FC69460873029653
:108390003820205C401CC0B201903800C0B2009070
:1083A000637862786846818AA08E0CF013FC060020
:1083B0003000C0B200280DD03800C0B20190607803
:1083C00000906846838AA28E3100C9B2B048FBF79C
:1083D0006FFF02E0C148FBF76BFF07B0F0BD000084
:1083E0007C1C0410A81C0410F3B58FB006000020FC
:1083F00007003178C9B20909491C6A46917271783F
:108400006A4611726F4D6946097AAA78914203D182
:108410006946097AFF2910D103A93A00D2B28854DB
:1084200006203A00D2B28A1850703800C0B2085CF8
:10843000C0B200093C18A41C2AE0CC21695C0029C8
:1084400014D0C921695C002910D003A93A00D2B226
:10845000885401203A00D2B28A1850703800C0B255
:10846000085CC0B200093C18A41C11E030786946D1
:1084700048723800C0B201906846807A009003AB21
:108480006846027A6846417A3000FFF773FB0400C1
:108490002000C0B200280ED003A8009068460471E6
:1084A00000980178B648FBF703FFC0202A5A6946B6
:1084B00004200CF06FF911B0F0BD00B558480178F8
:1084C000012902D00078032801D1012000E000201A
:1084D00000BD10B53B4C042020700020FBF726FAAD
:1084E000B14920009030FDF71AFC10BDD41C0410D7
:1084F00038B50400334D287802280AD1B948FBF773
:10850000D7FEA88EFCF7CFFD0020CA216854FFF7E4
:10851000E0FF31BDF1B584B02A4CA08EFCF7C3FD5D
:1085200000252800CA216054280020709548FBF7D8
:10853000BFFEFCF7BBFC102002900195E61C019ADF
:1085400002993000FBF71EFE08260095270013371E
:10855000009A31003800FBF715FEFF20A0702C00B8
:10856000032C11DA9148282161434118097F002921
:1085700008D02821614340181030FDF703FC9A48C9
:10858000FBF796FE641CEBE7082000F083F8012D52
:108590000FDA964869014118097D002907D0690161
:1085A00040180830FDF7EEFB9A48FBF781FE6D1C82
:1085B000EDE7102000F06EF80020FBF7B7F905B0EA
:1085C000F0BD00003013002038B5040020009249AF
:1085D00080B2884216D0124DAC86287802281ED16F
:1085E0002900C331C220285CFCF772FC002816D198
:1085F00003202870A148FBF75BFE28007830FDF7C8
:10860000C1FB0CE0064D2878042808D1032028700F
:108610009B48FBF74DFE28009030FDF7B3FB31BDC2
:10862000301300201FB504000020694608709548EB
:108630000078032805D10021200080B2FCF719FC46
:1086400014E001AB6A4601210020FCF733FC6846C8
:108650000078002805D10121200080B2FCF709FC38
:1086600004E00021200080B2FCF703FC1FBD00B530
:1086700001008448C28ED2B20A4201D0012005E036
:10868000C28E0B00DBB21A43C286002000BD000080
:10869000041D04107B49CA8E0300DBB29A43CA86CC
:1086A000704770B505000C00774E3088132814DA37
:1086B00028780CF0BFFB28780D2806D100207349DC
:1086C00032888854FAF7C8FB07E030880100491C5B
:1086D000318029786D4A80B2115470BD901D04100C
:1086E00010B56A4C04226A4920000CF0C5FB002832
:1086F00010D16848FBF7DCFD6748FBF7D9FD6748F8
:10870000FBF7D6FD6648FBF7D3FD6648FBF7D0FDC7
:10871000002033E00722644920000CF0ADFB002864
:1087200007D10CF01CFA01006048FBF7C1FD0020E6
:1087300024E009225E4920000CF09EFB002807D1AE
:108740005C48FBF7B5FD0120FFF791FF002015E025
:108750000622594920000CF08FFB00280DD1574804
:10876000FBF7A6FD474CA08EFCF79DFC0020CA211C
:108770006054FFF7AEFE002000E0012010BD0000B5
:10878000D01D0410101E041080B5FFF7A9FF0028AB
:1087900003D14B48FBF78CFD02E0CF48FBF788FD87
:1087A00000203949088001BD80EE3600E81600201F
:1087B00080B534480178022904D10021CC228154AB
:1087C00003200DE00178012902D00178032906D1A8
:1087D0000121CC228154C821A830FDF7A0FA002045
:1087E00002BD0000EC1D0410281E0410001A002019
:1087F00000B500210800C0B2002809D1D1480A0004
:10880000D2B2805C002801D0012002E0491CF1E7CF
:10881000002000BD481E0410FFFF0000F8B5040052
:108820000F002500EDB2ED086607760F3800C0B2E4
:10883000002811D1C3482900C9B2415C0122B240CD
:1088400091432A00D2B28154FFF7D2FF002814D1FD
:108850000420FFF71FFF10E0BA482900C9B2415CAD
:108860000122B2400A432900C9B24254FFF7C0FFB7
:10887000012802D10420FFF7FAFEF1BD6C1E04109E
:10888000A41E041030130020781B0020801A002042
:10889000E01E0410E81E0410101F0410381F0410FE
:1088A000681F04109C1F0410D81F0410E01F041040
:1088B0000420041010200410342004103C20041064
:1088C00068200410F6B583B007001E000A9D0B9CBB
:1088D000200080B24008694608813800C0B20328F1
:1088E00001DB06201DE068460089002809D0300021
:1088F000C0B2002803D02800C0B2002801D1062051
:108900000FE0200080B201902800C0B20090330038
:10891000DBB2049A6846017B3800C0B20BF08AFFD4
:10892000002005B0F0BDFFB585B00500109E68467B
:10893000808F80B24008694608812800C0B20328B1
:1089400001DB0620C5E068460089002809D008A898
:108950000078002803D00EA80078002801D1062056
:10896000B7E0884C2800C0B2282148432018007F77
:10897000002810D0002E0ED12800C0B22821484374
:1089800020181030FDF7FEF97F48FBF791FC00F04E
:10899000A5F800209DE00CF0E2F804900498301A4D
:1089A00003900499C748FBF783FC3100C648FBF7E6
:1089B0007FFC0398C549884201D30C2089E0280038
:1089C000C0B2282148432018007F00280CD028007E
:1089D000C0B2282148432018C068B04204D0CA4819
:1089E000FBF766FC0B2074E06846007E2900C9B2E4
:1089F00028225143605405200190079800902800D8
:108A0000C0B2282148432018471C019A0099380019
:108A1000FBF7FCFB08A800782900C9B228225143C3
:108A2000611888710EA800782900C9B22822514324
:108A30006118C8716846808F2900C9B22822514345
:108A4000611808812800C0B2282148432018C66058
:108A50002800C0B2282148432018007F002803D0F6
:108A6000BC48FBF725FC33E0039800280FD168468B
:108A7000808F01900EA80078009008A80378079ACC
:108A80006846017E2800C0B20BF0D4FE20E0B24858
:108A90002900C9B228225143611888612800C0B258
:108AA0002821484320182900C9B2282251436118BF
:108AB000486203992800C0B2282250432018103081
:108AC000FDF72DF9A548FBF7F3FB0820FFF7CFFDD5
:108AD000002009B0F0BD00007020041010B5002483
:108AE000200080B203280ADA2648210089B2282211
:108AF0004A438018007F002801D1641CF0E7200061
:108B000080B2032805D10820FFF7C4FD9448FBF785
:108B1000CFFB10BDFEB5060037007D691948281A45
:108B200028210AF015F90400FFF7D8FF28890190E1
:108B3000E8790090AB796A1C29782000C0B20BF06C
:108B400079FEF7BD821B002038B505000C0022001D
:108B5000D2B22900C9B28348FBF7AAFB2800C0B2F1
:108B6000002801D006200BE02000C0B2032801DB62
:108B7000042005E02100C9B22800C0B20BF00FFFAD
:108B800032BD0000E8160020281E0410F7B50400CE
:108B90000E002000C0B2002801D0062090E0300076
:108BA000C0B2032801DB04208AE06F4D2000C0B270
:108BB00040012818007D002810D0029800280DD10F
:108BC0002000C0B2400128180830FDF7DBF86748E4
:108BD000FBF76EFB00F07CF8002071E00BF0BFFFAC
:108BE000019002980199401A009001993548FBF7CD
:108BF0005FFB02993448FBF75BFB009833498842DE
:108C000001D30C205CE02000C0B240012818007D98
:108C100000280CD02000C0B24001281840680299FA
:108C2000884204D03848FBF743FB0B2048E0300073
:108C3000C0B20BF0CFFE07003800C0B2002802D04F
:108C40003800C0B23CE02000C0B240012E5402986F
:108C50002100C9B24901691848602000C0B2400132
:108C60002818007D002803D04148FBF721FB26E0AF
:108C70000098002806D13100C9B22000C0B20BF024
:108C80008EFE1CE03B482100C9B249016918086109
:108C90002000C0B2400128182100C9B2490169185A
:108CA000C86100992000C0B2400128180830FDF7C3
:108CB00036F83148FBF7FCFA1020FFF7D8FC00200B
:108CC000FEBD0000782004108C200410014031F714
:108CD00010B50024200080B2002809D122482100CC
:108CE00089B249014018007D002801D1641CF1E7D8
:108CF000200080B2012805D11020FFF7CBFC1F48CF
:108D0000FBF7D6FA10BD0000A0200410F8B504004F
:108D100027007D691448281A4611FFF7D9FF2978E2
:108D20003000C0B20BF03BFEF1BD38B505000C00C1
:108D30002900C9B21248FBF7BBFA2800C0B20028CC
:108D400001D0062004E021002800C0B20BF054FE40
:108D500032BD0000AC200410158B0410CC20041090
:108D6000F820041018210410001A0020481E0410D6
:108D7000402104100D8D041064210410942104106E
:108D8000B821041000B50178002902D0012904D0CF
:108D900007E041880C4A118003E00C490A4A11801F
:108DA000FFE700BDE0B50948074908800CF0D3F89B
:108DB00007480090072069460871694600200CF0BA
:108DC000F1F807BD00000000741B0020FFFF000049
:108DD0007002002080B50CF0F3FA8F48A9490862B0
:108DE00001BD38B584B0F625082401A80C21FBF795
:108DF000D9F902950394694601A80AF027F9B34806
:108E0000FBF756FA05B030BD38B505009D48C41DC6
:108E10000378AF4A0A2120000CF0D2FB2C6031BD50
:108E200000220270AB4A0A60704710B5954A12786A
:108E30009B4B5A43A84BD21813680024E443A34227
:108E400002D10023036001E013680360A34B0B60B1
:108E500010BD10B50200D2B2032A04DB00220A6062
:108E60004A608A6013E00200D2B28D4B5A439A4B9B
:108E7000D218131D0B6013680024E443A34202D1EF
:108E800000234B6001E013684B60944B8B6010BD76
:108E9000F1B584B003A96846FFF7C7FF04980099AD
:108EA000884203D28E480078800721D50098049923
:108EB00088421DD0734E307879494843864940181E
:108EC0000700F80AC00202900298381A0190380090
:108ED00000F069F8042504AC019830180600443607
:108EE0002A0021003000FBF791F9380000F06CF8FF
:108EF00005B0F0BD634901228A704A1C09781170DF
:108F000002607047682101607047F8B584B00400C2
:108F10000E0017007348FBF7CBF96846FFF7F2FF26
:108F20000098000701D408203BE0564DA88A00288D
:108F300001D1062035E002A901A8FFF776FF0198CC
:108F4000A04201D203202CE0A0196749884201D336
:108F5000032026E06E6338202F5428785049484378
:108F60005D494018039003980019001DE863E86B01
:108F700080192864286CB849884201D30A2010E07F
:108F8000B80702D52000FFF783FFE86B00F00BF86D
:108F9000012030216854B14928001830FCF7BFFE89
:108FA000012005B0F0BD30B5C10AC90200228023FE
:108FB0009B009A4207D29300CB58A94C95006419A4
:108FC0006364521CF3E730BDF8B584B00500EE0AC7
:108FD000F602A4483018C70A01A8A3491CC91CC03E
:108FE0000C390C380297A148FBF762F9694601A8D1
:108FF0000AF02CF8002480200001844209DA21487C
:109000000019020044323119012009F075FF1034B3
:10901000F1E705B0F0BD00004392041000B5010077
:1090200001228F483023C35C002B01D0042028E0AC
:109030000B00DBB2012B06D01FD3032B09D005D3C5
:10904000042B10D019E00023037018E002230370F2
:1090500015E00378002B03D003785B1E037001E05A
:10906000052002000BE00378022B03DA03785B1C77
:10907000037001E00520020001E002200200100060
:10908000C0B200BD7805002038B504000D002900ED
:1090900089B27748FBF70CF971484482858231BD6B
:1090A0008C13000038B57348FBF702F96C4C0025AF
:1090B000A5822800302160543120205C012804D191
:1090C000E06BFFF781FF3120255431BD8C27041060
:1090D000A8270410C629041000B00B108813000044
:1090E000B0050020B427041089130000F3B589B03F
:1090F00005005B4CE06BC00AC002009080200001BC
:10910000009909180491E16B009A891A0191039062
:109110003020205C002800D191E0574E3000FCF751
:1091200031FE4E493000FCF7FAFD290089B2534860
:10913000FBF7BEF8206CE16B2A0092B289188842D6
:1091400003D2206CE16B401A0500039801992A00B4
:1091500092B28918884224D301203121605428001A
:1091600080B205900A9802900198201807004437B1
:10917000059A02993800FBF749F8E06B290089B29B
:109180004018E063E06B0499884239D1E06B216CB0
:10919000884235D00098FFF717FF00203121605436
:1091A0002EE003980199401A029001203121605469
:1091B000029808900A9807900198201807004437F1
:1091C000089A07993800FBF721F80098FFF7FCFE92
:1091D0000498FFF7E8FE280080B20299401A069032
:1091E0000A9802994018059027004437069A059975
:1091F0003800FBF70BF8E06B290089B24018E063F8
:10920000E06B216C884212D11D48FBF751F8300009
:10921000FCF7B8FD00263000302160540098FFF7BD
:10922000D3FE31202654606BFFF732FE07E0E06B7F
:109230004005400D002802D1E06BFFF7B4FE0BB0F3
:10924000F0BD10B504000F48FBF732F80448818ADE
:10925000408AFBF7D5FE10BD01F00B103075000001
:10926000780500200000FCEF70280410C4270410CB
:10927000E027041004280410900500202028041082
:109280004828041064280410010042221201D21E52
:10929000004207D002D4521E0018FCD5C10A400576
:1092A00012058918704700000100EED54042F446CF
:1092B000FFF7EBFF0122D20711436047F0B50E0024
:1092C0005E400125ED072E40B446AE0ADF184C186B
:1092D000F44208D2F7420ED2640D01D07F0D12D1B4
:1092E00000206146F0BD05D1F74201D87F0D05D1C0
:1092F0000020C143F0BDFBD1640DF9D00020C14373
:10930000490549088FE0E419C902DB0229432B43D0
:10931000DB0A460DC00231438E4630B487B295B2A7
:109320007D432E0CADB2140C7C43A419260C2404EE
:1093300025439CB27C43A419190C7943270CC91905
:10934000A4B20F043C43090C000C97B247432E0C07
:10935000BE193543ADB2170C4743360CBF19A6B240
:10936000BF193E043543240C3E0C36199FB24743C7
:10937000BF19BCB23E0C89191F0C47437F183E042D
:109380003443390C704680B297B247432E0CBE1955
:109390003543ADB2170C4743360CBF19A6B2BF19FF
:1093A0003E043543240C3E0C36199FB24743BF1987
:1093B000BCB23E0C89191F0C47437F183E0434434E
:1093C000390C77463F0C90B278432E0C8019060476
:1093D000ADB22E43050CA0B22D18120C7A435019D1
:1093E000020C80B2240CA4189AB27A431219140405
:1093F0002043120C89181B0C7B43C91830BCEF0AA0
:10940000394203D1B61940414941641E6F12BF0D64
:10941000E41B0BDBFF19BC4211DA240500274208CC
:10942000AE417841614166463143F0BD641C05D1CF
:10943000401C6141CF0201D34908F4E750E75DE7E2
:1094400030B4012464054D00EC420BD85D00EC42C1
:1094500008D80C001C4364000443144304D28B421C
:1094600000D1824230BC7047FCD09942FAD1904280
:10947000F8E77047F4464A1805D200F00FF801D516
:1094800080174008604700F009F80121C9078842A9
:1094900000D90800404260474A1812D2400DC90264
:1094A00008430121C9070843520D40210901521AFE
:1094B000521C06D452421F3201D4D0407047C0170C
:1094C000704700207047F0B40125ED070F005F40A2
:1094D0004FD48B4200D1824205D9844610006246A7
:1094E0008C4619006346DF184C18640D7F0D3AD086
:1094F000661C760537D0E61B352E34DCDB022B43A9
:10950000DB0A0C0DC9022943C912202E0DDB1700FE
:10951000203E06D01F00F741F3405F400026012A9D
:109520007741C01871410DD217E01700F741F240A2
:109530005740F3415A40B340F3405A400026801848
:1095400059410AD3A21C52050FD0C207012F724104
:1095500017004008CB0718434908641C240542083B
:10956000AF4170416141F0BC7047641C210500208F
:10957000F9E76B4010E06B40ABE7F742F3D1E9430A
:10958000F1E72442EFD100200021ECE7F0B40125FF
:10959000ED070F005F40EED40C00871A9C4105D206
:1095A000C01BA141D219634169406B40AE0ADF186C
:1095B0004C18F442E1D2640D7F0DE2D0E61B362E4A
:1095C000D1DCDB022B43DB0AA4460C0DC902294384
:1095D000C90A012E28DC04D1D6075208DF073A4316
:1095E0005B08EF0A76429041994114D039423BD151
:1095F000B61940414941761C394204D1761C001805
:1096000049413942FAD0B9436746B74208D9A41B49
:1096100024052143A7E70042EAD13642E8D1A2E778
:10962000E40AE10700209EE7202E0BDD203E1F000C
:10963000F340F7415F40012A002257417E429841A2
:1096400091410BE01700F741F2405740F3415A4077
:10965000B340F3405A407E42904199410A0303D2FD
:10966000641EB619404149410027641E2405420882
:10967000AE4178416141F0BC7047FEE7C378827823
:10968000417800781B021A43090212040843104370
:109690007047F0B593B01F4615460E4612901C9CBD
:1096A0000846114622460BF0B1FF002824D122982B
:1096B0000D901FAB0DCB11901E980F901D980E9022
:1096C0001B980C901A9919981097189F0892099353
:1096D0000D9A0A920097019002910C9803900494BD
:1096E0000E9805900F9806901198079012983146A1
:1096F0002A46109BFAF7F8FD13B0F0BD80B5FAF7D3
:1097000024FE80BD80B5FAF72FFE80BD0268A94B0C
:1097100013400A021A43026070470268A54B1340C7
:109720000A021A4302607047026804239A438B00BE
:10973000134303607047016802220A4302607047C6
:109740000168802252030A43026070470168802248
:1097500012030A43026070470168802292020A43A2
:109760000260704741680800C003C00F704770B5C1
:1097700000238B4207DA1468A24D8600AC51121DFB
:10978000401C5B1CF5E770BD10B59E4B84001B1997
:10979000012905DB14681C60121D1B1D491EF7E71B
:1097A00000241C601B1D1C6010BD10B5954B84006F
:1097B0001B19012905DB1C6814601B1D121D491EA5
:1097C000F7E710BD10B5FAF737FB9A4C2000FFF70A
:1097D000B7FF2000FFF7BAFF2000FFF7BDFF10BD65
:1097E00080B5FAF72EFB002801D1032000E001200C
:1097F00002BDF5B581B00F00FAF72EFB002802D0AC
:109800000120C0436FE002988B49086000242000CB
:10981000082807DA019982008958AD4A8300D1509F
:10982000401CF5E72000102806DA81007958834AA9
:109830008300D150401CF6E7380000F0C2F9002840
:109840000CD003207E49086001207E4908603A0060
:1098500020323900019800F0F7F843E0784D2C6091
:10986000784E01203060AF4A39009A4800F036F94E
:1098700028680128FCD100F0C7F8002806D1346020
:109880002C60FAF7FCFA0220C0432CE092480090CA
:10989000A44A00998F4800F021F928680228FCD1D9
:1098A00000F0B2F8002806D134602C60FAF7E7FA2D
:1098B0000220C04317E00099604800F037F928689B
:1098C0000328FCD100F087F8002806D134602C6012
:1098D000FAF7D5FA0220C04305E0009A57497C48C0
:1098E00000F0B2F80020FEBD38B504000025554850
:1098F000056053480560FAF7C2FA8B490C60082DE1
:1099000007DA7348AA008058AA008A1810646D1CF0
:10991000F5E70020C043484A1268904731BD38B58A
:1099200048480168012943D1454C2168002908D0E5
:10993000012909D002290AD003290BD00E291FD0F2
:1099400033E00120206033E00220206030E003207B
:1099500020602DE00020082807DA5D498200895840
:10996000714A8300D150401CF5E76F480100403137
:10997000203000F014F90E202060FFF7D0FF17E030
:10998000002505602560FAF77AFA082D07DA5048B5
:10999000A90040586449AA0088506D1CF5E7624947
:1099A0000020254A1268904702E0A020FFF79CFFA4
:1099B00031BD0000FFC0FFFF10B50400FFF7AFFF8F
:1099C0000BF037FE10BD10B50400A068FFF78CFF48
:1099D0000BF02FFE10BDE0B508220021684609F00B
:1099E00091FB6A460221B8208000FFF7DEFE009856
:1099F0007E49884201D1012000E00020C0B20EBDA6
:109A00000000000000043048E0B50822002168464C
:109A100009F078FB6A460221A6208000FFF7C5FE08
:109A200000987349884201D1012000E00020C0B2B3
:109A30000EBD0000000030481C1B002060180020F4
:109A4000181B0020141B0020F8B507000E0015009D
:109A5000654C22212000FFF759FE01212000FFF76D
:109A600063FE644A02210020FFF781FE624A022160
:109A70000220FFF77CFE614A02210420FFF777FEF7
:109A80005F4A08210620FFF77FFE264A08211C2096
:109A9000FFF77AFE5B4A08213220FFF775FE3A0095
:109AA00008214820FFF770FE320008215E20FFF7F2
:109AB0006BFE2A0008217420FFF766FE2000FFF7E6
:109AC00051FE0028FAD12000FFF735FEF1BD00005D
:109AD000201A0020E024041080180020F8B50700A8
:109AE0000E001500404C0C212000FFF716FE3A0036
:109AF00002210220FFF73BFE32000821C82040006F
:109B0000FFF742FE2A00082185208000FFF73CFE77
:109B10002000FFF727FE0028FAD12000FFF70BFEF8
:109B2000F1BD0000002504106017002070B506008C
:109B30000D002D4C28212000FFF7E8FD2E4A0221C0
:109B40000220FFF714FE2D4A02210420FFF70FFE2A
:109B50002B4A08210620FFF717FE2B4A08211C205C
:109B6000FFF712FE320008215E20FFF70DFE2A00EB
:109B700008217420FFF708FE224A08213220FFF74F
:109B800003FE224A08214820FFF7FEFD2000FFF7D0
:109B9000E9FD0028FAD12000FFF7CDFD70BD38B5F2
:109BA00005000C00002D04D02A0008215E20FFF7DC
:109BB000FCFD002C04D0220008217420FFF7F5FDE5
:109BC00031BD00B501000022102A0ADA10489300C6
:109BD000C0589300CB58984201D0002002E0521C9C
:109BE000F2E7012000BD0000000030480DD6000063
:109BF0006A910000E8240410F0240410F8240410F2
:109C000040250410202504100025041060250410B0
:109C1000A024041010B5002403200BF00BFD002835
:109C200002D00120040001E00BF076FD2000C0B25C
:109C300010BD0148006870475404002000B50100C1
:109C400049B2002905D40121C206D20E91408F4AA3
:109C5000116000BDF0B5020052B2002A17D41822DC
:109C60008B4B040064B2A408A4001C59FF25C60055
:109C70001640B540AC438D01EDB2C6003240954070
:109C80002543020052B2920892009D501BE00F2221
:109C9000BD4B182405006DB21540083DAD08AE005F
:109CA00005006DB22A40083A920892009A58FF25A2
:109CB000C7002740BD40AA438D01EDB2C7003C401C
:109CC000A54015439D51F0BD00B5B049096801405C
:109CD000814201D1012000E0002000BDEFF310819E
:109CE000012282F31088026820231343036081F36A
:109CF0001088704738B584B004000020FBF7AEFC34
:109D000000F03BF800F044F86846A1491022FAF749
:109D100063FA694600200BF008FF00F0AAF80BF088
:109D2000D9FF002801D0FAF727FA0CF038F8FFF72E
:109D300049FD984DE868800002D59748FAF7B8FACF
:109D4000E868C00002D59548FAF7B2FAF9F78EF83C
:109D50000CF0B0F80020FBF782FC002005B030BD0D
:109D600010B503248020C001FFF7AEFF002801D00A
:109D7000022004002000C0B210BD80B500200BF00E
:109D8000C4FD01200BF0C1FD02200BF0BEFD01BDA2
:109D900038B50025824C280020700120282160540D
:109DA000022050216054012100200BF022FE0121ED
:109DB00001200BF01EFE012102200BF01AFE0121F2
:109DC000802040020CF033F9012120200CF02FF903
:109DD00001218020C0030CF02AF9724A00210820DA
:109DE000FBF7ADFB704A00211020FBF7A8FB6F4A80
:109DF00000212020FBF7A3FB2800C0B2032813D2C8
:109E00006B482900C9B22822514361180861280013
:109E1000C0B22821484320182900C9B22822514342
:109E20006118C8616D1CE7E731BD38B5040065698C
:109E300028780BF04FFE202168542978491C5D4892
:109E4000FAF736FA2878002803D002280BD005D379
:109E50000EE000210820FBF782FB09E00021102022
:109E6000FBF77DFB04E000212020FBF778FBFFE7F8
:109E700031BD80B55048FFF731FF01210820FFF7C1
:109E8000E9FE0820FFF7DAFE01BD000000E100E076
:109E900000E400E080B50020C043FBF799FA01BD63
:109EA0007047F8B590B0002004002100C9B20A291B
:109EB00007DA01A92200D2B29200885000BF641CC8
:109EC000F3E70CF049F9002845D0FFF749FF694650
:109ED0000870C0B200283ED0FBF7E2FD0700FFF794
:109EE0007FFC0600380069460978C0B2884201D27A
:109EF0003D0001E06846057830002900C0B2C9B2D3
:109F0000884201D23500FFE72800C0B2002805D002
:109F100002280DD003D3032813D01AE01BE001213F
:109F200001200BF0CDFF012101200BF0E0FF10E03C
:109F3000002101200BF0C4FF012101200BF0D7FF0D
:109F400007E0002101200BF0BBFF002101200BF0F6
:109F5000CEFF0BF0E3FF11B0F0BD10B504001048C8
:109F600000212200D2B228235A4382182023D15440
:109F7000FA2149002200D2B228235A43801808301F
:109F8000FBF7CDFE10BD00001CED00E05400404882
:109F900054120410040000200812041024120410AB
:109FA00070160020533C0410CF5304107394041017
:109FB0002B9E0410401204100040004110B5040014
:109FC000E00302D50020FFF7C8FFA00602D501205C
:109FD000FFF7C3FF600202D50220FFF7BEFF10BDEE
:109FE00038B505000C00200080B2012803D1002004
:109FF000FFF7B3FF10E0200080B2202803D101203A
:10A00000FFF7ABFF08E020008021C90180B2884241
:10A0100002D10220FFF7A1FF31BDFEE760490A68C7
:10A0200082430A605F490A6882430A6070475E485B
:10A030000168802252020A43026070475A48016850
:10A040005A4A0A4002607047574801680800800376
:10A05000C00F704756490A68564B134002021A4314
:10A060000A600A68802313430B60704750490A68EE
:10A0700070239A4302430A6070474F4801680422E4
:10A0800091430160016802229143016070474A4890
:10A09000016802220A430260016804220A43026046
:10A0A00070474148016808004005C00F7047000034
:10A0B00080B53D4800688003FBD53F480168022217
:10A0C0000A430260002100910099062904DA00BFCA
:10A0D0000099491C0091F7E7016804220A430260D5
:10A0E00001BD35490A68354B134003430B60704787
:10A0F0002D48016810220A43026070472A4801680F
:10A1000010229143016070472748016808008006CB
:10A11000C00F70472448016840220A43026070471C
:10A120002148016840229143016070471E48016840
:10A1300008004006C00F704721490A6860239A430F
:10A1400002430A6070471848016804220A4302600B
:10A150007047154801680422914301607047124816
:10A16000016808000007C00F70470F48016880228F
:10A1700092010A43026070470B480168114A0A4085
:10A18000026070470848016808004004C00F70472B
:10A1900009490A68E0239A4302430A6070470000B5
:10A1A000280050482C00504800004048FFFFFEFFA8
:10A1B00098004048FFC0FFFF08004048FF7FFEFFB7
:10A1C0000C004048FFDFFFFF38B50400002C01D130
:10A1D0000120F5E02078C00626D5A068002802D12D
:10A1E000FFF74BFF01E0FFF752FFA06804280DD1F5
:10A1F0000BF0C2FF0500FFF754FF012814D10BF04C
:10A20000BBFF401B6528F6D30320D9E00BF0B4FF59
:10A210000500FFF746FF012806D00BF0ADFF401BFD
:10A220006528F6D30320CBE02078C0072ED5202068
:10A23000FFF710FF3020FFF719FF60688021490207
:10A24000884202D1FFF7F3FE01E0FFF7F7FE6068F6
:10A2500000280DD00BF090FF0500FFF7F5FE002859
:10A2600014D10BF089FF401B6528F6D30320A7E02B
:10A270000BF082FF0500FFF7E7FE002806D00BF089
:10A280007BFF401B6528F6D3032099E02078400728
:10A290002ED5206900281BD0FFF75BFFFFF75FFF7B
:10A2A0000028FBD1FFF72AFF80204002FFF719FFAB
:10A2B000FFF749FF0BF060FF0500FFF750FF002894
:10A2C00016D10BF059FF401B0328F6D3032077E08B
:10A2D000FFF73FFF0BF050FF0500FFF740FF00289E
:10A2E00006D00BF049FF401B0328F6D3032067E09C
:10A2F0002078800739D5FFF72CFFFFF7FFFEFFF727
:10A3000003FF0028FBD1C0208001FFF787FE8020DB
:10A310000002FFF7E6FE2020FFF70EFFE06810289E
:10A3200002D1FFF7E5FE01E0FFF7E8FEE068002854
:10A330000DD00BF021FF0500FFF7E6FE002814D139
:10A340000BF01AFF401B6528F6D3032038E00BF012
:10A3500013FF0500FFF7D8FE002806D00BF00CFF16
:10A36000401B6528F6D303202AE02078000726D575
:10A370006069402802D1FFF7CDFE01E0FFF7D0FE73
:10A38000606900280DD00BF0F7FE0500FFF7CEFE48
:10A39000002814D10BF0F0FE401B6528F6D30320F3
:10A3A0000EE00BF0E9FE0500FFF7C0FE002806D026
:10A3B0000BF0E2FE401B6528F6D3032000E00020EE
:10A3C00032BD0000F2B582B00400002C01D10120A2
:10A3D0007DE03025ED43404E30682840029901432E
:10A3E0003160206802280CD1FFF747FEFFF759FEC5
:10A3F000002801D101206AE0FFF7BEFE6068FFF788
:10A40000C7FE206800281FD1FFF74BFE002801D1AE
:10A4100001205CE0FFF718FE002801D1012056E082
:10A42000FFF7A3FE0BF0A8FE0090FFF7ABFE00289D
:10A4300007D10BF0A1FE0099401A0328F5D30320A1
:10A4400045E06068FFF7A4FE2068012814D1FFF7FB
:10A450002FFEFFF726FE002801D0012037E0FFF78E
:10A46000F3FD002801D1012031E01C480168E02201
:10A47000914362680A43026030270298316839408C
:10A48000884214D0306805400298284330600BF0B1
:10A4900073FE0090306838400299884207D00BF074
:10A4A0006BFE0099401A0328F4D303200FE000202C
:10A4B00001900198062804DA00BF0198401C019021
:10A4C000F7E70BF02FFFFFF7B4FB0BF0B3F8FEBD7F
:10A4D000034800687047000004100040080040482E
:10A4E000880400207848016808008003C00F704786
:10A4F0007648016808000007C00F704773490A6872
:10A50000734B134003430B60704770480168C020D1
:10A510004002084070476F490A6804239A43024387
:10A520000A6070476B48006804210840704767491B
:10A530000A68694B134003430B6070476348006827
:10A54000802149010840704760490A68634B134005
:10A5500003430B6070475D48006880218901084013
:10A5600070475A490A685E4B134003430B607047BB
:10A5700056480168C02000040840704752480168EE
:10A5800008004004C00F704710B504002078C007D1
:10A5900002D52069FFF7BFFF2078800702D56069E8
:10A5A000FFF7C5FF2078000702D56068FFF7D9FFE5
:10A5B0002078C00602D5E068FFF7C6FF207A800643
:10A5C00002D5A068FFF79AFF002010BD70B5060005
:10A5D00000253000012808D0022813D0082820D0F8
:10A5E000102842D0202852D06CE0FFF79BFF0028B3
:10A5F00002D0042803D004E03A48050001E03A48BC
:10A6000005005FE0FFF79AFF002804D08021490190
:10A61000884203D004E03548050001E034480500D5
:10A6200050E0FFF765FF002805D0FFF75BFF00282B
:10A6300007D1002047E0FFF7A1FF002801D100204B
:10A6400041E0FFF795FF0400002C01D126480500EA
:10A650008020C003844201D12248050080200004EC
:10A66000844201D1234805002CE0FFF774FF002845
:10A6700007D080218901884206D180200002050090
:10A6800004E01948050001E0174805001AE0FFF74B
:10A690003CFF80210902884208D08021490288427B
:10A6A00008D0C0214902884208D00AE08020000278
:10A6B000050006E0FA20C001050002E00E48050092
:10A6C000FFE7FFE7280070BD000040480800404851
:10A6D000FF7FFEFF60004048FFEFFFFFFFDFFFFF4F
:10A6E000FFFF3FFF0048E8010024F40000127A0059
:10A6F00000093D000090D003127A0000F8B5040074
:10A7000000252F00002C2ED02079002802D1200017
:10A710000BF00AF80BF030FD0090022020710126AA
:10A7200020680068304000280AD1206806600BF0DD
:10A7300023FD0099401A0E498842F0D303200700F8
:10A740003800C0B2002809D120688068D0214903B0
:10A75000014320688160A560267106E00420A060A6
:10A760000320207101E0012007003800C0B2F2BDD3
:10A77000E9030000F8B50400200000F03EF80500F1
:10A78000206806682068476880204003064207D09A
:10A79000074205D0A16801220A43A26021688860AF
:10A7A00080200003064207D0074205D0A16802229C
:10A7B0000A43A26021688860242D0AD12068F8210C
:10A7C000090140581049884203D0A068082101437C
:10A7D000A160A068002802D02000FFF7F4F88020D4
:10A7E0008002064208D0074206D021688860012016
:10A7F00020712000FFF7E0F8F1BD00680068000A52
:10A800008006800E704700000DD600005C490A6883
:10A810000860704710B45B490A685B4B1340020242
:10A82000FF24240214401C430C6010BC704710B479
:10A8300054490A68554B13400204FF242404144071
:10A840001C430C6010BC70474E490A681202120A81
:10A85000030613430B6070474D490A68FF239A4370
:10A86000C3B213430B60704710B449490A68464BA2
:10A8700013400202FF24240214401C430C6010BC4D
:10A88000704710B442490A68404B13400204FF2449
:10A89000240414401C430C6010BC70473C490A68F7
:10A8A0001202120A030613430B60704739490A6803
:10A8B000FF239A43C3B213430B60704710B435496A
:10A8C0000A68314B13400202FF24240214401C4347
:10A8D0000C6010BC704710B42E490A682B4B134013
:10A8E0000204FF24240414401C430C6010BC704775
:10A8F00010B428490A68284B13400206FC24A4051A
:10A9000014401C430C6010BC704724490A68FF23A4
:10A910009A43C3B213430B60704721480168042275
:10A920000A43026070471E480168802212040A43ED
:10A93000026070471A480168802292050A4302604B
:10A940007047174801688022D2050A4302607047A9
:10A9500014490A687F239A4343065B0E13430B6036
:10A960007047C16803229143C1607047C1680322E8
:10A970009143C1607047816A0B4A0A408262704706
:10A98000C0000020C4000020FF00FFFFFFFF00FF09
:10A99000C8000020CC000020FFFFFFC0D000002036
:10A9A000D4000020D8000020FFFFFFBFF1B586B023
:10A9B000E14CE2480068E249884219D10F21E148A0
:10A9C0000268120A0A4004920268170B0F400268DC
:10A9D000120C1140039107210268120D0A400292E5
:10A9E0000068000E014001910120694608700AE0EC
:10A9F0000820049007270390002003210291019171
:10AA000001216A4611700020E54908700698002867
:10AA100002D006980AF09BFEC025ED052800FFF73E
:10AA2000A0FF2800FFF7A2FFC748FFF7A4FF0F20F1
:10AA3000C64909680F229143039A02400A43C34959
:10AA40000A60C3490968F02291433A01F023134098
:10AA50000B43BF490B60BE4909680F229143049A1A
:10AA600010400843BA490860BA4D28680721884356
:10AA700002994907490F0143296028683821884312
:10AA80000199C90038220A4002432A605520C5496D
:10AA90000968FF2291430143C24A1160C249096813
:10AAA000FF22914366220A43BF490A60C7490968E9
:10AAB000FF2291430843C5490860C5480068FF214B
:10AAC00088431D210143C2480160C2480068FF213C
:10AAD000884359210143BF480160BF480068FF21F6
:10AAE000884332210143BC4801600126BB4800680D
:10AAF0003043BA490860BA4800687F2188431F2163
:10AB00000143B7480160B74800683F2188430921E5
:10AB10000143B44801604020FFF77CFE3F20FFF76F
:10AB200086FE0920FFF790FE5A20FFF7AAFE32208A
:10AB3000FFF7B4FE5A20FFF78FFE3220FFF794FE96
:10AB40001020FFF7C8FE1020FFF7D2FE0420FFF709
:10AB5000DCFE1420FFF7AAFE0520FFF7AFFEFFF78B
:10AB6000DCFEFFF7E0FEFFF7E5FE0020FFF7F0FE5A
:10AB70000021080032000300DBB2E254401C5E22D8
:10AB80000300DBB2E254401C704A12680300DBB2DF
:10AB9000E254401C32000300DBB2E254401C5D2250
:10ABA0000300DBB2E254401C694A12680300DBB2C6
:10ABB000E254401C32000300DBB2E254401C52223B
:10ABC0000300DBB2E254401C2A680300DBB2E2540B
:10ABD000401C32000300DBB2E254401C122203008E
:10ABE000DBB2E254401C6F4A12680300DBB2E2544D
:10ABF000401C32000300DBB2E254401C152203006B
:10AC0000DBB2E254401C684A12680300DBB2E25433
:10AC1000401C32000300DBB2E254401C1A22030045
:10AC2000DBB2E254401C694A12680300DBB2E25412
:10AC3000401C32000300DBB2E254401C222203001D
:10AC4000DBB2E254401C624A12680300DBB2E254F9
:10AC5000401C32000300DBB2E254401C21220300FE
:10AC6000DBB2E254401C5B4A12680300DBB2E254E0
:10AC7000401C32000300DBB2E254401C23220300DC
:10AC8000DBB2E254401C544A12680300DBB2E254C7
:10AC9000401C32000300DBB2E254401C1B220300C4
:10ACA000DBB2E254401C4D4A12680300DBB2E254AE
:10ACB000401C32000300DBB2E254401C902203002F
:10ACC000DBB2E254401C464A12680300DBB2E25495
:10ACD000401C32000300DBB2E254401C912203000E
:10ACE000DBB2E254401C3F4A12680300DBB2E2547C
:10ACF000401C0A000300DBB2E254401C05003A4A43
:10AD00000D481060506010000C30906001601068B9
:10AD1000FFF77CFD35480660FFF713FE34490868ED
:10AD20000860344A136833431360334A13681E4380
:10AD30001660096807B0F0BDE8180020F81E001082
:10AD4000CCECBCFCE81E0010001800607816006017
:10AD5000741600604816006070B5284801682848DD
:10AD600002681002FF2424020440CBB2234325488A
:10AD70000468002B01D00C2C01D37F200EE00620AC
:10AD8000604377381F2B02D3801D5B08FAE7FF254D
:10AD9000A2355D431C4EAD19AD0A401940B270BDDD
:10ADA000C4000020481500605415006070B51748B5
:10ADB00004680F4E35683560FAF790FF280020438D
:10ADC000F8F724F8FAF789FF306870BD681500605D
:10ADD00088150060841500608C1500606C1500609B
:10ADE0004017006044170060D8180020101400605D
:10ADF000040000604418006040180060A416006061
:10AE0000A8160060AC160060A04600001C000060A0
:10AE100080B50BF083FB01BD4268754B13400B43BB
:10AE20004360704741688022D2020A434260704703
:10AE30004168704A0A40426070474168802292022D
:10AE40000A434260704741686B4A0A40426070475B
:10AE500042686A4B13400B43436070474268684B3B
:10AE600013400B434360704742683C239A434B1E98
:10AE70009B00134343607047416801220A434260CC
:10AE800070474168012291434160704781682022E8
:10AE90000A4382607047816808008006C00F7047CF
:10AEA000816804220A4382607047816802220A4353
:10AEB0008260704781680800C007C00F70478168D2
:10AEC00001220A43826070478168012291438160B8
:10AED000704781680800C007C00F704770B48E4C7F
:10AEE00043690325665CB540AB43645C1500A5402F
:10AEF0001D43456170BC704710B4C3693F24A34330
:10AF00001343CC001C43C46110BC704730B4030031
:10AF100020338C0904252C401B191C680F258D40FB
:10AF2000AC4315008D4025431D6030BC7047F0B424
:10AF3000040028348D00641925682E0D36051F0382
:10AF4000FF252D033D4035431605360D2E43266063
:10AF5000F0BC704710B5002A06D1836B3024A343A0
:10AF60000C011C4384630EE0022A06D1836B6B4CF8
:10AF70001C408B022343836305E0836B684C1C40B9
:10AF80000B042343836310BD10B5002A06D1836BE5
:10AF90000C24A3438C001C4384630EE0022A06D1D8
:10AFA000836B604C1C400B022343836305E0836B7F
:10AFB0005D4C1C408B032343836310BD10B5002AF6
:10AFC00005D1836B0324A3430B4383630EE0022A62
:10AFD00006D1836BC024A3438C011C43846305E02A
:10AFE000836B674C1C400B032343836310BD00003D
:10AFF000FFFFF7FFFFFFFBFFFFFFFDFFFF7FFFFFEF
:10B00000FFE71FFF406C80B27047C164704700B516
:10B01000C06C0840884201D1012000E0002000BD42
:10B0200070B5040000263500002C01D1012071E02C
:10B03000206B002805D120000BF07EFA66632C20DF
:10B0400026542068FFF727FF002802D12068FFF769
:10B050001DFF1026206B3040002854D12068FFF7D8
:10B0600029FF00284FD1206B74490140022008437A
:10B07000206361692068FFF7F1FE21692068FFF70E
:10B08000CBFE207A012803D12068FFF7F5FE02E00D
:10B090002068FFF7F6FE616A2068FFF7D9FE206A94
:10B0A000002806D12068FFF7C3FE2068FFF7CBFE1B
:10B0B00019E0206A012806D12068FFF7B3FE206856
:10B0C000FFF7C1FE0FE0206A022806D12068FFF7D3
:10B0D000AFFE2068FFF7B1FE05E02068FFF7A2FE93
:10B0E0002068FFF7AAFEE269A1692068FFF704FF64
:10B0F000E1682068FFF7B8FE206B02218843012138
:10B100000143216304E0206B064326630120050010
:10B110002800C0B270BD000028290410FFF3FFFF13
:10B12000FFFFFCFFFFFCFFFFFF3FFFFF38B5040000
:10B130002C20205C012801D102201FE001202C21BD
:10B140006054200000F017F905002800C0B2002864
:10B1500008D1206B3A490140802040000843206319
:10B16000002060632A212068FFF74FFF00202C2178
:10B1700060542068FFF799FE2800C0B232BD00007D
:10B18000FFCFFFFF70B504002C20205C012801D107
:10B1900002201DE0012528002C216054200000F031
:10B1A000DDF806003000C0B200280CD1200000F00D
:10B1B000EEF806003000C0B2002804D1206B1F4911
:10B1C00001400D43256300202C2160543000C0B2A3
:10B1D00070BD70B504000D000AF0CEFF060002211C
:10B1E0002068FFF714FF002813D10020C0438542D8
:10B1F000F5D00AF0C1FF801B854201D3002DEED1AE
:10B20000206B04210143216300202C216054032082
:10B2100013E0206B8021890001432163082120680D
:10B22000FFF7F5FE002803D0206B0449014021639D
:10B230000A212068FFF7E9FE002070BDFFFEFFFF36
:10B24000FEF9FFFF10B504002068FFF7DBFE10BD1C
:10B25000FEB505000C0000273800694608702C2058
:10B26000285C012801D1022077E001262C202E54F1
:10B270002868FFF71FFE002810D12268616828683F
:10B28000FFF744FE20680D280ED020680C280BD054
:10B29000A26821682868FFF721FE05E0286B2021BD
:10B2A0000143296368460670E068032850D060694E
:10B2B000002802D06069019010E0A068002802D048
:10B2C00020680D2802D13848019007E0A0680228C4
:10B2D00002D13648019001E0354801902369019A76
:10B2E000E1682868FFF723FE2068002803280AD9B0
:10B2F000001F03280DD9001F032810D9001F14D0E8
:10B30000401E18D01DE0A268E1682868FFF756FECD
:10B310001FE0A268E1682868FFF736FE19E0A2681E
:10B32000E1682868FFF716FE13E00322E168286849
:10B33000FFF744FE0DE00022E1682868FFF724FED5
:10B3400007E0286B2021014329636846067000E06E
:10B3500000BF2C202F5468460078FEBD38B504008D
:10B360002068FFF7A7FD0500002D02D02068FFF739
:10B3700097FD002032BD10B504002068FFF7A9FD3D
:10B38000002802D12068FFF79AFD002010BD10B5FB
:10B3900004002068FFF79DFD002802D02068FFF719
:10B3A00093FD002010BD0000FF0F0000FF0700000C
:10B3B0005505000070B506000D001400220029009C
:10B3C00030000BF0BBF870BDFEB504000D00160098
:10B3D000019600952700009A01993800F8F7D2FEEF
:10B3E000F7BD70B506000D001400220029003000E2
:10B3F00007F01CFE70BD7FB504000D001600684606
:10B400000BF016F968460178217041782970807830
:10B4100030707FBD38B505000C0021002800F8F71A
:10B4200041FD32BD70B506000D0014002200290058
:10B430003000FEF7DEF970BD70B506000D00140097
:10B440002200290030000AF0BBFC70BD10B50400DA
:10B4500020000BF02DF910BD70B506000D00140092
:10B460002200290030000BF045F970BD70B50600D0
:10B470000D0014002200290030000BF06FFA70BD9F
:10B4800010B5040020000AF047FC10BD10B5040000
:10B4900020000AF04FFC10BD10B50400200040B29F
:10B4A0000AF0AEFF10BD10B504002000C0B20AF0D3
:10B4B000DAFF10BD80B50AF0F4FF02BD80B50AF0D6
:10B4C000F2FF02BD10B504002000C0B20AF0EDFF8B
:10B4D00010BD80B5FFF740FC02BD80B50BF0D0F881
:10B4E00002BD80B5FAF709FC04BD70B50600140072
:10B4F0001D0022002B003000FAF734FC70BD10B59F
:10B5000004002000FAF73EFC10BD70B506000D00E7
:10B5100014002200D2B22900C9B23000FAF74BFB66
:10B52000C0B270BD80B5FAF78BFBC0B202BD10B5DA
:10B5300004002000FAF79EFA10BD80B5FAF7B8FBB8
:10B5400001BDFEE7F0B597B0E54C6720C543F8F7BD
:10B55000C1FFE44E012802D0F07A002810D027461F
:10B560002C463834F8F7B6FFF17A6143784338183F
:10B570004418F8F7AFFFF17A4143DB4848432418F9
:10B580002634F8F7A7FF01280ED12846603031890C
:10B59000414328464430B27A424350182946483144
:10B5A000327B4A43801800E000200390F0890A9023
:10B5B000F8F784FF012801D0F9F73DFBF8F782FF87
:10B5C0000128119409D12C463834F8F783FF6043E1
:10B5D000F17A41430839099101E000200990F248CD
:10B5E0004C301390F9F727FB012815D0F8F766FFC8
:10B5F000012811D02920305C00280DD12520305C95
:10B60000002809D12620305C002802D0E6484C30C2
:10B6100001E0284624301390E3486C301290F9F78B
:10B620000AFB012815D0F8F749FF012811D029207D
:10B63000305C00280DD12520305C002809D126205F
:10B64000305C002802D0D8486C3001E028463C30FD
:10B650001290F9F7F0FA1090B07E0090F07F0F9002
:10B66000F8F738FF0790F07F0190F9F748F9089054
:10B67000F07F0290F8F7B0FF0027F8F727FF0128C6
:10B680003846159516974FD1707F0A2800D30A20A7
:10B690002C4638344443C03C0025F9F79FF8012874
:10B6A0002F4620D1F8F716FF01280E9503D0159BE1
:10B6B0001846543002E0159B18464830BA49E43128
:10B6C000B27F4A43101835461E466036E97F32463F
:10B6D0008A408718F8F7FEFE012802D1E87A46432F
:10B6E000BF192E460E9DE0191490F9F797F80746FA
:10B6F000F9F774F804463C40F8F7ECFE20400128C6
:10B7000008D1F07E401E03210143B07FB0224243A6
:10B71000D043451A14984419F9F78DFA6043A249A9
:10B7200008182C30159D169F0690F8F7D3FE0128B7
:10B73000394609D1F8F76DFF0128394604D1222096
:10B74000305C2946143141430591F9F747F8012847
:10B75000384621D19448D430B17E41432846483000
:10B76000F27A424354180027F9F758F8012810D10B
:10B77000F8F7B0FE01280CD1159A10465830317FE9
:10B78000414310466030F27E424350188438B77E01
:10B790004743E019159D169F0E900BF015F90128EF
:10B7A000384633D1F8F796FE012802D02F465C3791
:10B7B00004E028466030F77A47430C3F2325705D4C
:10B7C00000240028204605D0F8F784FE705D404232
:10B7D00003218843C0192427F15D159A64324A4336
:10B7E0008518F8F773FE01280DD1F9F724FA01281E
:10B7F00009D1F8F7F3FF012805D1F45D002C159865
:10B8000001D0044650342819159D169F0D90F8F765
:10B8100061FE0128394609D10BF0D8F801283946D4
:10B8200004D128464830F17A414314390C91F8F795
:10B8300051FE01283A4608D10BF0CAF801283A46D1
:10B8400003D128464C30F27A42432620315C252031
:10B85000345C63182920305C0493002B149010D0C2
:10B860002820335C284660305843F8384843272363
:10B87000F35C54355D434C4B5B19483363431F18ED
:10B880001498002816970B920DD002462A20305C9F
:10B89000454D2B46B033434337462E46C8365643B4
:10B8A000F318483B03E02A20305C00233746282663
:10B8B000BE5D7143091827263D46BE5D74432418BA
:10B8C000601813D0159F3E464C3666433C463434D0
:10B8D0004C43A1193C465C3444430C19143C07E02A
:10B8E00010FCFFFF141900207CFDFFFF0024159FB2
:10B8F00003990A9E1198081839464431714340183B
:10B900000999401813994018129941183846603027
:10B9100006460F9A96408919109A012A06D1224E9E
:10B92000009A564371184526B60089192E46079D80
:10B93000059A012D02D1019DA840091808980128F7
:10B9400005D138461830029DA84041187039069834
:10B95000049D081880180E9940180D9940180C99EC
:10B9600040180B9940181499CD4201D0381858301E
:10B9700016994018C01804190BF02CF8012800D1B2
:10B98000E419706820180321C943F28DD21C0A40C3
:10B99000B38DDB1C0B409A18338EDB1C0B40D11887
:10B9A000401A17B0F0BDC04690FEFFFFF0B595B04D
:10B9B0000120810414912E480160BFF34F8FBFF323
:10B9C0006F8F07F0A2FFFFF7ADFD00201290C0437C
:10B9D00007F08BFFF8F772FD1390F8F773FD1190E5
:10B9E000F9F729F91090F8F78AFF0F90F8F7F4FDAE
:10B9F000F8F76CFD0E90F8F70CFE0D90F8F7EEFEE0
:10BA00000C90F8F70BFF0B900AF0DEFF04460AF0EB
:10BA1000DDFF0546F8F75EFD06460AF0D9FF07464A
:10BA20000AF0D8FFC0B2F9B208910990F0B2E9B2B9
:10BA3000E2B20B9BDBB20C9CE4B20D9DEDB20E9E0C
:10BA4000F6B2129F00970196029503940493059213
:10BA5000069107901398C0B21199C9B20F9AD3B248
:10BA6000109A0AF0B9FF03481499016015B0F0BDAF
:10BA700080E100E000E100E0010020200843704781
:10BA8000FDB5B2B03A98049102A93B228854002037
:10BA90000D9024A8401C2F900DE00498329A9047F6
:10BAA0000490002801D100F0B7FE0D98401C0D90C5
:10BAB0003398401C339033980178002910D0252901
:10BAC000EBD100200790089009900A900B900C9001
:10BAD000002102240120149008201290339D05E0DB
:10BAE0000D9800F09BFE0800149901436D1C287806
:10BAF0002028F8D023280BD02B2804D02D2804D0C0
:10BB0000302808D00AE02143F0E708000421ECE7E0
:10BB100008000821E9E708001021E6E72A280FD1EC
:10BB2000349802681068121D349B1A600F90002828
:10BB300004D542420F920800042101436D1C12E01B
:10BB400000200F90644A09E00F9B934205DA9E00A3
:10BB5000F3185B00181830380F906D1C287803001C
:10BB6000303B0A2BF0D328782E2803D00020C04386
:10BB70000E9027E06D1C28782A2808D13498006898
:10BB80000268001D349B18600E926D1C1AE02D286F
:10BB900002D12D226D1C00E0002200200E900CE04E
:10BBA000002A09D10E9B4C4EB34205DA9E00F318D1
:10BBB0005B00181830380E906D1C28780300303B5D
:10BBC0000A2BEDD302A801872E7831004048784433
:10BBD000FF30401E0AF07AFF002801D06D1C00E003
:10BBE000002602A83A214654405C682804D12878EF
:10BBF00068280BD1622005E06C2807D128786C28D2
:10BC000004D1712002A93A2288546D1C15A806900F
:10BC1000287869460870681C3390684602781000DE
:10BC2000253833D01C3800D1CCE1001F022800D8C1
:10BC3000C8E1133801D100F019FD093800D1C1E184
:10BC4000801E01D100F0AFFD401E01D100F05CFD6F
:10BC5000401E022800D8B5E1001F01D100F054FDBC
:10BC6000401F00D108E1401E01D100F0FFFC401E42
:10BC700000D1F0E0C01E0ED0801E01D100F0F6FC15
:10BC8000C01E01D100F0F2FC00F098FD149807905E
:10BC9000252015A97CE1349800680468001D3499BA
:10BCA00008600594002C00D0C1E002A83B21405C54
:10BCB000002800D1B5E00024E4430648784414305D
:10BCC0000AF00EFF201A01D000F0A6FD00F083FD5F
:10BCD0008C6CFFFFC06CFFFFCBCCCC0C01236A4601
:10BCE00002A9280000F054FE002801D000F094FDC5
:10BCF000641EF3D13295079D15AC002D0FD0329EF6
:10BD000021780498B0470490002801D100F084FD08
:10BD10000D98401C0D90641C6D1EF1D132963020A0
:10BD2000694608700A9C002C0DDD329D01236A468D
:10BD300002A9280000F02CFE002801D000F06CFDC4
:10BD4000641EF3D13295059C089D002D0FD0329EC4
:10BD500021780498B0470490002801D100F05CFDE0
:10BD60000D98401C0D90641C6D1EF1D13296302749
:10BD700069460F700B9C002C0DDD329D01236A4635
:10BD800002A9280000F004FE002801D000F044FDC4
:10BD9000641EF3D13295059808994418099D002D29
:10BDA0000FD0329E21780498B0470490002801D12A
:10BDB00000F032FD0D98401C0D90641C6D1EF1D1F9
:10BDC0003296684607700C9C002C0DDD329D0123D5
:10BDD0006A4602A9280000F0DBFD002801D000F02F
:10BDE0001BFD641EF3D1329502A83821405C400748
:10BDF00000D460E62020694608700198002800DC25
:10BE000059E6019C329D01236A4602A9280000F0F0
:10BE1000BFFD002801D000F0FFFC641EF3D1329575
:10BE200049E61B4878446830059000F0D4FC0E9D2C
:10BE3000002D03D520000AF077FE09E02A0000213A
:10BE400020000AF079FE002801D0001B00E0280045
:10BE5000089000F0C0FC349800680268001D349916
:10BE600008600020C0430021104002AA03C215A8A8
:10BE70000590782100F093FC02A83B21415C002949
:10BE800008D00024E4434B487844FF30293017E7BA
:10BE9000206BFFFF3A21405C62286AD0682819D0E5
:10BEA0006A2845D06C2806D071284FD0742831D02C
:10BEB0007A2821D06FE0349800680168001D349A18
:10BEC000106000297AD10024E4433B487844FF30D5
:10BED0001738F5E6349800680168001D349A106040
:10BEE000002905D10024E44333487844CA30E7E60A
:10BEF0000D98088000F06FFC349800680168001D00
:10BF0000349A1060002959D10024E4432A48784427
:10BF1000A630D5E6349800680168001D349A106098
:10BF200000294BD10024E443234878448A30C7E6F3
:10BF3000349800680268001D34990860002A13D103
:10BF40000024E4431C4878446E30B9E63498006815
:10BF50000268001D34990860002A05D10024E443DA
:10BF6000154878445230ABE60D98C11703C200F073
:10BF700032FC349800680168001D349A1060002972
:10BF800005D10024E4430C4878442C3098E60D9801
:10BF9000087000F020FC349800680168001D349A95
:10BFA000106000290AD10024E44303487844083093
:10BFB00086E600BFB069FFFFC469FFFF0D98086007
:10BFC00000F009FC34980068C31D072083433498AF
:10BFD000036003CB349D2B6002AB03C32023C80F47
:10BFE00004D007982D2115AB19540DE002A8008F3D
:10BFF000204204D007982B2115AB195404E0C00748
:10C0000004D5079815A90B54401C079015A807994B
:10C01000401813901398059024AD02A8C0C8684634
:10C0200000782021014368468170807861280BD018
:10C030000E98002801D5062005E005D168468078D5
:10C04000672801D114980E9002A803C808004B007D
:10C050005B150024E443A3420ED109030CD0032056
:10C060000890613A1A2A03D21949794462310FE0E3
:10C07000184979445E310BE0A3420ED100030CD184
:10C0800003200890613A1A2A1DD313497944483194
:10C0900003221398F8F7BAF89DE301AA02A803C88F
:10C0A0000AF055FD02AA03C26846807861281CD1B7
:10C0B000059830210170811C059169460978612934
:10C0C0000ED178210DE0054979441031E0E700BF39
:10C0D000E468FFFFE468FFFFE868FFFFE068FFFF38
:10C0E000582141700798801C079002A803C8224677
:10C0F000530802400B4004D1002A02D1002400263C
:10C1000052E168468078612800D099E00E980028B6
:10C1100001D5212000E0401C13901398401C2E9064
:10C1200030003900002200230AF026FD02A830C8A2
:10C1300002D28020000645400198001F019024A9EA
:10C140000A7024A8461C2E98002832DD2E9F20005D
:10C150002900002280235B03FDF772F929D81C22F5
:10C160000AF023FD04000D00FDF784F92E90FF1F57
:10C17000002F09DDFDF798F802000B0020002900D0
:10C18000FDF704FA04000D00F01D07212E9A002A85
:10C190000ADD491E08D4401E13071B0F037012113D
:10C1A000F5E7401E00220270491EFAD5C61D002F79
:10C1B000CDDC24A82F99711A24AA551C139A0C00BF
:10C1C000914200DD1400002C33D48C4205DA411C6E
:10C1D000095D082901DB0F2100E00021220024ABCA
:10C1E0009B1801E0641E5B1E521E1E788E42F9D021
:10C1F0000F2904D1411C895C491C401C8154002A30
:10C2000004D524AD641C0198001D0190611E10D45A
:10C210006A186846007813783033DEB23A2E01DBB4
:10C22000C318C6331370491E521E0029F3D5694640
:10C2300008700E98002800D4B5E0601E0E90B2E0A1
:10C240007F007F08019866494843664906F080FDF3
:10C25000019007200199401A002805DD02003000F6
:10C26000390000F06FFB0AE0424200205E4900F016
:10C2700069FB02000B00300039000AF0CEFC6A4670
:10C280009278662A02D1019A0A3200E006220E9BB9
:10C290009A18142A00DD142224AB30241C705C1C74
:10C2A00002E030A803C8139A002A3CDD30AB03C378
:10C2B000139230A803C8FDF7EFF82E900646083415
:10C2C000042530000A2106F046FD0F0030000A2147
:10C2D00006F041FD06003037601E077030000A216D
:10C2E00006F039FD0F0030000A2106F034FD06008B
:10C2F000A41E303727706D1EE3D108341398083818
:10C3000013900028CDDD2E98FCF7BEFF02000B0035
:10C3100030A803C8FDF73AF90022344BFCF7CEFFF2
:10C3200030AA03C2C5E72F98201A24A94D1C04E0A7
:10C33000401E0199491E01916D1C29783029F7D0C2
:10C3400069468978662902D10199491C06E0694647
:10C350008978652901D1149900E000210E9A5418BA
:10C36000A04200DA441E002C1DD4844204DA285D69
:10C37000342801DD392100E030212200681E8318B5
:10C3800001E0641E5B1E521E1E788E42F9D03929D0
:10C3900002D1A95C491CA954002A04D50500641CDB
:10C3A0000198401C0190019E1395684600786946EB
:10C3B00048700AF0A1FC406A0078694608700E9D3A
:10C3C00020B2002804DC149C044878440E301390FA
:10C3D0006846807866280BD1761C23E0E865FFFF6D
:10C3E00097750000A08601000000F03F84D79741B8
:10C3F00068468078672846D130B20321C943884215
:10C4000047DBA84245DA761C02A8008F1299C0B219
:10C41000084203D120B2A84200DC050030B22D1A38
:10C4200000D5002537B2002F00DDBAE00898411C86
:10C4300008913021059A1154002D05DC02A8008FC7
:10C440001299C0B2084206D00898411C089169466A
:10C450000978059A11547842854200DA6E4236B264
:10C4600070420B90AD1920B2854200DA2C0024B244
:10C470000994220013990598089BC018F7F7C6FE87
:10C48000281B0C90DAE068464078612818D17020AB
:10C490001BE020B2A84206DA02A9098F129AC9B29B
:10C4A000114200D105006D1E00D500256846407878
:10C4B000672802D16520694607E04520694604E007
:10C4C00068464078412801D1502048700898411CA6
:10C4D000089113990978059A11541398411C002D5D
:10C4E00005DC02A8008F129AC0B2104219D0089839
:10C4F000421C08926A461278059B1A54002D10DDE2
:10C50000641E20B2854200DA2C0022B20598089BF6
:10C51000C018F7F77BFE24B2089800190890281B72
:10C520000B9005980899401869464978017031B216
:10C53000002903D42B214170871C03E02D22427077
:10C54000871C4E42002412AD300008E00A2106F09C
:10C55000FFFB30AA03C229703098641C6D1C00B226
:10C560000028F3DC012C08DC6846407820210143D8
:10C57000652902D1302038707F1C002C09D1302071
:10C5800038707F1C07E0641E12A8005D30303870E0
:10C590007F1C002CF7DC059808994018381A099080
:10C5A0004CE020B231B288421DDA22B213990598CC
:10C5B000089BC018F7F72AFE24B2089800190890C3
:10C5C000391B0B91002D05DC02A9098F129AC9B203
:10C5D000114206D069460978059A11540998401C01
:10C5E00009900C952AE032B213990598089BC0185F
:10C5F000F7F70CFE0898C0190890A41B002D05DC65
:10C6000002A9098F129AC9B2114205D0411C0891A2
:10C6100069460978059A115420B2854200DA2C0047
:10C6200022B21398C1190598089BC018F7F7EEFDC0
:10C6300024B2089800190890281B0B9002A83821F2
:10C64000405C14210140102900D0C4E007980899EB
:10C6500040180B994018099940180C9940180F99E7
:10C66000884200DBB7E0081A0A90B4E002AA3A2038
:10C67000105C622808D068280ED06A2814D06C2874
:10C680001DD0712810D01AE0349801680868091D7F
:10C69000349B1960C0B218E0349801680868091D1D
:10C6A000349B196080B210E034980068C31D0720E5
:10C6B00083433498036003CB349C236006E03498B2
:10C6C00001680868091D349B1960002102AB03C38F
:10C6D000108F1299C0B208425BD002A803C800298B
:10C6E00001D1002855D068460078202101437829DF
:10C6F0004FD1079815A930220A54401C421C0792BA
:10C700006A4612780A5444E002AA3A20105C622871
:10C7100008D068280ED06A2814D06C281DD0712843
:10C7200010D01AE0349801680868091D349B19601C
:10C7300040B218E0349801680868091D349B1960FC
:10C7400000B210E034980068C31D0720834334987A
:10C75000036003CB349D2B6006E0349801680868C1
:10C76000091D349B1960C11702AB03C3002902DA0B
:10C7700007982D2109E0108F204202D007982B2125
:10C7800003E0C00705D50798202115AA1154401CC5
:10C79000079015A80799401805906846017802A8E7
:10C7A00000F03EF817E0149807903498006801688C
:10C7B000001D349A106015A801700CE014980790C1
:10C7C000252015A9087068460078002803D0079432
:10C7D0006846007848700F980799401A0A99401ADD
:10C7E0000899401A0B99401A0999401A0C99401A55
:10C7F000019002A83821405C400701D5FFF77BFA81
:10C800002020694608700198002801DCFFF773FAC0
:10C81000019C329DFFF762FA0020C04335B0F0BDA5
:10C82000F2B586B0040025696F2901D1082707E019
:10C830000846FFF721F9782801D00A2700E01027E1
:10C840003C2603CC083C04AA03C26A46127E642A32
:10C8500003D06A46127E692A09D1002907DA04A8A2
:10C8600003C800220023121A8B4104A80CC004A89C
:10C8700003C800290DD100280BD1206B002808D156
:10C88000082F3DD13820205C000739D53B263020C9
:10C8900035E00294009504A830C8761E0196200069
:10C8A00029003A00FB1706F0E8FA3032D0B23A28F5
:10C8B0000DDA00988255200029003A00FB1706F097
:10C8C000DCFA04000D0007D1002C05D10AE068460F
:10C8D000007E8218AF32ECE70298C068009989198F
:10C8E0008842DAD3029C009D082F09D13820205CB1
:10C8F000000705D5A85D302802D0761E3020A85547
:10C900003C20801BA061A919E160216B884206DAF6
:10C91000081A2062208F1C490140218710E000295D
:10C920000ED53821615C14220A40102A08D1616BAF
:10C930006269891A226A891A081A002800DD2062B1
:10C9400007B0F0BDF8B50026104F04000D000092AE
:10C9500014E0C00707D532003B0020002900FCF797
:10C96000ADFC04000D00009840100090300039002C
:10C9700032003B00FCF7A2FC06000F0000980028E4
:10C98000E7D120002900F4BDEFFF000000002440A3
:10C99000F8B50024002B11D007000E0014001D0074
:10C9A0002178B068B847B060002809D0F06A401C10
:10C9B000F0620020641C6D1EF2D104002000F2BD64
:10C9C0000020C043F9E7FEE7F0B587B014460D46F6
:10C9D000064669480068002E01D1062D17D0062EA4
:10C9E00001D1022D13D0082E01D1102D0FD0182EF9
:10C9F00001D1102D0BD0282E01D1022D07D02A2EC7
:10CA000001D1022D03D02C2E09D1012D07D180197F
:10CA100021462A46FEF7CEFC002007B0F0BD2E2EA0
:10CA200007D1062D05D1617989090329EFD212209A
:10CA3000F3E7D02E05D1012D03D12078F7F7D0FDF3
:10CA4000EBE7D22E05D1012D03D121783622815476
:10CA5000E2E7D52E0AD1042D08D102A804222146EE
:10CA6000FEF7A8FC0298F7F7B1FDD6E7F7F726FD29
:10CA7000082D23D1D12E21D101281FD102A8019048
:10CA800002263F4D21463246A847A11C06AF384634
:10CA90003246A847211D05AD28463246384B9847F7
:10CAA000A11D04AC20463246354B984723882A887E
:10CAB000398801980088F8F7C8F8AEE7302E05D11C
:10CAC000012D03D12078F7F70DFEA6E7D32E05D16F
:10CAD000012D03D120780AF017F99EE7FF2E0AD125
:10CAE000042D08D102A804222146FEF763FC029817
:10CAF0000AF013F90CE0FE2E0DD1052D0BD102AD7D
:10CB0000052228462146FEF755FC28460AF007F97B
:10CB1000002881D18BE72F2E05D1012D03D120785C
:10CB20000AF0FFF879E7322E12D1022D10D102ADB2
:10CB3000022228462146FEF73DFC2888411EC908EE
:10CB4000E02900D973E70D4909685A22885263E742
:10CB50001220332E00D060E7012D00D05DE702AD3A
:10CB6000012228462146FEF725FC28780AF0ECF839
:10CB70002878F7F7E3FE4FE7541B00205C1B0020EA
:10CB8000B5B30410F8B50E4605461224FEF792FC24
:10CB9000B04217D3012D15D80B480068817A009157
:10CBA0008572477A46722846FEF78CFC0024B7420D
:10CBB00002D10098A84205D0FF207F2201210B4618
:10CBC0000AF0CAF82046F8BDF41A0020F0B59FB06C
:10CBD000154604461E93020912200E2A00D98DE044
:10CBE0002026032903D02A46324000D086E01B913C
:10CBF0001DAF204639460AF0B1F839784048807EAA
:10CC000081422DD268003040AA00082313401B182F
:10CC1000142048433B490968496D0F187B707A1C02
:10CC20006E070F97109107D510261E4316702F0719
:10CC300003D55026334313701E462A99EB0702D0C2
:10CC400001231E4316702C9E042703290B461690C1
:10CC50000E9707D0042B1B9907D10323119306E0ED
:10CC600087204BE011971B9901E0002711972E9820
:10CC700014902D9813902B9F299A1992289A2798EF
:10CC800017902698159025981290032E1B931A97AB
:10CC9000189205D0042E169806D103273E4604E0CC
:10CCA0000E9F109A169801E00027109A11540AF06E
:10CCB00073F81CA90896139A0992149A0A92119A69
:10CCC0000B920C970D91129900910190159802907A
:10CCD0001798039018980490199805901B9806903F
:10CCE0001A9807901EAA24AB204629460AF068F835
:10CCF000002803D10F9A9474012111741FB0F0BD64
:10CD0000141900205C1B00207CB5064600090E2883
:10CD100001D912207CBD1C46154630460AF004F9A4
:10CD2000002800D07CBD01A930460AF017F8002881
:10CD3000EFD001A800781421414304480068406DF9
:10CD400040188581446000207CBDC0465C1B0020EB
:10CD5000F0B585B005463F48807E884201D2122753
:10CD600074E016460C463C480068406D0290012D68
:10CD7000019514D10394641C3546641E12D02878A2
:10CD800004A909F0EBFF00283ED0AD1D04A80178EE
:10CD900001200AF037F90028EFD0074656E00C20B2
:10CDA000009004E00AF088F90090019D039C284659
:10CDB000214632460AF09EF90746002846D1002C4B
:10CDC00024D0002C34D00394307804A909F0C6FF95
:10CDD0003079002802D17088002813D0022404A8DA
:10CDE0000778012128463A460AF0D2F9002D00D1F1
:10CDF0002C4614207843029908184474B61D039CED
:10CE0000641EDEE70124EAE7D3271FE0029E113605
:10CE10000024104FB87E84420AD2E2B200250121DC
:10CE200028460AF0B5F93570019D1436641CF1E707
:10CE3000012D08D10098002807D10027384639462F
:10CE40000AF006FA02E00AF02BFA0027384605B08D
:10CE5000F0BDC046141900205C1B0020B0B505468B
:10CE6000002213460AF03AFA0446002D06D106487D
:10CE70000068C06A00211C22FEF7A6FA122C01D11C
:10CE80002E20C443E0B2B0BD5C1B002010B586B0BC
:10CE900001AC08A114222046F7F7B8F90A48006847
:10CEA0007221405A009404210122084B0AF02CFA06
:10CEB00006B010BDFB349B5F8000008000100000B6
:10CEC000002A0000100000005C1B0020FFFF000093
:10CED0001CB511480468F7F75DFA882807D00C28BC
:10CEE00005D05D34002808D1022060701CBD0520EB
:10CEF00006F0F0FFF5F7B6FF1CBD0020607020784B
:10CF00007F210140217001A986204870802008708F
:10CF100002200AF00DFA1CBD5C1B0020BCB5104AB3
:10CF200014685D22A25C00280AD18020104007D03E
:10CF300072342180052006F0CDFFF5F793FF0CE059
:10CF4000DC2002420BD05D3401A900254D70024067
:10CF50000A7002200AF0ECF925700AF0A1F9BCBDB4
:10CF60005C1B0020012903D1018901200840704782
:10CF700008214056042802D802A1085C704700200E
:10CF80007047C0460101000001000000F0B587B005
:10CF900001291AD1034608331F8801263A077CD499
:10CFA00002910193817A03460B33046AC57FF80628
:10CFB0000493039114D4002218460AF01BFA0128A6
:10CFC0005DD0002802990CD067E0027A042A01D1D2
:10CFD000012662E04469057C00200490039000E093
:10CFE00002992F4800680127BAB20026AA421BD234
:10CFF00013195B1E1B78002B16D0A25C7F1C012A24
:10D0000001D0FF18F0E75D22825CD30708D19207B8
:10D010000AD5BAB2A25C03261640721E964103E0FE
:10D02000BAB2A25C01261640012936D1002E24D0C6
:10D030000199098870220A40202AC9D10026F443A8
:10D04000C06AC71F032C28D005A9002088718880DA
:10D050000590FF1D07223846FEF7C3F90006641C41
:10D060000028EFD1032C0AD806223846049C21461A
:10D07000FEF7A0F90399B97103E000260DE0049CC6
:10D08000039901980088202202404032402A9FD113
:10D090000126204632460AF0ADF9304607B0F0BD11
:10D0A0005C1B00201CB51148046800200146F7F7FE
:10D0B00067F901A948705D20205CC1075D34002933
:10D0C00005D001A901220A70FE21084020708107C5
:10D0D00005D501A902220A70FD2108402070022016
:10D0E00001A90AF025F90AF0DBF81CBD5C1B002041
:10D0F000BCB511480068446DF7F79DFD002802D0CB
:10D100000E48807E00E00120C5B21134002D11D000
:10D11000207800280BD020460F380078800706D5ED
:10D1200060786A46107000200121F7F71DF9143469
:10D130006D1EEBE7BCBDC0465C1B0020141900202F
:10D1400080B508460AF07EF90AF0AAF880BD70475B
:10D15000B0B50C4605460A4800685A21405A0AF004
:10D16000D9F901200AF0E2F9002801D08620B0BDEB
:10D170002878202101432970092020700020B0BDAB
:10D180005C1B002070B588B014460D460646C007EB
:10D1900005D0284621460AF0DDF9002819D1B0074C
:10D1A00001D4002015E004AA204629460AF0E7F938
:10D1B000002804D004A800211022FEF705F96E46CD
:10D1C00030460AF0EFF904AA2846214633460AF011
:10D1D000F9F908B070BD10B50446C00704D00AF0D4
:10D1E00013FA002800D010BDA00701D4002010BD04
:10D1F0000AF00EFA10BDFEE7F8B5044600200090D4
:10D20000C64309480068476D1237084D761CA87E52
:10D21000864207D23878143721460AF0FDF90028F3
:10D22000F4D0F8BD0098F8BD5C1B00201419002054
:10D23000F0B58DB00BA8002484800B94104D114ED6
:10D240002746A87E874218D200220A920120089021
:10D25000079206907F20059004920BA803900292FB
:10D26000072001900096F8B2099002212023FFF7D1
:10D27000ADFC7F1C0028E4D000E020460DB0F0BDDE
:10D2800014190020FFFFFF00FEB504460F4DA87ED5
:10D290000F4909684E6D113600270097C1B28F42C1
:10D2A00012D2317801290CD101AA002010715080CE
:10D2B000707810700121204609F01CFF002804D16D
:10D2C000A87E14367F1CE9E70098FEBD14190020E3
:10D2D0005C1B002080B50120FFF7D6FF80BDFEE774
:10D2E000B0B5096883240022002912D0CD6900243A
:10D2F000CC61087AC00603D400200AF091F902E05C
:10D3000008460AF0C7F9012200282946ECD08324F8
:10D310000CE0D0070AD0EFF3108072B60448006822
:10D320008921425C521E425462B60024E0B2B0BD74
:10D33000F41A002010B50C68207BC00708D000212B
:10D34000012220460AF0B4F9207BFE21014021731E
:10D350000E4800682C21405CC00703D120460AF02B
:10D36000BAF902E020460AF045FA002801D08320ED
:10D3700010BDEFF3108072B6054800688821425C4A
:10D38000521E425462B6002010BDC046541B0020FD
:10D39000F41A0020F8B5002420460AF05FFA05468A
:10D3A00001222F4B2746009218683421405C8442AA
:10D3B0004FD22C20285CFE21014002293DD11920AA
:10D3C0000601A85B80060CD5698F00200AF054FA8C
:10D3D0003A28009A10462ED0A8190188202291439D
:10D3E000018028460AF083FA0028009A104622D1CC
:10D3F0002846F7F724FC009A002810461BD1E6B215
:10D400003046F7F7AAFB009A0028104613D13046A1
:10D410000AF06FFA009A002810460CD128460AF04C
:10D420006AFA009A0028104605D130460AF065FADB
:10D43000009A411E88410A4B00E00020411E8841AD
:10D440003906174600D107463320C0002D18641C4A
:10D45000AAE7380603D0122001210AF051FAF8BDDC
:10D46000541B0020032070470120704701207047A3
:10D47000012070470120704770B50B4C0125042234
:10D48000204629460AF052FA084E3060062220460D
:10D4900029460AF04BFA31680860306801680020BC
:10D4A00088804880087070BD10190020501B002033
:10D4B000B0B50D46044608794979090208180AF002
:10D4C00047FA28796979090208180AF081FA287957
:10D4D0006979090208180AF0A9FA0AF0D1FA28793C
:10D4E0006979090208180AF0CDFA0848006836215F
:10D4F000405CC00601D40020B0BD1520E070A078CB
:10D50000BF210140A1708420B0BDC046F41A0020A4
:10D5100010B5044608794A7912021218C978062013
:10D520000AF0D2FA0748006836214056002801D494
:10D53000002010BD1620E070A078BF210140A1702E
:10D54000842010BDF41A002010B5044608794A79E9
:10D5500012021218C97807200AF0B6FA07480068C4
:10D560003B214056002801D4002010BD1720E07058
:10D57000A078BF210140A170842010BDF41A0020C2
:10D58000B0B50D460446087900281DD16879A979FF
:10D59000090208180AF012FB6879A979090208182B
:10D5A0002A7AE9792B4609330AF02CFB6879A979A4
:10D5B000090208180AF040FB6879A97909020818DD
:10D5C000E9790AF059FB28796979AA791202511888
:10D5D000EA790AF060FB094801683D200A5C0020F6
:10D5E00092060AD53D31497AC90706D01820E07065
:10D5F000A078BF210140A1708420B0BDF41A0020A2
:10D60000FEB50D4604460879002823D16879A9792A
:10D61000090208180AF0D2FA2A7AE9796879AB790E
:10D620002E4615362F460F37009701961B02181805
:10D630002B4609330AF039FB6879A97909020818E1
:10D640000AF0FAFA6879A97909020818E9790AF062
:10D6500013FB28796979AA7912025118EA790AF03C
:10D660001AFB094801683D200A5C002092060AD591
:10D670003D31897A890706D51C20E070A078BF214A
:10D680000140A1708420FEBDF41A002070B504464C
:10D69000144D28683626805D00280ED108794A7915
:10D6A000120210188A7BCB7B1B029A18891D0AF084
:10D6B00023FB2868805D002812D00B4801683D20BC
:10D6C0000A5C002092060AD53D31497AC90606D582
:10D6D0001920E070A078BF210140A170842070BDA6
:10D6E000002070BD541B0020F41A002010B5044621
:10D6F0000879491DF6F77BFF0A4801683D200A5C5E
:10D700000020920604D53D3109228956002900D413
:10D7100010BD1A20E070A078BF210140A1708420C4
:10D7200010BDC046F41A002010B504460879491D02
:10D73000F6F766FF094801683D200A5C0020920662
:10D740000AD53D31897AC90706D01B20E070A07840
:10D75000BF210140A170842010BDC046F41A0020F2
:10D76000B0B505460024084621460AF045FB0028CE
:10D7700010D0094800683D21415C89060AD53D303A
:10D78000407A800706D50020E870A878BF210140C4
:10D79000A97084242046B0BDF41A002009490A6803
:10D7A0003D21535C00219B060AD53D32927A5207F7
:10D7B00006D51D21C1708178BF220A408270842164
:10D7C00008467047F41A0020B0B504460125084603
:10D7D00029460AF011FB0146002000290FD0084914
:10D7E00009683D228A5C920609D53D31897AC906CD
:10D7F00005D5E570A078BF210140A1708420B0BD9F
:10D80000F41A002009490A683D21535C00219B0657
:10D810000AD53D32D27AD20706D01E21C170817856
:10D82000BF220A408270842108467047F41A002003
:10D8300010B504464A7908791146F6F7E0FD094823
:10D8400001683D200A5C002092060AD53D31C97A64
:10D85000890706D51F20E070A078BF210140A17084
:10D86000842010BDF41A0020FEB50D460446087948
:10D87000002823D16879A979090208180AF09EF9CD
:10D880002A7AE9796879AB792E4615362F460F3713
:10D89000009701961B0218182B4609330AF005FA67
:10D8A0006879A979090208180AF0C6F96879A9798E
:10D8B00009020818E9790AF0DFF928796979AA7963
:10D8C00012025118EA790AF0E6F9094801683D2088
:10D8D0000A5C002092060AD53D31897BC90706D033
:10D8E0002020E070A078BF210140A1708420FEBDFF
:10D8F000F41A0020F8B5184C01250422174E2046D2
:10D900002946B047164F3860102220462946B047B6
:10D91000396808600C2220462946B04739680968F2
:10D92000C860104DE98924222046B0470146386876
:10D930000268D06881600021082903D00023535277
:10D94000891CF9E7E989D18000211181E9894180A9
:10D950000AF06CFAF8BDC046101900202D790510A8
:10D96000681B0020141900200C207047012070470C
:10D97000B0B50546002420460AF074FA002801D00C
:10D980000C2404E0012D02D10120F7F7D1F9204643
:10D99000B0BDFEE7B0B50A4A12684223D45C7F25C9
:10D9A0002540D554002802D00AF07CFAB0BD0846C4
:10D9B0000AF094FA0E2006F08DFAF5F753FAB0BD8E
:10D9C0006C1B002070B51D4E32684225535DDB068E
:10D9D00028D5002816D0A432194800683421405CAC
:10D9E00070214143002399421CD01068002807D0C1
:10D9F000C0180489002C03D017240457002C12D41B
:10DA00007033F0E749208000101820242246FDF7EB
:10DA1000D1FC3068415D214341550E2006F05AFA91
:10DA2000F5F720FA70BD0B21002201230AF068FAF5
:10DA30003068415DCF220A40425570BD6C1B00200A
:10DA4000541B002001207047F8B52226254B995D14
:10DA50008620402902D81A7B8A4200D9F8BD224D7F
:10DA600028683022815430300024447034224A43E4
:10DA7000406821461F46FDF7A7FCB95D28680A22C9
:10DA8000A14206D0436B671C40349C5234323C4662
:10DA9000F6E738300AF04AFA286840300AF046FAC9
:10DAA000296800200A4654320B464C33C8640B6583
:10DAB00048658A650B4A925D52000346DCB2A24279
:10DAC000CCD92401896C09190026CE6029688E6C96
:10DAD0003619096D0E6029688E6C34190C340C658A
:10DAE0005B1CEBE714190020641B0020F0B587B025
:10DAF0000027604E604B05972220305C874200D3A0
:10DB0000B6E034247C431A68556B2819C178002983
:10DB100000D1ABE00379002B00D192E0192B0CD09F
:10DB20002E5B4589072B38D0162B75D0062B7FD15D
:10DB3000304629460AF0FEF979E05E2978D102974D
:10DB4000156C00200590012003904B4B002D7AD0DE
:10DB50002E461868406B005BED6931888142F5D133
:10DB60000021304604910AF067FA07460221304648
:10DB70000AF062FA404B1968496B09190A8A904207
:10DB8000E4D1488B8742E1D9032006F0A3F9F5F7E9
:10DB900069F9842005900498D6E7D02948D14179C5
:10DBA00030462A460AF058FA0590002843D13348F7
:10DBB00000685521405C80071FD5314800688069A6
:10DBC00042214E2203230AF0ABFA002815D0014669
:10DBD0000573867208204872042008720020C871FC
:10DBE00006208871FF20487182200871280A487336
:10DBF000300AC87242200AF0F3FA1F480068406BEE
:10DC000000198178090728D50089272825D13046B1
:10DC100029460AF0F3FA20E0112909D12021435CBA
:10DC2000C28806A80090304629460AF00DFB0590F0
:10DC30000598002811D0012006F04CF9F5F712F9EB
:10DC40000C4E0D4B12E00398C007029FF3D00A4818
:10DC50000068406B00195F21C170074B1868406B6A
:10DC600000190021C18005910171024E7F1C43E71C
:10DC700007B0F0BD14190020641B0020F41A002026
:10DC8000581B0020F8B50446222018490090085C73
:10DC900000270326164DC1B28F4212D22968496B64
:10DCA0008A19D21E1288A24208D1895D002905D0A6
:10DCB000F8B20AF053FB00980C49085C34367F1C1C
:10DCC000E9E710200125002621462A4633460AF0BE
:10DCD0006DFB202021462A4633460AF067FB20468A
:10DCE000294632460AF08EFBF8BDC04614190020C2
:10DCF000641B0020F8B501460079274AD27A904289
:10DD000022D209684A68137A9E1F0024142E1CD858
:10DD1000537A14224243214D2D68ED6AAD180A88CA
:10DD20007E4436797600B7440A1210101010101095
:10DD300010101010101015191C20262B3100284629
:10DD40000AF0B0FB044600E002242046F8BD0AF0C9
:10DD500017FCFAE728460AF079FCF6E70AF038FDE6
:10DD6000F3E728460AF0CCFDEFE700931723284697
:10DD70000AF044FEE9E7009318230AF099FFE4E76C
:10DD80000093192328460BF0CFF8DEE700931A23FF
:10DD90000BF0E4F9D9E7C04614190020641B0020F9
:10DDA000801FC1B2142903D840B202A1085C704799
:10DDB000002070470101000000000000000000008A
:10DDC000000001010101010101000000F8B5017826
:10DDD0004468012921D000295FD1258820460BF015
:10DDE0002BFA29460BF02EFA22212E4A515C88424A
:10DDF00053D2217ADF220A402272342141432A4839
:10DE00000068406B4018C17F80220A43C27704201B
:10DE100006F060F8F5F726F842E06688258828467F
:10DE20000BF02EFA0746022120460AF005F900966B
:10DE3000002E32D0002F30D01122064629460BF09A
:10DE40003BFA2221174A515C884226D230462946A5
:10DE50000BF056FA3421414313480068426B5118C5
:10DE600021228B5CCA89002B00D1921C009B92B2AC
:10DE700093420BD84A8C002A08D02231521E0A80C5
:10DE8000383021460BF05EFA0220C1E70620087107
:10DE9000012006F01FF8F4F7E5FF20460BF059FAD1
:10DEA0000020F8BD14190020641B0020F0B585B0D7
:10DEB00072480068816B002900D1DCE038300BF03B
:10DEC00051FA0446058828460BF0DAF9074602267F
:10DED000204631460AF0B0F829460BF011FA002F1F
:10DEE0004DD0054622206649085C854247D234273A
:10DEF0006F4362480068416BC819C278112A3ED14D
:10DF00006288002A3BD0049221220392825C002A7C
:10DF100006D0531E012B50D8C28C808C042321E0E4
:10DF2000042120460AF088F854490B68596BCA1935
:10DF3000029292890190904219D80093049B022B7F
:10DF40001DD30298826A002A00D08FE00122039B31
:10DF5000C2540022C284019B83841846049B9B1EEA
:10DF600004930623801A049A92B290420BDAC819DD
:10DF700006210171012005F0ADFFF4F773FF204683
:10DF80000BF0E7F994E7284621460BF0F5F93B48FA
:10DF90000068416BC819C28C049BD318C384828C5F
:10DFA0009BB2934202D20399465453E021309342EC
:10DFB00002D10322027002E00278032A4AD1C81972
:10DFC0008278120711D50289272A0ED1816A012091
:10DFD0000BF01CFA002841D128480068406BC0199A
:10DFE0000021039A8154816234E0264A1268552345
:10DFF000D25C92062ED5C95B0491818C0391468C2C
:10E0000047892148006880694221532204230AF08D
:10E0100087F8002822D00146039B0374324686739A
:10E020000773049E8672082048720D200872002033
:10E03000C8710A208871FF20487182200871180A6F
:10E040004874100AC873380A4873300AC8724220EC
:10E050000AF0C6F828460BF013FA29E7022005F06B
:10E0600039FFF4F7FFFE054800680090009838304B
:10E0700021460BF027FA05B0F0BDC046641B002016
:10E0800014190020F41A0020581B0020F0B585B0A8
:10E0900081880468807904AA10702222344B9A5C2B
:10E0A00065882688904208D104AB30462A460BF09A
:10E0B00013FA002858D104A800783421039148436A
:10E0C0002C4F3968496B0818018A30460BF030FA3A
:10E0D0003968002803D004A80278039F21E0C86CA7
:10E0E000002843D002950A464C32C36813600546A7
:10E0F0000C350195002B00D10A6504AA1278039F04
:10E100003B4653434D6BEB181B8A00258560C56069
:10E11000896D08600680438016480168019888650B
:10E12000029D7A43486B8018028A022120460BF038
:10E1300011FA0426204631462A460BF00BFA0D4D03
:10E1400028685C3021460BF0FDF8304605F0C2FE31
:10E15000F4F788FE04A8007878432968496B08180A
:10E16000817F491C8177002005B0F0BD8820FBE746
:10E1700014190020641B0020F0B587B08C4E306865
:10E18000406D0590059F002F00D10FE1F8680590C4
:10E19000398878880BF056F822258649495D8842EF
:10E1A000F0D2342343433068406BC018C0785F28F6
:10E1B00001D01128E6D1BC68002C049312D0A01C19
:10E1C00003906288002A22D0207A8006DAD4306850
:10E1D000406BC1181F23CE56FB88002E029168D4D5
:10E1E000734E73E0798838880BF0BEF904463068C6
:10E1F000002C4FD05C3021460BF0CEF96088BC601B
:10E200000021F980B8806180A01C0390049B3068D5
:10E21000406BC018818B0029B4D0FE88B9888A1B56
:10E2200091B2808A814200D30246002E00D1921C16
:10E23000029292B2002E00D0B61CB1B201912046DB
:10E240000BF088F9B01C81B27A8820460BF082F975
:10E250000298001D03990880002020822073E68127
:10E2600060686061A061217A2943217206AA019940
:10E270000BF0A8F9A06120460BF0B4F9002800D0FB
:10E280008FE04B4E3068406B04994018818B491EDB
:10E29000818377E739460C31436DBB4228D01A465B
:10E2A000DB68BB42FBD10B68D360002B27D10C325B
:10E2B00024E01F3101917F210E4001990E70002B47
:10E2C00001D10121CB433A4E9B18FB80B9889AB209
:10E2D0008A420BD10625A5816380029800892728F0
:10E2E00014D1002021460BF091F84AE0049B90E7FE
:10E2F000024654320B681360002B00D18265002265
:10E30000FA60006D0760306801653BE720460BF05E
:10E3100020F8294800685521405CC00631D52448C2
:10E320000068406B04994018868B40890290BC8835
:10E3300038880390214800688069422150220423D4
:10E3400009F0EEFE00281CD0014606748473029B7F
:10E350000373039A8272082048720D720020C871FC
:10E360000A208871FF20487182200871300A4874A1
:10E37000200AC873180A4873100AC872422009F0AC
:10E380002FFF0020B8600A4E3068406B0499401897
:10E39000817F491E81770598002800D007460597A0
:10E3A000F0E6042005F096FDF4F75CFD07B0F0BD43
:10E3B000641B002014190020F41A0020581B0020B0
:10E3C000F8B51D4C206840300BF016F9010431D02F
:10E3D0000090206840300AF0C5FF05464688341D8D
:10E3E000A1B20BF012F900272846394632460BF04D
:10E3F000B1F86C80104C2F82EF812F7368686861D0
:10E40000A861287A02210143297228460BF0EAF814
:10E4100000280CD06888001F68802068403029469A
:10E420000AF090FF032005F055FDF4F71BFD00985E
:10E43000401ECBE7F8BDC046641B0020F8B505467A
:10E44000012068210BF0ECF8234F3860234EF07A5E
:10E45000142421460BF0E4F801463868C162012D0E
:10E4600010D15C3009F062FD2225705D34210BF083
:10E47000D7F839684863705D400010210BF0D0F880
:10E4800039688864F07A411C154D0122284609F04C
:10E490004DFA39680862F17A0222284609F046FAF4
:10E4A0003D686862F17A0F4A072328460BF0C2F8EC
:10E4B000386817210185318C172901D28620F8BDD3
:10E4C0004185F17A4C43C06A00212246FCF77CFF6B
:10E4D000F6F7A3F8F8BDC046641B0020141900200D
:10E4E0001019002015F90610F0B589B0012B00D0E5
:10E4F000A2E000AB07C30F990E98039029204F4C60
:10E50000205C421E90410843E17F08910BF0A7F880
:10E510000690E67A049601271821494C3846A04710
:10E520002346484C216894254959C8633821384608
:10E53000984721684959C96B08603320C4003046A8
:10E5400021463F4A90473F4909684959C96B48608D
:10E55000089887400BF08AF8F8B20821384A9047AB
:10E560003849096808954959C96B09682422002669
:10E570008E54086224314F700594049844430794E4
:10E58000069D089C0798B0421BD0012738462946B3
:10E590000BF046F82B4909680959C96B4968891974
:10E5A00084228850384629460BF03AF825490968F4
:10E5B0000959C96B49688919882288500598361805
:10E5C000E0E700980128049C09D10E2120460BF0B9
:10E5D00027F81C490968089A8958C96B886001980E
:10E5E000012809D1082120460BF01AF815490968BD
:10E5F000089A8958C96BC860029801280FD1202158
:10E6000020460BF00DF80F4D2968089A8958C96B00
:10E610000861012011210BF003F82968486603986E
:10E62000012809D11C2120460AF0FAFF0549096892
:10E63000089A8958C96B486109B0F0BD14190020C7
:10E6400021960510F41A0020FEB502910190214890
:10E65000006800273C4694254159C96B096824226B
:10E660008A5C944234D2096ACA5D012A0FD1CE195C
:10E67000B279C0231340402B09D1C95972680023D5
:10E6800002980BF003F8002804D1124800680837FC
:10E69000641CE0E7019807684068029030460BF080
:10E6A00019F80646EFF3108072B60A480068405920
:10E6B000C06B00682030E1B20BF032F83846029CA3
:10E6C00021460BF04BF862B6B4203750B436746074
:10E6D000FEBDC046F41A0020B0B5044632250BF04A
:10E6E00051F844550020B0BD70B50024204609F013
:10E6F000B5F80546094E30683421415C8C420CD295
:10E70000E321695CC90703D028460BF045F830685F
:10E710003321C9006D18641CEEE770BD541B002046
:10E7200070B50024204609F099F80546094E306876
:10E730003421405C84420CD228460BF0D5F80028E6
:10E7400002D028460BF0D0F83320C0002D18641CEE
:10E75000EDE770BD541B0020F0B597B0109315463F
:10E760000C461190002600960196012702223046A1
:10E7700039460E9233460BF0FBFA0F94E41E6142C9
:10E780006141FF20FD22144200D03CE1002D00D168
:10E7900039E10C9507911C98016806914068089032
:10E7A000119806C8CBB21E980A901D980B90119133
:10E7B000080630460D9210D0100CC1B2402900D38B
:10E7C0000027581E424242411740C02001404039B4
:10E7D0004842484110403E460D9A05930C9949071E
:10E7E0008A4B1A400B9F119B3B607A600A9B002B5F
:10E7F00001D080221A70C90F0991854909689425B2
:10E80000495989685D228A5C002A15D0002E13D0F0
:10E810000998002800D0EBE001230F9803281099F5
:10E8200003D10846184000D1E3E00E980140079854
:10E83000081800D0DCE0DCE0002A4AD0002848D0EC
:10E840000D9B1693119A159214A800270770096A58
:10E8500003C912AE0797009701960BF08BFA611E61
:10E860008C410C990E0926400124002869D0684883
:10E87000006840598268106A006812A90978C900C6
:10E8800043180720185600280C942146079807467D
:10E890000B9C67D519787F20084013A908702821A0
:10E8A00041431368526859182623C95CC90053189C
:10E8B0005B685158DA0F554F3B400AC414A90A70DF
:10E8C0000A99083C002900D00870002001460C9FDE
:10E8D00048E006430AD007980090109801900698E7
:10E8E0000290089803900598119924E0089E119CC5
:10E8F00020460D990BF0A2FA0106109F13D428218F
:10E900004143434800684059806800684018252109
:10E91000445C0BF0B7FA41424141002C00D0012188
:10E92000119C012964D107980090019706980290E4
:10E930000396059821460D9A099B0BF0AFFA034602
:10E9400057E015A80BF0DAFA002E51D00C9414A859
:10E95000009013AA11980D990B9C23460BF0F0FA26
:10E9600000210F4623780E9D2B43099A002A12D1CD
:10E9700011930123109C23405A425A4125406B4277
:10E980006B410F9C032C00D01A4600290C9B15D01C
:10E99000002A2BD12CE0411E8841002F00D10C9081
:10E9A0000C980128089923D12068069A90421FD11B
:10E9B00060684840154908421AD11AE00446411ED1
:10E9C0008C41002F184600D1204601280AD114A8F6
:10E9D0000078411E8841002A00D10346002B119B7C
:10E9E00006D006E068426841064201D0FE2300E0FE
:10E9F000FF23012100910193022200201C460346BF
:10EA00000BF0B6F9204617B0F0BDC046FFFFFF007F
:10EA1000F41A0020F0B58FB00693089207910446CF
:10EA200000270097019702220125384629460492C3
:10EA30002B460BF09DF92668059462683006159800
:10EA40000A90149C099414D01446100CC1B2C02032
:10EA500008404038474247413346F0B2421E5042D8
:10EA60005041402900D30025074005402246099C1B
:10EA700001E033463D468020039020707E491046D9
:10EA800008401C460A990B6048607C4B186894212A
:10EA90000E46405880685D21415C002917D0002D4A
:10EAA00015D075490898C00700D0D8E0012607980E
:10EAB000022800D2D4E006980068844200D0CEE05C
:10EAC000069840685040084200D0C8E0C8E00029DD
:10EAD00015D0002F13D00E920D94079F032F21D134
:10EAE0000CA8009020461146099A0A9C23460BF078
:10EAF00027FA002861D0267804980643B0E0781EF3
:10EB000087413D4330D0204611460BF097F943B280
:10EB1000002B0799099A059800D4137000920A9A5D
:10EB2000019244E0016A03C913460BAA002500952F
:10EB30000192224605930BF01DF9002842D04F4B5D
:10EB4000186880598068006A00680BA90978C900B4
:10EB5000411807200856002838D40999039A0A70EA
:10EB6000012600210A9B50E01C46059F03CF083F69
:10EB70000BF064F90106079D13D42168895989684F
:10EB80000968099A10702822424388182521445C9C
:10EB90000BF078F941424141002C00D001210129BC
:10EBA0005DD1099800900A98019038462946089A44
:10EBB000069B0BF00FFA064652E0089800284ED14B
:10EBC000FE264DE00DA80BF099F948E009787F2268
:10EBD0000A4009990A700CA90D70282151431A683E
:10EBE000925992681368526859182623C95CC90063
:10EBF00053185B685258D90F1F4E33400A9E0CC6FB
:10EC0000083E3346049E1643F6B2089AD2070FD147
:10EC100006990878012810D18879C021014040293F
:10EC200006990AD1086884420A4605990BD010E07B
:10EC3000002814D5002913D111E008680A46196884
:10EC4000814206D15968506848400B490840454206
:10EC50004541FD20074078427841284300D1FF26F6
:10EC6000012100910196002002220B460BF080F852
:10EC700030460FB0F0BDC046FFFFFF00F41A002081
:10EC8000F0B585B01E460392049107460025009515
:10EC900001950124022228462146029213460BF0D8
:10ECA00067F80320800506CF1040A3054340C8B293
:10ECB0006040C318584258413768B94203D173685D
:10ECC00053401B0232D0002817D01D4800689423FF
:10ECD000C05880685D23C35C002B10D00B9B282696
:10ECE0005E4300688019103001230AF0CFFC002831
:10ECF00005D00298074339460CE0FF210AE003984B
:10ED00008007E9430028084600D5E043049A032A17
:10ED100000D00146CDB20094019500200222214688
:10ED200013460BF025F8284605B0F0BD0A9A0028D6
:10ED3000084601D10298C0439207EAD4EAE7C046E8
:10ED4000F41A0020F0B58FB0012800D080E001292E
:10ED50007ED11D4617460BF081F9002878D0006857
:10ED60000A90002874D02878012871D16878012889
:10ED70006ED18021374C3846A04722460890AE78A5
:10ED8000EC78902138460691154690470590102161
:10ED90003846A8470D9021013846A8470490B10095
:10EDA0003846A847039038463146A8470290E1000C
:10EDB000600001900796730000250E9509970E9844
:10EDC000B84245D00E9800020A9A1018006D00282B
:10EDD00039D07F240C952C400B9020010D9A1018EF
:10EDE0002546019A5543ED00049A57195C43640087
:10EDF000039A15190E9EF401089A1419069A724383
:10EE0000059EB618A667FF2262720B9A54650E9A89
:10EE10005206520D0D9CA218B26108320B96F26197
:10EE20000022102A06D08750841865607F18ED18DC
:10EE30000832F6E707980E9A5043029A10180B9A78
:10EE40009063099F0C9D6D1C0E98401C0E90B6E7B8
:10EE50000FB0F0BD2196051080B50BF0FFF84D21E5
:10EE6000415C00685030002909D00268526D0023CF
:10EE7000D3671372012212028018491EF3E780BD86
:10EE8000F0B5B9B0044615A90BF0F0F80021002840
:10EE900000D180E11598007A002800D17BE1A02004
:10EEA000255820460BF0EFF8401915990A7A012AE7
:10EEB000074600D04F6DFA43821807D40C6DC01B73
:10EEC000214603F048FF401C6043C719781B14A972
:10EED00013AA0BF0E5F81498400B414241410B9105
:10EEE000159D287A012800D054E12E466036AB48A3
:10EEF00001211291017002200F9028726F65A848BD
:10EF0000006894214458483428460E301090052754
:10EF100021463A46FCF74EFA28465C3021463A46EE
:10EF2000FCF748FA28461430099021460BF0F0F817
:10EF30000BF00AF931784001084330700BF00EF9FC
:10EF40007070010AB170010CF170000E30711298EE
:10EF50000BF00FF97071010AB171002777813781C9
:10EF6000000CF0717078B178F27833793897090233
:10EF70000818110440181906401808903790707945
:10EF80001190B0790D90F0790E90347B35A9FF2067
:10EF900048700A910C700BF0F3F834973390329765
:10EFA0000C9528463C3031902C97686D2B906D7AEB
:10EFB0002046109904F0A9FE0D98000211994018FE
:10EFC00011900E9800040D902BA831A933AA0E952C
:10EFD000002D0C9D1CD0031D091D101D0A9A521CEA
:10EFE00023AC229425AC219427AC209429AC1F9407
:10EFF00036AC1E941D932DAB1C932FAB18AC0FC4D5
:10F0000037A81790169516A8F5F7ECFB0F9A24E091
:10F01000002400947E20C2432846214623460BF05C
:10F02000B7F8A96F01220F920A702F905D482990BE
:10F030005D4827905D4825905D482390286D2D9070
:10F040007289307B009408990191029409992346B2
:10F050000BF0B3F80F9A36A9087011980D9944185F
:10F060000F929000119035AE1198B84221D0002F28
:10F07000129D00D0022537A8C25930784849096846
:10F08000497A002305930695002F01D0092500E059
:10F090000E25049531ADED19039533ADED190295AB
:10F0A000109D0195009323460BF0BAF8761C3F1D86
:10F0B000DAE70C9DE86FC721405C0BF0A7F9044626
:10F0C00035A80078214604F0C8FE0E9F002F07D017
:10F0D00035A84078214604F08AFE28460BF0A4F9B2
:10F0E0003698A87235AC0F9E002E07D036A801784E
:10F0F000207804F040FE641C761EF5E728460BF0ED
:10F10000A2F9002F01D00B2500E01B25002F01D014
:10F11000082600E007268824002735A812901198B9
:10F12000B84237D00D940E960F952FA8C3592DA82D
:10F13000C2592BA8C059109029A8C55927A8C6594B
:10F1400025A8C45923A8C15912980078049505969A
:10F1500006940791042F03D00C990F9D0E9E02E098
:10F1600007260C990F9DF4B20394042F00D10A25B1
:10F17000ECB20092109A01920294042F01D00D9CDF
:10F1800000E00824E2B20BF05FF91298401C1290E4
:10F190003F1DC4E70B99084639B0F0BD871B00201E
:10F1A000F41A00202D3007100B3007104D080710FF
:10F1B000F32F0710FEB50446007A022835D10D461C
:10F1C00027466837E06F0AF05EFF79880291666D26
:10F1D0001749097800290FD14019F14341180BD480
:10F1E000801B216D019103F0B6FD401C02990918A6
:10F1F0000291019941438E19711B20465830012517
:10F200002A460BF05DF90A4E317801290AD1616D69
:10F21000091A616538790BF08BF9002030702046AF
:10F22000F5F7F6FA0298388000E000252846FEBD82
:10F23000871B0020F8B50E460446C76F480701D467
:10F24000002503E07520205C107001253007009236
:10F2500006D55119E388012238460BF071F9AD1C2F
:10F26000C437F00608D500984019FB78A27AA16F40
:10F2700049680BF073F9ED1C700601D4009905E0A4
:10F2800038780BF08DF9009948556D1C70B2002844
:10F2900000D4F8BDE07A002813D0082048550F4666
:10F2A0004E1928207070B01C21460E310522FCF743
:10F2B00081F8F01D21460C310222FCF77BF809355C
:10F2C00000E00F4620460BF074F90028E1D07919D0
:10F2D00020460BF077F9F8BD01207047F0B58FB0EC
:10F2E00005684168089181680A91C1680B910169BC
:10F2F00007914169069181690E91C169026A09927B
:10F30000476A0397866A0496C26A0592006B0D905D
:10F31000AC6F60680C9028460BF056F9F92128462E
:10F320000BF07CF924493960244931603E30069E57
:10F3300030602348059F38600E980C990160214980
:10F340000D980160227C284621460BF090F91E4959
:10F35000039A51601D49049A516070601C4878609E
:10F360000E980C9941600D98164941608C20205CE4
:10F37000079908706A202A5A28466A308078697A84
:10F38000089F3B68A66B00910193029614350123F8
:10F3900029460AF012FF099908700BF08DF90A99B5
:10F3A0000860204624300B9908600AF0D7FE2060E0
:10F3B00078600FB0F0BDC046390E0710C13007109D
:10F3C000C90B0710913007100D0C0710993007106A
:10F3D000D109071010B5437A0022002B19D0037A07
:10F3E000022B16D1826F13680B701C0A4C701C0C18
:10F3F0008C701B0ECB70407A08715068400A4871BF
:10F400009068400A8871D06805224243100AC8718A
:10F410000122104610BD10B50C46891CFFF7DAFF1B
:10F42000002803D0322060700920207010BDBCB5C8
:10F430000446407A00281CD0A56F606DE863002068
:10F4400068746A20205A2884E86940680078A874A3
:10F4500001A920460BF0B8F88C20285C01990BF02C
:10F4600067F8E06FBE21405C617A01222B460BF009
:10F470002BF9BCBD01207047B0B5012815D1012979
:10F4800013D1012A11D1012B0FD10BF005FA04463B
:10F490000648C57A01200C210AF0C2F860600821F4
:10F4A00028460AF0BDF861688860B0BD14190020D4
:10F4B000B0B505460BF0FAF9044628460BF002FAFF
:10F4C000A179002905D02288028062884280A28822
:10F4D00082808171B0BDFEE7F0B595B01F460692FF
:10F4E0000591064680880AAC0BF0FAF9002800D195
:10F4F000ABE0054603970794423001902C468134D7
:10F5000030890AAF38802E6B700AB880B81D294642
:10F510004C3105224E4B98474D4BB87A0494A17854
:10F5200049010143B97238460B302946283104227B
:10F5300000921C46984738460F3029465131032225
:10F540000292A047E869000E3876A969C907C90E7A
:10F55000014339760AF0F8FD4001109901433976EC
:10F56000F5F7CDF901280BD10498807A002807D04F
:10F570001020109901430AA80176286A696A01E0FF
:10F58000A869E969099108900AAF38461A3008A9B4
:10F59000491C0622FBF70EFF01980088F8820499A7
:10F5A00009780329009A00D00A4607992231079169
:10F5B0001A9C7A76E96A059A891A069A5200891A7B
:10F5C000039B002902D58919401CFAE70AAA138473
:10F5D0005082981C9082901C00220AF071FF6E6984
:10F5E000002E27D03E20305C002823D030463E300D
:10F5F0002A25A5702B21617002992170B76B0694A2
:10F60000079C2770390A6170390CA170007820714D
:10F61000F06A400A6071306B0E4903F09CFBA071E8
:10F62000706B7D2103F097FB2A46E071380EE07085
:10F63000069C06E01C20A0702320607002982070B9
:10F640002222E01C0AA9FBF7B5FE15B0F0BDC046AA
:10F65000B5B30410E2040000F0B5A1B00C460546B5
:10F6600018AE08460BF02EF90746807900281DD009
:10F67000787900281AD06878E91C421E0A960BAEE9
:10F680003046FBF797FE717E07200840707604280D
:10F690000CD80126314681401620014206D00BA825
:10F6A000801C09900BF038F9002801D021B0F0BD82
:10F6B0000BF05CF908900028F8D00BF071F9FF28E6
:10F6C0001ED006960790089E3046463005907C3640
:10F6D000707A0B9904910BF085F90599049848808C
:10F6E0000798B0713470388808803879307278881B
:10F6F000000308994863797903290AD0022009E0B8
:10F7000018AB0D201870A1200A2101220BF08EF9F0
:10F71000CCE70620012900D800200A9920310A915F
:10F72000F178014308200843F070204608F096F86D
:10F730004221415A426C05920BAE327E0492B2884D
:10F740000392728A0192F28A0092C06C0790B08A8A
:10F750000BF0A6F90290C11747184F40079847438E
:10F76000009801990BF09CF9C11740184840039983
:10F7700048434002C119049840090BF0A9F90899BF
:10F78000C863079902984143059808180590A8781E
:10F790000790707E042802D10BA803214176002037
:10F7A00016900BAE377EF906C90F16AD297017906B
:10F7B000681C31461A310622FBF7FCFD0F20384049
:10F7C000E871079A10462A38414241410A9841702F
:10F7D0000699017018A80475717E417509981990F1
:10F7E0000898189005981C9016981E9017981F90CE
:10F7F0002A2A02D10BA822301A9018A800F040FC47
:10F8000054E7FEE780B5092001490BF06BF980BD94
:10F81000390F071070B50D460446006861680AF09C
:10F820000DFB010616D4282141430B4800689422A1
:10F83000805880680068461830460AF023FB00288C
:10F8400008D028460AF095FC014630462A46234651
:10F850000BF050F970BDC046F41A0020F0B583B02B
:10F860001468C0C8F0B2A64203D152687A401202AE
:10F870003AD0FF25012838D10320800538400122E5
:10F880009205904231D11A48006894220292805821
:10F8900080685D22805C002827D000201A56002A4C
:10F8A00005D503C901930AF0C9FA019B0246100667
:10F8B0001BD4D0B2282141430D4800680092029A1F
:10F8C0008058806800684018103001930123314649
:10F8D0003A4609F0DBFE0099019A1170002804D025
:10F8E00002200443E5B200E00546284603B0F0BD1F
:10F8F000F41A0020F0B585B004060026002C2DD4A3
:10F9000003920493282545431648006894228058A2
:10F91000806800680190441902910029274601D0AF
:10F920002746103738460AF0ADFA2421615C0029D9
:10F9300014D0002812D00298002804D00198401951
:10F94000016A039C04E0039C20460AF012FC014675
:10F9500038462246049B0BF0CDF80126304605B010
:10F96000F0BDC046F41A0020B0B50146204C206816
:10F9700094254059806800290DD05D210022425411
:10F98000283001211B4A082309F054FE2068405901
:10F99000806819490165001D0BF0DEF820684059A8
:10F9A0008068417A002907D002682432002313704E
:10F9B000491E28320029F9D10C300BF0CDF820680F
:10F9C0004059806814300BF0C7F8206840598068AF
:10F9D0005C210022425401465C3101230B714A80B4
:10F9E0000146143102460C32C2610162B0BDC0460C
:10F9F000F41A002081100710A0BB0D0010B50C46B2
:10FA00000268416810460AF019FA012100222346D3
:10FA1000FFF770FF10BDFEE7F0B587B0474F3868BD
:10FA20009422805880685C23C15C002900D183E067
:10FA300001930392416D0591816D0491017A002932
:10FA400020D0FF21059A8A430092002407250168EF
:10FA50004068405D7F27074028207843081800262B
:10FA600002900599049A334609F010FE002830D11F
:10FA7000641C324F3868039940588068017A083511
:10FA80008C42E4D306AE0598049932460BF068F830
:10FA90003868039C005981685E200A5CC96909685E
:10FAA0003378DB00C9180023CB717F2111403A68FD
:10FAB00012599268D26912683378DB00D218D37970
:10FAC0000B43D3713968095989680A5C521C0A547E
:10FAD0002AE00098384380210591084306AD049937
:10FAE0002A460BF03DF8154F3868039C0059806892
:10FAF000C1690A795E23C05C09682B78DB00C918EC
:10FB0000CE71C0431018396809598968C9690968F4
:10FB10002A78D2008918CA79024305980243CA712B
:10FB200027200699029A1154019D0BF063F838685A
:10FB3000005980680021415507B0F0BDF41A00203B
:10FB400001207047F0B583B00C461249096894272C
:10FB5000C95989684D6889680CC802A801260096B1
:10FB6000019028460AF006F9002810D0601E844152
:10FB7000E00108490968C9598968496802AA1278E8
:10FB8000D2008918CA797F2313401818C87103B0AE
:10FB9000F0BDC046F41A002070B50C4802689421EC
:10FBA00052589468227A002A0ED0002207236468F3
:10FBB000E55C7F262E40E65404686458A468257AE4
:10FBC0000833521CAA42F2D370BDC046F41A00207A
:10FBD00070B5094D28689426805980685F24015DBE
:10FBE000002905D10BF020F8286880598068015D54
:10FBF000491C015570BDC046F41A002080B50A4862
:10FC000000689421405880685F21415C002905D03C
:10FC100002465F32491E1170090600D080BD2830AF
:10FC200000210BF039F880BDF41A002010B50268ED
:10FC3000416810460AF002F901060CD42824444316
:10FC400000200AF096FA04490968942289588968C4
:10FC500009680919086210BDF41A002003490968EF
:10FC6000942289588968602288547047F41A0020C9
:10FC7000F0B5D9B007469D4C206803F098FE0646C3
:10FC8000206803F088FE0BAD0121079169804221B5
:10FC9000795A298096490D91FF2211020C9139461B
:10FCA000403109913C467A34002E06923ED000281D
:10FCB0003CD13E462F460B370AF0FEFC05900A94D5
:10FCC000207A049003F0DBFF03900EAC80200290BA
:10FCD000207318A80F90059821460AF0FFFF002214
:10FCE00008963046214605923B460BF083F80128E2
:10FCF00027D000282CD12E1D08357E4800680468C6
:10FD0000039804F0DEF8221A0A9988790128089FDE
:10FD10000392344622D1FA62022088710598C87095
:10FD20000EA84189099A1180007D1BE0A079012865
:10FD300003D10BA80021C17256E00BA802218171EA
:10FD400052E00998C088401C0BA94880089F46E0F3
:10FD50000021089F38460BF099F840E00EA8007D7E
:10FD60007F2801D00A9908730EAE327B0F9938466E
:10FD70000BF08DF8707B0BAEF071129870710998D2
:10FD8000C088401C708028462146049D2A460BF0FE
:10FD9000C8F87072386B796B4018B8630E990029F7
:10FDA0001BD02E460A9D687A0AF092FEF8630EA9CF
:10FDB000C97B297040080399081A2C460E994118EE
:10FDC00030460AF0B5FB0298304304F095F80BA8D2
:10FDD000059981720121817111E00598F8630A9CEF
:10FDE0000BA8807A00280AD00BA8418838460BF06F
:10FDF0009AF80146207A00291DD004F07DF80BA85E
:10FE0000C07A00286ED038460BF0BAF860798007C7
:10FE100068D54120860018A83146F4F7C3F90BF0E5
:10FE20002BF905460BA88079022808970A9408D177
:10FE30000021022014E00BF035F9207A04F05CF880
:10FE400050E00AF039FC0146407805900BAFFC7990
:10FE500018A83246FBF7AEFA0598001B811CB8794A
:10FE60000591CFB2AF42079C00D80446FBF731FBA7
:10FE700006460BF029F901460EA8C472069A0272D2
:10FE8000AF422C4600D8059C8472711841730A99C0
:10FE9000097B01730999498981800BA94A794272CA
:10FEA0000B9AC280C97918AA51180E91F4F768FD0F
:10FEB000AF420ED90BA98A790EA8C272059A521BBD
:10FEC0008272C97918AA5118E2B289180E91F4F712
:10FED00057FD0BA94B790A7A487A0979009108995C
:10FEE0000BF0FEF8002059B0F0BDC0464C1B0020BE
:10FEF00000000101F41A0020B0B50E4800689421FA
:10FF000040584068806B0068FF2101810A4CE17F06
:10FF100007220A400121914041740C300AF01CFE76
:10FF20000025A17FE8B2884203D20AF05BFD6D1C78
:10FF3000F7E7B0BDF41A002014190020F8B5012825
:10FF400029D1012927D1012A25D11348C07F00904A
:10FF500001241421114F2046B847114E31689425D1
:10FF600049594968896B08600B48807F8C21B847E4
:10FF7000316849594968896B096808600720009908
:10FF80000840844008212046B847316849594968EB
:10FF9000896B0968C860F8BD141900202196051006
:10FFA000F41A002080B50AF077FC007AFF38411E71
:10FFB000884180BD80B5084909683D228A5C920667
:10FFC00003D53D31497BC90602D40BF08BF880BDC7
:10FFD0000BF0D2F880BDC046F41A002080B5084965
:10FFE00009683D228A5C920603D53D31497B89062A
:10FFF00002D40BF015F980BD0BF06AF980BDC04644
:020000041005E5
:10000000F41A002080B5084909683D228A5C9206EE
:1000100003D53D31497B090702D40BF0C1F980BDFE
:100020000BF00AFA80BDC046F41A00207FB50446E2
:100030000AF032FC0646007AFF2812D02568646870
:100040000BF056FA7F21415CC9070CD18169A942A6
:1000500007D1C1696140FF20000681434842484101
:100060000BE0002009E0F068316903AA0123009346
:1000700001922A46234609F07DFE04B070BDFEE7DA
:10008000F0B58DB004462020205C002800D1FFE0B0
:10009000002120460BF03AFA01460220002900D048
:1000A00056E125686168EA6B498809023E398A424F
:1000B00000D34DE1E06821694018E8622646203609
:1000C00071782846F4F7B9FC002800D041E10C967D
:1000D000284651300A90284681300990C0CC3046DD
:1000E000513039460D310322083CFBF763F9787A29
:1000F0000B90B97AFA7A387B0890388A4223F0520A
:1001000033467A33607DD87108020B994018110488
:100110004018089909064018B062387A7A21FF22FF
:1001200072540021D9730621B16379884902316381
:1001300040090B935872706B02F00DFE81B233468A
:1001400042339A88914200D29880387A1F21014028
:10015000397230464C30391D052207460893FBF7AB
:1001600029F9A069E169B061F1613046543039463E
:1001700009F0CEFF30462146F4F768FC0B98007A70
:10018000089908810C9840780B9009984678007877
:100190000AF03CF90746304603F097FDA96A30465D
:1001A00003F0AAFD0A9A107851780902081891788C
:1001B00009044118304603F0C1FD69480068417ADE
:1001C000304603F054FE0021304603F0CAFD2946B4
:1001D0004C31304603F099FDFF21304603F0B7FD66
:1001E000304603F0F4FD3046394603F000FE304659
:1001F000294603F0F3FD304603F0B0FC284603F037
:10020000FFFB284603F007FC284603F046FC28467F
:10021000294603F049FC0AF04FFA0146284603F04C
:100220000FFC284603F0D9FB284603F01DFC2846A6
:10023000314603F048FC284603F053FC284603F0FF
:10024000F1FB284603F054FC284603F06DFC2846D9
:1002500003F032FC284603F00DFC0B9800280BD06D
:1002600096200121002203F001FB0146284603F0FD
:1002700046FC284603F04BFC0C9E71782846F4F7A8
:10028000BBFB7078002836D02068F4F7E7FB65E008
:100290000AF002FB0546017A0120FF2958D06A7A4C
:1002A000002A55D108460BF023F920602046294644
:1002B0000BF02CF900284BD12046F4F7B8FB0028AE
:1002C00046D1C0CC387A0C90607B083C0AF09EF88E
:1002D000234909680968F16279880B9103F0F1FDFF
:1002E000F16A091AE0680918F162397879788906A3
:1002F0001DD57B211CE021688220085CCA6A0B6B3B
:10030000CC6B184D0795184D0695184D0595184D51
:100310000495072503950A25029500936308D21AD0
:1003200001927D22D3000D220AF08EF816E00C21F6
:100330000C9A0B9F091850090AF0CAFB39023E3982
:10034000884204D201216972F0632568B6E6022072
:100350002568022802D128460BF056F90DB0F0BDF1
:10036000F41A00203943061071FC04109110071094
:10037000F5300710B0B50024044DA97FE0B28842E3
:1003800003D200F02DF8641CF7E7B0BD141900206B
:10039000F8B5012821D101291FD1012A1DD1012B36
:1003A0001BD10698012818D1002420460BF0A0F894
:1003B00005461435094FB87F84420ED20126B0217C
:1003C000304609F02DF92860F97E304609F028F909
:1003D000296848618C35641CEDE7F8BD14190020CC
:1003E00070B50BF031F9044646690025B022294664
:1003F000FAF7EAFF4821FF206054AC21605466619F
:100400005234602D02D060550C35FAE770BDFEE71E
:10041000FEB500296CD00446513001902646813645
:100420006569307809F0F2FF074602907678304629
:10043000294603F009FD3046394603F00EFD2846F3
:1004400003F0DEFA284603F0E6FA284603F025FB1F
:100450002846294603F028FB09F092FE014628466B
:1004600003F0EEFA284603F0B8FA284603F0FCFA47
:10047000284603F0D7FA284603F05DFB284603F030
:100480004CFB2846314603F01EFB284603F014FBC4
:10049000284603F026FB6069AC21475C866B384632
:1004A00003F013FC3846314603F026FC019A10781D
:1004B000517809020818917809044118384603F068
:1004C0003DFC0C480068417A384603F0D0FC00211E
:1004D000384603F046FC4C343846214603F015FC00
:1004E0003846294603F0B0FC3846029903F0B5FCC3
:1004F000FEBDC046F41A0020B0B500280ED0401E44
:1005000001240023E4B20D5DDCB2322D08D00C5D75
:100510001B195B1CDDB26C1CA842F3D80020B0BDD7
:100520006018811C082310461A46FAF743FF012081
:10053000B0BDFEE7B0B50546002420460AF0D8FF5E
:100540000D380949897F491C491E0AD02122825849
:100550008C304823D25CAA42F6D1007840090124AD
:1005600084432046B0BDC04614190020F8B52121AF
:10057000415C00291ED084682079012680220F4F1B
:100580003146B847009060790621FF252A46B847D2
:10059000074600980743A079FE223146074B98474B
:1005A00006463E43E079022421462A46034B9847FB
:1005B000304300D100242046F8BDC046AF7206107B
:1005C000F8B50025002926D004460AF0E9F9FF28ED
:1005D0001BD006460AF0E4F9FF2813D007460BF0BB
:1005E00043F8FF280BD0009007F038F94121475419
:1005F0006069AC2146544821009A42540BE03846C9
:100600000BF04EF830460BF04BF87F20215C802237
:100610000A43225402252846F8BDFEE7F8B50246F3
:100620002120085C002826D01348C47E8B681879E6
:10063000A04200D3204651693E240855D26A8A62FE
:100640001A7800925E789D78DC785F797F02CF62BD
:100650009F790A4A7A430A63DA797D2353434B63CD
:100660003202009BD2182B04D2182306D2188A63B8
:1006700018310BF021F8F8BD14190020E204000035
:1006800070B588B004462720C0006569296B09024F
:100690000818104902F05FFB03468220205CE96ADB
:1006A000E26AE56B0C4E07960C4E06960C4E0596CC
:1006B0000C4E0496072603960A2602966D08521BD6
:1006C000019200913E3B0D22214609F0BDFE08B08B
:1006D00070BDC04671020000091107108D1107108E
:1006E0001518071067310710F0B589B00546B0201E
:1006F000285CFF283FD00E462C46B0342846EB300D
:100700000190FAF70FFF2868017804A81B4A0281BC
:10071000FF2200928272012787812A46AC32029220
:10072000925D827333460026C67346742278C27285
:100730008906C90F0174039399006918C96B091DD3
:100740000491543505950AF0D5FFA77000982070E4
:10075000019806708078800701D5F4F7E5F8039CCE
:100760006740029DE85D0AF09DFCFF200BF0A2FAB5
:10077000285D03F0C1FB09B0F0BDC046FFFF0000DB
:1007800010B5002421460BF0ADFA204610BD80B50F
:1007900001210BF0A7FA002080BD7047F0B593B09F
:1007A00010930E920F46EB21415C8A0801263146D8
:1007B0009143199C217000253D737D607D750F90DC
:1007C000006839460AF08AFA3868002840D03A466C
:1007D0000D962570B87C02283CD80B950F9F3946A2
:1007E000EB3118980A90907B144606224243D0B20F
:1007F0004D78614909680968129121680AF068F921
:100800000990460810988006000E03F05AFB301835
:100810000C942168129A5118081A12903946103116
:100820004B20800011900A462B46002B14D01668EE
:100830002B20305CFF2808D03468129FE41BE71798
:10084000E4197C40119FBC4219D3121D5B1EECE7DA
:1008500035468DE00D9D8BE00C9A0D9B002D0CD044
:100860000E682A20305CFF2804D030462A304078B9
:10087000FF280FD0091D6D1EF0E71D4678E03446B5
:100880002B34129909F054FE2178FF39484248412F
:100890000C9A00E00120099B38495943CB097D217E
:1008A0000D0137462637002834D03C79907C401C17
:1008B000C0B2FF2100220D930BF0E0FC09907C7187
:1008C000109878700C98C07BF8700C98807C401C55
:1008D000B8700F98806B001D012221460BF0DCFCE4
:1008E00027480790274806902748059027480490F6
:1008F00007200390092002901298019011980999FD
:1009000043181C33009303222046314609F09CFD16
:100910000D9B0C9A5919129830600A9BBB710B9D64
:100920003D70F5761089B0840E9A05CAF060326188
:10093000012B05D10F9B586D9A6D7060B26002E07B
:100940007560B5600F9B986B001D1C4603F0FEF8A8
:10095000109880002418FAF7C4FD8C216258A36C0B
:10096000C01A8018605079798020084303F0C4FAD7
:10097000284613B0F0BDC046F41A002071020000F2
:10098000DDC40510A118071099310710C9310710EF
:10099000F0B589B00391054690002C180BF0B0FC1F
:1009A000E06B02900C302968091D0622FAF702FD5F
:1009B00004A800260682C67302218181FF27877260
:1009C00019490181B0210191695CC1722B240399FD
:1009D000095D81732946543105910299091D0491DD
:1009E0000AF088FEEB202E54B220012129540198F0
:1009F0002F540398065D075504462F46AC372A341A
:100A0000EB35A878800701D5F3F78EFF38780AF028
:100A100049FB78780AF046FB30460BF04BF920781A
:100A200003F06AFA09B0F0BDFFFF0000F8B50090CE
:100A30002748006894214058476809F00FFB254972
:100A40004B7FE42100247C54AA217C541921890283
:100A50008422B950F9673D46E435EC73EC7201210C
:100A600029736C723946AA31FF228A71EC711A4ED1
:100A70004E800A2B00D30A230099012900D0234677
:100A80002B721430009009F017FE386000987860DF
:100A9000F86B001D24222146FAF796FC287A0028DC
:100AA00015D0386C001D0024242200922146FAF74C
:100AB0008BFC786C001D2146009AFAF785FC1037F4
:100AC000287A002803D002CF4E85401EF9E7F8BDF2
:100AD000F41A002014190020FFFF0000F8B50128C7
:100AE00061D101250091F4212F4A284690472F4CCF
:100AF00021689427C95948602826284631462A4A41
:100B000090472168C9594968C86328463146264A32
:100B10009047009901293DD1244C2168C959496861
:100B2000086401262825304629461F4CA0471F4946
:100B30000968C9594968486430462946A0471B4995
:100B40000968C9594968886030462946A047174A4C
:100B500011681546C9594968C8602C213046A0471C
:100B60002968C959496888630025114E707F0A2891
:100B700000D30A20ECB2A04215D90120302108F0A0
:100B80004FFD0A490968C9594968A20089180861D6
:100B90006D1CEBE705490968CA5952689060C8594D
:100BA000406800218163F8BD21960510F41A0020E9
:100BB00014190020FEB517460E460446406805216C
:100BC0000170002A06D10BF0A1FB400161680A7890
:100BD00002430A70606822254570022E01D0174832
:100BE00000E01548012F00D01548022E0290019612
:100BF00001D0374600E00427FAF773FC0646384672
:100C000029460BF089FB0299081886190198800083
:100C10002518E86B31460BF09BFBE86B0168891BDC
:100C20004A0A8276490CC176E96B123160680E304F
:100C30001622FAF7BFFBFEBD3E0600003E04000090
:100C40003E02000070B50446F020205C40070FD53E
:100C50002646AD360125204629460BF08BFB317820
:100C6000E06800220BF018FB204629460BF0B8FB89
:100C7000022120460BF07EFB70BD7047F0B595B0A9
:100C80000546480872285FD80E46149228690C90D1
:100C90002E4800682C21405CC007C10E287A1390B2
:100CA000A88A1190687E0D90A87E0E90287F1090E3
:100CB000E87E0F90287E0B902878129002D10A933C
:100CC0000F220BE0224800683D22825C92063BD551
:100CD0003D30807AC00637D50A9301224E20C043AA
:100CE0004140701E032303432533980883B21948FB
:100CF00000684069CCB2214607F012FA0746002886
:100D00000A99149820D00C9A10186B1C0935089673
:100D100009900D9840B20E9A52B20B9E00960F9E0B
:100D20000196109E029603920490119805901398D4
:100D300006900795381D129A0BF09CFB06487860C8
:100D40002046394607F04CFA15B0F0BD541B002080
:100D5000F41A0020581B00204DF60610F8B50C467A
:100D60000546F020085CC00701D1FF2003E009F030
:100D700017FEFF283BD02646AC363070A87A0028F4
:100D800001D00020F8BD2746EC373879400701D460
:100D9000FF2003E009F004FEFF2818D07070103423
:100DA00000250095387885420BD209F0F9FDFF281F
:100DB00009D002CC2A22885403210BF085FB6D1C3C
:100DC000F0E70098F8BD2806009804D0F8BD307808
:100DD000FF280AD10BE03879C10703D030780AF038
:100DE0005FFC3879400702D570780AF059FC07207B
:100DF000F8BD0100F8B50446EFF3108072B6254641
:100E0000EC3514480068C07B032803D1012000F0B2
:100E100023F81AE02646AC3630780AF041FC7078A8
:100E20000AF03EFC00261027287886420AD2E059B4
:100E30002A21405C0AF034FCE0590BF04FFB3F1DC7
:100E4000761CF1E720460BF04DFB62B6E8790028EE
:100E5000FCD1F8BDF81A0020F8B504460BF05CFB95
:100E60000546154800680768002C02D028460BF09C
:100E70005BFB009500260125FAF733FB391A0AD4EB
:100E8000E807304602D02A290CD20120012600258D
:100E90000028F1D10EE002F033FDF3200126009985
:100EA0000E5407E0FAF73EFB0026002C02D0FF208C
:100EB00003F022F83046F8BDF81A0020B0B5044619
:100EC00006F0CCFC2C21415C002502290AD111211D
:100ED000090140180BF046FB002803D020460BF018
:100EE00046FB05462846B0BDFEB506468768047930
:100EF000204606F0B3FC054620460BF05BFB0028BD
:100F000044D08079042841D17802E96C81423DD0F7
:100F100028462C300295923539683D2212016B88A3
:100F20009B019A18EB889A4200D81346184A4A4304
:100F300011463668007802280BD1164818188142ED
:100F400007D201911249009301F005FF009B01991E
:100F500038602888F0844B2080001818091A00D2C5
:100F6000002168892A8A904200D310468142029B60
:100F700000D8084682B2A92109018A4200D8084651
:100F8000B0840121204632460BF028FBFEBDC0464E
:100F9000E2040000BC0B0000FEB50568067930468F
:100FA00006F05CFC074630460BF004FB002847D0F7
:100FB0008079042844D13C469034A88CE188814251
:100FC0003ED0E080002130462A463B460BF006FB2F
:100FD0001C4800683D21415C890631D53D30407A8E
:100FE00040062DD52689A588E088019020880290AA
:100FF0007F8F15480068006980212622042423463B
:1010000007F08EF800281BD0014606748573019BFB
:101010000373029A827207720720C8710B208871CD
:101020003E2048710C71300A4874280AC873180AA7
:101030004873100AC872380A4872802007F0D0F846
:10104000FEBDC046F41A0020581B002080B50620C3
:10105000014909F047FD80BD4DE00610F0B589B0AB
:101060000024204606F0FAFB009001200890414839
:1010700000683421405C84427AD23320C000059459
:10108000604300990D182C20285CFE2101400229A4
:101090006BD10121009C204607910BF0CBFA06464C
:1010A0000021204601910BF0C5FA411E8841002E17
:1010B0000899049100D104902B462846E83003900B
:1010C0002846E6300290EA33089F06931C78F02603
:1010D00026400F252540032D1FD0022D0BD0012DBA
:1010E0002BD1049800282CD01320012106F008FCF5
:1010F000069B022525E00398008802990988081AB2
:101100000A2343431C4800680599C9B2A83001224C
:101110000BF09BFA069B032513E0A00611D504985B
:1011200000280CD00598C0B20BF0F6FA002801D0C8
:10113000D02626400898069B04E0019802E0D026BD
:1011400026400898EFF3108172B619788C4203D1CB
:101150002E431E70002102E007990F4039464A1EB7
:10116000914162B600270842B0D1059C641C7EE71D
:1011700009B0F0BD541B0020F41A0020F8B5046833
:10118000007906F06BFB9E21435AA0210546415A87
:101190008B4200D30B46E3809C212846695AA22249
:1011A000AA5A914200D31146A180A922120193426A
:1011B00000D81346A3812846EB6C144D5D432B0ADF
:1011C0000093943008250C2D1FD0082D01D00C263B
:1011D00000E00626A65B3D273F0103889B01DF193F
:1011E000B74200D83E464B239B00F318009EF61AE8
:1011F00000D200268E420F4600D83746BEB2964235
:1012000000D816466653AD1CDDE7F8BD710200003C
:10121000F8B5054606F022FB044628460BF0CAF94D
:10122000074611200001251828460BF090FA0646C3
:1012300000282CD02C3420780228009506D1387A4A
:10124000002800D1B879B8717D7A05E0787A002855
:1012500000D1B879B8713D7A002D00D1FD79FD71CA
:10126000042804D13888012803D0042102E0410871
:1012700000E00621607D02F0F0FD042D00D06D0835
:10128000607D294602F0B3FD00980BF064FA304609
:10129000F8BD010102010201000201000202020187
:1012A00002010101010102000201000080B50720D6
:1012B000014909F017FC80BDC9E2061080B508F0AD
:1012C00061FA0249C161002080BDC04602000707E3
:1012D000F8B505460BF06EF9002827D0044608F053
:1012E00051FA0646284606F0B9FA054600210E22B4
:1012F0002046FAF769F8F08B6080B08B2080412798
:101300000095E85D02F0C3FC0125042801D10646E2
:1013100001E02E4686400098C05D02F0B0FCA67148
:10132000042801D1054600E08540E5710020F8BDA4
:10133000F0B587B0044606F091FA0546C92047008B
:10134000EE1920460BF036F90446EF5BB8052B4644
:1013500048D5304800683D21415C89063ED53D3086
:10136000407A40063AD5903528890190A8880290A5
:10137000E888039028880490588F059026480068D4
:10138000006980212622042506932B4606F0C8FE1C
:10139000069B002822D00146019A0274029B8373A7
:1013A0000398087304988872059808720720C8711A
:1013B0000B2088713E2048710D71100A4874180A7C
:1013C000C8730398000A48730498000AC872059805
:1013D000000A4872802006F003FF069B30880F4900
:1013E00001403180F80512D5E17903204A0700D584
:1013F00001465A8FA3790091590700D503468020F2
:1014000000210BF0AFF9308805490140318007B069
:10141000F0BDC046F41A0020581B0020FFFD00005C
:10142000FFFE0000F0B585B016460D46044602F0FA
:10143000DAFAFAF777F80320C043C11C6846018145
:10144000012101824173BE21615A81722746BE3754
:10145000BA7EC272BA7C82730E4A891A4A1E9141C0
:10146000C1730173019600950AF044F920462830B3
:101470000BF0AEF93C3420460BF0AAF9002038748A
:10148000B87C02F039FD387E800701D5F3F74CFABD
:1014900005B0F0BDFCFF0000F0B587B00446FAF7D8
:1014A00041F802A819490181002606820121C17371
:1014B000FF21019104318181BE21615C8172274647
:1014C000BE37B97EC172D125615D81732146DC31A1
:1014D0000291216D283103910AF00CF92046283041
:1014E0000BF076F920463C300BF072F9B87C09F02D
:1014F000D9FD3E74605D02F0FFFC01986055387EB6
:10150000800701D5F3F710FA07B0F0BDFFFF000028
:1015100070B5044600250D70006D02F064FA264691
:10152000C73602F0F6F907203075606F8560606F8E
:10153000C560606F017A727D5206D20F0A43027253
:10154000606F2146DE3109300622F9F733FF206D46
:101550003021405C636F083301222946F3F7AAF972
:10156000C720205C29462A460AF088FE7B30982155
:10157000605020460BF03DF998340148A08370BDBF
:10158000F9FF0000F8B50446D820FF212154B82007
:10159000255A01272F402646D836002F04D00AF0BE
:1015A00063F83070FF2822D0B83409F0F9F92076BA
:1015B000FF2813D00021E8061AD40D4609F0F0F9EF
:1015C00029466076FF2813D1002F02D030780BF027
:1015D00045F9207E0AF064F8072109E00721002F71
:1015E00006D030780C460BF039F9214600E00C218A
:1015F0000846F8BD70B50C46054608460BF035F9AF
:101600000646204629460BF04BF98019E16F8842C7
:1016100001D8002070BD452070BD0000F0B595B028
:1016200007460446C4340BF020F90F90A0780E90C2
:10163000F86F0C900026384631460BF031F90B90CC
:1016400008F09EFD05460D9009F036F81190217BBB
:1016500081201290009038462A4633460BF02DF92F
:10166000384602F031FA9C2010903958207BFA6FEE
:10167000414B0793414B0693414B0593414B0493D8
:10168000142303931F230A930293019100920E9A4D
:101690000C9951430B9B5918521C0F9B5A438B18A2
:1016A0003946129D2A4608F0CFFE384631460BF0E7
:1016B000F7F80F90F9F715FF0E90C420395C607BA6
:1016C0003A6D0095134614330BF032F913A90A98BA
:1016D0000871F0431390607B02F017FB607BFF21E1
:1016E00002F035FB607B0C9009943D6D94200896C8
:1016F0003146324602F0BAF80346129E009628465A
:101700000C990D9A0BF0D9F8607B0D903D6D9620E9
:101710000121089C224602F0A9F803460094019694
:10172000143528460D99119A0BF030F9386D02F0F6
:10173000CBF9F9F7D6FEC8301099785038460BF03F
:1017400065F90998407B10490791104906911049A5
:10175000059110490491062103910A2102910E4935
:101760000E9A5218019200910F9B803339463246EF
:1017700008F06AFE15B0F0BD212C071045CE06100A
:1017800005CF06105DCF0610292C071001D20610D8
:10179000F3C7051091D50610FFFFFF0F012070471A
:1017A00070B5054619200601A85B002400060ED579
:1017B00007F0E8FF8168688F0BF0AEF93A2801D195
:1017C000012404E0A8190188802291430180204669
:1017D00070BD0000F0B589B00393029206910790A6
:1017E00007F0D0FF0446F2F769FE0590F2F766FEB7
:1017F0000546A92006013B4FF2F764FE012D08972C
:10180000009604D101283E460AD0374E03E0012855
:1018100006D02920C60005F0D7F8012800D10836E7
:101820000496029D039FF2F749FE0190F2F746FEEF
:101830000646F2F747FE012E07D101283E462F4605
:10184000069D079B14D0284809E0012800980890BD
:101850003E462F46069D079B0AD02920C0000890CF
:1018600005F0B2F8012802D1089808300890079BCB
:10187000EFF3108072B6E682A78265822382FB2294
:101880001B2001990129114600D00146059C012C1D
:10189000089C00D0024630209A42024600D3002223
:1018A0001B2B034600D31346049AAA42024600D3D8
:1018B0001A46EB08292B034600D31346B9420146CA
:1018C00000D319461B2F024600D30A46B4420146F4
:1018D00000D31146F208292A00D3084662B609B09F
:1018E000F0BDC0469042000048080000B0B588B086
:1018F000129C0694119C0594109D04950F9D0395D0
:101900000E9D02950D9D01950C9D00950BF098F98B
:10191000012C10D1F3F752F80BF0F2FA0748C17A14
:1019200007480068A830074A052307F083FE0BF03C
:101930006FFB0BF079FB08B0B0BDC0461419002056
:10194000F41A0020A11F0710F0B585B00446AC20A2
:10195000A072A07E81070AD40521084232D0A07F60
:10196000E17F09020E1825462035AE2707E001ADBC
:101970000026102228463146F9F726FDAD2720899A
:10198000B2B22346283329460BF04FFB3A2810D039
:1019900005460C280DD0002D0CD1A07E0121014060
:1019A00001D00E22D743A772F8221040090101434B
:1019B000A17600250E2002F08DFAF1F753FA2846A1
:1019C00005B0F0BDF8210840A0760C25F7E700002F
:1019D000F0B587B00568A97E0C24CA0600D5A2E040
:1019E000837946790779002E03D008060CD5832425
:1019F00099E04E4800683222825C920704D532306A
:101A0000007C400700D58EE080200140A976A87AAE
:101A100000280DD0F12800D085E0F80708D1012179
:101A2000284604911C460BF01EFB2346844229D90C
:101A30000593298900240B2220460BF03DFB00284A
:101A40000AD0049001200BF053FB032806D304981E
:101A500007F07FFC382466E0882464E0A021A972A6
:101A60002875E87B2F210140E973B80703D5A87ECC
:101A700020210143A976002E05980CD006A90BF071
:101A800051FB0BE0A87E04990843A8762846F3F79B
:101A900013F9044647E006A80BF060FB28460BF05C
:101AA00077FB224800683521415C06AA13786A7BDF
:101AB0003530477880780091019702900127049E85
:101AC000304639460BF080FB284631460BF09AFB36
:101AD00000280CD015480068B121415C8124002900
:101AE00021D0B1302A7D9740B94301701BE02846D0
:101AF0001C303C222146F9F767FC06A80078182123
:101B00000140E975A97BC207920F0A43AA73E97BDA
:101B10004007C00F0843E873304621462A460BF0C1
:101B20008BFBA120A872204607B0F0BD6C1B0020E3
:101B300080B5016840684968C97A094A1268322349
:101B4000D25C022A04D108220A4001D1032080BDC0
:101B5000E7221143C27D0A40C275F3F7F0F880BD59
:101B60006C1B002080B5C17C491E032911D8C046DA
:101B70007944097949008F4401040A01A521817241
:101B800080BDC17E491CC1760BF068FB80BD0BF0A7
:101B90009BFB80BD80B50146C07C401E032812D847
:101BA000784400794000874401050B0100200BF0C8
:101BB000D7FB80BDB5208872C87E401CC87680BD2A
:101BC00008460BF081FB80BD1CB50A4909688B6B88
:101BD00002684068D47E0090601EC3408020184395
:101BE0008123034008466430E43138320BF0F6FBC1
:101BF0001CBDC0466C1B00201CB502684068D17C2F
:101C0000022905D003290FD1AA209072EB201CBD18
:101C1000D17E4B1E0B4909688C6BDC4001232340AD
:101C20007F24E4431B1902E0064909680023009061
:101C30000846E43064314832DBB20BF0CFFB0020C1
:101C40001CBDC0466C1B0020BCB50446C07C0128EE
:101C500021D002281AD004281FD11048016801ADF4
:101C60000095224638322346483308466430E43132
:101C70000BF0E4FBC120A07228460BF015FC0849CC
:101C800001F069F820890BF01BFCBCBDE07E132835
:101C900001D8A42000E0AA20A072BCBD6C1B0020CB
:101CA00040420F001CB502684068D17C02290BD16C
:101CB000D17E4B1E0A4909688C6BDC40012323400E
:101CC0007F24E4431B1902E00549096800230090C2
:101CD00008466430E4314832DBB20BF07FFB1CBDB8
:101CE0006C1B0020FEB5B0C80668BA20307000201A
:101CF0003860E07C02281AD0042837D11C480168DB
:101D000002AD009522463832234648330846E43077
:101D100064310BF093FBC120307028460BF0C4FBFC
:101D2000144901F018F820890BF0CAFBFEBD1048D9
:101D30000168886BE27E01920095521ED04080229D
:101D4000024381231340224638320846E43064318E
:101D50000BF044FB2834102228462146F9F741FBBA
:101D600038600198132801D8B4203070FEBDC046F9
:101D70006C1B002040420F00B0B5002814D00B4D62
:101D800028684221425C08231343435464300849C5
:101D900020242246F9F70EFB2868843005492246A4
:101DA000F9F708FB0BF0BEFBB0BDC0466C1B002072
:101DB000B9330710D933071070B50546C67D002426
:101DC000300710D5288906F04DF8002801D00824E6
:101DD00009E0064800684221425C0423134343544F
:101DE00001200643EE75204670BDC0466C1B0020E6
:101DF000B0B50446144802686432002540212846E4
:101E00000BF09EFB002803D006F04CF8122519E0D9
:101E1000E07D602102460A40602A13D02022024061
:101E2000635C012119408A1807D19B210840E075A5
:101E300020460BF097FB054604E08425002901D0DD
:101E40004006F5D42846B0BD6C1B0020F8B50468E8
:101E5000E57D290730D50779FE200540208906F069
:101E600001F8E575002806D11449096842228B5C07
:101E7000FB241C408C54114C216843254E5D42319B
:101E8000002F08D010364E70002806D10878CF22D7
:101E900002400A7001E0761C4E700F203040032192
:101EA00000F059FFF1B209094018032804D305F0E6
:101EB000F9FF206800214155F8BDC0466C1B002089
:101EC000F8B500276B4B6C4A3D4618683421405CDE
:101ED000854200D3CDE01068A4214058002800D1ED
:101EE000B2E0C4192089002800D1ADE0A07A0146F3
:101EF000D13905295DD3002800D1A5E0FE2800D105
:101F00008AE0A22859D0AA2800D181E0B22854D072
:101F1000B42800D18AE0BA287AD0BF2800D189E05D
:101F2000F02800D18BE0102800D090E0012120465D
:101F30000BF04AFB002800D196E00026A6720BF0B9
:101F400059FB00284B4B4C4A7ED06020205CC007D8
:101F50007AD00BF05BFB484A464B002874D0E079FE
:101F6000C021014040296FD1444800684F21405CA6
:101F7000000769D524894248006880694822022107
:101F80000B4606F0CDF83C4A3A4B00285CD001469F
:101F90000420487208220A72CE7188718C72FF2068
:101FA000487182200871200AC872022006F018F9D0
:101FB00048E020460BF02EFB44E0E07D01260007C0
:101FC000304613D52046F2F7C0FE002806D012286E
:101FD00004D00E2001F07EFFF0F744FFE07D602189
:101FE0000140603948424841224B234AE17C0229A2
:101FF00004D1E17B10220A4016091F4A002823D091
:10200000002E21D06020205CC00724D04B2023E08C
:102010002046F2F7ADFE15E060202056002813D5CB
:10202000002170222046F9F7CFF90BE020460BF093
:1020300095FB07E0002120460BF0A1FB02E02046C3
:102040000BF0D2FB0C4A0B4B70376D1C3DE7204662
:10205000F2F794FE0AE05B20C043A0720E2001F06C
:1020600039FFF0F7FFFE01E0F120A072014B024AB8
:10207000EAE7F8BD541B00206C1B0020F41A002076
:10208000581B002010B50446C07D000711D520461E
:102090000BF0E2FB002807D0882805D00B21002296
:1020A0000123204605F02CFF0E2001F013FFF0F76E
:1020B000D9FE10BD80B502466020105CC00710D16B
:1020C000907AAF2809D0A9280CD0AC2816D0A42823
:1020D00007D110460BF01EFC80BD012110460BF00D
:1020E0004EFB80BD002011460BF026FC0028F8D0E6
:1020F0000E2001F0EFFEF0F7B5FE80BD1046F2F7BE
:10210000DBFD80BD80B505F0CDFE80BDFEB5604F26
:10211000604C38680168002900D1B8E007F022F966
:10212000054600880BF04AFC0028F2D006463868C5
:10213000B021405C00280ED0082100220123304647
:1021400005F0DEFE00280ED0FD2800D096E02846DF
:1021500007F0FFF8DDE76868007A05280CD128460B
:1021600031460BF04DFC284607F0F3F80E2001F045
:10217000B1FEF0F777FECCE7B17AF12901D0002962
:102180000AD16021725C0121114001D10B28DED1FE
:10219000002901D00128DAD1F07D000706D502968A
:1021A000019501A8F2F704FEFC28CBD16020305C39
:1021B000C00707D10296019501A8F2F7FFFDFC28A0
:1021C000C0D122E06868007A042831D0032837D0D3
:1021D00001281AD1B07A002803D0FB2847D0F12873
:1021E000B5D130890BF038FC024600200146234669
:1021F0000BF052FC307E810702D503210843307674
:10220000284631460BF06EFCD9E7284631460BF0E4
:102210009FFCFC2803D0862899D0842892D1F07D99
:10222000000794D50296019501A8F2F7BBFD89E756
:10223000B07AB6288BD1284631460BF029FDBEE78F
:10224000B07AB22809D0B42807D0B52800D07EE7EC
:10225000284631460BF084F8B1E7F07C022800D024
:1022600075E738684021415C032908D16FE70921EF
:1022700000220123304605F043FEA0E738682946D6
:1022800007F020F90F2001F025FEF0F7EBFDFEBD71
:102290006C1B00203075000070B505686968097A0C
:1022A000FD240E2946D14668F07DC00642D5F07C5B
:1022B00002283FD1307B02283CD16020305CC0072F
:1022C000B07A01D1A23800E0B238032832D8012810
:1022D00030D030890BF0C0FB02460024164B20465C
:1022E00021460BF0D9FB154800684F21405C4006A1
:1022F00020D536896868457A1148006880690221CE
:102300004A22032305F00CFF002813D001468672F1
:10231000042048720A2008720024CC7105208871BC
:102320000D73FF20487182200871300AC8720220A4
:1023300005F056FF204670BD30750000F41A0020ED
:10234000581B002080B50146006849684268127A2F
:102350000D2A0FD00C2A15D18A7A10231343FF229D
:10236000B22B18D16023CB5CDB07CB7D0CD19B0655
:102370000CD410E08A7A10231343BB2B0AD10BF044
:1023800019FD05E0FC2206E05B0604D40BF050FDCD
:10239000024600E0FF22104680BD000010B5014655
:1023A00000684268127A931EFC22092B2BD84968D8
:1023B0007B441B795B009F44040A142626262626AC
:1023C000261A8A7AA12A1BD10BF098FD16E08A7A88
:1023D000A22A17D0A42A15D0A52A11D10BF0ACFA45
:1023E0000CE08A7AA62A0BD10BF0CAFD06E08A7AA5
:1023F000F12A01D0002A03D10BF03CFE024602E094
:10240000FD2200E0FF22104610BD0000F8B5292093
:10241000C1000124204D2046A847204E3060204FA7
:10242000F87A7021A8473168A42288500BF07EFE0C
:1024300028212046A8473168AC228850F87AC01C71
:10244000C0B2411C174D2846224605F06FFA31688C
:102450008862F87AC01CC1B20222284605F066FAEA
:102460003168C862084605F061FD0BF06BFE30680C
:102470004221002545524021032242540A49046367
:1024800041638563443010212A460BF06FFE2846D5
:10249000F2F74EFCF8BDC046219605106C1B0020DB
:1024A000141900201019002007100707F8B50120A3
:1024B000982107F0B5F82B4E30602B4FF87A397B16
:1024C00008181424214607F0ABF83268002555633C
:1024D000D562F97A03462F46B9420AD01D615F7072
:1024E0001F703268D36225467D43451914337F1C23
:1024F000F2E7002313631C4A127B5218CDB2AA42A2
:102500000AD96543FF27475545192B616970336820
:102510001D63491C2B46F1E79006000E411C134C2D
:102520000122204605F002FA316808620E4DE87A71
:10253000297B08188006010E0222204605F0F6F9D4
:1025400034686062E87A297B08188006010E084A20
:102550000723204607F06EF80BF020FE0BF036FE46
:10256000F8BDC046601B002014190020101900207F
:102570005DB10610E0B500200090064B0146024612
:102580000BF028FE002804D0072001F0A3FCF0F790
:1025900069FC8CBD49B0061080B500200BF048FEE8
:1025A0000D49098A2531490988420FD9491C00F093
:1025B000D2FB0246422000210BF040FE002804D04E
:1025C000082001F087FCF0F74DFC80BD08200021B9
:1025D00005F096F980BDC04614190020F0B585B00D
:1025E0000F4F3868403007F007F80446200414D035
:1025F0006D46002028703868403006F0B3FE019028
:10260000068806F019FE014630460BF049FE02909E
:1026100028460BF057FE641EE8E705B0F0BDC04643
:10262000601B0020F0B5D3B000250C950B950A95E2
:102630000995412082000DAC20462946F8F7C4FEDA
:10264000257110204490169009A80F902046F8F7A5
:10265000FDFEDC34019401200BF004FF06464EA879
:102660000C300290484D002E41D03078032839D0EC
:102670004EAF304639460BF007FF387C102831D179
:10268000708804A908804EA880893D494118052911
:102690001CD33C494118042903D32921090288424B
:1026A00020D10DAF022404AA38462146A847384657
:1026B0002146029AA847002005AA31460BF00CFFDC
:1026C0000598426801883846A8470BE00DAC022700
:1026D00004AA204639460BF0FFFF20463946029AED
:1026E0000BF0FAFF30460CF02BF80646BBE70198DA
:1026F000828C002A06D00DA8202101710146E0310C
:10270000F8F7AAFE0DA84EAC04AA2146F8F7AEFED3
:1027100005AD102601232846214632460CF024F848
:102720001A4F3968833128463246F8F75AFE002896
:1027300019D03868833005A91022F8F73BFE03ADA5
:102740008220288000950024114B204621462246F5
:102750000BF040FD4020288000950E4B204621467E
:1027600022460BF037FD38685C21425CFD231340A4
:1027700043540B2001F0AEFBF0F774FB53B0F0BDF7
:10278000FFD6FFFF00D8FFFFD9E60510601B002031
:102790007721071083210710E0B500210091022066
:1027A0000422074B0BF016FD002801D0812800D130
:1027B0008CBD0B2001F08EFBF0F754FB8CBDC046A6
:1027C000E5C3061080B50BF0DFFF80BD80B504289F
:1027D00001D9122080BD0BF0DBFF80BDF0B589B0C0
:1027E0000546084628431224012836D80E9F072F95
:1027F00033D3102F31D80F9810282ED8B8422CD3AD
:102800000E461099022928D8019102900393049250
:10281000F1F7E2FE012806D1049902291DD8039A96
:10282000012A07D919E0039A10460499084301D0F8
:10283000112412E005AC019820730948E080029849
:1028400060712771E270A170667025700BF0B0FFA7
:10285000607320460BF0B6FF0446204609B0F0BD79
:102860000707000080B5012902D80BF0D5FF80BD15
:10287000122080BD80B5044A914201D9122080BD4A
:102880000CF00AF880BDC0463F420F0080B5012918
:1028900002D80CF01FF880BD122080BD80B50CF06E
:1028A00037F8002080BD10B5144607224A43D2B243
:1028B000194623460CF030F810BD80B594B00128BD
:1028C00006D803466A46084619460CF05DF800E053
:1028D000122014B080BD80B50CF088F880BD80B5A2
:1028E0000CF024F980BD80B50CF02AF980BD80B5CC
:1028F0000CF0B6F980BDBFB51C4602AB089D5D80EB
:102900001A80099A03920093012322460CF0B2F92F
:1029100004B0B0BD1CB5059C0194049C00940CF05F
:10292000ECF900201CBD80B50CF0F0F980BD80B53D
:102930000CF024FA80BD80B50CF02DFA80BDBFB537
:1029400001AC089D2581E380A28061802080204623
:102950000CF02CFA04B0B0BDF0B589B012270029F4
:1029600034D01546172A31D31C46172B2ED30E46CA
:1029700022498C422AD80F99002927D0069108AA0B
:10298000079031460CF08CFA002820D1079B109953
:102990000E9A08A80078012812D0002816D10B2A18
:1029A00014D806980128384611D1012000900192D0
:1029B0000291184631462A4623460CF095FA06E065
:1029C000402D03D3402C01D30F2A02D9384609B039
:1029D000F0BD069805283846F9D81F460020012387
:1029E00000930192069A0292039104903846314670
:1029F0002A4623460CF016FBE9E7C046FDFF00001F
:102A000080B505F097FA80BD1CB5049C00940CF0CD
:102A10009FFC1CBD80B50CF0E5FC80BDFEB50293AB
:102A200015460E4607460124022120460CF00CFDF7
:102A3000002800D0FEBD00970194002031462A46B0
:102A4000029B0CF00FFDFEBD80B5030A0E2B01D9D1
:102A5000022080BD0CF058FD80BD10B5029C2404FE
:102A60002018120251181A0489180CF067FD10BDC5
:102A700010B50446012002210CF0E6FC002800D02D
:102A800010BD20460CF057FE10BDB0B50C460546F3
:102A9000012002210CF0D8FC002800D0B0BD28464F
:102AA00021460CF05DFEB0BDF8B51C4615460E463D
:102AB0000746012002210CF0C7FC002800D0F8BD19
:102AC000384631462A4623460CF064FEF8BD000025
:102AD000F0B585B0054604A8002707701224012927
:102AE00001D9204648E00E462448006800900CF0CA
:102AF000AFFE002840D100995C310878C00711D1A1
:102B0000C87830430E46C87003A807210170002D15
:102B100012D0022D08D0012D20462DD104A810215D
:102B2000017009E00C2027E004A82021017003A90E
:102B3000F1F776FC00281FD1F1F793FC00281BD198
:102B400000986030F1F787FC002815D10498012126
:102B50003174084330700CF0F9FE01AC204600F0EF
:102B60004BF8204600F080F8F843019004480290AA
:102B700020460CF0FBFE384605B0F0BD5C1B002083
:102B8000FF9F0020B0B504460078002801D004283B
:102B900001D3122000E000201225002A2A4600D08E
:102BA0000246012900D81546002D07D1F1F7A7FEEE
:102BB000002803D12078FD21014021702846B0BDB6
:102BC00070B594B00446F1F73FFC06466D463E35BD
:102BD00068460CF0DBFE00280BD1002E09D16846B8
:102BE00040780121014020462A46F1F721FC0646A3
:102BF000EEE7F0B214B070BDB0B504460021082570
:102C00002A46F8F7E1FB2078DF2101432170607844
:102C1000092101436170A1782943A1701149096814
:102C20005C22895C890602D50F2108436070F2F7A7
:102C300002F8012807D16078122101436170A07861
:102C400007210143A170F1F7C9FDC0B2012807D1E6
:102C50006078E02101436170A07880210143A17078
:102C6000B0BDC0465C1B002010B54621054A4E2968
:102C700006D04318463B1B7814686354491CF6E79A
:102C8000002010BDF41A0020704738B505000C0074
:102C9000E843F2F79DFB31BD70B5204D2968EFF395
:102CA000108272B60A6800260E604B6813434B60B0
:102CB00062B600280ED028684168CA070AD00122EF
:102CC00051404160EFF3108072B6286801681143EB
:102CD000016062B62C681034206800280FD02046AE
:102CE0000CF068FE800029680818EFF3108272B6B5
:102CF0008268866048681043486062B6ECE72868DE
:102D0000041D074D2068002806D020460CF052FE16
:102D1000810069588847F5E770BDC046701B0020E8
:102D2000202A0410F446002804D4494200F013F885
:102D3000404260474042002905D45FD000F00BF8C4
:102D4000404249426047494200F005F84942604725
:102D500003460B43E6D40022030A8B420BD203093D
:102D60008B4219D243088B422ED2411A00D201461F
:102D7000524110467047FF2209023FD012068B4293
:102D800005D3121209028B4201D312120902030960
:102D90008B4219D300E0090AC3098B4201D3CB014E
:102DA000C01A524183098B4201D38B01C01A524190
:102DB00043098B4201D34B01C01A524103098B4294
:102DC00001D30B01C01A5241C3088B4201D3CB007F
:102DD000C01A524183088B4201D38B00C01A524162
:102DE00043088B4201D34B00C01A5241884200D3A2
:102DF000401A5241CFD201461046704708B50CF038
:102E0000FBFD08BD10B5904216D98AB2030C090C1F
:102E10000C46594380B25343444350431B191A0490
:102E20001B0C1018594180225203002312184B41E9
:102E3000520DD802104310BD48438022520312188D
:102E4000520D104610BD000030B4434351435D188D
:102E5000010C0C00130C5C432D1980B2434392B259
:102E600051430024C918644124040B04090C0919B6
:102E70005043C018694130BC704712422DD099426E
:102E800031D970B500251B4209D00C00002112E099
:102E90001100FFF760FF0A000021002370BD094206
:102EA000F6D00024012649186441944200D3A41AA4
:102EB0007641F8D33100012601E0764109D20018AD
:102EC00064416D41A41A9D41F7D2A4185D41B61921
:102ED000F5D3300022002B0070BD1B42CFD108B5C6
:102EE0000CF08CFD08BD01D19042CAD202000B004B
:102EF0000021002070470000F7B5424C20780128DF
:102F000001D1022020E00120207000256560FA2711
:102F1000BF00380000F019F806003000C0B20028E9
:102F20000FD10098002804D10299019800F033F8DD
:102F300003E00299019800F042F8380000F005F82B
:102F4000060025703000C0B2FEBD70B5040003F06D
:102F500013F905002D480168C9070AD40020C043B1
:102F60008442F7D003F008F9401BA042F2D30320BB
:102F700010E00C2102680A400C2A0AD1214A536849
:102F8000214E36681E4356600268114301600120DD
:102F900000E0002070BD10B41C4A13680F241C43CD
:102FA00014601B4A82189208D203D20B194B1A6084
:102FB000194A11603322194B1A6010BC704730B4A3
:102FC0000A00124B1C680F2525431D60104BC318C7
:102FD0009B08DB03DB0B0F4C236013680E4C236054
:102FE000121D13680E4C2360121D13680D4C2360D4
:102FF000121D13680C4C2360CC23084C236030BC9A
:1030000070470000401A00200810004010100040D7
:103010000000FCEF1810004040100040001000407D
:1030200044100040481000404C100040A446521E7E
:1030300008D303780C78401C491CA342F7D0181B16
:10304000644670470020644670470000F3B581B0C5
:103050000400204F3878012801D102202FE0012000
:10306000387000267E602068FF2808D100F028F81C
:10307000FA208000FFF769FF694608701CE0002015
:10308000C04302990860606805006068A168401844
:10309000854211D2280000F01FF8FA208000FFF7C7
:1030A00054FF6946087068460078002802D00298EC
:1030B000056001E06D1CE8E73E7068460078FEBDE3
:1030C0000D4801680F220A43026022200B49086064
:1030D00070470000401A002007490A680F23134375
:1030E0000B60C1028908C903C90B054A116011218F
:1030F000024A1160704700001010004000100040AC
:103100001810004010B50400080011000200200053
:10311000F1F738F8200010BD4D490A687F239A4323
:1031200043065B0E13430B607047494801688022D9
:103130000A4302607047464801688022914301605B
:10314000704710B48E490A688E4B13400202964CA9
:1031500014401C430C6010BC704730B49C4A030000
:10316000DBB25C246343D3583F24A3438C06A40EF4
:103170001C430300DBB25C256B43D45030BC70476A
:1031800010B493490200D2B25C235A438A584023B8
:1031900013430200D2B25C2462438B5010BC7047D0
:1031A00010B48B490200D2B25C235A438A584023A0
:1031B0009A430300DBB25C246343CA5010BC7047DF
:1031C00010B483490200D2B25C235A438A58802348
:1031D00013430200D2B25C2462438B5010BC704790
:1031E00010B47B490200D2B25C235A438A58802330
:1031F0009A430300DBB25C246343CA5010BC70479F
:10320000A749C0B25C225043095808000006C00F0D
:10321000704730B46E4A0300DBB25C246343D3587A
:10322000A94C1C400B02FC25AD011D4025430300A9
:10323000DBB25C246343D55030BC70479849C0B2C0
:103240005C2250430858000A8006800E7047000038
:10325000C400002010B492490200D2B25C235A4349
:103260008A5880231B0253400200D2B25C2462437E
:103270008B5010BC704710B455490200D2B25C2389
:103280005A438A5880239B0313430200D2B25C2422
:1032900062438B5010BC704710B44D490200D2B24B
:1032A0005C235A438A58B24B13400200D2B25C24CA
:1032B00062438B5010BC704730B4454A0300DBB208
:1032C0005C246343D358B94C1C400B06E025ED0445
:1032D0001D4025430300DBB25C246343D55030BC62
:1032E00070476F49C0B25C2250430858000E400737
:1032F000400F704730B4364A0300DBB25C246343AE
:10330000D358BA4C1C40CB0680252D052B402343B7
:103310000400E4B25C256C43135130BC70470000DC
:1033200030B42B4A0300DBB25C246343D358BC4C5B
:103330001C400B07E025ED051D4025430300DBB2D3
:103340005C246343D55030BC70475549C0B25C2201
:1033500050430858000F4007400F704710B4504AC0
:103360000300DBB25C246343D3185B680300DBB269
:103370005C246343D218516010BC70470000000009
:10338000D0000020FF0000F010B4454A0300DBB27B
:103390005C246343D3189B680300DBB25C24634363
:1033A000D218916010BC704700FFFF0F10B4084A9C
:1033B0000300DBB25C246343D3189B690300DBB2D8
:1033C0005C246343D218916110BC70470000000078
:1033D000DC00002030B4324A0300DBB25C246343DB
:1033E000D318DB69FF24A343CCB21C430300DBB238
:1033F0005C256B43D218D46130BC70472849C0B2F9
:103400005C2250430818C069C0B2704730B4244AE7
:103410000300DBB25C246343D318DB69DBB20C022C
:103420001C430300DBB25C256B43D218D46130BC73
:1034300070471B49C0B25C2250430818C069000A9B
:10344000704730B4164A0300DBB25C246343D318E0
:103450001B6A1B0C1B048CB21C430300DBB25C25F3
:103460006B43D218146230BC70470D49C0B25C2265
:1034700050430818006A80B2704710B4084902002F
:10348000D2B25C235A438A18126A80239B051343E5
:103490000200D2B25C24624389180B6210BC7047F0
:1034A000DC00002010B481490200D2B25C235A43F0
:1034B0008A18126A7E4B13400200D2B25C24624327
:1034C00089180B6210BC7047FFC0FFFF10B4774A29
:1034D0000300DBB25C246343D3185B6A0300DBB2F6
:1034E0005C246343D218516210BC70476F49C0B26C
:1034F0005C2250430818406A704730B46B4A03009E
:10350000DBB25C246343D3189B6A1B0E1B060C02C0
:10351000240A1C430300DBB25C256B43D21894627F
:1035200030BC704730B4614A0300DBB25C246343B3
:10353000D3189B6A1B021B0A0C061C430300DBB258
:103540005C256B43D218946230BC704710B4574965
:103550000200D2B25C235A438A18D26A80231343F2
:103560000200D2B25C2462438918CB6210BC70475F
:10357000FFFFDFFF10B44D490200D2B25C235A4373
:103580008A18D26A80239A430300DBB25C24634327
:10359000C918CA6210BC70474449C0B25C2250438B
:1035A0000818C16A08000006C00F7047FFFFFFF847
:1035B00030B43E4A0300DBB25C246343D318DB6AB9
:1035C0001F24A343CC06E40E1C430300DBB25C259E
:1035D0006B43D218D46230BC70473449C0B25C220D
:1035E00050430818C06AC006C00E7047FFFFFFF7BF
:1035F00030B42E4A0300DBB25C246343D318DB6A89
:10360000624C1C400D02FC239B012B402343040011
:10361000E4B25C256C431219D36230BC70470000E1
:10362000FFFFFF8F2149C0B25C2250430818C06AD7
:10363000000A8006800E704730B41C4A0300DBB2DB
:103640005C246343D318DB6A9BB20C041C43030065
:10365000DBB25C256B43D218D46230BC704713498F
:10366000C0B25C2250430818C06A000C704730B4E6
:103670000E4A0300DBB25C246343D3181B6B9B0D23
:103680009B058C02A40A1C430300DBB25C256B4340
:10369000D218146330BC70470449C0B25C22504356
:1036A0000818006B8002800A70470000DC000020D0
:1036B000FFFFFFDF026801607047426801239A4301
:1036C0000B00DB07DB0F13434360704710B4426805
:1036D00004239A438B00042423401343436010BC0B
:1036E000704710B4426808239A43CB000824234053
:1036F0001343436010BC704710B4426810239A43D0
:103700000B01102423401343436010BC704710B4D6
:10371000426820239A434B012024234013434360F3
:1037200010BC7047416840220A43426070474168BC
:1037300080220A4342607047416880229143416081
:10374000704710B44268754B13400A02802464002D
:1037500022401A43426010BC704710B44268704B5C
:1037600013404A028024A40022401A43426010BC45
:10377000704710B442686B4B13408A028024E40007
:1037800022401A43426010BC70470000FFC0FFFF98
:1037900082688160704780687047C268120D1205A8
:1037A0000B031B0B1343C3607047C1688022520395
:1037B0000A43C260704710B4C2685B4B13408A056D
:1037C0008024E40322401A43C26010BC704710B446
:1037D000C268564B1340CA058024240422401A4371
:1037E000C26010BC704710B4C268514B13400A0647
:1037F0008024640422401A43C26010BC7047C16830
:10380000802292040A43C2607047C1688022D204B9
:103810000A43C2607047C1688022D2050A43C26071
:103820007047C168802212060A43C2607047474948
:103830000A68474B1340474A02401A430A607047E0
:1038400010B445490A6808239A43C300082423405A
:1038500013430B6010BC70473F490A6801239A4329
:103860000300DB07DB0F13430B60704770B50400E8
:1038700020000D00EDB2012D02D10625AD1C0EE099
:103880000D00EDB2002D02D10425AD1C07E00D00A6
:10389000EDB2022D02D102252D1D00E000250E0003
:1038A000F6B2012E03D00E00F6B2022E09D1160098
:1038B000F6B2012E02D19B26330013E03D263300E1
:1038C00010E00E00F6B2002E03D00E00F6B2032E6A
:1038D00008D11600F6B2012E02D19926330001E07C
:1038E0003B263300C01A401B70BD10B504002000F9
:1038F000FFF79DFF10BD80B50120FFF7A1FF01BDBF
:1039000080B50120FFF7A8FF01BD80B5FFF713FCCC
:1039100001BD80B5FFF709FC01BD0000FFFEFFFF00
:10392000FFFDFFFFFFFBFFFFFFFFBFFFFFFF7FFF6D
:10393000FFFFFFFE10B504002000C0B2FFF7ECFB54
:1039400010BD0100054808407047000004000060F9
:103950004F000200B0FFFDFF1800006030DFC9001B
:103960008021C90308407047010000207047802172
:10397000C9050840704780218904084070478021AC
:103980008901084070478021C902084070478021A2
:103990004902084070478021890308407047802110
:1039A0008900084070478021090108407047802144
:1039B0000906084070478021C9040840704740212B
:1039C00008407047802149040840704710B5040042
:1039D00000212000FFF785FE10BD10B50400200077
:1039E000FFF7AAFE10BD10B5040000212000FFF76C
:1039F00064FE10BD10B504002000FFF7CCFE10BD22
:103A0000F8B50400102500262700320029003800F0
:103A1000F0F7B8FBF1BD10B5040001212000FFF75D
:103A200076FE10BD10B5040001212000FFF764FEF2
:103A300010BD10B5040001212000FFF752FE10BD9B
:103A400038B505000C0021002800FFF7A1FE31BDAC
:103A500010B504002000FFF76AFE10BD10B5040089
:103A60002000FFF7D8FE10BD10B504002000FFF7BE
:103A7000C6FE10BD10B504002000FFF7D2FE10BD39
:103A800010B504002000FFF7C0FE10BD10B5040003
:103A900001212000FFF7A7FE10BD10B50400012191
:103AA0002000FFF713FE10BD38B505000C00210003
:103AB0002800FFF7FFFD31BD10B5040000212000F4
:103AC000FFF73FFE10BD704710B504000121200034
:103AD000FFF737FE10BD10B504002000FFF722FEEF
:103AE00010BD10B5040001212000FFF7E6FD10BD58
:103AF00010B5040001212000FFF72FFE10BD38B5DE
:103B000005000C0021002800FFF747FE31BD10B56D
:103B100004002000FFF749FE10BD10B5040001218C
:103B20002000FFF754FE10BD10B504000121200055
:103B3000FFF741FE10BD10B5040001212000FFF782
:103B400018FE01212000FFF708FE10BD38B5050062
:103B50000C002003000BFFF7F4FA31BD10B5040090
:103B600001212000C0B2FFF7C5FB10BD38B505002C
:103B70000C00002C04D02800C0B2FFF701FB03E0CA
:103B80002800C0B2FFF70CFB31BD10B504002000C7
:103B9000C0B2FFF781FB2000C0B2FFF783FC10BD6D
:103BA00010B504002000C0B2FFF765FB2000C0B2D2
:103BB000FFF763FC10BD10B504002000C0B2FFF792
:103BC00095FC10BD38B505000C002800C0B2FFF709
:103BD00046FD20702800C0B2FFF741FD000A60706A
:103BE0002800C0B2FFF758FDA0702800C0B2FFF750
:103BF00053FD000AE0702800C0B2FFF74DFD000C35
:103C0000207131BD3B49C0B25C22504308183830A6
:103C100070473849C0B25C225043081840307047A2
:103C200010B504002000C0B2FFF7FCFCC0B210BD0C
:103C300010B504002000C0B2FFF7E2FAC0B210BD18
:103C400010B504002000C0B2FFF7F8FAC0B210BDF2
:103C500038B505000C002800C0B2FFF7EAFB206071
:103C60002800C0B2FFF701FC21680006084320606D
:103C70002800C0B2FFF7F9FB000A606031BD10B543
:103C800004002000C0B2FFF760FBC0B210BD10B549
:103C900004002000C0B2FFF724FBC0B210BD38B54D
:103CA00004002000C0B2FFF798FC05002000C0B25D
:103CB000FFF772FC002805D02800C0B21F2801D1F0
:103CC000202005002800C0B232BDF8B504005C26F3
:103CD000002508482100C9B25C22514347182A0038
:103CE00031003800F0F74EFA01212000C0B2FFF792
:103CF0003DFFF1BDDC00002038B505000C002100BF
:103D00002800C0B2FFF7E2FB31BDF8B504000D009A
:103D1000287869780F02074339002000C0B2FFF706
:103D20008BFCA878E97809020143287906040E4340
:103D300031002000C0B2FFF79AFCF1BD38B5050094
:103D40000C0021002800C0B2FFF7D7FB31BD38B509
:103D500004000D002900C9B22000C0B2FFF7E2FB49
:103D600031BD38B504000D002900C9B22000C0B231
:103D7000FFF73EFC31BD38B504000D002900C9B283
:103D80002000C0B2FFF745FA31BD70B504000D0048
:103D900029682000C0B2FFF739FB68680002296873
:103DA0000E0E064331002000C0B2FFF74AFB70BD83
:103DB00038B505002800C0B2FFF757FB8024240265
:103DC000044321002800C0B2FFF73BFB31BD10B512
:103DD00004002000C0B2FFF703FA10BD38B505009B
:103DE0000C0021002800C0B2FFF7CEFA31BD38B573
:103DF00004000D002900C9B22000C0B2FFF790FAFC
:103E000031BD38B504000D0029682000C0B2FFF7AD
:103E1000CDFA69682000C0B2FFF7DCFA31BD38B5D1
:103E200005002800C0B2FFF7E9FA8024044321000E
:103E30002800C0B2FFF7CEFA31BD10B50400200053
:103E4000C0B2FFF7BDF910BD38B505000C00210068
:103E50002800C0B2FFF782FA31BD38B504000D006A
:103E60002900C9B22000C0B2FFF726FA31BD38B52B
:103E700004000D002800C0B2202806D12000C0B2E6
:103E8000FFF764FB1F20050003E02000C0B2FFF72E
:103E900071FB2900C9B22000C0B2FFF789FB31BD18
:103EA00038B504000D002900C9B22000C0B2FFF7E8
:103EB00054F931BD10B504002000C0B2FFF7CAF9B3
:103EC00010BD00B5C0B2042801D19D2000E0122031
:103ED000C0B200BD1F21014001228A40EFF31081D2
:103EE00072B604490968400980000B5813430B500F
:103EF00062B67047701B0020F0B5B3B00746DC48CF
:103F000000680B9001200190099000210B988173AB
:103F1000D84803680A911972FF20089002309882ED
:103F2000187CF02101400A0988181874598AD14078
:103F3000C907D14909680791059306D00020FFF70A
:103F4000C9FFEEF78FFF059B187C0F2102910840F7
:103F500018749621099841430B98129181600120B1
:103F60000490C04379B2814210DC7F2007402C25A9
:103F70007D43079C60190A906659F7F7B2FA301A28
:103F8000BE49401800D5EFE0384604E0F8B2FF28FB
:103F90000ED000210A912C2141430798401801219D
:103FA0000175817C082902D1123004210170089723
:103FB000F7F797FA12990C18AF48076828370025C9
:103FC0002846AF49CA7A95423AD23E46163E3178E3
:103FD0000A07520F1ED0042131703946283909686A
:103FE000CA43A21829D4611A38461C3800683A46D8
:103FF0000C3A12689047394618390A8812180A8014
:10400000394614390A7880187F2800D37F20087039
:10401000317801208906890F0FD03968002906D030
:1040200038461C38006888473078012804D00020C2
:10403000307039461539087001202C376D1CC0E7E7
:104040000028B5D18C48006803461233002421466D
:10405000A24209D01D78042D03D1CDB213AE745500
:10406000491C2C33641CF3E70A0674D0CAB20E92C2
:10407000002206920C46039216460D910E9A964225
:104080006ED012961094E3B200272C463E46BB42F7
:104090000DD013AAD25D2C2555434559002F02D0CF
:1040A000F243AA1801D53C462E467F1CEFE7129D2D
:1040B0004A1BD2B2511E13AA535CE4B2175D575487
:1040C00013550F91CBB2D35C002D2ED01D46119904
:1040D000CAB213ACA45C2C277C430259911B04196F
:1040E0006368C91895314AD4D1430C9A511849D400
:1040F0006F43C1198A7D0B7D9340497D012632466D
:104100008A409A4200D81346A17D277D8F40617D69
:104110008E40BE420F9D00D837469F422B460D99D8
:10412000109C00D3119B129E11E00D990E9A012A4A
:1041300001D102220692109C129E0F9D2C225A43FE
:104140008358821852689A1896320C922B46641E35
:10415000761C119392E700200B99486088732DE03C
:10416000039A1646069B13E06019807C102800D144
:104170000AE7202800D107E700243D4621E0963ECB
:10418000049B04E00D98401E119000263346039ACC
:104190001198C0B213A90D5C0B9842608373FF2D78
:1041A0000CD02C20684307990918D8B201280A912D
:1041B00005D10868301A0B99486000E0FF25019C82
:1041C000089FFFF798FB2A480068FF2D2FD0119712
:1041D0001294044608200A9FB8740BF010FC657313
:1041E0003A6AF868796890473E680B9426602846DA
:1041F000FFF7A0FBFFF78DFB1298002823D0F87C77
:10420000C10901223046F7F780F900281DD009982E
:10421000400009901028119F00D276E60BF0F1FBC8
:10422000A12006210022134606F000FC09E0044606
:10423000F7F778F9FFF769FB0020E073FF20000231
:10424000A08104990FE0F7F778F9049B0B990B73A1
:10425000F87CC873059AD660117C029C214000014D
:1042600008181946107403480068017233B0F0BD95
:10427000F81A0020F41A0020FC1A0020D4FEFFFFD8
:104280001419002070470000F1B586B000263500F3
:10429000069908784A781206120C104380B29049A9
:1042A000401A11D0801E00D1C9E10B3800D1C9E1FC
:1042B000083800D1C0E1C01E45D0401E00D1D3E077
:1042C000401E00D19AE1DAE10698801C0699891C0B
:1042D000039103990A794B791B061B0C1A438149F8
:1042E00092B24B895B1C9A4210D1012005007E4896
:1042F000EFF7DEFF03988179C2791206120C1143A1
:10430000C9B203980830F4F76FF81BE0039A1079EC
:1043100053791B061B0C184380B24989891C8842BB
:1043200010D1012005000398007A002802D001284E
:1043300004D007E0D448EFF7BBFF03E0D348EFF722
:10434000B7FFFFE79BE10698801C0290029908796D
:104350004A791206120C1043624E80B2B189491C90
:10436000884217D101200500029802794179090697
:10437000090C0A43029908784B781B061B0C18435A
:10438000C349019105210091002392B2042180B21A
:10439000F0F7D7FD029908794A791206120C1043FA
:1043A00080B2F189491C884217D10120050002988A
:1043B000027941790906090C0A43029908784B7879
:1043C0001B061B0C1843B3490191012100910023E6
:1043D00092B2042180B2F0F7B4FD029908794A79CB
:1043E0001206120C104380B2318A491C884217D140
:1043F000012005000298027941790906090C0A4357
:10440000029908784B781B061B0C1843A2490191AE
:1044100003210091002392B2042180B2F0F791FDB4
:10442000029908794A791206120C104380B2718AF7
:10443000491C884217D10120050002980279417970
:104440000906090C0A43029908784B781B061B0CD5
:104450001843CE49019103210091002392B2042117
:1044600080B2F0F76EFD0AE10698801C0400370068
:104470006179A0790006000C01431A4889B242888C
:10448000521C914232D101200500607AA17A0E02BD
:104490000643310089B2BE48EFF70AFF300080B210
:1044A000F3F798F907002079012800D0A5E0627998
:1044B000A0790006000C0243217860780006000C09
:1044C00001436846018200200190002000903B00DB
:1044D000DBB292B204216846008AF0F732FD8CE02C
:1044E000010C0000581A0020C01304106179A27951
:1044F0001206120C114389B28288521C91421FD1BC
:104500000120050020000930F3F783F937002079F6
:10451000012872D16279A0790006000C024320784C
:1045200061780906090C08430021019100210091DE
:104530003B00DBB292B2042180B2F0F702FD5CE0F6
:104540006179A2791206120C114389B2C288521CF9
:1045500091421FD10120050020000930F3F7BCF97A
:1045600037002079012848D16279A0790006000C33
:104570000243207861780906090C08430021019163
:10458000002100913B00DBB292B2042180B2F0F72F
:10459000D8FC32E06179A2791206120C114389B27B
:1045A0000089401C814228D101200500607AA17A4F
:1045B00009020143E07A00040843217B0906014314
:1045C00004910498F3F7E6F937002079012814D113
:1045D0006279A0790006000C024320786178090610
:1045E000090C084300210191002100913B00DBB23E
:1045F00092B2042180B2F0F7A4FC40E00698801C3F
:1046000005900120050006260598027941790906E2
:10461000090C0A43059908784B781B061B0C1843B4
:1046200000210191002100913300DBB292B20421FC
:1046300080B2F0F786FC22E00698801C1FE0069806
:10464000801C1CE081270698801C00900099087847
:104650004A781206120C1043042180B2F0F79BFC3A
:1046600006003000C0B2002805D03100C9B265484C
:10467000EFF71EFE02E06448EFF71AFEFFE728009E
:10468000C0B207B0F0BD0000D01304102C14041009
:10469000A402002070050020AC020020F8B512270B
:1046A00000245A480BF0AEF906003100C9B2584850
:1046B000EFF7FEFD574D2800F0F713FC6946087030
:1046C00068460078002805D0684601785248EFF720
:1046D000EFFD02E05148EFF7EBFD514E2800F0F7F7
:1046E00006FC30804F4D2000C0B2242148432818DA
:1046F000F0F70CFC641C70802000C0B224214843F9
:104700002818F0F703FC641CB0802000C0B22421FC
:1047100048432818F0F7FAFB641CF0802000C0B270
:10472000242148432818F0F7F1FB641C3081200055
:10473000C0B2242148432818F0F7E8FB641C7081BC
:104740002000C0B2242148432818F0F7DFFB641C86
:10475000B0812000C0B2242148432818F0F7D6FBCE
:10476000641CF0812000C0B2242148432818F0F7CF
:10477000CDFB641C30822000C0B22421484328189D
:10478000F0F7C4FB641C7082F1BD0000B002002091
:1047900088140410F5B583B00D0012246846007B20
:1047A00004282BD12879112801D22E7900E0112676
:1047B000286802901C4F320002993800EFF726FD5E
:1047C00028680190287980B200900023144842891B
:1047D000521C92B204216846008AF0F79DFB040047
:1047E0002000C0B2002805D02100C9B20F48EFF761
:1047F0005FFD02E00E48EFF75BFDFFE72000C0B26F
:1048000005B0F0BDA4140410E4140410894205108E
:104810001415041090170410401504108815041086
:10482000581A00204C1604106C1A0020BC150410F5
:1048300008160410FAB583B0050016000B9F01247A
:1048400038002100014068460172380080B24008FB
:10485000694648812800C0B2002801D100240AE03E
:104860002800C0B2012806D02800C0B2022801D119
:10487000022400E061E02900C9B28948EFF718FD81
:104880006846007B0200D2B29209D2B26846017B30
:104890008448EFF70DFD3078019070780090B37880
:1048A000F27831798048EFF703FD6846017C7F4854
:1048B000EFF7FEFC0AA801787D48EFF7F9FC68469F
:1048C00043896846027A390089B27A48EFF7F0FCEA
:1048D00068464089002821D12800C0B20BF0BFF9FA
:1048E0006846007A00280CD12000C0B201F070F8B0
:1048F0007148EFF7DDFC00212800C0B2F3F78EFF0E
:104900001BE02000C0B201F052F86C48EFF7D0FC79
:1049100001212800C0B2F3F781FF0EE0684640890C
:1049200001906846007A00900AA803786846027CE5
:1049300031002800C0B20BF0EAF805B0F0BD70B548
:1049400004000D0016002800C0B2002804D1200089
:10495000C0B201F03DF803E02000C0B201F027F83A
:104960002800C0B2002801D055A200E055A22100C5
:10497000C9B25548EFF79CFC3000C0B2002807D000
:104980005248EFF795FC00212000C0B2F3F746FF34
:1049900070BD0200002070470200002070473EB545
:1049A00005000C0069462000C0B2F4F752FA0198E5
:1049B000002804D14648EFF77BFC052009E02200DF
:1049C000D2B22900C9B24348EFF772FC42480470E2
:1049D00000203EBD1FB5040069462000C0B2F4F7B8
:1049E00038FA0198002804D13948EFF761FC052016
:1049F00000E0002004B010BD38B504000D003648BA
:104A00000178FF2904D13548EFF752FC052007E073
:104A1000007828702100C9B23148EFF749FC002026
:104A200032BDF1B582B00F001500002000900100EA
:104A30006A4691806946097A002901D006202DE056
:104A40002870284C2000F6F771FB03212000F6F7B0
:104A5000C0FB002804D02448EFF72AFC0A201DE000
:104A60002000F6F7EFFB00900098E1210901484390
:104A70001E49FEF770F980B28001FA218900FEF725
:104A80006AF9060030003870300080B2000A787091
:104A9000022028702000F6F775FB0020FEBD000004
:104AA000E0210410F42104101C2204104C220410F4
:104AB00078220410A4220410E8220410F422041026
:104AC0004F4E00004F464600FC22041008230410FD
:104AD00018230410302304107105002058230410FB
:104AE00070230410A018002098230410FFFF00007A
:104AF00080B50120F3F7CEFD01BD80B5F4F771F963
:104B00000BF0E0F901BD000038B50400224D2C6027
:104B1000F1F7F3F82A00083203C2083A1F48A861E7
:104B200010352800F1F72EF91D492800F1F7F7F8A4
:104B300031BDD0B5F1F7E1F806000F00164C2000AA
:104B400008300CC8083830003900F1F7DCF822686A
:104B50001218226023000833C0C3083BD0BDD0B573
:104B6000F1F7CBF806000F000B4C200008300CC802
:104B7000083830003900F1F7C6F802000B00206851
:104B80008018D0BD10B50400FFF7D3FF04490548D5
:104B9000F1F7C5F810BD0000D8190020854B0510AD
:104BA0009F15FFFFE81900201CB5FF2A04D0049CC4
:104BB00000940BF0A1F91CBD12201CBD1CB55408BB
:104BC0007A2C01D912201CBD049C00940BF0C2F970
:104BD0001CBD0000F0B593B01C4615460F46129060
:104BE0000120022110900AF02FFC002822D11998F0
:104BF0000F9000268B4A129831468B4B98470E90A7
:104C000011947F24284631462246874B98470D97BA
:104C100007460E980743119831462246824B984723
:104C200004463C430F98FB2231467F4B9847204374
:104C3000119C01D013B0F0BD0C950E96129805F0A2
:104C40004FFE002814D0189D6B1C4669316B1290E2
:104C5000726B5A43501800022721CF00C0197349C4
:104C6000FEF779F8F16A401A3F3803D41220E1E7E1
:104C70004220DFE70B970A9518360C9831460BF067
:104C8000AFF921460446084631460BF0A9F9014622
:104C90000C20002CCED000290F9E0D9FCAD0129A56
:104CA0001046813001785469A08F32460BF0ACF980
:104CB0000546606B00020B9940185C49FEF74BF803
:104CC000C04328183E3001D44520B3E71A9C119800
:104CD0000C9B834209D10A98009001960294129885
:104CE00029463A460BF09EF9A4E7039512984569C8
:104CF0004420295AB9420E9A07D246204C4A97427C
:104D000098D100290E9A0F9E94D10894129842309F
:104D1000099028463F302C4644340B940690047882
:104D200004954C3507957F1C0D92059709980588C9
:104D3000BAB2462095424AD80B9A937808D1119D71
:104D40000C9A954243D2E2B2AA423D460CD93EE0CB
:104D50000C9A93423BD3E2B2119EB24203D90C9A11
:104D6000964234D26D1C0F9E8AB2ADB2954202D1EA
:104D7000119883422DD00D98002802D0462022465B
:104D80001DE0079F38462946119E32460BF0BCF9BC
:104D9000002800D04EE70F98009008980190384600
:104DA000294632460A9B0BF0C3F90E90FF2836D0F5
:104DB00006980278002010990D910F9E059FD1B2A0
:104DC000E3B28B4203D00B9801881446AEE70E9FE6
:104DD00015E00D9800280E9F07D0F8B20C21414332
:104DE000049840185221FF2343540A9800900196DA
:104DF0000898029012980399119B0BF013F9002860
:104E000000D117E70D99002900D113E7F9B20C2260
:104E10004A43049989185222FF238B540AE707203A
:104E200008E7C046FF0E0000AF72061071020000D6
:104E3000FFFF000080B50D49794430310C4A7A44B7
:104E40002E32914203D00B4900BF00BF02BD69461C
:104E500008700122012000F0BBFE012802D1684643
:104E6000007802BD0020C04302BD00BF94B1FAEF3C
:104E700090B1FAEF8C040020F8B5002A1CD0040091
:104E80000D00160020780BF072F9070028780BF05F
:104E90006EF9874207D1207800280DD0641C6D1C64
:104EA000761EEFD108E0FFB2C0B2874202D20020E6
:104EB000C043F2BD0120F2BD0020F2BDFEB50400EA
:104EC0000025207861780906090C084380B2424920
:104ED000401A0AD0801E1DD00B381DD0083817D0BC
:104EE000C01E03D0401E12D032E031E0A01C009062
:104EF000009908794A791206120C104380B237499A
:104F00004988491C884201D10120050020E01FE0AA
:104F1000A01C1DE0A01C1BE08127A01C0190019992
:104F200008784A781206120C1043042180B2F0F778
:104F300032F806003000C0B2002805D03100C9B2F6
:104F40002748EFF7B5F902E02648EFF7B1F9FFE798
:104F50002800C0B2FEBD70B5122623480AF052FDEB
:104F6000002803D02148EFF7A3F91AE0204C2000D5
:104F7000EFF7B7FF05002800C0B2002805D02900D0
:104F8000C9B21C48EFF794F902E01B48EFF790F91B
:104F9000124E2000EFF7ABFF30801848EFF7B6FF56
:104FA000708070BDF1B582B00C0000256846007AB3
:104FB00000280ED12079072801D2267900E00726A3
:104FC000206800900E4F320000993800EFF71EF96C
:104FD000FFE72800C0B2FEBD010C00000C1B002042
:104FE00064120410A4120410BD4E0510D412041053
:104FF00098130410F81204104013041074130410D2
:10500000001B0020F1B58CB000210C000C9A107828
:1050100053781B061B0C184380B28C4A801A0BD0A5
:10502000801E00D1C2E1133800D1BCE1C01E04D003
:10503000401E00D1EEE0BCE1BBE10C98801C0500F5
:10504000297968790006000C0143814889B24288B9
:10505000521C91421CD1012004000AA8D7490CC956
:105060000CC0083908382A7968790006000C024318
:10507000287869780906090C08430AA901910821D2
:105080000091002392B2042180B2EFF75AFFC0E0F2
:1050900029796A791206120C114389B28288521C4E
:1050A00091421DD10120040004A8F3F7ADFE04983D
:1050B00001F03AFD01002A7968790006000C0243EC
:1050C00028786B781B061B0C1843049B019389B24C
:1050D0000091002392B2042180B2EFF732FF98E0F2
:1050E00029796A791206120C114389B2C288521CBE
:1050F000914221D10120040007A902A8F3F790FEF4
:105100006846007A002801D1022100E010212A79A6
:1051100068790006000C024328786B781B061B0C8C
:105120001843079B019389B20091002392B2042196
:1051300080B2EFF706FF6CE029796A791206120C4B
:10514000114389B20289521C91421BD101200400F3
:1051500008A8011D08A8F3F768FE2A7968790006F7
:10516000000C0243287869780906090C084308A94D
:10517000019108210091002392B2042180B2EFF73F
:10518000E0FE46E029796A791206120C114389B2D1
:105190004289521C914219D10120040006A8F3F75C
:1051A000A9FE2A7968790006000C024328786978FC
:1051B0000906090C08430699019106210091002374
:1051C00092B2042180B2EFF7BCFE22E029796A791D
:1051D0001206120C114389B28089401C814218D1F9
:1051E0000120040005A8F3F78DFE2A7968790006EE
:1051F000000C0243287869780906090C084305A9C0
:10520000019104210091002392B2042180B2EFF7B2
:1052100098FECEE00C98801C07000E007A79B879D1
:105220000006000C02430A4892B2C3895B1C9A42F2
:1052300059D101221400FA793B7A1B061B0C1A4340
:1052400092B2162A06DB0D2006002BE0010C0000AE
:10525000941A002003913A7879780906090C0A43D8
:1052600069460A8003AB02AA921CC189891C89B2D3
:1052700068460088EFF77AFE69460870684600784D
:10528000002805D07348EFF713F82000C0B292E071
:10529000039801780398407800020843810701D4FD
:1052A000FD210E003000C0B2002803D1380000F00C
:1052B000E1F806003879012874D17A79B8790006C6
:1052C000000C0243387879780906090C084300215C
:1052D0000191002100913300DBB292B2042180B22F
:1052E000EFF72FFE5EE07A79BB791B061B0C1A43A1
:1052F00092B2038A5B1C9A4254D101221400FA79BB
:105300003B7A1B061B0C1A4392B2082A02DB0D20C3
:10531000060027E001913A7879780906090C0A43DA
:1053200069460A8001AB00AA921C018A891C89B2D5
:1053300068460088EFF71AFE6946087068460078EC
:10534000002805D04348EEF7B3FF2000C0B232E09A
:10535000019801780198407800020843810701D440
:10536000FD210E003000C0B2002803D1380000F04B
:10537000E5F806003879012814D17A79B879000661
:10538000000C0243387879780906090C084300219B
:105390000191002100913300DBB292B2042180B26E
:1053A000EFF7CFFD05E00C98801C02E00C98801C04
:1053B000FFE72000C0B20DB0F0BD00009C25041036
:1053C00070B5122624480AF01DFB002802D023489D
:1053D000EEF76EFF224C2000EFF783FD050028005A
:1053E000C0B2002805D02900C9B21E48EEF760FF00
:1053F00002E01D48EEF75CFF1C4E2000EFF777FD42
:1054000030801B4C2000EFF781FD7080200024309D
:10541000EFF77CFDB08020004830EFF777FDF0809B
:1054200020006C30EFF772FD308120009030EFF7F4
:105430006DFD70812000B430EFF768FDB081200071
:10544000D830EFF763FDF0812000FC30EFF75EFD10
:10545000308270BDA425041005500510B425041039
:1054600020040020D825041020260410941A0020BF
:105470006C260410F0B585B006000127707A6946E5
:10548000087203AC602020706846007A60700220C9
:1054900005006946097A06292ED1F079317A090684
:1054A000090C084380B20A2801D00D2044E0B07AEC
:1054B000F17A09020143307B00040843717B09063D
:1054C00001430491B07BF17B09020143307C00046D
:1054D0000843717C090601430191B07C694608705C
:1054E0006846027801990498F3F70FFD0700280039
:1054F000C0B227546D1C03E02900C9B260546D1C72
:105500007279B0790006000C0243B178F078000699
:10551000000C0143307873781B061B0C184303AB57
:1055200001932B00DBB29BB20093022392B289B2AB
:1055300080B2EFF7F1FC002005B0F0BDF8B584B003
:105540000400012069460870E079217A0906090CF7
:10555000084380B2012801D00D202EE0607A694610
:10556000087203AD702028706846007A68700226C1
:105570006846007AF3F752FD07003000C0B22F549E
:10558000761C6279A0790006000C0243A178E078CD
:105590000006000C0143207863781B061B0C18439F
:1055A00003AB01933300DBB29BB20093022392B2B0
:1055B00089B280B2EFF7B0FC002005B0F0BD00006A
:1055C00008B410B585B007AB0493002403940029F8
:1055D00002D10194029402E00190491E02910094CC
:1055E00004AB01A9084878441E30F6F749FA01993E
:1055F000002900D00C70002800D4039805B0019950
:1056000010BC02B0084700BF3FCB0100431E022B75
:1056100009D300280CD0032809D1012001404942B8
:10562000122008407047002A01D11046704712200E
:1056300070477047F8B505000024154E30780028F3
:1056400020D0F4F745FF0700FA2080003178FDF7FD
:1056500082FB01003800FDF77EFB0AF037FC0028D2
:105660000DD1042D08D2002229000020C0430AF0E9
:1056700018FC0848056007E00120040004E0012050
:10568000040001E0012004002000C0B2F2BD00BF10
:10569000730500205404002081B078490A68024351
:1056A0000A60096801400091009901B0704781B01B
:1056B00073490A6802430A60096801400091009931
:1056C00001B0704781B06F490A6802430A600968F7
:1056D00001400091009901B0704781B06A490A68A1
:1056E00002430A60096801400091009901B07047C7
:1056F00000B5654909680140814201D1012000E0FF
:10570000002000BD61490A6802430A6070475F4992
:105710000A6882430A60704780B500F09AF88020DA
:105720004000FFF7C4FF01BD10B5040020685849D0
:1057300088420BD180204002FFF7AEFF00220121FA
:105740000D200AF0AEFB0D200AF0B5FB10BD38B5F8
:1057500086B00400182100226D462800EEF712FDE5
:105760002068C021C90588422AD101200090042068
:1057700004906846F4F708FF002801D0EEF7FCFC1F
:105780000120FFF7B5FF002808D10120FFF7BAFF7D
:105790000120FFF7BCFF0120FFF79FFFEFF760FF3D
:1057A0000022002112200AF07CFB12200AF083FB69
:1057B0000022002119200AF074FB19200AF07BFB5B
:1057C00007B030BD78B585B0060014210024220052
:1057D0006D462800EEF7D6FC30682E49884236D157
:1057E0008020C000FFF76EFF0820FFF755FF042060
:1057F000FFF752FF012000900225019502900394CB
:105800000494694624480AF0BBFC012101200AF0F7
:10581000EDFD012101200AF03BFE00950195029467
:105820000394049569469020C0050AF0A9FC022162
:1058300000200AF0F9FD022100200AF029FE0022D2
:10584000012108200AF02DFB08200AF034FB06B0E5
:1058500070BD80B50F2100200AF0C8FDF0210901BC
:1058600000200AF0F7FD0D4901200AF0F3FD0C4974
:1058700001200AF0BBFD01BD0000000050004048BF
:1058800054004048580040486000404840004048AC
:10589000000030480040004100001048C9300000BE
:1058A00036C000008A4801680800C006C00F704773
:1058B00002001000001D03688B431000001D0360F0
:1058C000106808431060704781B08C490A68024331
:1058D0000A60096801400091009901B0704781B0E9
:1058E00087490A6802430A600968014000910099EB
:1058F00001B0704781B083490A6802430A600968B1
:1059000001400091009901B0704778B585B006005C
:105910003000C0B2002803D10820FFF7D5FF0AE00D
:105920003000C0B2012803D10820FFF7CDFF02E00C
:105930000820FFF7C9FF744D3000C0B24000285A5C
:105940000090012001900290022003906F4C694664
:105950003000C0B2800020580AF012FCFFF7A2FF0E
:10596000002816D03000C0B2800020589021C90510
:10597000884203D100996648FFF79AFF3000C0B211
:10598000800020586349884203D100998F48FFF76F
:105990008FFF01223000C0B24000295A3000C0B24F
:1059A000800020580AF0E6FC002006B070BD10B55B
:1059B0000400002254482100C9B24900415A53480A
:1059C0002300DBB29B00C0580AF0D4FC002010BDBD
:1059D00010B5040001224C482100C9B24900415AC7
:1059E0004A482300DBB29B00C0580AF0C3FC0020E9
:1059F00010BDF0B585B004000E0000252F0020007A
:105A0000C0B2002803D10420FFF75EFF0AE02000A7
:105A1000C0B2012803D10820FFF756FF02E008209A
:105A2000FFF752FF8D482100C9B24900405A00904B
:105A300001200290022003903000C0B2002808D15B
:105A40000195694686482200D2B2920080580AF039
:105A500097FB3000C0B201281BD180204000FFF727
:105A60003EFF80204002019069467D482200D2B26C
:105A7000920080580AF084FB7A4D00220321200016
:105A8000C0B228560AF00DFA2000C0B228560AF01B
:105A900012FAFFF707FF002817D0714D2000C0B29F
:105AA000800028589021C905884203D100991848E0
:105AB000FFF7FEFE2000C0B280002858154988423A
:105AC00003D100994148FFF7F3FE380005B0F0BD5F
:105AD0000000504810B5040060482100C9B24900D8
:105AE000415A5F482200D2B2920080580AF035FC39
:105AF000002801D1012000E0002010BD50004048E6
:105B000054004048580040485804002060040020D9
:105B1000200050480000104838B505000C00210056
:105B200089B228000AF033FC31BDF8B506000F0039
:105B30000024002F03D10120C043040044E04A4D5B
:105B40004A483100C9B2890040583100C9B2942294
:105B5000514368503000C0B294214843281800F0E7
:105B600052F839003000C0B29422504328180AF08D
:105B7000ADFC002802D00320C04304000021300007
:105B8000C0B29422504328180AF0E3FC002802D047
:105B90000320C043040000213000C0B294225043CF
:105BA00028180AF001FD002802D00320C043040099
:105BB0003000C0B29421484328180AF0A3FC002802
:105BC00002D00320C04304002000F2BD280050484A
:105BD000F8B507000E0015000024AC4211D2FA23DC
:105BE0009B000122311900911F488446204801780A
:105BF000942041436046401800990AF083FD641CDC
:105C0000EBE72800F2BD30B585B004000420FFF7B3
:105C10005BFE0820FFF758FE8020C000FFF76AFEF9
:105C2000022000900190039001250295049069469E
:105C30009020C0050AF0A4FAFFF734FE002803D034
:105C400000990C48FFF734FE009500200490694647
:105C500009480AF095FA05B030BD00006C04002038
:105C600074040020800400205815002084040020C3
:105C7000861B0020200050480000104881B03549A4
:105C80000A6802430A60096801400091009901B066
:105C900070470168012291430160704702682E4BF2
:105CA00013400A021A43026070470068000A80B27B
:105CB000704741680800C007C00F7047416808007E
:105CC0004007C00F704741680800C006C00F70470A
:105CD0008068704738B58020C002FFF7CFFF0024EE
:105CE0001E4D2800FFF7E1FFA04204D0210028004C
:105CF000FFF7D4FFF4E72800FFF7CBFF2800FFF7FA
:105D0000D8FF0028FAD12800FFF7D8FF002801D0DB
:105D1000012000E0002032BD38B504000F4D2800FE
:105D2000FFF7D1FF0028F9D02800FFF7D1FF20802E
:105D3000002032BD38B50400084D2800FFF7C3FF2E
:105D40000028F9D02800FFF7C3FF2060002032BDF3
:105D50000000000050004048FF0000FF00006048C5
:105D600081B033490A6802430A6009680140009122
:105D7000009901B0704700B52D4909680140814282
:105D800001D1012000E0002000BD2A490A68024339
:105D90000A60704727490A6882430A60704780B5E5
:105DA0000120FFF7E8FF002808D10120FFF7EDFFF1
:105DB0000120FFF7EFFF0120FFF7D2FF002002BD17
:105DC000F8B504000F0015001B4E3078401C3070F1
:105DD000307869460870386818490860786818494A
:105DE0000860B86817490860F868174908602068B3
:105DF00016490860606816490860A068154908607F
:105E0000E0681549086000F031F81448006828601F
:105E100013480068686013480068A860124800686A
:105E2000E8606846007831788842D1D10020F2BD20
:105E30006000404840004048831B0020280000606C
:105E40002C0000603000006034000060380000600A
:105E50003C000060400000604400006048000060BA
:105E60004C00006050000060540000601CB56420CD
:105E700069460870C024E405200000F011F8684667
:105E80000078401E69460870200000F00EF80028D7
:105E900003D0684600780028F1D16846007816BD26
:105EA000816D01220A4382657047C16D0800C007F9
:105EB000C00F7047002029490860294908607047D1
:105EC00010B5EFF3108272B60B00DBB2002B06D0D8
:105ED000012B09D1214B1C6804431C6004E01F4BBB
:105EE0001C6884431C60FFE782F3108810BD10B566
:105EF000EFF3108272B60B00DBB2002B06D0012B41
:105F000009D1174B1C6804431C6004E0144B1C6847
:105F100084431C60FFE782F3108810BD38B5EFF3AF
:105F2000108472B60D480068002805D00D4D286811
:105F30008047686880470EE009480068002805D05F
:105F4000084DA8688047E868804704E0054D286947
:105F500080476869804784F3108831BD241B002086
:105F6000281B0020002904106A4801688022520082
:105F70000A43026070476648006881B2664800685C
:105F800000040843704781B2614A1160010C624A03
:105F9000116070476148016808004005C00F7047F4
:105FA00010B55F4C2068042188432060FFF7F2FFA2
:105FB0000028FBD0206802218843206010BD58488B
:105FC000016808000007C00F70475448016810229C
:105FD0009143016070475148016808008006C00F76
:105FE00070474E48016804229143016070474B4856
:105FF000016808000007C00F704781B049490A686E
:1060000002430A60096801400091009901B070479D
:1060100000B5444909680140814201D1012000E0F6
:10602000002000BD3F490A6882430A60704710B5EE
:1060300001290AD13C4A136884B21C4314603B4ACC
:106040001368040C1C43146009E0374A136884B2D7
:10605000A3431360354A1368040CA3431360344A06
:10606000136884B21C431460324A1368040C1C4346
:10607000146010BD10B5FFF77EFF04002000FFF78D
:1060800082FF200010BD2C4801680422914301606A
:1060900030BF704738B5040000252068002803D1C0
:1060A000FFF793FFFFF79DFF0120FFF7B1FF0028E7
:1060B00004D1012005000120FFF79FFF1F48016860
:1060C000890008D41E490968490004D40168802267
:1060D00012060A4302602800C0B2002802D0012044
:1060E000FFF7A0FFFFF740FFFFF769FF002801D08F
:1060F000FFF756FF2068002807D1FFF76CFF002844
:10610000FBD1FFF774FF0028F7D1002032BD00005B
:1061100010005048040050483800504800004048E3
:1061200008004048600040480C0050483400504887
:10613000080050483000504810ED00E0281800607A
:106140003018006010B5FFF795FF0400002C02D056
:106150002000F3F733FF10BD80B50AF0A5FD00283D
:1061600004D104480068C07A002801D0002080BD16
:10617000032080BDF41A002001480068704700BF6A
:10618000441B0020F0B5020052B2002A17D4182296
:10619000714B040064B2A408A4001C59FF25C6007A
:1061A0001640B540AC438D01EDB2C600324095407B
:1061B0002543020052B2920892009D501BE00F222C
:1061C000664B182405006DB21540083DAD08AE00C1
:1061D00005006DB22A40083A920892009A58FF25AD
:1061E000C7002740BD40AA438D01EDB2C7003C4027
:1061F000A54015439D51F0BD00B5BFF34F8F5848E2
:1062000058490860BFF34F8F00BFFDE7F8B5564807
:10621000006800280FD155480068002803D1544871
:106220000068002807D00120524988600AF060FD0C
:10623000FFF7E2FFFCE750485049016000684D4914
:10624000086120204E490A6802430A600A68402318
:1062500013430B600A68802313430B600A68494BA1
:1062600013400B60484909684907FBD547490A684C
:1062700030239A4302430A600A68454B13400B607F
:106280000A6880235B0013430B6042490968424A55
:10629000914239D01F210E0008210C000A210091E3
:1062A00003210F003D490A681E239A4363001343EC
:1062B0000B600A68012313430B600A68384B1340D4
:1062C00032061A430A600A6880231B0413430B60DA
:1062D00034490B68344A1A40009B9B01F025AD00FD
:1062E0001D4015430D600A681043086008682F4A76
:1062F0000240F802E0239B01034013430B6008684F
:106300008022D20002430A6000252800C0B2202863
:1063100006DA0321280040B2FFF734FF6D1CF4E7D2
:1063200062B6F1BD00B52249086842081000C007F6
:10633000C00F0968090A4907490F0200D2B2002AB2
:1063400005D01C4A4B1EDA401B4B1A6003E01B4A67
:10635000CA40194B1A6000BD00E400E01CED00E0EB
:106360000400FA050CED00E094004048100050488D
:10637000380050480400002008ED00E00000041040
:1063800004005048FFFEFFFF140050481C00504816
:10639000FFFBFFFFF81E0010CCECBCFC0C004048DB
:1063A000FFFFFFC0940050483FFCFFFFFFC7FFFF07
:1063B000080040480048E801880400200090D0030D
:1063C0005748016808004007C00F704755480068EB
:1063D0008021C9000840704752490A68544B134055
:1063E00003430B6070474F48016808008005C00FE9
:1063F00070474C490A680F239A4302430A6070476A
:1064000030B5010048480278002A01D0474A00E030
:10641000484A0078002801D0212300E020230020F2
:1064200004001D00E4B2EDB2AC4208D20400E4B2B4
:1064300014570D006DB2AC4201DA401CF0E70C00BD
:106440000500EDB2555764B2AC4203DA0400E4B281
:10645000022C05D204001D00E4B2EDB2AC4200D122
:10646000401EC0B230BD10B501002F480278002A8E
:1064700001D02E4A00E02F4A0078002801D02123C5
:1064800000E020230800C0B2002805D008001C004E
:10649000C0B2E4B2A04201D37F2001E0C9B250569D
:1064A00010BD202070471F20704710B50400200049
:1064B000C0B2002806D01C480178002908D101216B
:1064C000017005E018480178012901D1002101700F
:1064D000FFF789FF002805D1FFF778FF8021C90069
:1064E000884200D119E080208000FFF775FFFFF798
:1064F00067FF0028FBD12000C0B2002803D00E2087
:10650000FFF777FF02E00420FFF773FF0020FFF79B
:1065100063FFFFF755FF0028FBD010BD7047000058
:10652000140050481C005048851B0020DC28041033
:10653000FFFDFFFFBC280410704700008B0707D049
:10654000521E22D30B78491C0370401C8B07F7D1D5
:10655000830730D0DB4219D0401E121F08D308C970
:1065600043701B0A43801B0C0371001D121FF6D2DF
:10657000D20707D30B88437001D08A78C2701B0AF8
:106580008370704701D00B7843707047121F06D399
:1065900008C903801B0C4380001D121FF8D2D207CC
:1065A00005D30B88038005D08B788370704701D0AA
:1065B0000B780370704770B4103A03D378C978C071
:1065C000103AFBD2530701D318C918C001D508C926
:1065D00008C0D20704D30B880380801C891C002AC2
:1065E00001D50B78037070BC704700008020C00597
:1065F00000680007000F70478020C0050068000990
:106600000007000F7047264800687047254800685B
:1066100080B2704780B523480068400C8007800F27
:1066200000900098002801D101200090009802BD40
:1066300038B50400FF202070FFF7E5FF05001A4879
:10664000854201D106202070FFF7D6FF6070FFF76A
:10665000CDFFA070FFF7D7FF6060FFF7D7FF401CAA
:106660008000A060FFF7D6FF002805D0FFF7D2FF1B
:10667000401C8003E06002E0C020C001E06031BD4A
:1066800000B50A4800688107890F0800C0B20228D7
:1066900001D1012000E00020C0B200BD00000000D8
:1066A000040000401410004041200302B0160060B6
:1066B00010B5040007D002230022A1680AF030FBC5
:1066C000010003D00CE06120400110BD0020102229
:1066D0002261024683001B19401C5A610428F9DB21
:1066E000606A102801D0024810BD084610BD0000A5
:1066F0001D0C0000F7B500258AB00E4604460028A0
:1067000004D0002E06D10C98002803DD6120400142
:106710000DB0F0BD0C98002804DB102804DA2079B5
:10672000800601D48C48F3E72079410701D4810722
:1067300002D58948401CEBE74021084320712046E0
:10674000143008901CE0002081004A1992195378F7
:1067500017781B023B4397785BBA1B043F02D27841
:106760003B4313430A195269401C534004AA535037
:106770000428E9DBA26804A808990AF023FB009D1D
:106780000C992846103000908842DCDB2079800686
:106790001ED400291CDD002081004A19921953786B
:1067A00017781B023B4397785BBA1B043F02D278F1
:1067B0003B4313430A195269401C534004AA5350E7
:1067C0000428E9DBA26804A808990AF0FBFAC0E0F3
:1067D0000020009001900290039069460846A2684C
:1067E0000AF0F0FA00998722C80F5043019A490035
:1067F000D20F114300910199029A4900D20F11431F
:1068000001910299039A4900D20F11430291039911
:106810000C9A4900414028461030039190421AD109
:10682000002081004A1993195A781F7812023A43BE
:106830009F7852BA12043F023A43DB786F461A43FC
:106840000B195B697F58401C7B405A4004AB5A507F
:106850000428E6DB74E0009A8723D00F5843019B9D
:106860005200DB0F1A430092019A029B5200DB0F89
:106870001A430192029ACB0F52001A4302924A0025
:10688000424003920C9A0020531BDA179C46920F49
:1068900062449210964616E081004A1993195A787C
:1068A0001F7812023A439F7852BA12043F023A43C9
:1068B000DB786F461A430B195B697F587B405A405F
:1068C00004AB5A50401C8645E6DC81000A196B4631
:1068D00052695B5867465A4004AB5A507F1A0022EF
:1068E0004B19BC469E460BE073469B18F35CD700E1
:1068F0001825ED1BAB4004AD6F587B406B50521C0C
:106900009445F1DC002A09D0D600182204AB961B6E
:106910005D588022B24055405D5005E004AA5358AE
:106920000125ED076B40535004AB6A4605E081003A
:106930000D196D69565875405D50401C0428F6DBF2
:10694000A268184608990AF03DFA20790421084304
:1069500020710020DCE600001D0C0000F8B5164692
:106960000F46040009D0002E07D025468035E86D7B
:10697000401E102804D31348F8BD61204001F8BD23
:106980002079400604D4002211462046FFF7B2FECB
:106990002079022108432071002018210CE0C21741
:1069A000920F121892089200121983075269DB0E97
:1069B000CB1ADA403A54401CEA6D8242EFDC0020E8
:1069C0003260F8BD1F0C00000020704700207047A7
:1069D0000020704700207047F0B58FB009930B92EC
:1069E0000A9108900AF046FA01243821204602F064
:1069F00017FE3349C97A34228154324E3060002761
:106A0000077030684770306887703068E121C17066
:106A10000520C00131688880302008850EAD0DA9A1
:106A20000CAA2846F4F7E7FC0C9800022978090123
:106A300001430D9800030843001D31684885182163
:106A4000204602F0EDFD2049086007750AF018FAAB
:106A50001C9806901B9C05941A9804901998039012
:106A60001898029017980190159D009508980A991A
:106A70000B9A099BEEF7F9F8EDF7A4FD1D9F012C89
:106A800001D1EDF72BFD0AF005FA012F01D10AF033
:106A90005DFA30682C21405CC0070ED1012C06D174
:106AA0001698EDF7FAFDEEF78FF9EEF791F90A98DF
:106AB0000B992A4623460AF04BFA0FB0F0BDC046A8
:106AC00014190020541B0020701B0020C9B202784A
:106AD0008A4203D0401C002AF9D1002070470000F0
:106AE00080B5002801D100BF07A006490B68002B24
:106AF00003D022220021984701E00AF089FA2220DF
:106B000002BD0000481B0020636F6E7374726169E0
:106B10006E742068616E646C65723A2062616420F4
:106B20006D65737361676500431C0178401C094201
:106B3000FBD1C01A70470000C9B2521E05D30378BA
:106B4000401C8B42F9D1401E70470020704710B5A1
:106B5000144600F002F8226010BD4A0053155B1C79
:106B600008D0520D06D003231B02FE3AD21A130599
:106B7000C91A70470022704730B4012464054D00E3
:106B8000EC420BD85D00EC4208D80C001C436400BA
:106B90000443144304D2994200D1904230BC704760
:106BA000FCD08B42FAD18242F8E7124217D400237C
:106BB000DB435B0D9C464B005B0D06D0634504D068
:106BC0009B18634502D21205891870476246090D69
:106BD00011430905002000B500BF00BF00BD5242AF
:106BE0004B005B0DF1D05B1C5B05EED25B0D93415E
:106BF00002D91205891A70470BD10B031B13C90F59
:106C0000C907821C002043411343E4D912051143F4
:106C1000E1E7C90FC9070020DDE7F0B40E005E40D0
:106C20000125ED072E40B446AE0ADF184C18F44299
:106C30003BD2F74241D2640D43D07F0D38D0E41BE4
:106C4000C902DB0229432B43CF0ADB0A0600B61A2E
:106C50009F4104D2641EB6197F41B6185F41681285
:106C6000800D24180018844222DCE80C0021B6199B
:106C70007F41B61A9F4102D2B6185F413F1C404186
:106C80004941F4D3241C21DD2405B6197F41B61AED
:106C90009F4105D33743C60737430026012F704174
:106CA000614166463143F0BC7047FCD1F74205D2E2
:106CB0000020C14349054908F3E704D00020C1433F
:106CC000F1E77F0DFAD000206146ECE72442FAD1CB
:106CD000401C61410F03F6D30020E2E7FFE7413893
:106CE0001A288041C00F7047010041391A2900D28B
:106CF000203070470248704702487047000000008B
:106D00000C050020D404002010B54442444103F097
:106D1000A5F94E214454002010BD002070470020EA
:106D2000704710B50446EDF7D1FB012808D1601E6D
:106D3000062807D805F0F0FBEF214454002010BDD1
:106D4000112010BD122010BD024909686C22885420
:106D50007047C0465C1B00207047000070B50246BB
:106D60000B48847E0B480068456D103500200346B3
:106D70009C4208D02E78002E08D0AE78964204D0DF
:106D800014355B1CF4E7234600E001200B7070BD56
:106D9000141900205C1B0020084800685C21415C3D
:106DA000CA0606D4890606D45C30C17801200840A2
:106DB00070470120704703207047C0465C1B0020CD
:106DC000F0B589B0009316460F460446012002250F
:106DD000294608F039FB002806D101A804702009D3
:106DE00012240E2802D9204609B0F0BDEDF772FB3F
:106DF000002801D1F8075CD101A84780F80604D427
:106E0000F8070ED13807EED411E0132F13D0082065
:106E10003A468243152A0AD038462843122806D01B
:106E2000E1E73D4008203A4602405019DBD1B80660
:106E300001D5B807D7D1274601AC201D31460AF04D
:106E4000ECF80834204600990AF0E7F80298202868
:106E500001D23846C8E7039920293A4627D3884209
:106E600025D80E9801A90873400720D00F9801ACCF
:106E70006073EDF71FFB617B8142EAD8109801A98E
:106E800088730128E5D8129C119901AD28460F306E
:106E90000622F4F78FFA6C75032CDAD8149C1B9D2C
:106EA00013987F2807D11F480068407A05E01046F4
:106EB0009AE7112098E7F4F7EFFA01AEB075F4F70E
:106EC000F2FA2870F475FD212140112001298BD19F
:106ED0001699159A01AB99765A76002984D0032920
:106EE00082D81A98199901AAD07611760429B0D8B7
:106EF0000428AED801A8012C03D0408810210140FD
:106F0000A7D1179801A908770F28A2D8189801A926
:106F100048770128384600D966E701A80AF086F8C4
:106F200062E7C046F41A0020FEB5029314460F46ED
:106F3000054603F093F806463048854201D11F20EC
:106F400007E00120022108F07FFA002800D0FEBDF2
:106F50002B481221A04201D20846FEBD01912846CD
:106F60000AF04CF9000231680E1820463146EDF760
:106F700053FE0028EBD1CE20315C3820305C042F4A
:106F800012D1002938D00028019A1BD01B48854215
:106F900018D1F08D002815D0B820305A10210140AA
:106FA00021431046D3D10FE035463835002911D0A2
:106FB000032F09D102202870F4860020B0860299A0
:106FC0003163FEBD1046FEBDB63630460AF032F9DA
:106FD0000020FEBD374628370028029A05D03968C0
:106FE000A120029A0AF036F9029A3A60012028702C
:106FF000F4850020B085FEBD0198FEBDFCFF0000B9
:1070000072060000F8B5284A927E12258A4225D9D8
:10701000002800D1014614224A4324480068436DE9
:1070200099184C78A006C60F0020002E02D0102719
:10703000274014D1002E02D1082634400FD19E5C87
:107040004C68888921460AF03FF91949884208D0DE
:107050000019817848070BD4D42000E02846C0B23C
:10706000F8BD032E2846FAD8F1001248C840F6E7CA
:10707000032E2846F3D8C0467E4436797600B744BE
:1070800001060D010320014005D10846E7E7032072
:107090000140012906D02B20C043E0E70320014036
:1070A0000229F8D10020DAE7141900205C1B002027
:1070B000FFFF000000D4D400BCB50D4D28685F214F
:1070C000405C800701D40C240FE06C4620460AF097
:1070D00013F92046EDF7BFF90446002805D12868CA
:1070E000663069460622F4F765F92046BCBDC04605
:1070F0005C1B0020FEB514460D4606460120022109
:1071000008F0A2F900280BD11221012E07D81F4840
:10711000807EA84203D3002E04D0002D02D1084661
:10712000C0B2FEBD0191002730462843394607D141
:10713000002200923046294613460AF007F901461C
:10714000FBB2AB420846EBD20297062108465843F1
:10715000225C17090E2F16D85B1CDFB2AF4204D297
:107160004F43E75D9742F7D10DE02018438800793F
:107170000090304629460AF0E9F8029F7F1C002162
:107180000028DDD0CCE70198CAE7C04614190020DA
:1071900070B50346002900D10A4629480068416DB0
:1071A000012B0CD114235343CA5C012A33D0022A89
:1071B0003ED1CA1894780420204390703AE01423FA
:1071C0005343C9188E1C8978890721D5002421468C
:1071D00003F062FD1B4800684E21405CC00717D0D9
:1071E0001948006880694422022529462B4600F090
:1071F00097FF00280CD001468571C4710472FF20EE
:1072000048718220087104204872284600F0E8FF87
:107210000020307070BDC9184A788B781343022261
:107220001A438A7000210122084B05F00EFA70BD46
:10723000C8188078C9184A7802438A7070BDC04661
:107240005C1B0020F41A0020581B002020BF020005
:10725000B0B502461048006805465A35002908D1E5
:10726000A97889060024890F14D0697902230B407C
:1072700010D0002A01D0094B03E07D21C9002B88E2
:107280004B4301242146224605F0DFF96879FD21B0
:10729000014069712046B0BD5C1B002030750000C4
:1072A0007CB50D4C25685C20285C8006800F12D0D0
:1072B0005C35E878022630400DD101A869460AF015
:1072C000AFF96978014306D1E8783043E870206867
:1072D000012103F0E1FC7CBD5C1B0020FEB51D46D6
:1072E00014460F4606460120022108F0ADF800289A
:1072F00000D0FEBD6846002181724772067201957A
:1073000000940AF0C5F9FEBD10B58AB001AC6381E6
:1073100022810922A271A180608020460C300C9944
:107320001422F4F747F820460AF0AEFA0AB010BD6E
:10733000F8B5002916D00E46054609780024C8077E
:1073400020461FD188070FD448070FD408070FD451
:10735000C8060FD488060FD448060FD408060FD5E8
:1073600007200FE012243CE001200BE0022009E09E
:10737000032007E0042005E0052003E0062001E0EB
:107380000020C0433070184800684E214056002845
:1073900027D516482818032101430D31880883B2E8
:1073A0001348006880690221472200F0B9FE0028D6
:1073B00016D00746001D294632460AF0CBFA0420B3
:1073C000787207203872E81C010AF971B871FF2041
:1073D0007871822038710220394600F001FF00E008
:1073E00007242046F8BDC046F41A0020FDFF030024
:1073F000581B0020FEB50092029107461048006815
:10740000C46A002601961C2E0DD0A5190622284616
:107410003946F3F7E6FF000603D1A87902998842BE
:1074200004D0F61DEFE7019C2046FEBD0124009824
:107430000028F9D0002107222846F3F7C5FFF3E71B
:107440005C1B0020F8B50446684600250570EDF782
:10745000F2FB002805D06D4620462946FFF77EFC4A
:107460002D78EDF7E8FB002802D02648837E00E067
:10747000012314267543244F3868416D4C19A578B3
:1074800002222A4002D0A41C002525701131DBB253
:10749000002B0AD00C78002C04D00C460F3C24782A
:1074A000A40726D45B1E1431F2E7002A21D0002461
:1074B000214603F0F1FB154800684E21405CC007EF
:1074C00017D01348006880694422022529462B46BC
:1074D00000F026FE00280CD001468571C4710472AC
:1074E000FF2048718220087104204872284600F06D
:1074F00077FE6846007846433868406D8019002161
:107500004174F8BD141900205C1B0020F41A0020FF
:10751000581B002080B5411E0909E02903D80AF054
:1075200027FA002080BD122080BD000010B504465F
:107530000AF046FA002801D00C2010BD044800686B
:107540009421405880685D214454002010BDC046FD
:10755000F41A0020E0B5022801D3FF280DD1002243
:1075600000926B4618700192581C0622F3F722FF16
:10757000019900980AF044FA8CBD12208CBDB0B578
:1075800094B014466A4607F0FFF90546002805D175
:1075900069461E3110222046F3F70CFF284614B02E
:1075A000B0BD0000E0B5034601A9012008806A468D
:1075B000002010800248006818300AF05DFA8CBD87
:1075C000541B0020F0B58BB0012801D9122016E021
:1075D0001C46164601AD2870681C0622094B9847C8
:1075E000E81D102731463A46064B98472846173083
:1075F00021463A46034B984728460AF051FA0BB009
:10760000F0BDC046B5B3041080B50AF0A5FB80BD3F
:1076100080B50AF0BBFB80BD80B50AF0C5FB80BD1C
:10762000BCB50C4605464888001F4880084601F056
:1076300003FE011F02290CD806281AD005281DD0E8
:10764000042811D10420A0812846214601F0DEFE45
:1076500018E03F2808D020385F2805D86846057014
:107660000194ECF7F9FF0DE0284621460AF0D8FB1B
:107670000EE0284621460AF0D9FB03E028462146C1
:107680000AF00AFC002803D06188091D6180BCBD96
:107690000020BCBDB0B50446018802200AF016FDEA
:1076A0000546002802D1204601F053FE2846B0BD11
:1076B00070B591420ED215460E46044640680AF057
:1076C00029FD751B60680AF0B0FD281881B22046BC
:1076D00001F09BFF70BDF0B5C3B00446008801F017
:1076E000CFFD00287CD00546207A03270740286973
:1076F0002A460C32022F039208D100282FD011887D
:107700008426042954D30121029131E000284AD073
:107710006688002E26D00021019104A80290204600
:107720003246029B0AF08DFD286940680090204691
:107730000AF090FD014600980AF091FDA989286998
:107740003246029B0AF091FDA8898019A88181B276
:10775000286901F05AFF039A0198608002E02C61C9
:107760006088A881108804281BD328690026029607
:107770000021019100F060FC001D81B2AA898A42BB
:1077800016D812D1296948800120FFF749FF002847
:107790002DD028698426A04226D10198A88128618D
:1077A00022E0002618E0002602E00298002813D00C
:1077B000A87810210143A9704220012102222B4602
:1077C00003F034F92869002806D001F0C2FD00203A
:1077D0002861039900200880002E05D1012F03D1D4
:1077E000204601F0B6FD0026304643B0F0BD0198BA
:1077F000EEE70000F0B585B004468778781E0321D7
:10780000049108430930800883B2207A03902088CD
:10781000029011480068806902253E22294600F046
:107820007FFC002814D00646009701940498039A20
:107830000240301D002702993B460AF01FFD3571BA
:107840002846314600F0CCFC204601F082FD00E0E5
:107850000727384605B0F0BD581B00203321C9006A
:1078600041430448006894228058C06B4068401827
:107870007047C046F41A002070B5044608460AF066
:1078800015FD00281CD006462C363178032907D177
:107890008521490040180078000701D41A2424E00B
:1078A000307901210AF028FD00280DD0002C09D1E3
:1078B000307901210AF02AFD032803D1002414E0C5
:1078C000022412E03A2410E03079012529460AF01A
:1078D00025FD4474307929460AF028FD30790322C9
:1078E0000024294623460AF031FD204670BD0020C1
:1078F000704700207047002070470020704700004C
:107900001F22024001239340EFF3108272B68900D8
:10791000054A126851184009800008188168194307
:10792000816062B67047C046701B002070B5144677
:1079300005464C430068401E032101434E1C0021B4
:1079400030462246F3F740FD30192860304670BDBE
:10795000F8B504460AF00EFD1C480068466B002E80
:1079600032D0374636693889A042F8D100257A8965
:10797000E8B2032804D821460AF00AFD6D1CF6E798
:10798000204611460AF014FD798920460AF026FDAA
:10799000002038810D480068426BBA4205D011467C
:1079A0001269BA42FBD1103101E0014634313A6923
:1079B0000A607989042903D1C16A3961C762CEE7B7
:1079C000016B39610763CAE7F8BDC046601B002040
:1079D00010B505F0F3FF002825D00446008906F015
:1079E0003BF80246012000210F4B06F055F8208994
:1079F0000AF0F8FC6020205CC007A07A04D1603057
:107A0000C0B2512804D307E05030C0B2402803D898
:107A1000022120460AF000FDFE20A0720E20FCF795
:107A200059FAEBF71FFA10BD30750000F8B504469F
:107A30000AF016FD05461048C07A85421BD20F4E4B
:107A40003068294603F028F914276F433068C06A6C
:107A50000025C553C0190069002809D001F079FC40
:107A60003068C06AC01905613068C06AC019858174
:107A70002046ECF7DDFDF8BD14190020641B002042
:107A800070470000F8B50E48006806683078401E60
:107A900030700C49098A25314F097C1C000606D13B
:107AA0000025284621460AF0F3FC7580BC1C012005
:107AB00021460AF0EDFCB088001BB080F8BDC0463E
:107AC000501B002014190020F8B50E46054610463C
:107AD00005F074FF002856D004460746002E0BD050
:107AE0000020B87208340122062D32D1398915469A
:107AF000062E0ED005220DE0F97A01200843F87217
:107B0000F97C891E022910D8F97D090708D50421BE
:107B100007E00422022000230AF0CAFC2A4618E0EB
:107B20000221F92210404018F872B87AAD2805D029
:107B3000AE2805D0BC2827D1BF2002E0AF2000E04E
:107B4000F020B87208340E20FCF7C4F9EBF78AF97C
:107B500000226020385CC0070BD1B87EC10605D575
:107B6000EF210140B97641B2002918D4002A19D179
:107B700009E0387EFC210140397603210140481E8E
:107B800081410A430ED1F8BD062DDBD1F128D9D1B0
:107B900039890220002213460AF08AFCD2E76F21BD
:107BA0000840B876208805F057FF024601200021E2
:107BB000014B05F071FFF8BD30750000F8B50F48B6
:107BC000006805682878411C29700D4F398A2531D5
:107BD0004E09741C002809D1002021460AF0A4FC9B
:107BE000388A25304009401C6880B41C0120214699
:107BF0000AF09AFCA8880019A880F8BD501B002044
:107C000014190020F0B589B0049315460591074674
:107C100006AE08AC304621460AF0C6FC22780020A9
:107C200000950499019102903846059933460AF06F
:107C3000DFFC09B0F0BD0000F8B504460D4E306819
:107C4000C56A2969C1622F88002114222846F3F7EA
:107C5000BBFB042068811720E8802C812F803068CE
:107C6000416B4563296120460AF042FD20460AF037
:107C700043FDF8BD601B0020B0B50C460546002052
:107C800001F0FEFA002805D00121818005806142C3
:107C900061418170B0BD80B5002A03D00846ECF781
:107CA000B8FB80BDECF781FB80BDF0B589B00493D3
:107CB0001746059106460E9C20460AF021FD0F9DB1
:107CC000002808D007A806222146F3F773FB06A870
:107CD0000122027005E007A806AC21460AF064FC08
:107CE0002278009704980190029507AB30460599D9
:107CF0000AF07EFC09B0F0BDF0B589B015460E461D
:107D000005F05CFE002870D00446807ABC2806D1BD
:107D1000278908A8002101802646283656E02746F4
:107D20003037E17D090709D4204628300822314642
:107D3000F3F740FB3D70280A7870A07A2189029100
:107D400008A900220A8026462836BC283DD02546B0
:107D50001C35F1280FD1E07D000736D407AA019227
:107D6000284631460AF0D8FC022201983946F3F73A
:107D700038FB002821D03846314622460AF002FD61
:107D800000281AD0029D28460AF00CFD207E8007AC
:107D90000CD0284605F060FE024601200021154B5C
:107DA00005F07AFE207EFC2101402176022003228C
:107DB000002329460AF07CFB17E00D4800680830D4
:107DC00008AA2946334609F057FE029F03AD002159
:107DD00010222846F3F7F8FA227C28463146F3F7BA
:107DE000E9FA384629460AF0EBFC09B0F0BDC04676
:107DF000541B00203075000080B50B4A12685D23CB
:107E0000D25C930605D4D3069B0F04D0ECF7D7FAC7
:107E100080BD012080BD1B231A4202D0ECF7D8FAA6
:107E200080BD002080BDC0465C1B0020F0B581B045
:107E3000054640888624002810D0AE68002E0DD05C
:107E400000246C602C8027463460284631460AF0B6
:107E5000C6FC24367F1C68888742F5D3204601B0D3
:107E6000F0BD000070B50D4909683422895C7022AC
:107E70004A430B490B68A43300210C46A2420AD0A6
:107E80001D682D19EE7DF60702D02D89854201D19E
:107E90007034F3E70121084670BDC046541B002032
:107EA0006C1B0020B0B50C4D28684224005D902169
:107EB000084200D0B0BD0AF0ADFC002805D00D206E
:107EC000FCF708F8EAF7CEFFB0BD2868015D802214
:107ED0000A430255B0BDC0466C1B002080B5014668
:107EE000064800684222825C120704D464304022B3
:107EF000F3F760FA80BD05F015FB80BD6C1B002018
:107F0000F8B51F4613460C4605460522194623467A
:107F10000AF09CFC0646002F01D1882E04D00122D5
:107F2000284621460AF0ACFC3046F8BD002101602D
:107F300040607047FEB50E46044600200290084699
:107F4000214601F0DDF9074602A920460AF0C8FCE7
:107F50000546002868D122203449085C87423AD27D
:107F60003421794332480068406B4018C0781128AA
:107F700033D1019100250C222846214605F09CF8BA
:107F800000282CD007464068062101727868029AC2
:107F90001279427204223846264B984724480068DA
:107FA000406B01994018028A082100913846214B04
:107FB00098470A21384632461E4B984700987880E9
:107FC000052039460AF0A2FC00280AD0384601F004
:107FD000C0F9812528E0122526E00C2524E088251B
:107FE00022E0029906200AF0CDFC11480068406B9F
:107FF000019FC019D021C170102021462A46334666
:1080000000F0D4F90A4E3068406BC019038A202072
:1080100021462A4600F0CAF93068406BC019028A2E
:108020002046294600F0EEF92846FEBD141900202E
:10803000641B002055950510E0B5022201AB0AF043
:1080400000F9002801D0002004E001A80178407860
:108050000002401880B28CBDF0B585B016460F46C0
:10806000054600200490062204AB28460AF092FC44
:10807000044600284BD13046294601F041F922221E
:108080002449895C1224884241D232463426464330
:1080900021490968496B8919C978D02937D10392D8
:1080A000029000240C222046294605F005F80028FD
:1080B00025D0054618480068406B8019008A019059
:1080C0006868072101726868477206210422134E0E
:1080D0002846B047082728463946039AB0470A2160
:1080E0002846019AB0476F80052029460AF00EFC09
:1080F000002806D0284601F02CF9812407E08824C6
:1081000005E004980AF064FC029800F027F9204684
:1081100005B0F0BD14190020641B00205595051012
:10812000FEB515460C460646080614D402AA01AF51
:10813000304619463B460AF052FC002821D0600622
:1081400038D402988178FC220A408270019901801B
:10815000718001272FE0EFF3108072B602AA01AF01
:10816000304619463B460AF03AFC00280BD00299EB
:108170008A78FC2313408B70019A0A807280012751
:1081800002E0002703E0002762B6002813D1EFF3D6
:10819000108072B6A0060AD4104800680168082250
:1081A0000A4302600020FBF795FEEAF75BFE62B629
:1081B00000260AE00027029EF570A0006021014021
:1081C000B078032202405018B070002F04D0002075
:1081D000FBF780FEEAF746FE3046FEBD581B002046
:1081E00080B5400605D48878FC220240901C887037
:1081F00080BD08460AF030FC80BD000070B5054621
:1082000006F04EF800281CD004460026F0B20328E1
:1082100005D8628929460AF0BBF8761CF6E70948BA
:108220000068426BA24205D011461269A242FBD1FE
:10823000103101E00146343122690A60016B21618D
:10824000046370BD601B0020F0B585B00493144634
:108250000F46054601F014F8002828D00646384697
:10826000294601F04DF801462220394A125C1220BD
:1082700091421DD2049A012A1AD832790C20002A80
:1082800016D034234B43334A1268526B0292D218F1
:108290000392D278112A0BD1019308460AF0F8FB19
:1082A0000499002906D00399498C441A06E002205B
:1082B00005B0F0BDA04201D28620F9E720043CD0F1
:1082C000039400200C22294604F0F6FE002824D056
:1082D00005464068162101726868317941720621AD
:1082E00004221D4C2846A047234608242846214640
:1082F0003A461F4698473B46039FBAB20A21284692
:1083000098476C80052029460AF000FB002806D01B
:10831000284601F01EF88120CAE78820C8E70D4DE5
:108320002868406B01994018418CC9194184304636
:108330000AF0C4FB2868406B02900A980199029ADF
:1083400051182022049B8B54498C01800020AFE7F8
:1083500014190020641B00205595051070B50446C3
:1083600022201049085CA0421BD90F4D29683020FB
:108370000A5C521C0A5434225443303148680019B4
:1083800083781B0705D5C378112B02D34B785B1E6E
:108390004B7046890021F3F717F82868406B0019E5
:1083A000468170BD14190020641B0020FEB50193A6
:1083B00002920E46202805D0102820D110480768C8
:1083C000383702E00E48076840373D68002D16D068
:1083D0002C4602212846FFF72FFEED692188B14285
:1083E000F4D10299012902D001998842EED1384690
:1083F000214601F0D1F8204600F0ABFFE6E7FEBDD4
:10840000641B0020FEB50291064625480068456DB4
:108410000192002D28D02946ED680B88B342F8D18F
:10842000029B012B02D04B889342F2D1476D0B4641
:108430000C338F4209D03C46FF688F42FBD1E56088
:10844000002D019A08D10C3405E00446543425600F
:10845000002D019A00D184650024CC60006D01607C
:108460000F4800680365D4E7C46D0D4D002C16D08D
:108470002746E4693888B042F8D10298012805D02F
:10848000384600F0D9FE01998842EFD128685C3067
:10849000394601F081F8384600F05BFFE6E7FEBDA3
:1084A000641B0020F0B585B00E4604460F8848686E
:1084B000407A039008213046FFF7BEFD05460A21A9
:1084C0003046FFF7B9FDA1780026490751D4019441
:1084D00002902846394600F013FF2221264A515CBB
:1084E000884236D234254543244A1068406B4019EF
:1084F000008A029C844203993BD106201446019ACB
:108500000AF0E4FA2068406B4019D021C170438919
:108510001020002639463246FFF748FF2068406B9E
:108520004019038A202039463246FFF73FFF38467C
:108530003146029AFFF766FF2068406B40190399A5
:108540004171072101710120FBF7C4FCEAF78AFCA5
:108550000FE004AB1D70280A5870029898700399B8
:10856000019A5171000AD870022238460AF0B5FA11
:108570000646304605B0F0BD14190020641B0020EB
:10858000F8B50D460C8849684A7A07210AF004FBC1
:10859000002800D0F8BD082628463146FFF74CFDDC
:1085A00007460A212846FFF747FD0090214600F0C4
:1085B000A7FE2221214A515C8842EBD23425454353
:1085C0001F4A1168496B4919098AB942E2D1174615
:1085D000FFF7C4FE1B4800685521405C80071FD58B
:1085E00019480068806942214E220323FFF798FD55
:1085F000002815D00146009A027384724672042046
:1086000008720020C87106208871FF2048718220FE
:108610000871100A4873200AC8724220FFF7E0FD73
:108620003868406B401981780907B3D5008927283D
:10863000B0D120460099FFF7E1FDF8BD14190020E4
:10864000641B0020F41A0020581B0020F0B591B0E4
:108650000E468178490700D5AEE00C9030880D9029
:108660007068477A007A0B900024204631460AF061
:10867000C3FA0A2816D10C98477110AC00210225C4
:1086800020462A46F2F7A0FE0A213046FFF7D4FC26
:10869000A070000AE0700D9839462A4623460AF079
:1086A0001CFA89E0054604940A970821434F304696
:1086B0000391B84709900A213046B84705900C212C
:1086C0003046B84708900E2130460291B8470790CF
:1086D000102430462146B8470690002D00D00BE00C
:1086E0000EAF0097002101220FAB0D980AF0ECFAB3
:1086F000411E884185003B780B982221304A515C0D
:108700008B420A9F1BD2002D19D134214B432D4A95
:108710001268526BD5180223AB700EAD2B784B4309
:10872000D318DC702B784B43D218069991830799A4
:1087300091820899518205991182099911813946CE
:108740000C9A0AF0C3F9204800685521405CC00724
:1087500032D01E4800688069422154220523FFF769
:10876000DFFC002828D00146069E0675079D85740B
:10877000089B0374099A82730D9888720398487253
:1087800002980872049CCC710F20887101208875B2
:108790004F730C73FF20487182200871300A4875AE
:1087A000280AC874180A4874100AC8730D98000A79
:1087B000C8724220FFF714FD11B0F0BD39800510DA
:1087C00014190020641B0020F41A0020581B0020FC
:1087D000F0B58BB00E460D8849684A7A097A0AF0DE
:1087E000DBF9002800D080E00127384631460AF046
:1087F00003FA08901024039528460197394622462B
:108800000AF0BEFA09900821394D30460291A84776
:1088100005900A213046A84706900C213046A8470B
:1088200007900E213046A84707463046049421465B
:10883000A847064608983043009704D00998FFF7E8
:108840008DFD079F12E034200999484329490968A2
:10885000496B08188783079F87820699418205998B
:1088600001821121C17040890AA90880224800684C
:108870005521405CC00738D02048006880694221FB
:1088800055220623FFF74CFC00282ED005460F305A
:10889000069B6B73039AAA720770009C6C74067136
:1088A00000210991297301996975190AA973110A9F
:1088B000E972390A4170210AA974310A41712846C6
:1088C00016300AA90222F2F775FD029868720F208D
:1088D00028720998E8710498A871FF2068718220B5
:1088E000287142202946FFF77BFC0BB0F0BDC04643
:1088F00039800510641B0020F41A0020581B00204A
:10890000F0B587B00D4642790E8849684C7A94429A
:1089100032D90590082128460491FFF78DFB069671
:1089200006460A2128460391FFF786FB0746304694
:10893000069900F087FC22212B4A515C88424FD2D5
:108940003421414329480068406B4018C1781129FF
:1089500046D1002F44D0818B254A4A40974210D2FD
:1089600002461C32CE191680224909685522895CBC
:1089700049070AD404202FE0012C33D1012AC8D1A1
:1089800030E006210171012026E0408901901A485B
:108990000068806942214F2204230293FFF7C0FB45
:1089A000002818D00746B0B20090381D06992A4614
:1089B000019B0AF00BFA04987872052038720020A7
:1089C000F8710398B871FF207871822038714220C5
:1089D0003946FFF705FC0298FBF77CFAEAF742FA02
:1089E0000598447107B0F0BD14190020641B0020E5
:1089F000FFFF0000F41A0020581B0020F0B59BB0C8
:108A0000169202461AA8002606709578042425407E
:108A100003D09079172800D03AE112940C93209853
:108A20000D90084608211AAF14900E923A460AF0AB
:108A3000E3F90E9A01241472119696723F785772D8
:108A4000002D00D0A0E013970B940821914D1590B4
:108A5000149C20460691A84707460A2120460F91FC
:108A6000A8470A900C2620463146A84709900E21B7
:108A700020460591A84739460890159F002F079179
:108A800000D195E0129838430428159700D0BDE036
:108A900000241198C0B2119012941398844200D10E
:108AA000B4E06000103081B21498FFF7C5FA0346B5
:108AB0001298C0B2119988422BD20922002B23D0E0
:108AC000402B21D310937F2B1ED822207449095CA0
:108AD000342048437149096800231A46984211D04E
:108AE0004E6BF518EF78002F0AD0F65A169FBE424B
:108AF00006D12D8A109EB5420F9D00D015462A46FC
:108B00003433EBE7130607D01599080600D00A4660
:108B100015921398641CC1E70B9AA2400E9DAB7A84
:108B20001343AB723322D24315463435A842F0D0FA
:108B30004B6B9A183726925D002A2A46F5D15819B0
:108B4000468900213422F2F73FFC54480068014670
:108B500030314968169A4A533022835C5B1E835435
:108B60004819611C8175109901824681079901811C
:108B70004C49418008998183099981820A994182EF
:108B80001298401C1290C4E717200D9D294609F049
:108B90009DFF049417A803900297129801901198D2
:108BA0000090402216982946134606F03BFA6FE0E3
:108BB00002201590002929D00846FF290E9D26D8AD
:108BC0000A98402805D30999402902D332488142A6
:108BD00001D915961BE008980028159617D02F4844
:108BE00000683121405C2E49097B0A1AD0B21399E2
:108BF000814200D80A4681420B9900D80021002802
:108C000002D011928F003DE70B2015900E9D0C981D
:108C10000D9C21462A4609F059FF1598E872224812
:108C200000685521405CC00732D020480068806948
:108C3000422154220523FFF773FA002828D0014669
:108C4000089F0775099E86740A9D0574079B8373A8
:108C5000169A827206984872059808720020C871A8
:108C60000F208871139888754C730B980873FF2038
:108C7000487182200871380A4875300AC874280A79
:108C80004874180AC873100AC8724220FFF7A8FA7D
:108C90001BB0F0BD39800510FDFF0000641B0020F3
:108CA000141900200A100000F41A0020581B00209C
:108CB000F0B595B014460E461A9A194609F06CFFA5
:108CC000002800D019E10C940821904C3046A047B0
:108CD00005460A213046A04706900C213046A047A1
:108CE00004900E213046A0470795402D02900FD3E7
:108CF0000246069840280BD385480699814207D83A
:108D00000498002804D0012A02D0102A00D2FBE0E7
:108D1000122414AA002515700821304601910AF08A
:108D20006BF8029A0C2A00D9E1E001219140794ABE
:108D3000114200D1DBE010210C9C20460AF078F8AB
:108D400014A805700A950EA805810F950E9511AF10
:108D500001200B90079803900895059509960A98AD
:108D6000A8426BD06800103081B23046FFF764F93A
:108D7000064600240D973C8000280B9F1FD03046EC
:108D80000C9900F05FFA2221634A515C884215D2A7
:108D900034210B464343614A1268526BD318DB7887
:108DA000002B27460BD041435018062101710120AA
:108DB000FBF790F8EAF756F80B9F00E027460121F1
:108DC00010220C9C204609F0DBFF2221524A515C04
:108DD00088422ED2002F02D0FFF7C0FA29E03421BA
:108DE00041434E480068406B40188178090720D500
:108DF0004189089FFAB252000EAB995241890D9AEF
:108E000011801121C170049981830699818207998B
:108E10004182068201897F1C0897272908D1808911
:108E2000039989B2814200D303902720059000E086
:108E30000591099E0D9FBF1C6D1C90E73748006887
:108E40003121425C089BD21842540598272806D14C
:108E5000039881B2DAB20EAB20460AF017F8304818
:108E600000685521405CC00747D00A984600701E34
:108E7000032101431531880883B22A4800688069BC
:108E800042215522FFF74CF9002836D005460F3015
:108E9000079A6A73AC72069B0370049F6F74029901
:108EA0000171012129730A996975110AA973210AAF
:108EB000E972190A4170390AA9740299090A4171C3
:108EC0002846163011A93246F2F774FA01986872F2
:108ED0000F2028720E36300AE871AE71FF206871DB
:108EE0008220287142202946FFF77AF905E00443E1
:108EF00005D010210C9809F09BFF15B0F0BD14A807
:108F000000780A900C9C1EE7002402E739800510C7
:108F1000FDFF0000E419000014190020641B00206C
:108F2000F41A0020581B0020F0B599B00D4617A97F
:108F300000240C71179414A90C8115941494817851
:108F4000490700D5ADE01746109011931E9E13AA55
:108F5000147004212846129109F04EFF122800D106
:108F60008AE00A900F963E4608212846FFF764F8EB
:108F700007460A212846FFF75FF80E97402F03D2D5
:108F80000E9C0546374604E04028374603D20E9C27
:108F900005460F9E70E06E4988420F9E04D86D49C9
:108FA0000968498D884202D90E9C054664E0059403
:108FB0000494234608900C9713A909788C4272D226
:108FC0000793600006900C3081B22846FFF734F812
:108FD000014603201290099100294BD022205E49BE
:108FE000085C0D905B4800680B90002214230D98DC
:108FF00090423DD00B98406BC61831461439098811
:109000000C9FB94204D1311F0988099FB94202D08F
:109010003433521CEBE7314611390978112927D135
:10902000314612390978090722D50B9531460A399C
:109030000988129114AF0699129D7D5217A90A55FD
:10904000C05A049989B2814200D80490B01E0388A6
:10905000059881B2994208980B9D00D80593641C2D
:10906000079B5B1C0D998A420C9F0F9EA4D31BE0AB
:109070000C9F0F9E0E9C089D11983146109A09F086
:1090800025FD13A8007814A9AAB2A3B200930192F7
:10909000029003911298C2B200213846334609F07B
:1090A00035FF19B0F0BD2346059989B20E9C8C425C
:1090B00002D20121129178E71D4604998BB2012159
:1090C000002212939842084600D3104613AB1B7837
:1090D000012B00D811460840411E02468A4151002A
:1090E00000282DD10A9812282AD0EDB217AE089A7E
:1090F000002D27D03C463078342747431548006878
:10910000406BC019C11C129B9A420CD25E220A709D
:109110000F994171192101710120FAF7DBFEE9F77E
:10912000A1FE089A01E05F2008700A480068406BC1
:10913000C01942830E990183761C6D1E2746D7E71E
:10914000129198E7002012900F9E0E9C154693E70F
:10915000FDFF0000641B002014190020F0B58BB047
:1091600014460E4608A900270F8109970897109DFD
:1091700019462A4609F010FD002857D1082130462B
:10918000FEF75AFF069022202949095C3420484303
:1091900028490968049707972B460590B8422FD0B5
:1091A0004D6BEA5BA24229D1EE19F2785B2A25D1F8
:1091B0000846194623467289079CE5B26D0008AC43
:1091C0006253069A002A04D01C460B4601460598B5
:1091D0000FE0358BB581728BF2813289272A1C46CC
:1091E0000B460146059804D1728A954200D3154674
:1091F0000495079A521C07921122F2703437CDE77A
:1092000008A80021079AD6B2009101910296039016
:1092100001212046069A09F079FE049881B240297E
:1092200004D908AB2046324609F0C0FE0BB0F0BDB1
:1092300014190020641B002080B50221FEF7FCFEFB
:1092400080BD0000F0B522220B4B9B5C0B4A1468DA
:109250000022102593420BD0666B775B874204D1C6
:109260007619103E36888E4203D03435521CF1E711
:109270001A46D0B2F0BDC04614190020641B00206D
:1092800070B50B49C97A14224A43143209490B6854
:1092900000210D460C461434A24206D0DE6A755BEE
:1092A00085422546F7D131191439084670BDC046AC
:1092B00014190020641B0020F8B5009222230E4CE4
:1092C000E45C0E4B1A6800230A269C4211D0576BAF
:1092D000BD5B85420AD1BF193D460A3D2D888D42AE
:1092E00004D1FD1F2D78009FBD4203D034365B1C96
:1092F000EBE72346D8B2F8BD14190020641B002008
:10930000F0B522220D4B9B5C0D4A146800220A2501
:10931000934210D0666B775B874209D17619374646
:109320000A3F3F888F4203D1F61F3678012E03D8BB
:109330003435521CECE71A46D0B2F0BD14190020A7
:10934000641B00200022CA61426811601C31416028
:10935000704780B5017A8A0901219143001F09F005
:1093600037FE80BD01460068C2690A60002A00D14C
:1093700049600021C1617047F0B5C1B00C46342688
:109380004643214F3868406B80192121415C0229F6
:1093900008D0012936D10621A1816188891E61800A
:1093A00084622FE01D4602AB0193204629461546F4
:1093B00008F047FF3868406B8019806A476820468C
:1093C00008F048FF0146384608F049FF0E4800689B
:1093D000406B8119886AC98C891D89B22A46019B14
:1093E00008F043FF08480068406B8019C18C491998
:1093F000826A5180806A891D89B200F006F9204690
:10940000FFF7A7FF41B0F0BD641B0020BCB50C46C0
:10941000002813D025882046FFF70EFF0146284676
:1094200004F03EFF002809D06088002806D0A189FA
:109430001F2908D801A8018060680AE02046FFF7CC
:1094400088FF0020BCBD606801AD2A4600F0BAF874
:10945000298840180079C10704D11B2808D01D288D
:1094600006D009E01E2803D302210843232803D194
:10947000204609F0C1FDBCBD204609F0A1FEBCBDDF
:1094800010B5342141430E4A1268526B5418202102
:10949000615C012913D109F0FBFA618C411A00D2F9
:1094A000002100290BD0012901D1022807D8E18031
:1094B000162020710120FAF70DFDE9F7D3FC10BD4D
:1094C000641B00200268CA61002A02D10A461C32CD
:1094D0004260016070470000F8B51C4615460F4613
:1094E0000646FFF7CDFE00281BD038463146FFF771
:1094F00007FF22210C4A525C1221904212D2002D09
:1095000010D034214143094A1268526B5218D37863
:109510000C21112B06D1528AAA4203D320700021BC
:1095200000E002210846F8BD14190020641B002049
:10953000074A126854321268002A07D013888342FF
:1095400002D153888B4201D00C32F4E710467047A9
:10955000641B0020E0B501AB1A70120A5A70022297
:1095600008F083FE8CBD000070B50C460546094826
:1095700006685C363668002E09D03088A84204D1CF
:109580003046FFF759FEA04201D01C36F2E73046C4
:1095900070BDC046641B002003688B4209D01A4688
:1095A000DB698B42FBD1CB69D361002B07D11C3225
:1095B00004E0CA690260002A01D10246426000202C
:1095C000C8617047002908D0002809D08BB2202B31
:1095D00004D3006820390B04F6D1002111807047B4
:1095E0000020704710B50024C46109F04FFE8428A4
:1095F00000D08124204610BD00210068002802D040
:109600001C30491CF9E788B2704780B50A46017AD8
:109610008B0901219943406809F0A8FE80BD000034
:1096200080B50A4601460248FEF780F980BDC04673
:109630001019002010B5122400280ED0002A0CD0DA
:109640000B2B0AD841700370036A5954491E4B1CF6
:10965000FAD3026100240475C061204610BD0028C1
:1096600001D03020704720207047000080B51220C4
:109670000421FFF7D5FF0449096894228958C96B72
:109680000968486380BDC046F41A0020F0B589B06F
:109690000C46014600680F1DE0CF0543354300200E
:1096A0003D4313D0089007900690049003900290D9
:1096B0000190074D2A40059205A801AA09F092FEE3
:1096C00001982840210A411A4842484109B0F0BD9A
:1096D000FFFFFF00B0B50146002000291BD00E4A55
:1096E00012683423D25C0D4B1B6894241B59DB6B2E
:1096F0005B68002A0FD0B4241C590D68AC4204D119
:10970000B8241C594D68AC4204D03324E4001B1922
:10971000521EEEE71846B0BD541B0020F41A00207C
:10972000F0B581B002798A4214D9521E0092D3B2A8
:109730008B420BD00468CDB2ED006619B768F268B1
:1097400067517260491CCAB29A42F3D10099017103
:10975000012000E0002001B0F0BD0000F8B50A468D
:109760000146074800689423C058C06B006802ABEC
:10977000019303AB00932030012309F037FE8FBD26
:10978000F41A00200348006894214058C06B006818
:109790007047C046F41A0020F0B589B00446FE2692
:1097A000855BC76CF1F79DFEE321625C3240625439
:1097B0003521090146187D4368003018EFF3108108
:1097C00072B6616CC943401800D487E00797204601
:1097D000E2300890304609F04DFE002804D041499F
:1097E0000968C97B03296FD1069020463130059066
:1097F000204642300490606C801B002608214AB24B
:10980000002A0CD4CBB22A469A40904202D30127B8
:109810009F40F619821A00D31046491EEFE70899B7
:10982000888B4643049A1088801B1080B5B2059F30
:10983000387C097801290FD11646FAF7BCF9368829
:109840003A7C00230093019002932146BC311046DC
:10985000324600F0B2FC10E0FAF7E2F92521081ACE
:10986000089046433878301880B209F01DFE3870F1
:109870000899081880B209F017FE0146387CFAF7FB
:109880000FFB07984543606C401B6064608D294660
:1098900009F01AFEA26C824204D9121A0D2A00D8CD
:1098A0000D22A264606E40196066E06E51000918D6
:1098B000606C821A387C09F011FE069800280DD1E0
:1098C000387CFAF719FB09E0089A50780121014326
:1098D00051701420FAF7FEFAE9F7C4FA62B609B03B
:1098E000F0BDC046F81A0020F0B58DB00746ED2057
:1098F000385C39462C310028079161D0FF2403944D
:109900005634192000013D18384609F0F1FD0328AE
:109910000AD12888010707D50021E9710822904360
:109920002880384609F0EAFD0B953819049038462E
:1099300009F0F5FD00280A9774D0112000013D18A8
:1099400007980479012100262846324609F0F6FDE1
:10995000074628463146324609F0F0FD38430A9F53
:1099600060D10C940021384609F0FEFD064641788E
:109970008478079802782046099109F0FBFD0028B9
:109980004AD00498807804280AD104980078A0422C
:1099900048D001223046294609F0A8FE002841D1CE
:1099A0000398163038188178042900D1D3E10129B1
:1099B00035D1079802782046099909F0B5FED3E120
:1099C00048780024002800D1C2E13E46B436B86F82
:1099D0003D467835497D0C91002801D009F01AFFE9
:1099E0002846FEF7A3FA03CE09F034FF079D6978F5
:1099F000788F09F043FF384609F076FF287909F09F
:109A00008BFF2879EBF70CF8002800D1A0E10120AA
:109A100028700C9868759BE10C9809F0C3FF3846D4
:109A200009F0D2FF452080003C18112000013818B1
:109A3000069000200890C5430B9E012D00D186E1C1
:109A4000681C0C903088032109910840012808D136
:109A5000B079FF2805D0384609F04AFD002800D12A
:109A6000ACE0E078401E042800D93AE1784400795F
:109A700040008744022B617D9200002D00D1BCE0A4
:109A80000A9809F04CFD002800D12AE1049880785A
:109A9000042804D10B980088400700D421E100215C
:109AA00001220A9809F098FF00280B9D00D111E1CE
:109AB00007980079002108F01FFC002800D109E177
:109AC000A078400600D403E1052002E10A9809F0DD
:109AD0000FFD05900C98C6B20122069F384631460C
:109AE00009F02CFD054600223846314613460AF09F
:109AF0005FF8A178C90600D4F3E00599002900D0E9
:109B0000EFE0002D00D0ECE0002800D0E9E0207864
:109B10000AF066F8074601250A98294609F024FD4F
:109B2000034607980079062231461E46B847A078BA
:109B3000C1076AD1E570D4E00A9809F0D9FC03287E
:109B400000D0CEE020780AF04BF80646079800795E
:109B50000C99C9B200252A462B46B04760700A9876
:109B6000294609F0CBFCA078C10768D10120B7E0F5
:109B70000A9809F0D4FC002800D1B2E00C98C5B2D4
:109B800003220A9E3046294609F026FF00285DD0B0
:109B9000A078C10776D1012093E00B984088800718
:109BA00000D49EE020780AF01BF800287BD00646FF
:109BB0000B98408840076DD508226CE00126384696
:109BC000314609F0D1FC022181704170099A02707E
:109BD0000B9A9279C2700B98008808430B99088001
:109BE0003846314609F08AFC0798007904220023A0
:109BF00031460B9E08F0AAFBA6E004984078C00707
:109C00006FD00220049988706BE00999E170039984
:109C10006170EF210840A07001250A98294609F0DB
:109C20006DFC70780821801CC0B2009101900296F2
:109C3000002029462A462B4609F0DFFF51E0400666
:109C40003CD46078FF284AD0042049E0284609F037
:109C5000D5FF0B9909884A072BD48201B218039BC0
:109C60001833D25C042A03D0002822D1012A20D143
:109C7000042001430B9801801520FAF72BF9E9F72E
:109C8000F1F82EE040061BD46078FF280B9A1AD119
:109C9000022017E00722079800790C99C9B2002327
:109CA000B0470120E0700B9A50880621884350800D
:109CB00017E0042081430B98018012E005200FE09B
:109CC00005200B9AE070108804218843108008E07A
:109CD0000220E070288804218843288001E00220C7
:109CE000E0700B9E3088C0060A9F26D5384609F0E2
:109CF000FFFB002821D100210122069809F01EFC5B
:109D000000281AD101263846314609F02DFC0721DA
:109D1000817002214170099901700B99C979C17054
:109D20000B98008808210143102081430B98018083
:109D3000384631460B9E09F0E1FBE078FE210140F8
:109D4000022901D10120089040340C9D75E6089C41
:109D5000E0B20DB0F0BD0078A04200D162E6002272
:109D60003046294609F0C2FC002800D05AE656E6E3
:109D700070470000F0B587B0044608060D9D52D02C
:109D80000195FF2015468543012605930C9B1F4630
:109D90000096374003977E421640F2B2521906925F
:109DA000254D059F3A462A401E469D07ED173D402A
:109DB000049003062B409B18022030400290481E5E
:109DC0000590C8B241080026C8B2C200A018456874
:109DD0000298002801D118480540A0580246049F67
:109DE000BA43039F002F01D1384600E0C0B2821869
:109DF0000698904201D1AB4218D0AB4203D804D1AF
:109E00000698904201D94E1C01E0481E0590059825
:109E1000801BC0B2401CC2B2510889198242D3D003
:109E20000020019D04E00021084601E0019D00980A
:109E3000297007B0F0BDC046FFFFFF00F0B583B04A
:109E40000B4602460E4C20689425405981684868AC
:109E5000896802AE012700970196FFF78BFF002863
:109E60000BD0206840598068406802A90978C90071
:109E70004018C1797F20084000E0802003B0F0BD89
:109E8000F41A0020026841688368C06811431943CE
:109E90000143481E814108467047000070B584B0F8
:109EA00015460A460446002B07D00A9882421FD165
:109EB0000B98684000021BD11BE009980899012308
:109EC000002902D006461E4004D1002911D10221EA
:109ED00008400ED00848006894214158C8680969B4
:109EE00003AE009301962B46FFF744FF002800D1F4
:109EF000FF24204604B070BDF41A002010B50F49AD
:109F0000096894228A5893685C229C5C002C00D0DB
:109F100010BD943104685C65FF231B0640689843BC
:109F20000B689B689865086880680121815410203F
:109F3000F9F7D0FFE8F796FF10BDC046F41A0020ED
:109F4000F0B589B0089107902148006894210691E6
:109F5000405880685D21415C0024002935D0017A99
:109F6000002932D0029203930E9901910026042712
:109F70004168CA19121F12680592C9590491490013
:109F80004D0E282169430068401801240799089A5A
:109F90002346FFF77BFB00280BD1761C0C4800689A
:109FA000069940588068017A08378E42E0D3002431
:109FB0000BE002980570FF200006049BD90F834335
:109FC0000398059A0CC001980170204609B0F0BDB5
:109FD000F41A0020F0B585B01D4650C80B981D4FEF
:109FE00033463B4004604360032901D120462DE005
:109FF000E0B20390D00713D12A68002094420246B1
:10A0000004D16A683A409B1A5A425A41039BFF2B7B
:10A0100000D02046FD23194218D0002A15D015E0A3
:10A020000D48006894214158C868096904AA0123B1
:10A030000093019222463346FFF79CFE002804D08D
:10A040000398FF28D2D1002000E0FF20C0B205B065
:10A05000F0BDC046FFFFFF00F41A00200248006870
:10A06000942140587047C046F41A002010B50C46A1
:10A0700009F0C7FD002804D02068C06F411E884148
:10A0800010BD002010BDB0B50446C58DFB20E08595
:10A090000021204602F004FCE5858030B0BD0000C0
:10A0A000B0B50C46154941430D0A154988420DD3F8
:10A0B00001201070144A002128460B46F8F7C4FE10
:10A0C000681A40084018000A10490CE0002111707D
:10A0D0000C4A28460B46F8F7B7FE681A40084018A5
:10A0E00000091D21C943414320604819000227216E
:10A0F000C90040180149F8F72EFEB0BD71020000FA
:10A100001F890100121111114F1BE8B4D4FEFFFF8B
:10A1100070B50D460446401C002625223146F1F755
:10A1200053F93046252E0CD207213140F208AA5CA3
:10A13000CA40D10703D0C1B261184E70401C761CD2
:10A14000F0E7207070BD000080B503480068008B08
:10A1500009F064FD80BDC046F41A002010B501204E
:10A1600000F007F8044609F069FD0028F7D0204602
:10A1700010BDE0B501A8F1F789F901988CBD000088
:10A18000024800688C2140587047C046F41A0020ED
:10A190007FB515460A46044603A80290089E01961C
:10A1A0000093012021462B4609F090FD002E02D09D
:10A1B0007321039A625404B070BDF0B58BB005935F
:10A1C00017460D4609A9F9F7FDFC119C1098069059
:10A1D000002818D00495129E00250698A84210D099
:10A1E0000498039009A8029008A8019007A800907D
:10A1F000EBB220463946059A09F02AFE70556D1CCF
:10A20000EBE730780AE0039509A80290002201925A
:10A21000009220463946134609F01AFE0BB0F0BDF5
:10A22000F0B58DB009920A900120169E3446044084
:10A2300002220394002C089000D010463240039F65
:10A2400000D0074601923209089810400890F5089E
:10A250007007C00F0C90B00717980B9042D00B9866
:10A2600000281FD1139806901298059000930A9C1D
:10A27000204607920291F9F728FD20460999F9F73F
:10A280003BFD20460099F9F759FD20460299F9F760
:10A29000EEFD20460599F9F764FD20460699F9F789
:10A2A00034FD079A74080398002813D00C980028EE
:10A2B00004D10A980792F9F78AFD079A0B980028AB
:10A2C00008D10A980792F9F749FCFF210A98F9F793
:10A2D0003EFD079A0C98204204D00A981446F9F7DC
:10A2E000ACFD224618980990159C149806900820F9
:10A2F00006400898801905901543012002900540FA
:10A30000079500250497BD427ED0681E2E468641E3
:10A310000C9846400B98002802D0002E3ED15FE0FA
:10A32000AF00E059F9F76CFBE059F9F774FBE0591D
:10A33000F9F7B3FBE0590146F9F7B6FB0698C159A6
:10A34000E059F9F77DFBE059F9F747FBE059F9F7D8
:10A350008BFBE0590A99F9F7B6FBE719099803282E
:10A3600009D00998012801D1002E04D109980228AA
:10A3700004D1002E02D13868F9F7B3FB3868F9F739
:10A3800051FB3868002E1ED0F9F7D5FB3868F9F775
:10A39000C4FB39680A98F9F757FD049F079800280D
:10A3A00030D00898002801D0029801E00298401BA4
:10A3B00003990029294600D00146C8B280002058E0
:10A3C000F9F782FB1EE0F9F793FB3868F9F7ACFB6D
:10A3D0003868F9F74FFB39680A98F9F7FFFC049FD2
:10A3E000059800280ED001200899002900D1401BB3
:10A3F00001990029294600D00146C8B280002058A2
:10A40000F9F75AFB6D1C7EE70DB0F0BD801EC0B29F
:10A41000032801D3002002E0C1000248C840C0B2B6
:10A420007047C0460104060010B5846FC06FC72195
:10A43000405CE1683E3909F06BFD01468C20205CF0
:10A44000F9F785FC10BD7047F0B588B007932C274D
:10A4500047431A480668F019847C012C2BD1034627
:10A460001233149D0695139D0595129D0395119D1C
:10A470000295049110990F9D0E9C009401920D9AE3
:10A48000079C44608260009AF2511F221540457576
:10A490001140817501210175019AC27401820299EE
:10A4A000C16103990162059941620699816204992B
:10A4B000C1600220187008B0F0BDC046FC1A002030
:10A4C0007CB504460026019668460670164881420F
:10A4D00000D90126814207D9002A03D00022114663
:10A4E000164610E0114A89184B1E0022834209D2F9
:10A4F00001AA6D46084611462A46FFF7D1FD2A7883
:10A50000019901E01146104621705301C904C90E9A
:10A510005918002A01D10A4601E040220A43002EC0
:10A5200000D10A4662707CBDAE5B0F0052A4F0FF02
:10A530002C2242430148006881507047FC1A0020D9
:10A54000B630002A00D10388807D0B700F221202E2
:10A550001A4000038018000A487070477CB5154601
:10A5600004465E1E00208029024608D301AB6A46DD
:10A5700008461946FFF794FD0098C20101983F2153
:10A580000D401543257060701F210904000208402A
:10A59000022E00D3022671054018000CA0707CBD6D
:10A5A00010B5F0F780FF044609F0BCFC201840B25B
:10A5B00010BD80B5C06FBE21405C09F0BFFC411EDC
:10A5C000884180BD70470000F8B50C46876FB97CA4
:10A5D000B868FE68009171430D183220294609F0D1
:10A5E000AFFC002C04D04108691AFA6B891821606D
:10A5F00009494E43330A7A7C5200FC696468A21808
:10A600005278009C121B521C5A43D23A00D20022AC
:10A610004143480A1018F8BD71020000F8B50D4614
:10A6200007466D203B5CF86FC721445CB9880A205F
:10A63000224609F09DFCC0B201213A4609F0F6FC21
:10A640000646002D07D100253846294609F02FFD82
:10A65000002800D00578032C01D0142200E000224D
:10A660007019401CC1B2204601F008FEF8BD70B55B
:10A67000012A1DD10646C06FC721445CB088402125
:10A6800001438B20002522462B4609F071FCC0B205
:10A690000121324609F0CAFC0838C1B2032C00D0AF
:10A6A000142520462A4601F0E9FD02463E3201E02B
:10A6B000C8684243104670BD024800689021405867
:10A6C0007047C046F41A0020F0B58BB01D460090CC
:10A6D0006E48077F8F4200D30F46E86909902846ED
:10A6E000223007900020002A064608900590044674
:10A6F00045D1079802784378FF2058401040002247
:10A700000346DC0705D1D4B2BC4202D25B08521C1E
:10A71000F7E7D3B20893002B0ED0EB7D7F241C40CB
:10A72000AB7D1B195E1CF3B200248B4200D326467E
:10A730008B420CD205940CE0E97D7F200140491C3E
:10A740004AB2002A00DA0146E97500249BE00123A1
:10A7500005930028344601D02B7D9C18621A049280
:10A76000D2B206923246F6B2069BB342164600D8E3
:10A77000049AE3B28B4200D31446089AD0406E7517
:10A780002C750AAB18703819421ED0B28842104698
:10A7900000D3501A0696F6B2E4B2B44200D810467E
:10A7A000C2B28A4200D3481E069A821A521C0192F3
:10A7B000D6B2F21B00240296BE4200D22246801A74
:10A7C000A87501220495284609F07EFC0A9807998D
:10A7D00008704C7003970898381A0790099FE6B2E2
:10A7E0000798B04214DDF00039680818089AA218DA
:10A7F000D5B2EA0089180822F0F7DCFD700079680C
:10A8000008186A0089180222F0F7D4FD641CE6E7F4
:10A81000E0B2C400049D039FBE4209D209980068BB
:10A82000001900210822F0F7CFFD0834761CF3E769
:10A830000298874200D3019F154800683D21415C82
:10A840008906059C069E1CD53D30407B400618D5E8
:10A85000104800684069A1213D220223FDF760FCF9
:10A8600000280ED001468772467200980872272091
:10A87000C871042088713E224A710871A120FDF739
:10A88000AFFC8020E87520460BB0F0BD1419002005
:10A89000F41A0020581B00200348006894214058F7
:10A8A0004068806B00687047F41A00200448006814
:10A8B000942140584068806B006840687047C046EB
:10A8C000F41A002005490968942289584968896B5F
:10A8D000096849688968C00008187047F41A0020A0
:10A8E0000B490968942289584968896B0968096885
:10A8F0008C39084A927F521C521E05D0D623CB5A5F
:10A900008C318342F8D100E0002108467047C046F0
:10A91000F41A002014190020B0B5417A827A12028C
:10A920005118C27A12048918007B00060D18002401
:10A93000204600F0DDFD4A300A49897F0A4AA142DB
:10A940000AD00388934204D00346223B1B68AB42E3
:10A9500002D08C30641CF2E78C4201D30020B0BDE1
:10A960000120B0BD14190020FFFF00000A48006854
:10A97000942140584068806B006800680749897FCF
:10A98000491C491E06D08222825C8C30FF2AF8D1F5
:10A990008C38704700207047F41A002014190020EA
:10A9A00010B50E480168283100200D4AD37A98422C
:10A9B0000BD2EFF3108372B60B46163B1C78002CBB
:10A9C00005D062B62C31401CF0E7FF2004E00022E5
:10A9D0000A600121197062B6C0B210BDFC1A0020D5
:10A9E00014190020F8B5054600F082FD04464769B9
:10A9F00000268C223146F0F7E7FC7C20FF21215411
:10AA00004020084A225220467C304572676181719D
:10AA100021464031044A4A81F143A1627F2181727B
:10AA2000F8BDC046FF0F0000FFFF0000F8B5044668
:10AA3000C0062DD415460F460093184800686107DC
:10AA4000C90E40180069511E03220A4309329108B9
:10AA50008BB240222146FDF763FB00281AD0064640
:10AA6000C57287720C3000992A46F0F7A3FC0027C4
:10AA7000777206203072281D010AF171B071FF2033
:10AA800070718220307120463146FDF7A9FB02E04B
:10AA9000862700E007273846F8BDC046581B00202F
:10AAA00010B50246401AC317C4185C400123DB03EB
:10AAB0009C4207D9891A994202DD0448401A10BD08
:10AAC0000149401810BDC0460100FFFFFFFF000014
:10AAD00080B54007000F024A105A09F031FA80BDD4
:10AAE00010210710B0B50C46850009F023FB006863
:10AAF0004451B0BDF0B58DB001AC0DC41548014056
:10AB00000818401C0C9000240B940A940994089493
:10AB100008AD0CAE0327284631463A46F0F74AFC0A
:10AB2000079406940594049404AC2846019922469F
:10AB3000029B08F057FC039D681C21463A46F0F73B
:10AB400039FC281D31463A46F0F734FC01202870C4
:10AB50000DB0F0BDFFFF3F00002101717047000004
:10AB6000F0B587B00B460546214E30689427C05992
:10AB70008068C06906A904920092019100242946C8
:10AB800005931A46234608F031FC002815D1039599
:10AB9000002009F0D9FA002802D1012009F0D4FAE6
:10ABA0003068C0598068C06906A9049A0092019172
:10ABB00000230399059A08F019FC3068C059806891
:10ABC000C2691179002911D012680723D356002BCE
:10ABD00008D513787F251D4028236B430568EB18A3
:10ABE00027255C550832641CA142EED107B0F0BDA8
:10ABF000F41A0020B0B50B4C2068942540598068A9
:10AC0000C269016AC1610262086811681279D200E2
:10AC1000F0F7D0FB206840598068C169006A00796C
:10AC20000871B0BDF41A0020F0B581B0194C20684D
:10AC30009425405980686021415C002921D0017A27
:10AC4000002919D000260727009501684068C05DDB
:10AC50007F2202402820504325460C180020FFF791
:10AC600088FA20622C46009D206840598068017A4D
:10AC70000837761C8E42E8D309F0B8FA20684059AC
:10AC80008068036D28300021012201F0DEFC01B054
:10AC9000F0BDC046F41A0020F8B505461220002D7C
:10ACA0001BD00C466A788A4217D92B6A195DA142DB
:10ACB00001D10020F8BD17463E46DF5D974201D026
:10ACC000A742F9D10020974205D09955964202D16A
:10ACD000284609F0D9FA296A0C55F8BDF0B585B0B7
:10ACE0000C46C778049082780025CD81FF20087437
:10ACF0007F21A182E0743C49A16025603F210A4088
:10AD0000D31C6373002A03D0FA0704D00A2203E09D
:10AD10000025656065E00422BB0700D5921D7B0716
:10AD200001D4164605E0049B9B5C9B092374012615
:10AD300016433A07039511D52C4A049B0191995D5E
:10AD400002919B195B781D09E574039D1B02029912
:10AD50005B18019923811A406281B61CFA061CD542
:10AD6000049B9A579B195D7802959B785506ED0FC9
:10AD7000A5731140E1735909A174D906C90C029B4E
:10AD8000C918002A03DA1A484843400A02E08A3008
:10AD900048434009039D2060F61CB80609D5049875
:10ADA0008119204616301222F0F704FB012060754D
:10ADB0001236780603D50498805D2075761C60688D
:10ADC00000280FD0617B891B0A060AD0CAB2257BF6
:10ADD000AA4200D80D46EAB2F1B2049B5918F0F726
:10ADE000E9FA257305B0F0BD0000FF0FFF0F00006A
:10ADF000C3F50000F8B50546C07F01271F702C463B
:10AE000040347F35002A009102D16A78012A0CD1A2
:10AE1000CA7CFF2A04D0824204D12878400714D487
:10AE2000002419E00124002714E026880024164A93
:10AE3000964211D04A89B2420ED0C97C0024814288
:10AE40000AD001202746044604E0488921880024CE
:10AE5000814201D1002018701E46FBF7B5FD002F7E
:10AE600010D001280ED1287800070BD50098007C5F
:10AE7000FF2800D104206979C140C80702D0002012
:10AE8000307002242046F8BDFF0F00007047F0B577
:10AE900085B00090002A42D00C46009801464A3105
:10AEA000049106467F36571E01464C3102914430CC
:10AEB0000190012000250396C0B2205C2C281AD0F6
:10AEC000282824D10120B072E8B23E460719F91DA6
:10AED00002220198F0F76EFAB91C3746039E05224C
:10AEE0000298F0F767FA049A9079410931711F21AD
:10AEF000014091710BE03078000708D4E8B22018C7
:10AF000033790099CA6A0499098809F0D1F9E8B23D
:10AF1000205C2818451CE9B2481C8F42CCD805B0EB
:10AF2000F0BD00207047F8B50D460446066B4E4351
:10AF300031462A4609F0BDF9002700281DD02046D9
:10AF4000314609F0C7F9002817D020464230224682
:10AF50007A32FF21117000219171E16A8919E16251
:10AF600003885B190380E06B4008091A107AFFF729
:10AF7000DFFA204609F0C3F901273846F8BD000082
:10AF8000F0B58FB004467F20205C000770D52746BF
:10AF9000483725467C35FFF77FFCFF21049001816F
:10AFA00009A80026067369798173E979C1737988E4
:10AFB0004181E978F7220A40EA70E17F0174217E3D
:10AFC00003914173216B490AC180204619300990D1
:10AFD000E9F724FC012831463346304610D1029768
:10AFE00067693E203E5C386B2249F7F7B4FE01905A
:10AFF000786B7D21F7F7AFFE019BF96A029F490A42
:10B0000009AA1075D374917456742878FF2820D03B
:10B01000FCF724FC0546E9F772FC012811D1A06970
:10B02000E16905AA009206AA07ABFEF789FF00288E
:10B0300007D002200799014309A8417307A8401CC3
:10B040000990698F09A8818039880181E9F79EFC00
:10B050000EE004980C3009F06EF9E87B002804D06B
:10B0600002200399014309A8417309A8E9F794FC58
:10B070000FB0F0BDE204000080B5E9F7CFFB002877
:10B0800009D0074800683D21415C890603D53D3061
:10B09000407BC00601D4F72080BDF42080BDC046AF
:10B0A000F41A0020FF280BD02C21414305480068EA
:10B0B0004018817C082901D0102100E020218174F2
:10B0C0007047C046FC1A0020044800685E21405EBC
:10B0D0000D2141434031C8117047C046F41A002089
:10B0E00070470000F0B585B0214909683D228A5CAF
:10B0F00092063BD53D31897A490637D501680491DE
:10B10000847AC17A0191417A0291417B0391057B56
:10B110008788601E032101430D31880883B21548DA
:10B1200000684069A1212922FCF7FAFF00281DD000
:10B1300006460772847301987073029830730398FF
:10B14000F072B572380A707230460F300499224698
:10B15000F0F730F90F20F0710834B4713E207071AF
:10B1600004203071A1203146FDF73AF805B0F0BD5A
:10B17000F41A0020581B0020F0B587B02649096852
:10B180003D228A5C920645D53D31497BC90641D5B1
:10B1900001680691847AC17A0491017A0591C78881
:10B1A000417A0191417B0291017B03918588601E68
:10B1B000032101431131880883B2184800684069AF
:10B1C000A1213B22FCF7ACFF002823D006464773A1
:10B1D00005724474049830740598F07301983073C4
:10B1E0000298F0720398B072380AB073280A70722D
:10B1F0003046123006992246F0F7DCF82520F0712F
:10B200000B34B4713E20707104203071A12031469E
:10B21000FCF7E6FF07B0F0BDF41A0020581B002031
:10B22000F0B587B0284909683D228A5C920649D565
:10B230003D310B228956002944D5C17B0691C18836
:10B240000491817B059101680391417B0191017C0F
:10B250000291468904898788007B00901B4800681A
:10B26000006980212E220623FCF75AFF002829D0EE
:10B2700005464673C4724772019828740298E873B1
:10B2800000982872300AA873200A2873380AA87216
:10B290002846113006220399F0F78CF80499080A21
:10B2A000687629760698A8760598E8751820E871DA
:10B2B0001420A8713E20687104202871802029463E
:10B2C000FCF78EFF07B0F0BDF41A0020581B0020D9
:10B2D000F0B58BB0304909683D228A5C920658D59A
:10B2E0003D31497B890654D5017D0691C17C07918A
:10B2F000817C0891417C0991C17B0A91C1880491AC
:10B30000817B059101680391417B0191017C029150
:10B31000478905898688007B00902048006800697D
:10B3200080213C220723FCF7FBFE002831D0044695
:10B330004773C5724672019820740298E0730098B2
:10B340002072380AA073280A2073300AA07220469F
:10B35000113006220399F0F72DF80499080A607657
:10B3600021760698A0770798607708982077099843
:10B37000E0760A98A0760598E0752620E0711820FE
:10B38000A0713E2060710420207180202146FCF7CE
:10B3900027FF0BB0F0BDC046F41A0020581B002058
:10B3A000F0B585B0224909683D228A5C92063CD5F9
:10B3B0003D31897A890638D5C17B0491C688817B65
:10B3C000039101680291417B0091017C01914789C1
:10B3D000057B184800680069802128220523FCF7B6
:10B3E0009FFE002821D004464772009820730198E0
:10B3F000E0722572380AA07220460D3006220299AA
:10B40000EFF7D8FF300A607526750498A075039889
:10B41000E0740E20E0711020A0713E2060710420C5
:10B42000207180202146FCF7DBFE05B0F0BDC04650
:10B43000F41A0020581B0020F0B589B02A49096889
:10B440003D228A5C92064CD53D31497B090748D59F
:10B45000017D0491C17C0591817C0691417C07911D
:10B46000C17B0891C788817B039101680291417B70
:10B470000091017C01914689057B1C4800680069A8
:10B4800080213A220623FCF74BFE002829D00446EF
:10B490004672009820730198E0722572300AA072FB
:10B4A00020460D3006220299EFF784FF380A6075B6
:10B4B00027750498A07605986076069820760798F8
:10B4C000E0750898A0750398E0742420E0711420BA
:10B4D000A0713E2060710420207180202146FCF77D
:10B4E0007FFE09B0F0BDC046F41A0020581B0020B2
:10B4F0008C21414304480068942280584068806B46
:10B500000068006840187047F41A0020F0B585B054
:10B5100004462020205C00281AD061684888022553
:10B5200006286CD340022268526B824267D90B789E
:10B530000120820349780E0232401F273F02374024
:10B54000FB18890641D4002A59D11E21594341E0F4
:10B55000266837467F37207E8207D20F3A7301254F
:10B56000284020767F20305CC00708D1A069B169EF
:10B57000814244D1E069F169814211D03FE0A06984
:10B580000290E0690390CB68096904A80322009245
:10B5900001901846029A039BFEF7ECFB00282ED080
:10B5A000387B00280BD0FFF787F800210122326298
:10B5B00071622136011D06223046EFF7FBFE6068FE
:10B5C000FFF7AAF900281AD1A7E74B26B100594383
:10B5D000002A03D10029054607D110E0204620307B
:10B5E000007800280BD0F00309184B2080000902D6
:10B5F00008180C300349F7F7AEFBE0600025284639
:10B6000005B0F0BD7102000010B50446EFF31080E4
:10B6100072B68220205C2C2141430A4A12685118DC
:10B62000897C012905D100F03BF8204608F084FE12
:10B6300005E08234FFF736FD207808F0DDFE62B6C3
:10B6400010BDC046FC1A00208C214143054800680B
:10B65000942280584068806B0068006840184069F8
:10B660007047C046F41A002010B500242046FCF7AD
:10B67000F5F80A4909683422895C2C30A14207D0C8
:10B680000278002A06D03322D2008018641CF5E725
:10B69000FF2401E001210170E0B210BD541B002025
:10B6A000FF2806D02C2141430248006840180021A1
:10B6B00041827047FC1A0020F0B51F22024020236F
:10B6C0009E1A0023DC432546F540401E4009C0B2C7
:10B6D000042B0DD0002A274600D02F46984226463C
:10B6E00000D13E46984200D2002640C15B1CEFE7E5
:10B6F000F0BD0000F0B5ABB00746C07AFCF7AEF87D
:10B700000646FEF73FF81E903D682220295C1F2266
:10B71000169211402954687D1090A87B1F90E87BF9
:10B720001890287C1A90687C1C90A87C1790E87C64
:10B730001290287D1590A87D0A90E87D0E90287EB5
:10B740001490687E0F90A87E1190E87E0C90287F60
:10B750001390687F0B9028781B90284622304478FD
:10B76000B87BF8F794FA209000F0D0FD0D904220BD
:10B77000002232522D203254F0203250EC2032542C
:10B78000E4207F2131542F20072131540994169849
:10B7900004403120199434542197B87B41217054CE
:10B7A000F87A302170548820305802608420305854
:10B7B00002608020089032503746F0371D927A6040
:10B7C000012434850F98000214994018149080B217
:10B7D00003210F91890241434002F0640B9800025B
:10B7E000139A8018139080B200037166B0661298A5
:10B7F00000021799401815990904401815907065B2
:10B800000C980002119940181190308708F024FE1E
:10B81000219BED210C94745470871920000130187D
:10B820001790189800021F9940181A990904401897
:10B830001C9909064018189030462C301F9032464B
:10B84000E2321E351A950D980128129206D1187C05
:10B85000012803D120201B99084004D1187BFE2128
:10B86000014002291BD101201070987B1A9C2146AF
:10B87000F8F74BFA3546BC3528462146FEF748FC1A
:10B880001F98407D0022009218990191029229464A
:10B8900019921346FEF791FC219B1D9001E01D9823
:10B8A0001070344690349F20B877F948B883F9482F
:10B8B0007883179A1088202188431080D87AE9F776
:10B8C0007FF92920C500A9200701E8F7F7FD012825
:10B8D000209916D11E9800891B280DD1042907D163
:10B8E0001E98C089B84207D11B20A08020800EE09E
:10B8F0001E988089A84204D0179B1888089A104384
:10B9000018801B20A0802080042900D02F460E988C
:10B9100005022781E780A7811B2060816080678204
:10B9200027821E9FF88A1C94E081219CE07A08F00F
:10B93000C5FDE07A08F0C3FDE07A08F0C1FD3846A5
:10B94000314608F0BEFDE07A08F0C6FDE07AE8F77F
:10B9500079FF304608F0CEFD11200001301808F0C4
:10B96000E7FD2098F8F7ADFA217BCB4A12681768FB
:10B97000032904D002290BD1381A3E3812E00E21D7
:10B98000209C204600F0C8FC381A3E38219F0BE06E
:10B990002199497B381A002901D0903002E0812199
:10B9A00049004018219F209C1B9B0A995A06691840
:10B9B000042C0F9D07D03D7BFE232B40022B0C9DBA
:10B9C00000D11D461B9BDB090D93D20F0E92691807
:10B9D0004D0229183B68787B00282BD00C911B93D3
:10B9E0000998440908F0B6FD07461794204608F068
:10B9F000B7FD03211F9A1170109949027163C01994
:10BA00007085F16C1E9A5268914200D311463165DF
:10BA100080B2294607F058FD0D304100726B8A183C
:10BA20001B9B9B1C02210F910E991E91219F1C9C18
:10BA30000C9D1AE00D4602211F98017000207085B0
:10BA4000042C00D0214689007118896DF26C8A425D
:10BA500000D30A463265109909026D180833852112
:10BA60000F910D991E9117901C9C7564B06422A8CB
:10BA7000002181801B912291874800683D21415C13
:10BA80008906109206D53D30817BC90704D1807AA2
:10BA9000800701D41E9F38E0786801681D46FE23A8
:10BAA0000B4022AA022B00D01546C9B21E91797B09
:10BAB00000290CD022A90D9A002A16D039684A7B99
:10BAC000C023134022AA402B0ED011460DE022A91C
:10BAD0000E9A002A09D03A68D179C0230B4022A9D6
:10BAE000402B02D1911C00E00831BA7A24AB9A7540
:10BAF0003A899A82259526911E9AFE2A03D003211F
:10BB00000A40174600E00127431C1B9D6562012087
:10BB1000384024216054A56220462430401C06226F
:10BB200019461C46EFF746FC24A885760776179938
:10BB3000C175139941821199018214998181718F84
:10BB4000C181219F797B4176249408F011FDF87B17
:10BB5000002803D0B97A708F08F040FE129801785F
:10BB6000708F08F079FE1C99486A896AFDF7F6FD26
:10BB70007C7BBF7B3846F8F792F81E903846F8F782
:10BB8000A4F83846209D2946F8F767F93846294633
:10BB9000F8F72DF938461A99F8F7B7F83846189992
:10BBA000F8F7AAF838461D99F8F77AF9384619993E
:10BBB000F8F7D7F838461599F8F7C0F838463146FF
:10BBC000F8F742F93546143538462946F8F706F9AC
:10BBD00038461E99F8F74BF9FAF7F6FE002802D11D
:10BBE0003846F7F7BBFF3846002C02D0F8F7EFF8DD
:10BBF00001E0F8F722F934462834E8F75FFCFF212A
:10BC000001280DD02091E8F7E9FD2099012807D0FF
:10BC100008F04EFE012801D0169901E01B98C1439F
:10BC2000C9B23846F8F793F8304621463A4608F04C
:10BC300041FE002128463A4608F03CFE3046F7F720
:10BC40007AFF2846F7F754FF2198817B2091407CAA
:10BC5000344644341CCC1F998D78CF780F49079116
:10BC60000F4906910F4905910F49049103970295D9
:10BC7000D11A01910094002801D00D4C00E00B4C2A
:10BC8000109B0F9A20983146A0472BB0F0BDC046BC
:10BC9000FF040000FBF70000F41A0020652E0710D7
:10BCA0004DFA06109B2E0710252F071021EA0610CB
:10BCB00049A40510F8B5044600F02EFC05460646DA
:10BCC0001036EC3500272878874209D230682A21BF
:10BCD000405CA04201D0FFF7E5F9361D7F1CF2E77A
:10BCE000F8BD0000F0B5A1B00F4604460BA8002136
:10BCF0000170F320205C2546E8350028099508915D
:10BD00000A9700D1C2E0E9722165EFF70BFCE878F1
:10BD1000EF210140E970B8002718EFF7E2FB8C2112
:10BD20007A58B96C411A52182646CC43336D1C1907
:10BD300047D46424E443201A0A9CA40035199424AF
:10BD40002C59069024180795ED6F641939D4842472
:10BD5000079D2859D5430590451932D430469C306B
:10BD60004568002D08D0069C2C190494046803959E
:10BD7000049D2C19039D24D43446059EB21A591AE9
:10BD80008A4200D30A46002D0A9F06D006994B1915
:10BD900001685818451C954200D31546002D18D04F
:10BDA000E019AC21405CF8F712F8079880686949FF
:10BDB0006943090AF7F7CAFEF7F7ABFDEFF7BDFBDA
:10BDC00011E08C373A6030460A9F3A4608F0CCFDC5
:10BDD0003446B80020188068F7F783FEE019AC21DC
:10BDE000405CF8F789F8099D0BA8E978C90700D1EC
:10BDF0004DE10078002800D149E1206807900078E3
:10BE00000F260640301F4342434100272046394653
:10BE10003A4608F073FE002800D038E1254618ACF9
:10BE2000E776A782696DA86D199005911891EFF7D3
:10BE300050FB0690FFF748F90699081806906076BF
:10BE4000072E66D107998E7828460D460A9908F084
:10BE500096FE18AA10760EA8C07C107713989076DC
:10BE60000D981B900C981A90A8788009D075A97825
:10BE7000490004230B401818D0753F233340D943A1
:10BE80006C78611891751A1D3B46ECE00794F64CEE
:10BE90002068F7F78CFD06462068F7F790FDF34918
:10BEA0000968D022895C002909D0002809D0E878E7
:10BEB000010754D407983946E8F7D6FD59E0079CA6
:10BEC00023E7002E58D0EFF708FB6872F7F721FD43
:10BED000079C206802780BAB002119706165A16591
:10BEE000A972EB78F7241C40EC700D910C910F2691
:10BEF00016400122012E14464FD0072E4CD1C07897
:10BF00008107CC0FC00748D100200890002C4FD1EA
:10BF10005FE018A8FF210177012101767F2181765A
:10BF20001B971A97062E3B46079D00D99DE0B0004F
:10BF300001A10A589746C04659BF05102FC00510E9
:10BF400047C005106BC005104DC005106BC0051033
:10BF500059C005107102000018AA13207EE0E721E5
:10BF600008401030E870B800079908188068F7F7A3
:10BF70003AFDF7F7CEFC8AE0E878C106079C03D5C6
:10BF8000204608F011FEE878400700D5BDE6002005
:10BF9000E06608902067B8E60C460892079808F01B
:10BFA0002CFE002C0AD0012100280891084605D15A
:10BFB0000CA9079808F06BFE411E8841012808D1A2
:10BFC000079C20467430E8F7EDFCA872002800D1E9
:10BFD000D0E00BA8002404700CA8E978CA0616D497
:10BFE0000078072E00D09DE002220A4000D099E0A0
:10BFF00000F086F90BA80899009101900EA90CAAEF
:10C00000079C20463B46E8F744FD064626E100F043
:10C0100077F9042E00D01FE1079E304608F087FE16
:10C02000F466346734460BA80126067016E118AA98
:10C030001520D0750D991B910C991A9169780C39BE
:10C0400091750E220FE018AA102007E009980178D8
:10C050001820084318AA01E018AA1220D0756978A0
:10C06000891F91750822AC181C94099AD2789207FE
:10C070000FD4089A002A02D118AAFF231370099A34
:10C080001070C9B2C3B218A80022E8F742FD21B06F
:10C09000F0BD0CAA1278FE2A2FD1744800683D2109
:10C0A000415C890618AE0029F1D53D30807A400701
:10C0B000EDD5704800684069A1211D220623FCF7D8
:10C0C0002FF80028E3D00446731C079A0832012198
:10C0D000069840B2009101920290201D059AD2B2BA
:10C0E00008F049FE0B20E0711220A0713E20607123
:10C0F00004202071A1202146A2E0CFB21F2FC6D874
:10C100000599C9B2FE2903D118A9012205920A7026
:10C1100001072DD4C0B2032201461140032943D1A7
:10C1200000224EE0490728D4062E02D0002E00D06F
:10C1300089E03C460799C919AA22895C012701298F
:10C140003E4611D1FD283E460ED00126002107981B
:10C15000324606910B4608F025FE012804D1E87806
:10C1600008210143E970069E0BA80770274674E07A
:10C17000042226E000F0C4F81EE0002E079C01D047
:10C18000012E17D1FD2815D0002620463146324613
:10C19000334608F007FE01280ED1B8002018806849
:10C1A0001430F7F720FC59E005210140052905D19D
:10C1B000012206E0EFF7B6F901264FE0800700D52F
:10C1C000022209922A4800682C21405CC007C10E57
:10C1D00018A80A90002901D109220CE02348006820
:10C1E0003D22825C920600D451E71A463D30407AE7
:10C1F000800700D44BE74E20C0434140781E032304
:10C2000003431D33980883B21A4800684069C9B2D5
:10C210000D46FBF785FF002800D138E706460A984F
:10C22000431C069840B2009001970294301D059976
:10C23000CAB2099908F03EFE0F48706028463146A0
:10C24000FBF7CEFF23E700F05BF8701E012803D850
:10C250000BA80126067000E00126079C08F041FEAD
:10C26000002E00D051E5BFE54C1B0020F41A002041
:10C27000541B0020581B0020C5F5061080B508F09F
:10C2800031FE00022721C90040180249F6F763FD7C
:10C2900080BDC04671020000FEB517460C4605463B
:10C2A00016480068417A032000902E461436204636
:10C2B00032462B4600F03CFB002F0AD001A91F207C
:10C2C00008710020C04301902046F7F71EFDFF21B2
:10C2D00004E027212046F7F74EFD25212046F7F7F9
:10C2E00036FD2046F7F73AFC30462146F7F7EBFBE0
:10C2F00028462146F7F7E7FBFEBDC046F41A0020AA
:10C3000080B5EFF70FF9F7F7FBFA80BD80B5FDF7C1
:10C31000A5FE4E21405C80BD042805D0012806D131
:10C32000FF20A430074A04E0044A054801E0064A19
:10C33000064841438818000A7047C046E9260100B4
:10C34000381A000006120000C62000004703000053
:10C3500010B5027F437F1B029A180AD0520204686C
:10C36000A318E4436118002903D40360891A9B18B9
:10C37000F9E710BDF0B585B00546012905D888005C
:10C38000281887680497143703E0AF6B381D0490B2
:10C390001837686803909420002631463246F7F734
:10C3A00065FA03460324009438463146039A00F0A8
:10C3B00084FA2D68962001213246F7F757FA034692
:10C3C00000960194049C204631462A4600F0DEFA8D
:10C3D0002046F7F755FB2046F7F783FB05B0F0BD85
:10C3E000F0B58BB00E4604464018AC250A90405D6F
:10C3F00009908800271808F095FD0890F86FBA6C2E
:10C40000144B0793002E01D0144B00E0124B0693FF
:10C41000002E01D0134B00E0114B0593002E01D0EC
:10C42000124B00E0104B0126062100900192029170
:10C43000039604930E4808990B1803220998214685
:10C44000FEF702F80A98415DB86C08F071FD0BB078
:10C45000F0BDC046E5C40510810705108F07051023
:10C46000E7310710DD310710FF310710F1310710F8
:10C470002D04000070B504468272018101202071F4
:10C4800020460B3006250F4E19462A46B0470A981B
:10C4900020760998E08208986075079820750698BC
:10C4A000E0740598A07404986074204619300B99C4
:10C4B0002A46B0472046243020620C9AE2770D9934
:10C4C000B04770BDB5B304102C2242430248006847
:10C4D0008018C1747047C046FC1A00202B21FF222F
:10C4E0004254704710B5EB2100224254AC21094B55
:10C4F00043520346EB331A720246AC32FF211171EC
:10C5000010305A78002A04D008C82A241955521E1F
:10C51000F8E710BDFFFF0000024800689421405872
:10C5200040687047F41A002070B50446AC20205CC7
:10C53000FEF7B8FDE8F77FFB012812D12046AC30AA
:10C540002546EC354078FEF7ADFD103400262878FE
:10C55000864206D201CC2A21405CFEF7A3FD761C60
:10C56000F5E770BD8221405A0005C00F704770B5D5
:10C570000446FBF773F9064601252046294605F0D7
:10C58000BBFE0146112000013018012902D108F03C
:10C59000DEFC0DE008F0E2FC01252046294605F00E
:10C5A000C5FE0222204629462B4605F0CFFE002577
:10C5B000284670BD10B50446E7F784FF012809D16D
:10C5C0000E2060430449096894228958C96B896820
:10C5D000081810BD002010BDF41A0020F8B51C4644
:10C5E00015460E461F469037FFF7E4FF002802D09D
:10C5F0000088022801D0012000E00320A98C0B4A0A
:10C600008918C1400A480818C00881B23888884291
:10C6100000D30846002E02D0E98C814200D30146A7
:10C620007980204608F0A2FCF8BDC04688FEFFFFD6
:10C63000B5FF0700002901D0022100E0032180227C
:10C640008258CA40012010407047F0B585B01226CC
:10C6500000285ED01F460D46044643788B4258D9C9
:10C6600020780521090381408F4252D80492029319
:10C67000EEF737FF02462378206A405DA8420CD0CF
:10C680000498002845D02046039129460493164675
:10C69000FEF702FB03993246049B332078430E4693
:10C6A000010A0818010C08187107D208511842181D
:10C6B000581DC0B2C24001956800616A04920A52D6
:10C6C000EEF70FFFC00803906278206A17463B46DA
:10C6D000C75D97420DD07D00666A755B2678761D32
:10C6E0000399F1406D1A2DB2049E711A09B28D4260
:10C6F000EDDDC15C019A8154206AC25402988342E4
:10C7000006D1049801B2204608F082FC064600E0FB
:10C710000026304605B0F0BD70B50546012105F094
:10C72000EBFD0446012804D113200121FBF7E8F8B2
:10C730000AE001262846314605F0F8FD08220023CC
:10C740002846314605F002FE6042604170BD8221FC
:10C75000405CC00970478221425A80239A4342526A
:10C7600070470000F8B50446C0062CD40F461648A2
:10C7700000683D21415C890625D53D30807A00075F
:10C7800021D51E461546114800686107C90E40189C
:10C790000069272203232146FBF7C2FC002812D0A0
:10C7A000014606984D720873CE720F720C20C87144
:10C7B000062088713E20487104200871280A88727A
:10C7C0002046FBF70DFDF8BDF41A0020581B002091
:10C7D00010B5017C022909D1012404740168826822
:10C7E000C3680CC0A12004F035FD00E00024204601
:10C7F00010BDFEB50446C720205CFDF707FE0546C8
:10C80000D126A05D2946F7F728FBA05D2946F7F75A
:10C81000EEFAA05DF7F711FBD420215CA05DF7F7DD
:10C82000AAFAF7F776F8DB20205C2546B8352646CD
:10C83000DB36062801D0052802D127463C3701E027
:10C84000274628372046E7F7B0FF02462988307888
:10C8500000940197002308F002FCFEBD80B5FAF7B2
:10C86000FDFF2C210022425480BDFF216831024689
:10C87000C232D278042A0B4600D0B323032A01D057
:10C88000194600E0F331C222805C01220240830796
:10C89000DB0F9A184007C00F10184843BB30704791
:10C8A000F8B50A46014600200090019002907E23D0
:10C8B000DB4307F00BFA04B080BDF8B51E461746FF
:10C8C0000D460446F7F79CF82046F7F7A4F82046F3
:10C8D000F7F7E3F820462146F7F7E6F82046394611
:10C8E000F7F7AEF820463146F7F709F9069F002E14
:10C8F00002D02046F7F70BF92046F7F76EF82046EE
:10C90000F7F7B2F82046F7F716F92046812F09D13C
:10C910002946F7F7D8F82046F7F7E3F82046F7F767
:10C92000FCF8F8BDF7F700F92046F7F7C5F8F8BDB1
:10C93000F8B51D4616460F460446F7F7C6F91149E5
:10C940002046F7F7D9F910492046F7F7F7F92046BE
:10C950003946F7F78CFA20463146F7F775FA204644
:10C960002946F7F73BFA0698812803D12046F7F7C6
:10C9700064FAF8BD2046F7F72AFA01212046F7F7B6
:10C98000F0F9F8BDD6BE898E55555500F8B51E464E
:10C9900017460D460446F7F733F82046F7F73BF8FD
:10C9A0002046F7F77AF820462146F7F77DF820462B
:10C9B0003946F7F745F820463146F7F7A0F8079FC4
:10C9C000002E02D02046F7F7A2F82046F7F77CF8B1
:10C9D0002046F7F702F82046F7F746F82046F7F723
:10C9E000A3F82046F7F746F82046F7F781F8812F9D
:10C9F00007D120462946F7F766F82046F6F7F3FFF9
:10CA0000F8BD2046F7F76DF8F8BD0000F0B589B025
:10CA10000446D920002525540120049008F002FC8A
:10CA200008A90880206D0395458620464030029075
:10CA30002046943005902046B43006902046D430ED
:10CA400007903227324E522F0AD008A808F0F2FB86
:10CA50003040216DCA5B1018C9194880BF1CF2E72D
:10CA60002046FFF702FF0190E56F069EB77C38462F
:10CA7000214608F0EFFB039AB281791C3180022134
:10CA8000079BD971A28502990A807D4301994919B2
:10CA90000818C830059D6860A9684018E860B07B38
:10CAA000049A02408107C90F51184007C00F0818A7
:10CAB000401EB07708F0DAFB07990870F288A96881
:10CAC0002868002A02D1F37E012B03D088421CDAA9
:10CAD00000281AD0B07E002817D0002A01D03C21AF
:10CAE00000E043210B4800682C23C05C0001C043D8
:10CAF000A1230343B1201840337A9A1AD3B2B27AF1
:10CB000008F0C6FB204608F0FDFB09B0F0BDC046AA
:10CB1000FF0F0000541B0020F0B585B0049105F014
:10CB2000C5FB002808D00446852040002018007866
:10CB3000800603D41A257EE002257CE004A80121AA
:10CB400008F0F6FB0546002875D120469030018894
:10CB500004AA12888A4206D1C08804A94988814261
:10CB600001D1002567E030342478049D2046FAF78F
:10CB700075FE07460121204605F0BEFB002801D0C6
:10CB80003A2558E00295280C03903D469A35FCF76B
:10CB9000F9FD0190C08A00900121204605F0BEFBFE
:10CBA0000646E7F78FFC01282AD1FF200C30381801
:10CBB0000078000716D4214F0837F9F705FF012840
:10CBC000384600D01D480399884200D80390F9F7F1
:10CBD000FBFE012800D0194F009BBB42019811D3E6
:10CBE0003B460FE02046FFF7E5FC002808D080799F
:10CBF000042805D1A92000010399814200D803909F
:10CC00000198009B039AF2800299B1807380808A18
:10CC1000308028882980308368886A807083012664
:10CC20002046314605F082FB06220025204631468B
:10CC30002B4605F08BFB284605B0F0BD48080000E8
:10CC4000F0B591B005930B920D910C90A848017F1F
:10CC50000891C17E0991817E0791C17A0A91C57FB1
:10CC60000126E021A34C3046A047A34F386058214D
:10CC70003046A0473968942206928850284608F02A
:10CC80007BFB07212940059808F086FB1798059043
:10CC900001901C98009019AB0ECB0D9804910D9348
:10CCA000E7F702FD2C250A982946A04739689C22FF
:10CCB00088500B99012900D007960020012900D047
:10CCC0000990012900D0089041208600012909D14E
:10CCD000314620310120FCF7A3FC874909688C22EA
:10CCE000885036E0252182480A91415C3046203048
:10CCF000002901D0014600E044212C4626277C4A29
:10CD0000D25D002A00D001462925794A525D002AC9
:10CD100000D001460C9A012A00D101460120FCF7FF
:10CD20007FFC754909688C2288500C98012831468F
:10CD300010D06F48405D002831460BD16C48C05D73
:10CD40000028314606D16A480A99405C00282146ED
:10CD500000D0314618980A9016980290012738465C
:10CD6000644CA047644D29689022885010213846B1
:10CD7000A047296898220392885004213846A0478A
:10CD80002968A022885034210C973846A04729688A
:10CD9000A42288500798C5B2311F2846A0470646EE
:10CDA0000B9C012C05D15C212846FCF739FC02467E
:10CDB00000E000222846314608F03EFB10AB089800
:10CDC000D870099898700D9F5F700A981870204667
:10CDD000059E31462A46E7F7D5FC029D28462146A6
:10CDE000E7F77BFE284621463246E7F7B8FD28469E
:10CDF000214632463B46E7F715FD00972846214677
:10CE000032460A9BE7F7DEFD08F058FB012C07D1FC
:10CE1000012E05D108F053FB012D01D108F050FB84
:10CE20000D98012801D108F04CFB08F04BFB049849
:10CE300029462246334608F046FB2D4FF87A411C1E
:10CE40002E4D28460C9AFAF771FD2B4F3968C822EF
:10CE500088502748C17A02222846FAF767FD3968C8
:10CE60000A46983250630398085878605068B86052
:10CE70002046E7F72BFEE7F76EFD08F025FB08F0EC
:10CE80003DFBE7F78EFC08F05BFB08F05BFBEEF781
:10CE900015FB396800248C7248722046EEF712FBAD
:10CEA00008F088FB3868406E08F090FB3868069DF3
:10CEB00040590C30FDF750FE0C9E3046E7F709FD57
:10CEC0003868415940228C54094A128B02831F2032
:10CED0000F90E0430E9048310EA8052208F077FB32
:10CEE00038684059F1025422815211B0F0BDC04659
:10CEF0001419002021960510F41A002010190020A2
:10CF0000FEB53E4C206894254059C06B0268322023
:10CF1000002616543A484069010C192901D31920FA
:10CF2000000410600292506008F05AFB20684059DB
:10CF3000C06B0768E7F7C2FA012801D01B2000E0A8
:10CF4000FB203882E7F7BAFA04462920C000009097
:10CF5000A9200501E7F7B6FA012C019507D10128B0
:10CF6000284D009C0CD0284DF9F72EFD05E0012836
:10CF7000009C05D0F9F728FD2546012800D1083589
:10CF80007D82E7F79BFA012801D01B2000E0FB20FF
:10CF9000B882E7F793FA0546E7F794FA012D07D12F
:10CFA0000128019D17490DD0F9F70EFD164906E03D
:10CFB0000128019D294605D0F9F706FD21460128E3
:10CFC00000D108317C831B203883FD81BC817C81AA
:10CFD0003881F98208F012FBE7F7EEFD029808F0BD
:10CFE00043FB0A4C20683421415CF0B2884203D2F2
:10CFF00006F092FC761CF5E7FEBDC046F41A002050
:10D00000141900209042000048080000541B002022
:10D01000034800688821034A425000207047C046F8
:10D02000F41A00200000030370477CB51C460D462F
:10D03000064601A80280304608F020FB0146320A6D
:10D0400002200E2A0ED8FF290CD0304608F032FB01
:10D05000002801D00C207CBD01AA30462946234679
:10D0600008F02AFB7CBD10B5C37A5C07A20F09D07B
:10D07000012213405A425A41037C0320102B09D04D
:10D08000034608E0DA070AD1807A0122F12809D0A4
:10D09000134608E00423002C05D4034603E00223D2
:10D0A000002200E00223002A01D1184600E00120FE
:10D0B000002900D0184610BDB0B50D460446411EEB
:10D0C0008841511E1F220A43213291B208F048FBC9
:10D0D000002806D0858001688160002C03D14021A2
:10D0E00003E00020B0BD7F21C9430173001DB0BD26
:10D0F00010B50B490A68B121535CB13200210329F4
:10D1000005D001248C401C4203D0491CF7E70321C1
:10D1100003E0002801D023431370C8B210BDC046FD
:10D120006C1B002010B501220228104600D80020F8
:10D130008000094B1B6830241C5D144020183033DC
:10D14000DA78D207D20E80189A7853081343DA0798
:10D15000120F8018087010BD6C1B00200B49096865
:10D1600030228A5C0123134030314A78D207520FB3
:10D17000D218CB78DB07DB0ED21889784B080B432B
:10D18000D907090F511801707047C0466C1B002069
:10D19000B0B504460B480068AC2140584578801C67
:10D1A000A11C0622EEF71DF901460020002900D03F
:10D1B000B0BD61788D42FBD1617B01200143617379
:10D1C000B0BDC0466C1B002010B5072444804468E5
:10D1D00021720B4909684024095D4468617201218C
:10D1E0001140426891724168CB724168029A0A7399
:10D1F0004168039A4A7340680499817310BDC04620
:10D200006C1B002070B50D460646062005F07EFB1F
:10D210000446002803D02846FCF79BF808E0308934
:10D2200000F01AFC02460020024B014600F034FCDC
:10D23000204670BD3075000080B5127D12010029B6
:10D2400000D00832D1B2044A12685318B433042112
:10D25000072204F0F6FF80BD6C1B0020B0B588B03B
:10D260000446018900201522FFF726FF002829D057
:10D270000546E07D000706D42146383104AA204641
:10D2800008F0A8FA05E004A8019000946846E7F7C2
:10D2900031FD112068806868032101720521102288
:10D2A00004AB284604F0E1FF20462946FFF7AAFF19
:10D2B000002807D12046483004A91022EEF77AF85A
:10D2C000A520A07208B0B0BD70B588B00446FFF7C5
:10D2D0005FFF012824D10025012207AB2046294603
:10D2E00008F01EFB022206AB2046294608F018FB78
:10D2F0001A480068079A02AE0096E43001462B46B1
:10D3000000F06CF8069810223146EEF76AF8002813
:10D3100006D00421002201232046FAF7F1FD1AE08D
:10D32000607B03210140012906D10C48006844308C
:10D3300000211022EEF748F86020205CC00701D0E1
:10D34000492000E05620C043A0720E20F6F7C2FD2F
:10D35000E5F788FD002008B070BDC0466C1B0020BA
:10D36000F0B589B00C4607460989002515222846E4
:10D37000FFF7A2FE002813D00646002F06D0234652
:10D38000283305211022384604F05BFFE07D0007BA
:10D3900008D42146483105AA204608F0E3FA07E000
:10D3A000882019E005A80290019401A8E7F7B4FCD1
:10D3B000112070807068032101720521102205ABD5
:10D3C000304604F052FF20463146FFF71BFF00288D
:10D3D00002D1B620A072284609B0F0BDF0B59DB0CC
:10D3E00002930392019101460CAD20270124124EB5
:10D3F00028463A462346B0472846203001993A4607
:10D400002346B047374640200299295408AE1022DF
:10D410000292304603992346B847412104AF28467B
:10D4200032463B4608F044FB22983946029A23468E
:10D43000014CA0471DB0F0BD69E70510F0B59FB0E5
:10D4400001930292009101460BAD20270124154E55
:10D4500028463A462346B0472846203000993A46A7
:10D460002346B047374628464030102601993246B9
:10D470002346B84707AF3846029932462346094E3D
:10D48000B047502103AE28463A46334608F010FB19
:10D490000C362498042231462346024CA0471FB084
:10D4A000F0BDC04669E705100178427812025118B4
:10D4B000827812048918C0780006081870470000A6
:10D4C000B0B50D460446154800684F21405C800603
:10D4D00023D5134800688069022149220323FAF703
:10D4E0001FFE002819D0014605738472042048727B
:10D4F000092008720020C87108208871FF20487137
:10D5000082200871280EC873280C8873280A487373
:10D51000200AC8720220FAF763FEB0BDF41A002098
:10D52000581B002080B50448006868300349202259
:10D53000EDF740FF80BDC046F41A00200833071005
:10D5400070B503460120002909D00024264625464F
:10D55000965D9E4204D16D1CEEB28E42F8D370BD32
:10D56000204670BDF8B504460189002545222846AD
:10D57000FFF7A2FD002814D0064641207080706895
:10D580000C2101720F4F3B68643305214022304665
:10D5900004F06BFE20463146FFF734FE002802D02F
:10D5A000F8BD8120F8BDE07D20210143E175396897
:10D5B0004222895C090702D524210843E0752846E8
:10D5C000F8BDC0466C1B002070B594B00E460446F2
:10D5D0004178801C6A4601F0D7F90546002E05D037
:10D5E000002D03D16846214608F080FA284614B081
:10D5F00070BD0000044800685C21415C3020084098
:10D60000411E88417047C0465C1B002080B508F071
:10D61000AFFA80BDF0B589B0044608A800260680A0
:10D62000218915223046FFF747FD00282DD00546F9
:10D630006020205CC0060BD42746603720461C3093
:10D640000221002200F092FD387810210143397048
:10D65000A07AD138042875D87844007940008744EE
:10D660000219384E60003C48006821461C310830E1
:10D6700008AA04AE334604F0FFF968680621017277
:10D6800011206880227C052158E00E200021FAF745
:10D6900037F95FE004AE082102910022304601967E
:10D6A00000F064FD20461C3008AF31463A4605F0D4
:10D6B00033F80B206880686807260672052102226D
:10D6C00028463B4604F0D1FD28463146029A019B8C
:10D6D00036E01120688068680821017204A80021E2
:10D6E0001022EDF771FEFFF785FF002802D004A895
:10D6F000F9F758FF0521102204AB284620E003A8C3
:10D70000067004AE314608F037FA08206880686871
:10D7100009210172686803994172062128460A4668
:10D720000DE01120688068680A21017220461C30D3
:10D7300004AE314608F038FA052110222846334657
:10D7400004F093FD20462946FFF75CFD002801D137
:10D75000DD20A07209B0F0BD541B002010B50446B6
:10D7600048301021002200F001FDE07D000702D4C6
:10D77000B520A07210BD2046E7F7B6FA10BD80B5FF
:10D78000012911D1427C530705D0C37D1B071DD54C
:10D7900006231A401AD16022835C01221A40002914
:10D7A00006D0002A19D103E0002900D080BD002254
:10D7B000817CCB0704D0C37D1B0701D4D12109E0B4
:10D7C0008B0706D4490708D5D52103E0D021817203
:10D7D00080BDD3218172002A02D008F0F3F980BD08
:10D7E000FFF718FF80BD000070B50446807B032161
:10D7F0000140258903290AD1204608F0F8F90028BC
:10D8000005D008210022204605F03AF870BD2846D0
:10D8100000F022F90246012000210E4B00F03CF9F5
:10D82000E07C032802D1002008F06CFA2046183072
:10D83000002604223146EDF7C7FD2046314604F0AC
:10D84000EBFDF120A072022029463246334604F057
:10D850002FFE70BD30750000F0B595B004462C4E1B
:10D8600030684225415D30220A400021302A16D11D
:10D87000069149218F00C11907A82022EDF79AFDD2
:10D880003068415DCF220A4042556020205CC007CD
:10D8900007D10FA8009014A911AA13AB06E00846FF
:10D8A00033E011A8009013A90FAA14AB204608F08A
:10D8B00037FA14A8037813A8007831682246283272
:10D8C0000492C91903910FA90291019011A8009027
:10D8D000214638312246483207A808F037FA4D2051
:10D8E000800031680A180121204608F09DFA0028BE
:10D8F0000BD1204660300078C00703D1204608F0E5
:10D900004DFB02E0BB20A072069815B0F0BDC046EA
:10D910006C1B002010B5044638301021002200F0A6
:10D9200025FCE07D000703D42046FFF797FC10BDDF
:10D930002046E7F7D3F910BDF8B50C46074609892C
:10D94000002515222846FFF7B7FB00282FD00646F2
:10D95000002F06D02346283305211022384604F034
:10D9600070FC20464830214628311022EDF739FD61
:10D97000002809D1E07C022806D108210123204695
:10D980003246FAF7BDFAF8BD1120708070680421A4
:10D9900001722346383305211022304604F065FC1D
:10D9A00020463146FFF72EFC002802D0F8BD882023
:10D9B000F8BDA620A0722846F8BD0000F0B50146CB
:10D9C0000020002917D00C4A12683423D35C70223F
:10D9D0005A436F23DD43094B1B68A4332C46703434
:10D9E000A24208D01E6875197827ED5B4D402D05C1
:10D9F0002546F4D13019F0BD541B00206C1B0020CB
:10DA0000B0B50C466021615C01220A40A37A4068EF
:10DA1000417A02D19F2B02D8B0BDB02B14D3F02B8A
:10DA200015D9F12B0ED10F290CD1254659350F21CF
:10DA30000122204604F024FF29785A34204608F0B9
:10DA4000DDFAB0BD002AE7D0207E8007E4D00122B5
:10DA5000204604F015FFB0BDB0B50D490968342269
:10DA6000895C002811D00B4A1268A4320023DCB272
:10DA70008C420AD270256543146864192489444095
:10DA8000240501D05B1CF2E71946C8B2B0BDC04600
:10DA9000541B00206C1B002010B5002906D08624E2
:10DAA00001291BD1022A19D8002100E003210128F5
:10DAB0000AD0002811D18818C1B20948006808307E
:10DAC0000122FEF7C2FD06E08818C1B204480068D2
:10DAD0000830FDF7E1F8044600E00024204610BDC0
:10DAE0006C1B0020F8B50C46074601252846FFF7B9
:10DAF000FFFA022801D93820F8BD0646384608F05A
:10DB00008FFA002810D0014610480068B122825CCC
:10DB1000002A03D0B130B540AA430270002201238D
:10DB20002046FAF7EDF9F8BD267501213846224660
:10DB3000FFF782FB204608F097FA002801D000206A
:10DB4000F8BD204608F0D4FAF8BDC0466C1B002092
:10DB5000F0B585B007464068057AA81F042823D889
:10DB60000C46887A8626D0281FD12046593001904D
:10DB70002089FFF771FF02460020444B02900146C6
:10DB8000FFF78AFF062D05D0092D11D0082D34D0BE
:10DB9000072D3DD1E07D000707D4607CC00704D08D
:10DBA000062D44D128342CE08426304605B0F0BD43
:10DBB000607C8007F9D503AB00269E800396062182
:10DBC00038460A4608F032FB002845D07868407A8B
:10DBD000019D287023465A33062138460A4604F030
:10DBE00030FB2878012803D1A8798009032845D380
:10DBF000617C2020084360742FE0607C8007D4D5CE
:10DC00003834052110223846234604F01AFB33E04D
:10DC1000607C4007C9D52346483305211022384689
:10DC200004F00FFB607C40210143617417E07868C9
:10DC3000407AA0777868807AE077234620330721FE
:10DC40000822384604F0FDFA607C802101436174AB
:10DC50004007800F10D102E0607C4007A5D40198F6
:10DC6000C079C00705D1002620463146FFF787FD61
:10DC70009BE72046FFF7B8FD029E96E708210022A9
:10DC800001232046FAF73CF906468EE7307500007E
:10DC9000F0B58BB00D460646002402940989152282
:10DCA0002046FFF709FA002820D007462B463833D4
:10DCB0000521102230461E4604F0C3FAE87D000715
:10DCC00016D40094344603AE28462146324607F067
:10DCD00049FE29462831102230462646009CEDF7A1
:10DCE00080FB01A9BC220A7002900CE088245BE052
:10DCF00001A80A9002A8099003A80890079507A810
:10DD0000E7F710F80298002806D0042101232846DE
:10DD10003A46FAF7F5F81BE011207880786804217C
:10DD200001722B46483305211022384604F09DFA33
:10DD300028463946FFF766FA002809D10198A872EB
:10DD40001B4800683521405C297C814200D9287439
:10DD50000298002828D1E87D000725D407A80024D0
:10DD600010222146EDF730FBE87C03280DD0022875
:10DD700012D10F480068806B07A90870020A4A7028
:10DD8000020C8A70000EC87006E009480168443130
:10DD900007A81022EDF70EFB29464831283507A8C1
:10DDA00032462B4608F04BFA20460BB0F0BDC04679
:10DDB0006C1B0020F0B58BB00E460521102507AF77
:10DDC0002A463B4604F03DFA002103AC0296304659
:10DDD0000191224608F028F80646384621462A4690
:10DDE000EDF7FFFA002E15D1002813D16020029C18
:10DDF000205CC00715D1207C2A1A20182830002169
:10DE0000EDF7E2FAA07E02210143A1762046E6F773
:10DE100053FF0AE00B21002201230298FAF770F861
:10DE200003E0204608F0BAF801980BB0F0BD0000FE
:10DE3000F8B52F4F3B6842241A57002A20D400918E
:10DE4000E4330521402204F0FCF9396808466430C7
:10DE5000E43120252A46EDF7C4FA064638686430D6
:10DE600024492A46EDF7BDFA002E0BD1002809D02F
:10DE700008210025012300982A46FAF741F807E017
:10DE80003A2505E03868015DB022114202D03825FC
:10DE90002846F8BDE43008F0EBF91F28E8D0054625
:10DEA000122823D0002DF3D13868015D10220A43D7
:10DEB0000255009BD97DC0220A43DA75E4300D4932
:10DEC0002022EDF78EFA00250028E1D141208000C4
:10DED0003968081808492022EDF783FA0028D7D1BD
:10DEE000009AD07D04210143D175D1E70B21C0E711
:10DEF0006C1B0020B9330710D93307107CB50C46D2
:10DF0000054608F08DF80146002823D1E07D000782
:10DF100001D4A42608E0019400956846E6F7D8FEEF
:10DF20000146002816D1A226A07BFE210140A17344
:10DF3000E07BFB210140E173012128462246FFF7E7
:10DF40007BF9204608F0BAF9204608F003FA0146AA
:10DF5000002809D0882901D188207CBD0022012316
:10DF60002046F9F7CDFF7CBDE07C022804D1E07BA0
:10DF7000C00601D45D20C643A67200207CBD00000F
:10DF8000F0B58DB00C460D464835052110222B46C4
:10DF900004F057F9E07D000706D409AA2046294677
:10DFA00007F018FC00270AE009A80690059405A8C8
:10DFB000E6F7A6FE0746EB2801D1002754E02646E7
:10DFC000283609A810223146EDF70BFA002806D0B2
:10DFD0000421002220461346F9F792FF43E0244A29
:10DFE00010683521405C217C814200D92074E07D9D
:10DFF000000715D4174605A800211022EDF7E4F913
:10E00000E07C032810D0022814D13868806B05A961
:10E010000870020A4A70020C8A70000EC87009E08B
:10E020002046E6F773FE1FE03968443105A8102248
:10E03000EDF7C0F92246383205A801AF29463B4624
:10E0400008F0FDF8002110223046EDF7BDF9227CE2
:10E0500030463946EDF7AEF9A07E02210143A176A4
:10E060002046E6F729FE074638460DB0F0BDC0460B
:10E070006C1B0020FEB50C46897A6031C9B251296B
:10E0800038D34068467A274800683221405C02282D
:10E090000AD10820304007D1032100220123204665
:10E0A000F9F72EFF064626E0A07E80210143A176E7
:10E0B0002089FFF7D1FC024600251B4B2846294644
:10E0C000FFF7EAFCA07A0227F12807D1700705D5EF
:10E0D000E07A062101404D424D4103271F200640B2
:10E0E0006675204607F0C0FF002806D02801A17DF4
:10E0F0000143A17500263046FEBD01A887710026A8
:10E10000467105710194E6F7DDFD0028F3D0A17E8C
:10E110007F220A40A276882801D18826EBE70821D1
:10E12000BBE7C0466C1B00203075000080B50320A3
:10E130000821FBF775FA02490968A822885080BDBA
:10E140006C1B002080B50648C17A0648006808307C
:10E15000C91CC9B2044A0723FBF76CFA80BDC0464C
:10E16000141900206C1B0020012107107CB50C46FF
:10E1700005460020C6B2A6420ED2002007F052F893
:10E18000A85501A90870000A69460870711CA142CF
:10E1900000D26854B01CEDE77CBD000010B5084CFF
:10E1A00020684030F9F7C2FE20683830F9F7BEFE2B
:10E1B000044805493C22EDF7FDF808F06BF910BD65
:10E1C000601B00205C000020782A041080B508F055
:10E1D00073F980BDF0B585B00493019202910746B2
:10E1E00002203840039001243C4010480568343533
:10E1F0000A9E2D68002D16D0002F0CD0002C03D0C5
:10E200002889029988420CD10398002803D0688994
:10E210000199884205D128463146049A9047002842
:10E2200002D11035E5E7002005B0F0BD601B0020ED
:10E2300080B5411E884108F067F980BDF8B50446F5
:10E24000C00625D416460D46144800686107C90E5D
:10E25000401800695D2203232146F9F761FF002879
:10E2600018D00146067385720C2048721620087279
:10E270000027CF7106208871FF2048718220087125
:10E28000300A4873280AC8722046F9F7A9FF02E04D
:10E29000862700E007273846F8BDC046581B0020F7
:10E2A000074A126834321268002A07D01389834261
:10E2B00002D153898B4201D01032F4E710467047E7
:10E2C000601B0020F0B585B004460078002807D117
:10E2D000606808F02DF96070A568E86800283CD0F7
:10E2E0006578284608F02AF90E2808D880005B498E
:10E2F0000958002903D020468847074607E0A06850
:10E30000C36800210622284608F052F98627616872
:10E31000002919D0882F03D0842F0CD0072F10D1BB
:10E320004F4800684030FBF70DF80920F5F7D2FDA3
:10E33000E4F798FD08E04A4800683830FBF702F837
:10E3400009E00846FBF705F8862F01D0002F02D11F
:10E35000A06808F041F905B0F0BD6768384608F0DC
:10E36000E7F8064608F0EAF87988EA880423029379
:10E37000002391423ED80E283CD801934200344BF2
:10E380009A5A344BC340DB0705D180239A4391420C
:10E39000019B03D02EE09142019B2BD3411E032908
:10E3A00001D307280DD104A903AA029238460F46CB
:10E3B00008F02EF93B8802980088834218D8002B79
:10E3C00016D06668304608F0B3F807463588304600
:10E3D000FAF732FF01462846FFF762FF05461E2F77
:10E3E0001DD0402038401AD1162F1BD1718826E04D
:10E3F0000120029086271E2E89D04020304086D1F1
:10E4000001930521284608F016F9E86000281DD080
:10E41000034630460199029A08F0CAF877E70020CF
:10E42000E8605DE7384608F089F80E2800D96DE706
:10E4300040000949095AE888814200D3014628462C
:10E4400008F0F9F8E860002800D049E788275EE77F
:10E4500026420410CC4F0000E65004105C0000205F
:10E46000601B002080B508F0F5F80549884205D00A
:10E47000C00004490968496E081880BD002080BDAD
:10E48000FFFF0000601B002080B510220A74027894
:10E49000042A0DD87A441279520097440A161202BF
:10E4A00002004068031D142208461946ECF782FF5B
:10E4B00080BD0522D2024068007D012809D18A81F1
:10E4C00080BD0520C002C01C04E00520C002801CE5
:10E4D00000E0501C888180BDF0B585B00D460978FC
:10E4E000042911D81446C0467944097949008F445B
:10E4F000020D4A697E00734E306801467031C16674
:10E50000686808F0BFF857E08626D3E06D4F38689A
:10E5100001467031C1666B6801206E4900263246A3
:10E5200008F0C5F801A90880002800D1ADE008F086
:10E53000C7F808F0D7F802A9009108803868C06EC3
:10E5400001A902273A46ECF735FF5E480068C06E25
:10E55000801C00993A46ECF72DFF5A48006868275E
:10E560000421C15369680A7C102A00D091E0C06E72
:10E570000C31001D0222ECF71DFF52480068C15B00
:10E58000891CC15385E04F4E306801467031C16629
:10E59000696809787022815469884A1C03A90A8035
:10E5A00071300222ECF706FF3068C16E6868001D0A
:10E5B000C91C08F067F8C01C3168682288526831AD
:10E5C000216076E069680A7D102A32D13F4A521CE8
:10E5D0000B8A93422DD13B48016868312160006865
:10E5E00068211022425201468331C16661E06968A8
:10E5F0008969002945D0334E3168683121606968E6
:10E600000A7D102A3FD10A8A2F4B9A423BD13168AA
:10E61000682202248C520A467032CA66294608F0E3
:10E620006CF804A908803068C06E2246ECF7C2FE80
:10E630003FE0096A002924D0224E31686831216008
:10E6400069680A7D102A27D10A8A204B9A4223D171
:10E650003168682201238B520A467032CA6608F07C
:10E6600059F8FF2829D06968096A8B681849C97A5E
:10E6700049084A1C042108F05FF831687022885468
:10E6800017E0842616E0886907E0386868210022D0
:10E690004252683020600DE0086A0178890701D590
:10E6A000022100E00421415A806832686823D15277
:10E6B000D0660026304605B0F0BD306870210026D7
:10E6C0004654F7E7601B002002290000292B0000B8
:10E6D00014190020FFFF0000F0B585B003920C462E
:10E6E00001210902411804910290E03001902004B8
:10E6F00023D004980088102807D11022029801998D
:10E70000ECF7AAFE00200499088010210D1AA9B286
:10E71000A2B2914200D32546AFB202990818E03068
:10E72000039E31463A46ECF745FE049908882818BE
:10E730000880641BF6190396D9E705B0F0BD000008
:10E7400080B508F00DF80749096860228A5A401C14
:10E7500080B2904203D2496EC000081880BD0020EC
:10E7600080BDC046601B0020F0B5002A0BD00024FD
:10E77000E543002B264600D056190F5D87556D1EC8
:10E78000641CA242F5D1F0BD80B507F0FDFF80BD4D
:10E7900010B5044608F016F8002801D00C2010BD72
:10E7A0000248006840214454002010BD6C1B00202A
:10E7B000034800685F21415C012008407047C04663
:10E7C0005C1B002010B5044607F0FCFF61780129AE
:10E7D00003D1002805D1024604E000280FD00C2206
:10E7E00016E00C220B4909684023CB5C032B01D1B6
:10E7F0006E22D243032B0BD0002802D008E005483C
:10E8000001683031102208462146ECF7D3FD002282
:10E81000D0B210BD6C1B0020BCB50D46FFF7CEF882
:10E82000002805D00446817D080703D48620BCBD9E
:10E830000220BCBD002D0DD06020205CC00717D188
:10E840006846002282714271090901710094E6F75D
:10E8500039FA10E0218900200622FEF72DFC00285D
:10E8600017D00246052101232046F9F749FB02E0B3
:10E87000204607F03DFC002800D0BCBDA07DF7215C
:10E880000140A1750E20F5F725FBE4F7EBFA002017
:10E89000BCBD8820BCBD000010B50C46FFF78EF84B
:10E8A000002810D0C17C02290FD1094909688C6366
:10E8B000C17B10220A43C2730E20F5F70BFBE4F76D
:10E8C000D1FA002010BD022010BD0C2010BDC046A2
:10E8D0006C1B002010B50C46FFF770F8002807D01D
:10E8E000817AC12906D1002C06D0BA21817208E0B4
:10E8F000022010BD0C2010BD0C2100220123F9F7CD
:10E90000FFFA0E20F5F7E6FAE4F7ACFA002010BDA6
:10E9100080B507F07DFF80BDF0B597B01C46019231
:10E920000291074600261E7007F078FF3546BD426B
:10E9300007D2002E05D103A807F076FF06466D1C0E
:10E94000F5E7002E019E02D0002017B0F0BD03AF06
:10E950003E37002503A807F067FF0028F4D1E8B28E
:10E96000C01DB042F0D803A84078012101400298B0
:10E9700041554019401C06223946ECF71BFD207812
:10E98000401C2070ED1DE5E7FEB514460646012546
:10E990000291012905D17079C0210140402900D19F
:10E9A000002507F03BFF20463E30019027461E37EA
:10E9B000204607F039FF002815D1002D0BD06078D4
:10E9C0000121014002988142F2D10622019831468C
:10E9D000ECF707FD03E03046394607F037FF002823
:10E9E000E6D10020FEBDB320FEBD0000FEB504460A
:10E9F00007F03EFF0C25002825D01226002C23D03E
:10EA0000207D401E01281FD8207C80281ED0102881
:10EA10001AD1A089012188430321C902884215D156
:10EA20000120FFF71FFD002810D00178002907D131
:10EA300041680A7C102A03D18989A2898A4202D0BE
:10EA4000FFF77EFEEFE72E463046FEBD002007F0C2
:10EA50001FFF002806D04168C98A002904D04088D9
:10EA6000401804E0012002E007F028FF401C82B2B9
:10EA7000002630463146234607F030FF002820D0DC
:10EA8000F743E18A491E0291009001947F1C217E88
:10EA90008F4218D2E18A002904D0029A11043AD098
:10EAA000521E0292351D401C019CE1698B5982B2B5
:10EAB0000120002107F012FF00282E46E6D187260C
:10EAC0002EE08726C0E7184800685C21425C0223DC
:10EAD000134343540A20F5F7FDF9E4F7C3F9606ADC
:10EAE00000260028B0D02020205C0028ACD0214691
:10EAF0002031029100252F460195854200990CD2C4
:10EB0000606AC01900F01CF8002808D12437029868
:10EB100000786D1CF1E7122602E0019E94E706469C
:10EB2000009807F01BFF8FE7601B002080B50346AD
:10EB300001200249002207F0BAFD80BDFFFF00005E
:10EB4000FEB50E46044607F093FE002866D0122557
:10EB5000002C64D0207D802813D010285FD1208A1B
:10EB60003C4988420DD1206A002858D082883A4911
:10EB7000C97A4908491C8A4251D380680021ECF7C0
:10EB800023FCA0782421084203D06078C01F092804
:10EB900045D8304607F094FD002840D0064600785E
:10EBA00000283CD1207E811C304607F001FF05463D
:10EBB000002834D1304607F095FD054607F080FD6A
:10EBC0000146681C86B2022738463246234607F0C3
:10EBD00085FEB04225D1304607F072FD0146A81CE3
:10EBE00082B20320234607F079FE002829D001973E
:10EBF0000296E069002816D0207E002813D0002657
:10EC0000374687420FD2E0698019029907F0EAFE81
:10EC1000002818D11C36207E7F1CF2E70C252846E0
:10EC2000FEBD8725FBE70D4800685C21425C019B27
:10EC30001A4342540A20F5F74DF9E4F713F9002579
:10EC4000EDE7872501E00546029E304607F052FFBA
:10EC5000E5E7C046292B000014190020601B0020A6
:10EC600080B5034601200249022207F020FD80BD45
:10EC7000FFFF0000F0B585B004911224002839D0C0
:10EC80001D4616460746022B0AD3022E32D000211B
:10EC90000422384607F058FF812801D10C2429E0CE
:10ECA0000A98022E0390029501960FD26D1C06461B
:10ECB0006D1E17D03288083610233846049907F0A5
:10ECC00071FF04460398002CF2D013E0022E11D1FC
:10ECD000028820233846049907F064FF044603980D
:10ECE000002C07D1009038460499019A029B07F046
:10ECF0009DFF0446204605B0F0BD1CB5059C01945F
:10ED0000049C009408F060F81CBD00007CB51C4613
:10ED100015460646084607F0D3FC01461220002996
:10ED200015D00A78042A08D0032A11D14A68137D25
:10ED3000102B0DD1128A104B05E04A68137D102B61
:10ED400006D1128A0B4B9A4202D1002E04D17CBD0F
:10ED5000002E01D081207CBD01AA3046FFF7BCFB0C
:10ED60000028F4D1019801882980406820600020A3
:10ED70007CBDC04602290000292B000080B58AB066
:10ED800001A901228A7104228A804880084602F083
:10ED90007BFD0AB080BDFEB501AA918050801E2087
:10EDA0001070104608F064F806B080BDF0B587B06A
:10EDB00001890491C18805918488468807880020CC
:10EDC000069006A9384603F08BFD054600285AD167
:10EDD0000396029406988078C00751D1002410222F
:10EDE00020463946FEF768F900284BD007462A48E6
:10EDF000039A911F89B2122581423DD2029E062EAE
:10EE00003AD3801D864237D2B24235D8059A91084E
:10EE10007C2931D8511C7143049B9A0091422BD814
:10EE20000A2B29D3834227D20194786812210172D8
:10EE3000786806990979417206210825174C3846E9
:10EE40002A46A04738462946039AA0470A21384651
:10EE500032462546A0470C2438462146059AA84745
:10EE60000E213846049AA8477C800520394603F0D5
:10EE70004DFD00280AD081253846FAF76AFA02E0EB
:10EE80000C2500E08825284607B0F0BD0699122021
:10EE900003F078FD019DF6E77B0C00005595051009
:10EEA00070B514460D460646FAF7EAF90146022007
:10EEB000002E13D0002911D08A780C2093070DD48E
:10EEC00052070BD54879A84209D189790020142925
:10EED000024602D0172904D10122227070BD1220EF
:10EEE00070BD862070BD0000F0B587B00593164652
:10EEF0000C46054600270697142206AB03F04AFD90
:10EF0000002801D007B0F0BD039404960D9B002BA0
:10EF100010D03E460221102228461F4603F030FF43
:10EF20003946042F15D022223C49895C884210D3EF
:10EF30000C20E7E738480068428D122005998A4284
:10EF4000E0D33E460C990029E4D00129DAD101260C
:10EF5000E0E702900020122201902946FEF7ACF86B
:10EF6000002836D004464068152101726068039974
:10EF70004172062103960A25294E20462A46B047AB
:10EF800034210298414324480068406B00914018A6
:10EF9000428908212046B04720462946049AB047B6
:10EFA0000C212046059AB0470E2520462946039A93
:10EFB000B047102120463A46B047658005202146DB
:10EFC00003F0A4FC002806D02046FAF7C2F98120FD
:10EFD00098E7882096E7009E0F4D039C069803F063
:10EFE000F7FC002F05D0042F13D00298F9F7B6F9DB
:10EFF0000FE00E982968496B8919202201238B5450
:10F000004C84059ACA81049A8A811122CA7049895E
:10F010000180019876E7C046641B00201419002087
:10F0200055950510F0B59BB00F93144600251A9521
:10F0300017AA15811895179514AA15811595149579
:10F0400012AA1571129517221AAB11900E9103F0A6
:10F05000A1FC0746002802D038461BB0F0BD229B19
:10F06000219E24991A98827A1092427A0D91002951
:10F0700048D00C960A9208935A0009921032002642
:10F0800030461199FEF718F8002845D001460D9832
:10F0900000280B94049141D00596099E30460C300F
:10F0A000109032460832049C606818210172606832
:10F0B0000E9941720621A54F2046B84708212046E7
:10F0C0000B9AB8470A2120460F9AB8470C21012213
:10F0D0002046B8470E2120460C9AB847102117AB9E
:10F0E0002046324603F0C1F8109860800520214682
:10F0F00003F00CFC002800D1D2E02046FAF729F9F1
:10F100008127A9E70121002E079100D1AEE09A42A4
:10F1100000D8ACE00426B6E088279DE70024264608
:10F1200027460A9A0597A2425DD01098E040C00792
:10F1300005D112A8FF210155641C761CF3E7029645
:10F140000695222180480191465C601C03907D4811
:10F15000016800221546AE4212D04B6B9F5A11989F
:10F1600087420AD19B18DF78102F06D19F780A2F8B
:10F1700003D19B7DE31A5B1C0FD234326D1CEAE78E
:10F18000304631460A9A059F069D039C029E0691D1
:10F19000C9B28142C6D1761CC4E7059FF9B208986E
:10F1A000814201D3002100E001212A460798014055
:10F1B000012908D112A90A5511467F1C0A9A069DF9
:10F1C000039C3046E2E7D0B2F9F7C8F812A8FF2155
:10F1D00001555D480199405C2946029E761C0A9AB9
:10F1E000069D039CD3E7F0B2F9B208188627904237
:10F1F00000D031E70C98002802D1300600D02BE770
:10F20000E80700D049E74F4800680390002317AE95
:10F2100012AC0699002A00D18FE02778FF2F21D069
:10F22000089434247C430398406B001901244484DF
:10F230000F99C1810B998181418931804189079161
:10F2400010961E460692DAB2520014AB07999952F4
:10F25000069A20214454089C00218175408A731C21
:10F26000109E3946641CB61C521ED3E7C67A002095
:10F270000A2E36D80121B1401F461346304A1142AA
:10F280001A463B4630D02F480068408D12270F9910
:10F29000884200D2E0E60C969A4200D3EAE6DBE62A
:10F2A00000270D98002800D0D6E61A9803F090FBAE
:10F2B000E80700D0D0E623981090224C206812A9CD
:10F2C0000A9D069B002D13D00A78FF2A06D034230E
:10F2D0005343466BF3181126DE701346491C6D1E0E
:10F2E000F0E70C960D4601E00C96079D0790C1E6ED
:10F2F000D8B2342141432068406B40188178090717
:10F300000FD5008927280CD1089A90B20B99884212
:10F3100000D8114689B20598C2B214AB119803F017
:10F32000B5FD17A90A221098ECF744F8206831219E
:10F33000425C059BD21842548EE608900691ACE6DA
:10F3400011060000641B00201419002055950510BB
:10F35000FEB5029316460C460746F9F791FF05469F
:10F36000112220463946F9F7A7FF002D10D0044698
:10F3700022201A49085C84420CD23427674318487B
:10F380000068406BC0190189272906D1862502E053
:10F39000022500E012252846FEBD2121405C0328FD
:10F3A00019D10191089B20463146029A07F010FFBF
:10F3B00005460028EFD10A480068406BC0190025B7
:10F3C000019945542046FAF75BF80220F4F782FDD4
:10F3D000E3F748FDDFE70C25DDE7C0461419002000
:10F3E000641B002070B50C4605461226FAF7CAF9D0
:10F3F0001B2D25D3FB2D23D8E108292920D3114922
:10F400008C421DD844830583EFF3108172B6018AC4
:10F41000A94200D80D4629210581428AA24200D87E
:10F420001446C9004481A92212019442234600D8FF
:10F430001346C3818C4200D80C46848162B60026F4
:10F44000304670BD90420000054A12683523D35CF7
:10F45000034201D00C2070473532117000207047F4
:10F46000541B0020F0B585B01C4603920F460025C2
:10F47000234A244E00902946B04733460646FF22D1
:10F48000F43201973846049529461F469847E821EB
:10F490000294214000D01221039B0E430643012514
:10F4A000AA030A2118463C46B847074637430A9E36
:10F4B000032230460499A04738431CD1029C172CE4
:10F4C00001D10C2017E00B98002802D0FBF7EEF9D1
:10F4D00008E0009802F0EAFE00280ED03021405CDF
:10F4E000FBF7F0F94671047103994180019901809D
:10F4F000801D0570049805B0F0BD0220FBE7C046F2
:10F50000FF0E0000AF720610B0B514460D4606F0AF
:10F51000B5F840B200280FD4C0B2FDF74BF882799D
:10F520000321530700D50A462A70C079420700D547
:10F53000084620700020B0BD0220B0BDF0B58BB0F1
:10F540000E46054680B202F0B1FE002811D00446F6
:10F55000FF200C3020180078092108420BD03034ED
:10F5600020780127394602F0C7FE002806D03A204D
:10F5700002E0022000E01A200BB0F0BD310AF307D0
:10F5800005D1CAB21120072AF6D8002AF4D0320CCD
:10F59000B007069007D41E46D3B21120072BEBD834
:10F5A000002B3346E8D02D0C022D01D91120E3E7C2
:10F5B00004930720014008AB0293197003900240A6
:10F5C00007AE32702478FAF7DDF801460698002875
:10F5D00001D50E461F3606912046F8F73FF90590F3
:10F5E00001942046FCF7E6FF34780499002902993B
:10F5F00001D006991E310A788270C47003990D40BB
:10F6000000D005800425E107294600D0394606923E
:10F610000222A30700D511460492C679B14200D157
:10F620000C46069AD30700D03D46930700D5049DAB
:10F63000039404908779BD42059A00D1069514463B
:10F640002C34B14217D1BD4215D10320710700D52A
:10F650000646528F0096790700D507460220002102
:10F660003B46FDF77FF8032F57D104980088012807
:10F670004FD004214EE092320121019D2846059190
:10F68000164602F04BFE07463088F88109A805713E
:10F690000997E5F780FA2078032825D1059D049B7A
:10F6A0009A790420042A0146039C069E0BD0710718
:10F6B000014608D4012A2A46294600D03146C90706
:10F6C000114600D10221DA790097042A2A4601D096
:10F6D000204082080123019D284607F09FFD28460F
:10F6E000314607F0E3FD04E000203874039C069ED9
:10F6F000019D3C75FE740020787401242846214643
:10F7000002F014FE072228462146234602F01EFE80
:10F710000FE00621607DF4F7A0FB032E09D10498C9
:10F720000088012801D0042100E00621607DF4F763
:10F730005EFB002020E780B5010A0E2901D91220C6
:10F7400080BDFBF7CDF8002808D07F21425C202344
:10F7500013434354FBF758FF002080BD422080BD77
:10F7600010B50C460146020A12200E2A0FD8032CAF
:10F770000DD80846FBF7B4F8002809D07F21425C79
:10F78000F9231340A207520F9A184254002010BDCB
:10F79000422010BDF0B589B0049315460E460027EF
:10F7A000294A0390394607F082FD04460121802250
:10F7B0000295284607F07BFD054625432349304640
:10F7C00007F07DFD284301D009B0F0BD0196029EEF
:10F7D000049C039807F077FD002806D03E21425C88
:10F7E0000C23B24203D21846EEE74220ECE7314642
:10F7F0000093039005463E3526460C46BC420DD08C
:10F80000F05D00217F2207F052FD0028DCD1F05D81
:10F810007F1C29788842F1D30098D5E70198039D91
:10F82000A887204605AC3146224607F055FDEFF388
:10F83000108072B61835102228462146EBF7BAFD23
:10F8400062B60020C0E7C046FF0E0000BFFF000008
:10F85000F0B595B03948006800900BA807F060FD3E
:10F86000002831D001AF06240025354B384621460B
:10F870002A4698477879C021014379710BAE30460A
:10F880002030304B39462246984707AC1027204697
:10F8900039462A462A4B9847304621463A46294B54
:10F8A000984703AC204639462A46254B98473046B0
:10F8B000103021463A46234B9847304607F03DFD2D
:10F8C000002803D1054603E0002501E00E20C543D2
:10F8D0001D4C22682E320026062730463946FDF799
:10F8E0002FFE0BA9002801D0203101E021682E3124
:10F8F000009860303A46EBF75DFD2268083210212F
:10F900003046FDF71DFE002805D0206808300BA901
:10F910001022EBF74FFD2268183200201021FDF76E
:10F920000FFE002806D00BA91031206818301022D5
:10F93000EBF740FDE8B215B0F0BDC0465C1B0020FF
:10F940006DE10510B5B30410541B00200648006893
:10F950005C21415C8906890F04D05C30C1780222A9
:10F960000A43C2707047C0465C1B002010B53621A8
:10F97000054A3E2906D04318363B1B781468635469
:10F98000491CF6E7002010BDF41A0020B0B504466B
:10F99000074D2878002803D106F040FF0120287089
:10F9A000204606F041FF002801D000212970B0BD9B
:10F9B0008A1B0020EFF3108172B601684A420A40A8
:10F9C0005140016003485043C00E03A1085C62B679
:10F9D0007047C046DF3A650400010206030B0710BA
:10F9E000040E0C150817111A1F050A0F0D1416190D
:10F9F0001E0913181D121C1B7047000070470020C1
:10FA00007047704700B501002948027B032A02D1E4
:10FA10000020C04306E0027B92008150027B521C12
:10FA20000273002000BDF2B582B00400002635004C
:10FA30002078042802D0207882282FD1601C0190E1
:10FA40002078042802D10198871C01E0601CC71CA3
:10FA500001980078FF2821D10097009908784A780A
:10FA60001206120C104380B2FC2109020140C02092
:10FA70000001814212D10E4930000A7BC0B290428F
:10FA80000CD200983200D2B2920089588847050003
:10FA90002800C0B2012801D0761CECE72800C0B2D3
:10FAA000002802D12000E3F753FAF7BD0000000060
:10FAB000A81A002030B502000B00DBB2DB084C07AF
:10FAC000640F1800C0B2105C0125A540284201D087
:10FAD000012000E0002030BDF8B504000E00170042
:10FAE00035006DB2280040B200280DD42900C9B2FB
:10FAF0002000FFF7DFFF3900C9B2884202D1280099
:10FB000040B203E06D1EEDE70020C043F2BDFEB53C
:10FB100082B005000B9F2800C0B2032802DB002042
:10FB2000C0439AE0380080B2002805D0380080B287
:10FB300080210902884202DB0020C0438DE00520BD
:10FB40000190029800909F4C2800C0B280012618B6
:10FB5000019A00993000E4F759FB6846007B2900C0
:10FB6000C9B289016118C8716846007C2900C9B210
:10FB70008901611808720AA800782900C9B28901B0
:10FB8000611848722800C0B2800120184781002007
:10FB90002900C9B28901611888812800C0B280019A
:10FBA00020181030E6F7EEF887482900C9B289011D
:10FBB000611888612800C0B2800120182900C9B2EC
:10FBC0008901611848622800C0B2800120182830DD
:10FBD000E6F7D8F87D482900C9B2890161180863A1
:10FBE0002800C0B2800120182900C9B2890161181B
:10FBF000C863012227210298FFF76EFF060030003C
:10FC000040B2002802D50020C04326E02800C0B240
:10FC10008001201846712800C0B28001201886712A
:10FC20002800C0B28001201800F033F80AA800783C
:10FC300001280BD1380080B2FA2189004143280005
:10FC4000C0B2800120182830E6F769F800220121AF
:10FC50002800C0B2F4F773FE002005B0F0BD38B53F
:10FC600004002000C0B2032802DB0020C0430FE0E4
:10FC7000544D2000C0B2800128181030E6F782F8F9
:10FC80002000C0B2800128182830E6F77BF8002059
:10FC900032BDF8B50400A0790100C9B22000FFF719
:10FCA00009FF07003800C0B2012803D1207A694655
:10FCB000087002E0E079694608703800C0B2002898
:10FCC00001D1012200E00022D2B2A0790100C9B224
:10FCD0002000FFF701FF050006202056290049B249
:10FCE000401A6946097848434600A571310089B237
:10FCF00020001030E6F713F8F1BDFEB507000197BC
:10FD0000019844692F48201A801169460870684696
:10FD10000078032843DA062020560021C943884290
:10FD200012D16079A071607A00280DD1A089401CA1
:10FD3000A081A0896189884206D1012200216846FC
:10FD40000078F4F7FCFD2AE0A0790100C9B2200098
:10FD5000FFF7B0FE050006202056617900B209B217
:10FD6000884212D100212000FFF7A4FE06002800DF
:10FD70003100C0B2C9B288420ED000222900C9B2F7
:10FD800068460078F4F7DBFD06E000222900C9B2DE
:10FD900068460078F4F7D3FD2000FFF77AFFF7BD3F
:10FDA000F8B5040027007D690648281A861101224B
:10FDB00000213000C0B2F4F7C2FD28001030E5F792
:10FDC000E1FFF1BD00140020FBFC0510A1FD0510B2
:10FDD00000B5010049B2002905D40121C206D20EA6
:10FDE00091403D4A116000BDF0B5020052B2002AB8
:10FDF00017D41822394B040064B2A408A4001C597B
:10FE0000FF25C6001640B540AC438D01EDB2C600DB
:10FE1000324095402543020052B2920892009D5014
:10FE20001BE00F222E4B182405006DB21540083D33
:10FE3000AD08AE0005006DB22A40083A9208920063
:10FE40009A58FF25C7002740BD40AA438D01EDB257
:10FE5000C7003C40A54015439D51F0BD00B5BFF320
:10FE60004F8F204820490860BFF34F8F00BFFDE748
:10FE700010B50400601E80214904884201D301208E
:10FE80000EE0601E1949086003210020C043FFF7FF
:10FE9000ABFF0020164908600720164908600020C3
:10FEA00010BD70B505000C0016002100280040B2FE
:10FEB000FFF79AFF70BD10B50400200040B2FFF7B5
:10FEC00087FF10BD80B5FFF7C9FF01BD10B5040065
:10FED0002000FFF7CDFF10BD00E100E000E400E0EE
:10FEE0001CED00E00400FA050CED00E014E000E079
:10FEF00018E000E010E000E0F0B5CBB00A2A24D30F
:10FF00001F4616460D46509905910121069109029A
:10FF100007AC04902046E4F745F947AA0392384617
:10FF2000294607F016FA781D751F21462A4605F066
:10FF30004EFBA8B20094019005980290044A0498E0
:10FF40000399069B07F013FA00E086204BB0F0BD42
:10FF500074050020F0B5CFB01E4614460F46054686
:10FF60000120010209A8E4F71DF9002C33D05498B0
:10FF700008900795002528460695FAF7FAF80596A1
:10FF80004DAE3070010EF170010CB170000A70704E
:10FF90002846FAF7EEF83071049449AD30463946F8
:10FFA0002A4607F0D6F909AF059800A991C10B4A76
:10FFB00001230798294607F002FA0522089C2046EB
:10FFC0003146EBF7F7F9601D04990A1D3946EBF746
:10FFD000F1F9069800E012204FB0F0BD7405002042
:10FFE000202801D2002209E0602801D3032200E08A
:10FFF0000222402800D201221F2318409200895873
:020000041006E4
:10000000C14001200840704780B50B46400601D52D
:10001000032000E001208018C1B200221846FCF73E
:100020002DF980BDF0B58FB01D4616460D910746DF
:1000300044690E944C34204611461A4600F064F888
:10004000002854D10A9409950897149D0E9C206BA2
:10005000616B6943081800022721C900401825492F
:10006000F2F779FE0C90206C0B90EBF73AFA07460A
:1000700004F058FFC0190C990B9A8F18F9434118D6
:100080004620323133D50C95214644310A88B2429C
:100090002DD18B783146099A93420A9E27D1254665
:1000A000AC341698159B0093019030460C9B00F0E1
:1000B0003FF86070FF2819D02078E96A0E4A07924D
:1000C0000E4A06920E4A05920E4A04920A220392A2
:1000D0000292019700918D2208990D9BFAF7B4F9CD
:1000E0002178384604F024FF002000E007200FB0FC
:1000F000F0BDC046710200004D1107101D31071000
:10010000A517071045310710B0B55F23DB43002B5F
:100110000AD0C4186425655B8D4203D16625645DF1
:10012000944203D00C33F2E70020B0BD0C20B0BDE8
:10013000FCB5009201910025089F079A2C46602D7E
:1001400006D04619B179FF2904D00C35641CF6E7B6
:10015000FF240AE0EFF3108172B647513272F37157
:100160000098B0710198B08062B6E0B2FCBD10B5E5
:100170000400F6F7BFFD01002000896A884710BD22
:10018000FEB500230C68DC40002C00D1E4E0012423
:100190000D6826009E402E400296029D002D00D143
:1001A000D8E003254E682E40012E03D04E682E4025
:1001B000022E1CD18768BC461E0077002E00BE4070
:1001C0006746B743BC46CF681E007600B740664618
:1001D00037430197019E8660476826009E40B743DB
:1001E0004E68360926409E403E43320042604E68CB
:1001F0002E40032E10D0C768BC461E0077002E008C
:10020000BE406746B743BC468F681E007600B740C5
:10021000664637433A00C2604E682E40022E20D117
:10022000DE08B6008619366A0196019E00960F27F1
:10023000BC461E00B7001C263E406746B740009EE5
:10024000BE4300960F69BC461E00B7001C263E4008
:100250006746B740009E37433A00DE08B60086196D
:1002600032620768BC461E0077002E00BE4067461B
:10027000B7434E6835401E007600B5403D432A0026
:1002800002604D68C026B6022E40002E62D04D6836
:100290006D0315D5504D2E689027FF05B84206D145
:1002A00022009A40964322009A40324307E02200FF
:1002B0009A401204964322009A40120432432A6064
:1002C0004D68ED0215D5454D2E689027FF05B842C3
:1002D00006D122009A40964322009A40324307E01A
:1002E00022009A401204964322009A40120432439C
:1002F0002A604D686D0215D5394D2E689027FF058F
:10030000B84206D122009A40964322009A403243D6
:1003100007E022009A401204964322009A401204F9
:1003200032432A604D68ED0314D52E4D2E68902778
:10033000FF05B84206D122009A40964322009A4017
:10034000324306E022009A40120496439C40220465
:1003500032432A605B1C15E7F7BD00B50200106947
:100360000B009BB21840002801D0012000E00020C3
:10037000C0B200BD00B51300DBB2002B03D00B00F0
:100380009BB2836102E00B009BB2836200BD38B573
:1003900005000C009020C005854205D1124909686E
:1003A000220092B2114003E00F490A682104114073
:1003B00000290ED0854204D1200080B20A4908608D
:1003C00002E0200408490860210089B22800E9F70A
:1003D00007FE31BD000000000C000040100000408E
:1003E00014000040180000401C00004010B502003E
:1003F0000020002A02D0012A09D011E02F4B1C68EE
:100400000C431C602E4B1C688C431C600AE02D4B77
:100410001C680C431C602C4B1C688C431C6001E066
:1004200001231800C0B210BD10B502000020002A40
:1004300002D0012A05D009E0204B1C688C431C60C7
:1004400006E0204B1C688C431C6001E0012318006F
:10045000C0B210BD10B502000020002A02D0012A4F
:1004600009D011E0164B1C680C431C60134B1C6830
:100470008C431C600AE0144B1C680C431C60114B3D
:100480001C688C431C6001E001231800C0B210BD41
:1004900010B502000020002A02D0012A05D009E090
:1004A000074B1C688C431C6006E0074B1C688C43A0
:1004B0001C6001E001231800C0B210BD20005048AC
:1004C00024005048280050482C00504838B50500FA
:1004D0000C00206868606068A8600820205EE86002
:1004E0000A20205E28610C2068610C20205EA86133
:1004F00080200002E861002028626862280000F085
:10050000BFF832BD38B504008420205C012801D139
:1005100002201DE0012084216054242088216050A5
:100520002068056820680068012188432168086008
:10053000802080050543606620680560200000F08B
:1005400061F8202088216050002084216054002020
:1005500032BD70B505000C008420285C012801D153
:10056000022020E001208421685424208821685042
:10057000286806682868006801218843296808609F
:1005800028688068C000C008204329688860280067
:1005900000F038F828680660202088216850002084
:1005A00084216854002070BD70B505000C008420C3
:1005B000285C012801D1022020E001208421685418
:1005C000242088216850286806682868006801216E
:1005D00088432968086028688068094901402143E8
:1005E00028688160280000F00DF828680660202047
:1005F00088216850002084216854002070BD0000CC
:10060000FFFFFFF1F8B50400606E002805D101205E
:100610006A216052682160522CE0082001006A467D
:1006200091706946487020688068400E4007400F0E
:100630006946087020688068400F05000E4E0F4F15
:10064000684640782900C9B2795C48432900C9B29C
:10065000715CF2F77DFB6A216052684680786946DA
:100660000978795C484369460978715CF2F770FB58
:1006700068216052F1BD0000542904104C29041077
:1006800010B50400002C01D1012037E0A06900283A
:10069000FFD188202058002805D1002084216054F3
:1006A0002000F5F78FF8242088216050206800682A
:1006B0000121884321680860A06A002802D0200038
:1006C00000F072F9200000F092F8012801D1012019
:1006D00014E0206840680A490140206841602068B1
:1006E00080682A2188432168886020680068012189
:1006F000014320680160200000F0CEF910BD000029
:10070000FFB7FFFFFEB582B004000F00882020581D
:10071000202869D1002F03D068468089002801D1A4
:10072000012062E080256D01A068A84207D1206900
:10073000002804D13800C00701D5012055E000266B
:1007400090202650212088216050F5F715FD01905A
:1007500068468089542160526846808956216052DB
:10076000A068A84205D12069002802D135003E00CA
:1007700000E03D005620205A002821D00498009027
:10078000019B00228021200000F002FA002804D002
:10079000202088216050032027E0002D06D13088DA
:1007A000C005C00D21688862B61C03E02878216866
:1007B00088626D1C5620205A401E56216052D9E78F
:1007C00004980090019B00224021200000F0E0F9F5
:1007D000002804D0202088216050032005E020203C
:1007E00088216050002000E0022005B0F0BDF8B57F
:1007F00084B004000026300069460870A2482168D1
:100800008142FFD0A16822690A4363691343E16909
:100810001943226812689D4B13400B4322681360F2
:10082000226852689A4B1340E2681A4323685A6060
:10083000A26903922268824203D00399226A0A4382
:10084000039221688968934A0A40039911432268F8
:1008500091602168C96A0F229143626A0A43216844
:10086000CA622168814245D11020E9F7AFFE050038
:10087000002D00D18DE0BB4F2800616A4900795AF4
:10088000F2F769FA029002986168032251438842A4
:1008900004D3606800030299884203D201206946AC
:1008A000087076E02800616A4900795AF2F753FA35
:1008B000020000231B02100E03431202606840086E
:1008C00000218018594162680023F2F7D6FA01909E
:1008D0000198C0218900884208D3019880214903EA
:1008E000884203D201982168C86052E0012069461D
:1008F00008704EE0E0698021090288422AD19A4DB1
:1009000028009849626A5200895AF2F724FA400096
:100910006168490840186168F2F71DFA0190019872
:10092000102813D301988021490288420ED20199E0
:100930008E480840019949084907490F0143684614
:100940004180684640882168C86022E001206946ED
:1009500008701EE0844D28008249626A5200895A5C
:10096000F2F7F9F96168490840186168F2F7F3F99C
:1009700001900198102809D30198802149028842EA
:1009800004D2019880B22168C86002E00120694663
:10099000087001206A216052682160526667A6676C
:1009A0006846007805B0F0BD00B52821415C090714
:1009B00007D5016849686E4A0A40816B1143026895
:1009C00051602821415CC90707D501684968694A17
:1009D0000A40C16A1143026851602821415C8907BD
:1009E00007D501684968644A0A40016B11430268EF
:1009F00051602821415C490707D5016849685F4A71
:100A00000A40416B1143026851602821415CC906CC
:100A100007D5016889685A4A0A40C16B11430268C8
:100A200091602821415C890607D501688968554A8B
:100A30000A40016C1143026891602821415C49061B
:100A400014D501684968504A0A40416C1143026854
:100A50005160416C80225203914207D1016849687C
:100A60004A4A0A40816C1143026851602821415C66
:100A7000090607D5016849686C4A0A40C16C1143F0
:100A80000268516000BD000000500041F369FFCFD3
:100A9000FFCFFFFFFFF4FF117CB50500002490207D
:100AA0002C50F5F769FB06002868006800071ED582
:100AB0005F4800903300002280218903280000F065
:100AC00067F8002813D0EFF31080012181F310881C
:100AD00029680968802291432A68116080F3108890
:100AE00020208821685084202C54032039E0286875
:100AF000006840072BD54E4800903300002280212B
:100B0000C903280000F044F8002820D0EFF310803B
:100B1000012181F3108829680968464A0A4029683A
:100B20000A6080F31088EFF31080012181F31088B0
:100B300029688968012291432A68916080F31088AE
:100B400020208C21685084202C54032009E0202090
:100B5000882168508C216850EC662C6784202C54C6
:100B6000002076BD342904100024F400F0FF0000BA
:100B7000FF7FFFFFFFFFFDFFFFFFFEFFFFFFFBFF0C
:100B8000FFEFFFFFFFDFFFFFFFFFEFFFFFFF9FFF15
:100B9000FEB504000F00089D2068C0693840B842C7
:100BA00001D1012000E000206946097988423BD14B
:100BB0000020C0438542EFD0F5F7DEFA0299401AD3
:100BC000854201D3002D01D103202EE0206800686A
:100BD0004007E1D5802FDFD0402FDDD008262068E8
:100BE000C069304000280BD020680662200000F069
:100BF00023F890202650002084216054012014E026
:100C0000802000012168C96901400029C4D0216801
:100C10000862200000F010F8202090216050002091
:100C200084216054032000E00020FEBDFFFFF7FF99
:100C3000FFFFFF01DFFEFFFF00B5EFF31081012290
:100C400082F3108802681268154B13400268136023
:100C500081F31088EFF31081012282F3108802687B
:100C60009268104B13400268936081F31088C16E44
:100C700001290CD1EFF31081012282F31088026860
:100C8000126810239A4303681A6081F310882021A8
:100C90008C2281500021C166416700BD0000000028
:100CA000DFFEFFFFFEFFFFEF0348006801680069F9
:100CB0000843411E88417047701B0020EFF31482E7
:100CC000EFF30981002080F31488BFF36F8FF0B534
:100CD00043464C4655465E466746F8B40F4CEFF324
:100CE0000883636006B4BFF34F8F30BF00BF00BFFF
:100CF0000A4C646884F3088882B003BCF8BC984648
:100D0000A146AA46B346BC46F0BC04BC80F30988A1
:100D100081F31488BFF36F8F104700000400002098
:100D2000F0B5002807D0002905D05B079C0F002AEA
:100D300004D1012C02D061204001F0BD436A102B88
:100D400003D0182B01D0202B05D1012C05D005692B
:100D50006D1E102D01D31A48F0BD102B02D018487B
:100D6000801EF0BDC2600379F9252B400371012C70
:100D700020D000231C469D002D185B1C6C61042BA9
:100D8000F9DB002313E0DC17A40FE418A408A40087
:100D900025182E461436B4461C1BD65CE4001827D2
:100DA0006D693C1BA640354366465B1C3560046993
:100DB0009C42E8DC0279D20700D181600020F0BDBE
:100DC0001F0C0000F6B58DB0070009A8009005AE15
:100DD00001AD0020102807DA0E99095C009A434201
:100DE000D218D173401CF5E70024042C1FDA6042AE
:100DF00080003818C068A100705460428000381824
:100E0000C068000AA100711848706042800038185C
:100E1000C068000CA100711888706042800038180A
:100E2000C068000EA1007118C870641CDDE701AA3B
:100E300009A905A8F4F7C4FF0020042817DA8100E7
:100E40006918C97809068200AA18927812040A4320
:100E50008100691849780B0213438100695C1943CA
:100E60000D9A43429B00D218D160401CE5E70FB0B9
:100E7000F0BD000001484168016070471019002072
:100E80000348006800218160C16001610160704712
:100E9000701B0020F8B501201C21294A9047294FDA
:100EA0003860294DA88D401E03263043401C800821
:100EB000C01C04242146224A904739684860E88DC6
:100EC000401E3043401C8008C01C21461C4DA847D2
:100ED0002A46396888601C4D288E401E3043401CCD
:100EE0008008C01C214690473968C86006F082FA25
:100EF0003868426800211180518083681980D18050
:100F0000AF8D7F1E37437F1CBF0897805980D980E3
:100F1000EF8D7F1E37437F1CBF089F80C7683980D5
:100F200002614361F9802A8E521E3243521C92089C
:100F3000BA80798087612246EAF746FAF8BDC04652
:100F400021960510581B002014190020704700003E
:100F5000FEB51F46019202910546012478212046E4
:100F6000F8F75EFBE12189005A228152244E30605D
:100F7000012D17D101200621F8F752FB01463068F8
:100F80008163012F0ED101250E2728463946F8F737
:100F900047FB3168C86428463946F8F741FB0146EB
:100FA00030680165029901290BD10198012805D10A
:100FB0001C200121F8F734FB3168C8621148847E97
:100FC00001E00021C16214212046F8F729FB3168B5
:100FD00048650D4C042101222046F6F7A7FC316834
:100FE00008620325022220462946F6F79FFC316855
:100FF0004862064A072308462946F8F71BFBFEBD50
:101000005C1B00201419002010190020B5F50610F3
:1010100080B5012006F0F8F901BD8A7812044B78FA
:101020001B029A180978511801607047F0B5C3B0D7
:101030000446F9F713F80546207803AF00F0DEF810
:101040006C4988422DD0020229688D18CE22AA5CF4
:101050000C26012A00D1CAE06288D30605D5030216
:10106000CB18DB8D1F2B00D9C1E002960823164652
:101070009E43152E04D10302CB18DB8D002B78D1B3
:1010800000020818016D002923D0496D0029029E35
:1010900078D0097A002975D033210A426DD0122602
:1010A000A5E006F0BBF9FF2865D0000229680D18FD
:1010B0002078BE2168528C20002129504C202954D0
:1010C00038202954E9632964A962E96228468C30F2
:1010D0004160207BC22168542F46C237607D787002
:1010E000A07DB870607E3871207FB872237EFD22AB
:1010F000134004200321012B034600D00B46E67D5C
:10110000032E00D03346FB70E37E1340012B00D04A
:101110000846A17E032900D0084678712846B630DB
:1011200000F088F8A0680002802168506068019093
:10113000A07B0090627B6388617F2E468036002012
:1011400070600290B060F97233873A7500987875D4
:1011500001980002E867A07B3071284685300F3483
:1011600006222146EAF726F9308F000701D52248EA
:10117000E867029E3BE0072639E0C721415CA37E79
:101180008B4234D139468031C237C38D03AE0296CB
:10119000F3850A87227B3A70627E3A71A268120256
:1011A0000A60227EFD263240042103230193012A96
:1011B0000B4600D0019BE27D032A00D01346FB7052
:1011C000E27E3240012A00D00199A27E032A00D09B
:1011D0001146797100211791616809022291C08D31
:1011E0000299E3F719FD002800D172E74526304641
:1011F00043B0F0BDFFFF0000DC05000070B5044601
:10120000F8F72CFF4D21415C094D0022BE2391428D
:101210000BD00668F65AA642164600D02E46012587
:101220002D025B19521C3546F1E7A8B270BDC046CD
:10123000FFFF000010B50446002003F0F3FF04494F
:1012400001402088401A424242414A40228010BD5B
:10125000FF0F0000F8B50446C0062DD416460D4613
:10126000184800686107C90E40180069412204232C
:101270002146F6F755FF002820D001460A300671B6
:10128000057000274F7210220A72CF710A228A71EC
:10129000FF224A7182220A71320EC271320C8271AF
:1012A000320A42712A0EC2702A0C82702A0A4270D7
:1012B0002046F6F795FF02E0862700E0072738462C
:1012C000F8BDC046581B0020B0B50A4A03280FD30A
:1012D00000239DB24C5D022C03D16D186D78012D59
:1012E00005D01B195B1C9CB28442F2D300E01A4665
:1012F00090B2B0BDFFFF0000F0B587B0009003AE24
:101300003046F6F74FF90027384603F08BFF010A05
:1013100002AD69703F2404404034384603F082FF38
:10132000AC70287001AF304629463A4606F08BF87B
:101330000326009C204639463246EAF73BF8E01C7B
:1013400029463246EAF736F807B0F0BDF0B58FB05F
:101350000E9317460D4606460543F8F77FFE0446F2
:10136000002D07D03846FFF749FFA749884218D11A
:1013700042204AE025464D35002637460E9628780D
:1013800086420CD22068C019CE21415C012901D1CE
:1013900006F077F8012000023F18761CEFE70E9860
:1013A00033E0010222685418CE21615C012E24D161
:1013B00000021518D620285C01273840002926D0C5
:1013C00000280AD08C202858A96F2A468C325268EF
:1013D00005C1686FA96F6967A8679420285800261F
:1013E000002808D094357D2044010E984443EAF744
:1013F00078F820182860304607E00020012904D141
:101400000546204606F03DF828460FB0F0BD0028FE
:1014100007D08C202858002803D190202858002875
:1014200006D0B820285AC10704D0E98DF52901D982
:101430001220EAE7122301461A461940022903D175
:101440004221695A002940D000070FD56D48BE21BE
:10145000695A814201D00E9800E08020802801D98D
:101460001046D2E70E9000281046CED01498BA212C
:1014700068527D2671010E9A51439422A95000288A
:1014800001D0CF216F54BC2168522046E3F7BEFB48
:101490000028BAD12946D631284664302A4654322B
:1014A0006A67A8672B4678330978C9070D930ED170
:1014B00000210160A9665548016820466530062272
:1014C000E9F778FF0D98006808E00C209DE78C2173
:1014D00069582A468C32526806C008382946943129
:1014E0000E91842169582A46843252688160C26014
:1014F000204605F0E8FF00280C9602D0E3F710FA2A
:1015000006E02846743001680D9B1A680260196075
:101510000E992646CE362846B8300D900868002829
:1015200005D0E9F7DEFF0E9A1168081810603770D1
:10153000C420295CD027E85D81220E9200922E46BD
:10154000143622463346FBF7F3F9E85D2521F2F71E
:10155000FEFB2F46D0370D980088C00603D42046E6
:10156000E3F763FB42E0E9F7BCFF9C210B91685075
:10157000F8F706FE0990F9F79FF80A903878089076
:10158000942000210D910A46F2F770F903460E9857
:10159000009020460899099AFBF78FF9387809904E
:1015A000962001210D9AF2F761F903460D980090FB
:1015B0000E980190304609990A9AFBF7E7F9E96F0E
:1015C0000B982A583878124B0793124B0693124BFC
:1015D0000593124B0493142303931F2300AE0EC6EE
:1015E0000C99CB0021460E9AF8F72EFF9C2429591E
:1015F0003878F8F79DFF2859397803F099FC0020D6
:1016000003E7C046FCFF0000FFFF0000541B002062
:101610006321071015A60610E5A8061071AA06108A
:10162000F8B5054600260670012400910C70164896
:101630000068476D05F063FF002801D01348847EE1
:10164000E1B211373046324600290FD03B78002BEB
:1016500009D0022B00D101203A460F3A137801221B
:101660009B0700D516461437491EEDE7012A01D124
:1016700001212970012802D0F0B2012802D10020F6
:1016800000990870D0B2F8BD5C1B0020141900202E
:10169000F0B58BB00446FAF73FFF23460646EB2031
:1016A000345C01221440197A3546E9353046002968
:1016B00017D01227012900D0DEE0997A012908927B
:1016C00000D002215A7A914200D2D5E007901968E1
:1016D000002913D05868002810D0C001814210D3CF
:1016E000CAE00027002C00D1C6E0E3F729FA2879E8
:1016F000800700D4C0E0E3F717F9BDE0022A00D16B
:10170000BAE006932879022103910843032809D1FE
:1017100009A8059005F0F8FE059800F0F1FF0028F3
:1017200000D1A9E0002C0BD106980799E3F700FA45
:101730000746002800D09FE03046B43005F0EEFEAA
:1017400037465C373046AC300290069903C9C9046D
:10175000049100030590E9F7C4FEA978C90751D1A7
:101760000899029AD17151800021396301917963FE
:101770000699497A059A7A64002A3A4601D1059F6A
:101780000497049B936429707D21C9004118079F29
:10179000B964F9649163D163059B002B00D11946AC
:1017A00011643846059205F0BFFE059A3448016879
:1017B00034480068019BFB653B662B791370DB079F
:1017C00001D0563001460491501C06220592E9F7DB
:1017D000F1FDF86D396E7866B9667868801C0499F9
:1017E000059AE9F7E7FD2879800701D5E3F798F82E
:1017F0001036E878002818D002CE2B22FF238B5415
:10180000401EF7E7059B002B00D11846EFF310812F
:1018100072B6069A517A38647B64002B049800D122
:101820001846B864297062B609E0A878069A917AD9
:10183000012901D10399084308990843A87000279A
:10184000002C19D1E879C00710D00025079C20464C
:101850002946FAF78FFD02980178A0682A46FAF720
:101860001BFD20462946FAF7BBFD069A907A002810
:1018700002D10798E3F747F938460BB0F0BDC046F0
:10188000541B0020F41A0020F8B506462E482F49B4
:1018900001602F4F3D682C6D002C07D0B1887088F7
:1018A00005F056FE002803D00C2537E0882535E0EA
:1018B00028465030216A0160002900D16865204621
:1018C00020300090242220463146E9F773FD0120A4
:1018D0002070204605F04EFE05460C2816D0122D2D
:1018E00014D0812D12D0862D10D0A079012807D1D7
:1018F000B1887088FCF7D4FC818804220A43828076
:10190000882D0DD1B0791138022809D2002020622B
:101910003868406D04603868009941652846F8BD14
:10192000002525623868C06C04602078FC210140E5
:10193000881C207038680099C1640C20F2F7CAFA3C
:10194000E1F790FAEAE7C04668050020E1B2061028
:10195000601B002010B51378837153788C1E0472BD
:10196000C3710930911CE2B2E9F724FD10BD0000FB
:10197000F0B581B0114E31689427C9598A68146D49
:101980007D21CD00454328320021104605F0CAFED6
:1019900001463068C0598068056500290BD42A1BB0
:1019A0008B18012B05DB283000210122FAF74DFEB0
:1019B00001E0F9F739F901B0F0BDC046F41A002092
:1019C000F0B581B00D4800689421405880685D21D1
:1019D000475C0025284605F0C1FE0446284605F070
:1019E000E3FE0646E2F7C8FF002F04D03443044369
:1019F000601E84412546284601B0F0BDF41A00203F
:101A0000F0B587B00C460546069105900126304694
:101A100005F0A4FE0746304605F0C6FE38431DD14A
:101A2000E8B2FF2805D10590FF2109060C40069475
:101A30000546104800689421405803A9019104A963
:101A400000910C3001232946224601F0CFFC0028EA
:101A500006D005A80121E2F756FF05E00C2006E0BC
:101A600003A80078002801D0002000E0072007B07C
:101A7000F0BDC046F41A0020BFB50D786C46257045
:101A8000497861701178A1705178E170002103915B
:101A90000291019121461A4605F09EFEBFBD00004D
:101AA000F0B58FB00546FFF78BFF002801D00C2062
:101AB0004DE100220D9228780DA908700A920E922D
:101AC000481C691C0622E9F775FCA24F386894246B
:101AD000005980680E9A0D990BAE01960CAB0093DD
:101AE000001D0123069301F081FC3178002909943F
:101AF00039D038680059806841680CAA1278D20041
:101B00008918C9797F220A4028210392514300682D
:101B10004418EE1D102220463146E9F762FC1735C5
:101B2000002807D0102220463146E9F743FC272041
:101B3000FF212154089426461036102230462946AB
:101B4000E9F74FFC00280A9C09D0102230462946AC
:101B5000E9F730FC0020F8F70CFB08990862039DB8
:101B60000795099B70E0002816D0386809994058FD
:101B700081680868497A002910D00246243200237F
:101B800007930A9C1378002B09D02832079B5B1C13
:101B900007939942F6D102E00720D8E00A9C079902
:101BA000CAB2282108910392514346180C980A9012
:101BB000E91D102730463A46E9F7FCFB3046103065
:101BC000173529463A46E9F7F5FB00252846F8F788
:101BD000D0FA2721FF223346725426260A999955B6
:101BE0000121998418620D980E9905F017FE0028BE
:101BF000079802D0802007990843564F3968099BFF
:101C0000C958896849680CAA1278D2008918CA791B
:101C10000243CA713868C0588268117A002912D00C
:101C200010680A905268D21D3046089E13787F27AC
:101C30001F4077430A9BDB191D5408326D1CA942D3
:101C4000F4D1444F099B039D2820049045433868F4
:101C5000C0588168C8690279002A72D00968039562
:101C6000491908912731059107250A94394F0068D1
:101C70004019C11E0A68C01F016800260898334633
:101C8000F7F704FD099B002847D00A943868C0582C
:101C90008268D06901681C464B577F201840002B92
:101CA0001ED4314605F0CEFD3868005980685E21AB
:101CB000425C521E4254C069017900684655881A38
:101CC000396809598968C96909684A5D02438020F1
:101CD00010434855386800598068C069016806E0BB
:101CE000049B5843126810182722FF23835423466D
:101CF0000A9C059804704819C01F06703868C058BF
:101D00008068C06900684019C01F0178079A1143B4
:101D100080220A43027006980A903868C058816889
:101D2000C86902790835641C9442A0D30A98002837
:101D3000039D06D01C46F8F75DFF06480068005971
:101D40008168086841190DA8E2F7C4FC00200FB0B3
:101D5000F0BDC046F41A0020B0B50124204605F0BD
:101D6000FDFC0546204605F01FFD28430AD1064824
:101D70000068942140580C30F8F7EEFEE2F7CCFDF5
:101D80000020B0BD0C20B0BDF41A002010B5FFF744
:101D900017FE002801D00C2403E000242046E2F7BF
:101DA00098FD204610BD0000F8B50C460646FFF72A
:101DB00025FA0546184885422BD000942C02F8F7E6
:101DC0004DF907683819BE214652B821405CC0075A
:101DD00007D028023818CE21405C012801D10C25FB
:101DE00018E00E48006856300626009C2146324610
:101DF000E9F7E0FA280238188C2101224250014606
:101E00008C3100254D608D3021463246E9F7D2FAFB
:101E100000E012252846F8BDFFFF0000F41A00205C
:101E200080B50846F7F795FA80BD0000B0B50C46BE
:101E300005460888FBF7C2FD002825D0002D0FD0ED
:101E4000012D21D1608841281ED812480068214602
:101E5000F7F778FA0F20F2F73DF8E1F703F816E00C
:101E60006168097A0B2909D1017E03220A40012AFF
:101E70000AD1FC221140891C017605E08A1FD2B2EA
:101E8000042A01D805F01AFD2046F7F762FA00206F
:101E9000B0BDC0466C1B0020F0B585B00C460646B0
:101EA0000F88384600F0DCFA05468048C17A8D423A
:101EB00006D2142068437E4A1268D26A1018029033
:101EC0006268107A0023012E1CD0002E3CD11E46E1
:101ED0008D4212D219280BD8012181407948014244
:101EE00006D0734800680122774B2946FAF7ADFB0C
:101EF000029A9078FD21014091702046F7F729FA67
:101F00003046D0E08D4200D3C8E0567A13281DD861
:101F1000012100918140674A114217D0012821D048
:101F20001421634A1268D26A13283ED0122800D0C6
:101F3000B4E001930846684310188378DF0766D140
:101F40004671208800229DE01846ACE00193E2F73C
:101F50007CFB002800D191E003A805710394E2F70F
:101F60006EFB93E00127284639463246019300F084
:101F700013FE019B002800D090E026884E480068A0
:101F80008069422152220323F6F7CAF8019B0028F8
:101F900000D183E005463146061D3046224605F055
:101FA000B6FCF8020A30082158E0694350188078DE
:101FB000C00773D1132128463246019300F0ECFD8F
:101FC000019B00286AD108212046F6F735F8019BCD
:101FD00006463A4800684F21405C80075ED5278856
:101FE00035480068806942214C220323F6F798F8AF
:101FF000019B002852D0054606738772300A687329
:10200000380AE8722E1D0098C002062126E0580703
:10201000019B43D4694352181220314600F056FD0B
:10202000019B264800684F21405CC00736D02788B6
:1020300021480068806942214D220523F6F770F897
:10204000019B00282AD00546061D30463946224607
:1020500005F082FC0098C002801C0F21FF227270E4
:1020600082223270020A6A7228720020E871A97115
:1020700042202946F6F7B4F8019B0FE0029846711A
:10208000002238463146134600F027FD019B1228F6
:1020900009D8012181400A4A114204D020461C4639
:1020A000F7F757F9204605B0F0BDC04614190020D7
:1020B000641B002002000C00581B0020F41A0020B2
:1020C000050004004000940230750000B0B50446DD
:1020D000C00616D40D460D4800686107C90E4018A9
:1020E0000069022221461346F6F71AF800280AD0A2
:1020F0000146074848600D812046F6F771F8002038
:10210000B0BD8620B0BD0720B0BDC046581B002022
:10211000232E0710F0B58DB0914200D383E0134613
:10212000064600290CD00C463546002D0BD0A0B237
:10213000202809D32D68203C2004F6D1002403E098
:102140000024354600E000251F463246002A08D00C
:10215000B8B2202806D31268203F3804F6D10027F1
:1021600000E0002220040AD00291291D0492A2B2AC
:1021700005A80393E9F71EF90299039B049A002E20
:10218000019506D000203668401C002EFBD140018E
:1021900000E00020002A3DD0C91A0D18280439D0CB
:1021A00004922021C81B82B2ABB29A4200D32846C7
:1021B000029582B20D1BA9B2914200D30546AAB284
:1021C000A0B205A90818B9B2049E7118091DE9F753
:1021D000F1F82C19EF190397B8B2202803D132680F
:1021E0000020039000E03246A0B220280AD1019CD2
:1021F000201D05A904922022E9F7DCF8049A24683E
:1022000001940024039F002A07D00298451B28044C
:10221000C6D102E0A0B2202805D00198001DA2B2CC
:1022200005A9E9F7C7F80DB0F0BD002806D00021D8
:102230000068491C0028FBD1480100E0002080B262
:10224000704710B514460A4640681946234605F003
:10225000BBFB10BD011F00220A60406870470246A8
:1022600000680028FBD11160704710B514460A467B
:1022700040681946234605F0E0FB10BDB0B5144692
:10228000049AC2704170150A05710F252D020D4088
:10229000A107890C49199B03C918090A8170431DBC
:1022A00005980021FFF7CDFFB0BD000010B5014635
:1022B00000200D4A914215D00C4A12683423D25C9A
:1022C000521C0B4B1B6894241B59DB6B5B68521E22
:1022D00008D03324E4001C195B8F8B422346F6D1CF
:1022E0000448201810BDC046FFFF0000541B00200A
:1022F000F41A002068FEFFFF10B50C4605F0D8FB6D
:10230000A101401881790120084010BD10B50C468C
:1023100005F0CEFBA1014018007910BD10B50C46A8
:1023200005F0C6FBA1014018083010BD10B50C46E1
:1023300005F0BEFBA1014018817910220A43827189
:102340001520F1F7C7FDE0F78DFD10BD70B51C46F7
:1023500015460E4605F0ACFBB10140180571002C86
:1023600001D0212100E001218279DE231340C91828
:10237000817170BD80B5FBF721FB002806D060217C
:10238000425C802313434354002080BD812080BDE4
:1023900010B504460846114605F09AFB8000001966
:1023A000C1B202480068F8F777FC10BD601B00203E
:1023B00070B50C46054605F09FFB074E326840326B
:1023C0002846214605F08CFC3268383228462146E2
:1023D00005F086FC70BDC046601B002080B505F08E
:1023E00099FC80BDF8B50A4D05400A4E3068076873
:1023F000002F0CD03C46FF692088A842F8D13068F5
:102400002146F7F7C9F82046F6F7A3FFF0E7F8BD35
:10241000FF0F00006C1B0020BCB56022825CD2075D
:10242000827A04D16032D2B2512A04D30FE0503202
:10243000D2B2402A0BD8094A1268B123D35C002BD0
:1024400005D0B132047D0125A540AB4313706A4627
:10245000117100901046E2F77EFCBCBD6C1B0020A1
:10246000B0B50949CA7A09490B68002421468A4255
:1024700006D0DD6A2D5B854203D01434491CF6E793
:102480001146C8B2B0BDC04614190020641B00201C
:10249000B0B50C46054909680D680321224605F0D0
:1024A00071FC2889001B2881B0BDC046681B002034
:1024B000F8B50446C00608D40D46194800684E21F8
:1024C000405C800703D4002628E0862626E01F46CD
:1024D0001646144800686107C90E40180069452275
:1024E00003232146F5F71CFE002816D0014685720D
:1024F000042048720120087232460026CE71062060
:1025000088714F730A73FF20487182200871280A6E
:10251000C8722046F5F764FE00E007263046F8BD95
:10252000F41A0020581B0020BCB50C4601461C487C
:10253000006805682889EA685288131AA34226DAD7
:10254000A11A081801A9088016480068806942216C
:1025500040220323F5F7E4FD002817D004460222A9
:10256000C2720920A07220460C3001A9E8F722FFB0
:102570000020607206212172E071A171FF2060715C
:102580008220207142202146F5F72AFEBCBD03209F
:10259000224605F0F7FB288900192881BCBDC046FA
:1025A000681B0020581B0020B0B50D4604460F489C
:1025B00000685C21405C8006800F05D001202870F7
:1025C000204605F0F3FB0EE0F4F7E6FB002805D00B
:1025D00001202870204605F0F3FB04E0002028705D
:1025E000204605F0F7FB0020B0BDC0465C1B002074
:1025F000F0B587B00293009201913A4909683423FB
:10260000CA5C702757430025EC43374B1E68A4363D
:102610000C9906910E9903910D9905910494AF427E
:102620005ED03368591909897035641C0029F6D1C8
:10263000944255D25F193946683908803846703857
:102640000521017038460F3800990170384610385E
:1026500000900199017038460E380622234B0299EA
:1026600016469847FE20069A104001210A4002288B
:1026700000D0114606923C466F3C21700228059816
:10268000039900D001463D466E3D28463246174B21
:102690009847384617380699017038461638059914
:1026A0003246124B98473846583800210422E8F742
:1026B0008BFE381F663F1021397004990160207825
:1026C000294605F091FB002805D000980078C00746
:1026D00001D0FB2038700E20F1F7FCFBE0F7C2FBC5
:1026E00007B0F0BD541B00206C1B0020B5B30410D4
:1026F00080B505F099FB80BD80B505F035FC80BD47
:1027000000210A46062905D0435C002B00D0012297
:10271000491CF7E7D0B27047F0B591B00192009133
:10272000054608A90320088007AA0024148014483D
:102730000068183003AF3B46FFF79EF90DAE10223C
:1027400030462146E8F740FE082230460099E8F777
:1027500031FE09AC38463146224605F03DF802AE5E
:10276000022230462146E8F725FE287802994140AA
:10277000019A1170707869784140517011B0F0BDC4
:10278000541B0020B0B594B014466A4605F0EDFB2A
:102790000546002803D16846214603F0A7F92846DC
:1027A00014B0B0BD10B5044602F068FFFF2805D094
:1027B00081200022214605F0F9FB10BD022010BD4A
:1027C000B0B50C46054602F059FFFF2805D00020A1
:1027D0002946224605F0EAFBB0BD0220B0BD10B587
:1027E000002915D000220C462346521C2468002CD8
:1027F000FAD1EFF3108472B6446841601C6001881E
:102800008918018062B6002005F0FCFBE0F72AFB86
:1028100010BD000010B588B068462021E1F7C2FC69
:1028200000246846202C04D00019E8F72FFE241D50
:10283000F7E70549E8F7EEFD801C01D0002000E035
:102840003A2008B010BDC0462DF80610B0B51C46A1
:102850001546002907D1018900200622FAF72CFC31
:102860000146002809D0022048804868057248685F
:102870004472062000F04AF8B0BD8820B0BD0000C8
:10288000F8B516460C4605460089FBF7E5F8024602
:1028900001200027114B3946FBF7FEF82889FFF786
:1028A000A1FD02212846FFF7B7FD28461830042273
:1028B0003946E8F789FDE87B2F210140E973002EB6
:1028C00004D06878A91C05F0B1FBFB27AF722989F9
:1028D000022002462346FFF7EBFDF8BD30750000ED
:1028E000B0B50C460546F6F7CBFC01462060022049
:1028F000002D09D0002907D00879002803D0897855
:102900000620084000D00C20B0BD0000FEB50C46EB
:10291000011F0646022921D8628800252046294643
:10292000F6F718FE0227204639463246F6F712FE21
:102930002582E581257360686061A0616088001D63
:102940006080207A384320722046F6F74BFE00283C
:1029500014D06088001F608081250FE0A0253F28EB
:102960000CD020385F2809D801A886802221044A8B
:10297000515C81710194E1F77CFE05462846FEBD5D
:102980001419002088710879C871887806220243DA
:102990008A707047F8B51E4615460C460746F6F78E
:1029A0006FFC014630600220002F0ED000290CD0B1
:1029B0008A780C20930708D4520706D58A79AA4250
:1029C00003D14879A04201D01220F8BD0020F8BD03
:1029D000002181718178FB220A4082707047F8B52E
:1029E00000924588AC081C80491C8AB2A6188788CA
:1029F000BE4200D9091B0A199200BE4200D96D1CC3
:102A00000326354052191A80A3001B180833009C76
:102A1000236092B20588521B17463740848867436B
:102A2000354052199208D21995B2C688B54200D9DC
:102A3000C280A5420AD809B2002907D59978FC229C
:102A40000A40511C9970083000990860A54201D9CC
:102A50000020F8BD0120F8BD80B5011DC278142A00
:102A600004D8426880788008904780BD3D2A03D80A
:102A7000002005F047FB80BD3F2A03D8002005F069
:102A800048FB80BD602A02D8002005F04DFB80BDC8
:102A900080B53421414308480068406B4018C18923
:102AA000002905D080890818401EF0F754F900E08D
:102AB000002080B280BDC046641B002001794A1C02
:102AC000D1B2914200D001210171704790715171D2
:102AD00090780421014391707047F0B585B01E468F
:102AE00004920D460746F6F7CBFB00280FD00446AC
:102AF000039640791226A8420AD10499022907D8E0
:102B0000A078800707D4012907D0042006E0022618
:102B1000304605B0F0BD0C26FAE70220002900D1AE
:102B200008460290821D0026304639460192FAF787
:102B3000C3FA002827D0074640680121017278684F
:102B400045720298801C82B206213846F6F702FDD3
:102B500008213846049D2A46F6F7FCFC002D05D0D6
:102B60000A213846029A039BFFF77FFB0198788081
:102B700005203946FFF7CAFE002806D03846F6F78A
:102B8000E8FB8126C4E78826C2E7A671A078FB216E
:102B90000140A170BCE70000F8B504461420604372
:102BA000144B1B68DD6A2D18A87846078120002E7B
:102BB0001FD5AE79761C8E4201D0012919D1E97951
:102BC000914216D1AE1CAF1DE81D0090184621465B
:102BD000F8F762F800203870009908703178FB220D
:102BE0000A40327029794A1CD1B2914200D00121A9
:102BF0002971F8BD641B0020FEB50C46054600286F
:102C000007D010212046F5F717FA0B2810D90B2012
:102C10004FE008212046F5F70FFA0146022000296F
:102C200047D0FF2945D8272943D001950C2701E03B
:102C300001950A27B81E81B21F4D2046A847029071
:102C400020463946A8470646B91C2046A8470146F3
:102C50000B20172E2DD317292BD3184A914228D891
:102C6000029A002A25D0402A019922D37F2A01D82E
:102C7000002000E00B207F2A1BD8002919D1222038
:102C80000F49085C342141430E4802680020034686
:102C900099420ED0566BF518EF78002F07D0F65AF0
:102CA0002788BE4203D12D8A029EB54202D034331A
:102CB000EEE7FEBD0A20FEBD39800510FDFF0000D5
:102CC00014190020641B0020F0B587B006462A487E
:102CD00004683027E55D882095424AD3002903D156
:102CE000012A01D0862044E0012906D130346478DD
:102CF0002249097B091B91423BD303970496059314
:102D00000C980290002701970692974230D022201B
:102D10001A49095C1848026800250A24A94224D0EF
:102D2000536B1819C61F3678002E02D034346D1C30
:102D3000F4E71E5B0A3800213422E8F745FB0E4811
:102D400000680146303149680E53039BC25C521E35
:102D5000C2540819C11F0A38049A02807800059AE3
:102D60001652012008700298C5557F1C069ACCE7C0
:102D7000019807B0F0BDC046641B00201419002064
:102D8000FCB50092019122220E4B9C5C0E4A116808
:102D9000002302269C4212D04D6BAF19BA1E128836
:102DA000824209D1AA5D03251540019A954203D1BB
:102DB0007A78009DAA4203D034365B1CEAE72346AA
:102DC000D8B2FCBD14190020641B002070B51E464B
:102DD0000D4604460A211046F5F72EF904990A0A11
:102DE00062732173A072310A61722672290AE1713D
:102DF000A571000AE07270BD70B514460D4606213B
:102E0000F5F71AF90146AA1C0C208A420ED84A1B73
:102E10007F239B0016461E400B2E07D89B1C134099
:102E20005B198B4202D150082070002070BD000059
:102E3000FEB50C460546222012490290085C002788
:102E40000326114B0195C1B28F4219D21968496B03
:102E50008A19D21E1288AA420FD1FF2C02D0895D96
:102E6000A1420AD1F8B225461C46F5F777FA234667
:102E70002C46019D02980349085C34367F1CE2E72A
:102E8000FEBDC04614190020641B0020F0B585B0BB
:102E90001C461546039104901B48006801463431D6
:102EA000049B0968002904D00A899A4205D0103190
:102EB000F7E700210291FF2104E08A88C023134034
:102EC000029309780191002D1BD0066B31690163D3
:102ED0007778002114223046E8F776FA0398F080DC
:102EE0007770019830702088049931817081029840
:102EF000B08005480068416B46633161A41C6D1EBB
:102F0000E1E705B0F0BDC046601B0020FEB50291B0
:102F10000546244800685521405C000740D5164608
:102F20000A9801904400601E03210143153188086E
:102F30001F4683B21C480068806942215122F5F780
:102F4000EFF800282CD0394607460B9800900998D6
:102F5000089AB8743A747E73BD72019B3B75F9731D
:102F6000029B3B73000AF874100A7874300AB87335
:102F7000280AF8723846153000992246E8F71AFAFE
:102F800008207872092038720D34200AF871BC715B
:102F9000FF2078718220387142203946F5F720F9F8
:102FA000FEBDC046F41A0020581B0020F8B51C4690
:102FB00015460E460746002D09D021883846FBF7F6
:102FC0006FF9002800D0C680A41C6D1EF3E7F8BD81
:102FD000B0B50D46044605F0B2F80146284605F0A6
:102FE000B7F8044800680068C0682146FFF7F7FB9F
:102FF000B0BDC046681B0020F8B504460588F6F74A
:103000001BF901462846FBF74BF90546204605F01B
:10301000B9F81D2803D0232801D01B280ED16188C0
:10302000EA88914205D8032903D3232867D10429CC
:1030300065D82046F6F78DF90020F8BD204605F04A
:10304000A1F8A988CA066ED5012802D0AA789042B4
:1030500069D110208143A9806A89298903263046D5
:10306000FFF796F96188E8880091814200D99AE0DB
:10307000204605F087F8421E0121CA410023102A8C
:1030800000D988E092001F4601A39A583B46974614
:10309000473106104B3106105731061075310610B6
:1030A000D53006109D3106109D3106109D31061059
:1030B000D530061043310610973106104F310610F7
:1030C00043310610973106109731061097310610DC
:1030D0009D310610092802D1009904295BD31128DB
:1030E00002D10098062856D3A089401C81B2204600
:1030F00005F04DF83B4600284DD0014643E01D2821
:103100000DD1A888800612D46A892989022005F089
:103110004FF800284CD1A88820210143A9802046DF
:1031200005F05AF8F8BD204605F0C6F8F8BD083598
:103130004220032102222B46F7F778FC002837D1E2
:1031400077E70B4627E0052325E0334623E0009B85
:10315000042B1FD91FE0009806281CD3A089401C0F
:1031600081B2204605F013F801280BD002281AD1AD
:10317000122108E0009802280DD3009B581E8007FA
:1031800008D108E00421009EB01EEFF7E4FD0029FD
:10319000334600D000230098984204D107480168C4
:1031A0002046884702E0204605F099F8842801D19E
:1031B0008420F8BD0020A870F8BDC0466C05002032
:1031C000F0B587B004460588F6F736F8014628467C
:1031D000FBF766F80546204603F0AAF9064603F019
:1031E000ADF90F2819D11E2E47D04020304044D1D0
:1031F0000521284603F01FFA002845D00746002184
:10320000062230463B4603F0D3F96889394605F07B
:103210007BF80746002834D12FE0019500251E2EAB
:103220002F4616D0402006402F4612D1019B988889
:10323000C00718D15A8919890026304604F0B8FF12
:103240000746002805D1019A908801210143918009
:10325000374602A8058006950595019904910394C7
:10326000FBF730F80DE00833422003210222F7F784
:10327000DDFB002801D0842703E02046F6F769F83B
:103280000027384607B0F0BD8827FAE7F8B50546AD
:103290000088FFF70BF8002811D0044606462C36AC
:1032A000EFF3108072B6204678302946F6F74AF8D8
:1032B0003078032805D12046F6F76EFA1AE002208E
:1032C000F8BD707D274D2968497B884212D1E8F707
:1032D00008F929680968C943401801218902401882
:1032E00008D5706D4021014004D1204605F022F838
:1032F000002802D062B68420F8BD2046F0F77AFBA1
:1033000005462046283085420AD00121204600F09B
:103310002BF98542EED02878102101432970E9E786
:10332000114800688C214058A66F318AF2895118E3
:103330001F220A401718BD1C20462946F0F780FBC3
:103340002046314604F0FCFF6667F8780028D1D0AB
:1033500001212046F9F76EF90128CBD16878001DCC
:103360006870C7E7F81A0020F41A0020FEB581241F
:10337000002832D00646029101941948006800687E
:103380000090501E1F2101434C1CA7B23046FEF78F
:103390004CFF054687420CD9601B81B2029802F0AF
:1033A000DFF90028019C18D001463046FEF757FF90
:1033B00012E0AF4210D20098C06831463A4605F09C
:1033C00005F80446781E4009691E4909081A81B2A9
:1033D000029804F0BDFE00E000242046FEBDC04679
:1033E000681B002080B5E8F727F880BDF0B589B0EC
:1033F00015460F46044606790068616808AA0093DE
:1034000001923A462B46F6F7B5FC00210F9B0E9A27
:103410000028079226D106976779BE4222D20293EE
:103420000390049508A90878059686420DD0059F5B
:103430002268FDB2ED0056193346083B0ACB5151C4
:1034400073607F1EF9B28142F2D12168C000069AF2
:103450000A500818049941600598401C2071012108
:103460000398029B089A079C22701870084609B0BE
:10347000F0BD000080B50A4909680A7B012A06D11F
:10348000CA7B032A05D10020E1F760FB80BD002044
:1034900080BD0968081A03494018C00F80BDC046A6
:1034A000F81A00200BFEFFFF06494143090C2422B5
:1034B000D2434A43101881B2242900D92538C0B21A
:1034C0007047C046EB060000FF220E324243100A4E
:1034D00089084143880C401C704700002C2343435B
:1034E00002480068C250C01841607047FC1A0020B2
:1034F00088214058018803200840704780B5882201
:103500008058028803239A430280194002880A43A4
:1035100002801520F0F7DEFCDFF7A4FC80BD10B5BB
:10352000044604F078FF002804D02046FFF7E0FFAF
:10353000032801D1002010BD012010BD4B424B419A
:10354000990140188179CB070020002B0BD0022A6B
:1035500005D0012A05D0002A05D1880702E0080716
:1035600000E04807C00F7047890040188421405888
:10357000801C7047B0B5034600202A2B00D9B2E06A
:1035800003245C43584D2C1964788C4200D0AAE087
:10359000D41E604260412A2B00D9A3E0990001A209
:1035A00051588F46E7360610E7360610513606109A
:1035B000E7360610553606105536061051360610F9
:1035C00051360610E736061051360610E73606105B
:1035D0005136061051360610513606105536061073
:1035E000E5360610E536061051360610513606103F
:1035F000513606106336061063360610753606100F
:103600007B36061085360610E5360610693606103C
:10361000693606108B3606105136061051360610E4
:103620006F360610913606106F3606109B36061060
:103630005D3606105D3606105D360610A1360610A2
:10364000AB360610B1360610C3360610D336061058
:103650000120B0BD601E84412046B0BDF3F7B6F92D
:103660003DE0E0F72BFF3AE0F3F7AEF937E001F089
:103670001FF91FE0E0F726FF31E0601E8441E0F70C
:1036800021FF22E0E0F71EFF14E0E1F7A7F822E0B7
:10369000601E844101F00CF917E001F009F91EE009
:1036A000601E844104F0BDFE0FE004F0BAFE01E0AC
:1036B000F3F78EF90146401E8141604260410840A7
:1036C000B0BD601E8441F3F783F9411E884120405C
:1036D000B0BDE1F7A3F8002804D0E0F7F7FE411EE3
:1036E0008841B0BD0020B0BD2833071070B59201ED
:1036F00089180E794088C1B201240D2901D1012E0B
:103700000FD0112901D007290AD1050A284604F053
:103710008BFE864204D1284604F092FE002800D198
:103720000024204670BD0000B0B5034600202A2BBF
:1037300067D803245C43364D2C1964788C4260D1E1
:10374000D11E484248412A2B5AD89A0001A39A58C0
:103750009746C04603380610033806100138061095
:10376000033806100138061001380610013806101B
:103770000138061003380610013806100338061009
:1037800001380610053806100138061009380610F1
:1037900001380610013806100138061005380610E9
:1037A00001380610053806100138061005380610D5
:1037B00001380610013806100138061005380610C9
:1037C00001380610053806100538061001380610B5
:1037D00003380610013806100138061005380610A7
:1037E0000538061001380610053806100538061091
:1037F000053806100538061005380610053806107D
:103800000020B0BD0120B0BD481E81410846B0BDBA
:103810002833071010B50446007AF72101402172C1
:103820000A4800680069902100220123F4F778FC1F
:10383000002804D0014644609020F4F7D1FC0448ED
:1038400000688921425C521C425410BD581B002064
:10385000F41A0020F8B50A46014607480068942388
:10386000C058C06B006802AB019303AB00932030DB
:10387000012304F0F1FD8FBDF41A002070B50D4650
:103880000446164800682C21405CC007C10E01D1D7
:10389000052206E0124800683622805CC0061CD56E
:1038A00015226F20C04341400E4800680069CEB227
:1038B00002233146F4F734FC00280ED0014604728E
:1038C00085720020C8710420887105224A71087130
:1038D000200A48723046F4F783FC70BD541B002068
:1038E000F41A0020581B002010B50446EA20205C82
:1038F00001280DD020463030017806480068A830F5
:10390000F7F7CAF9E62000212152E63461802171DF
:1039100010BDC046F41A002010B53321C900414340
:103920001C4A12689423D258D26B526854182E2124
:103930001F226254802100226250302160548C2169
:103940006250E32162544121FF2363542F21072356
:103950006354A285012121850F496187192109043A
:10396000A165E1652166214690311B224A809023A2
:10397000E2520A4A0A4B4B608A602922D2008A81AD
:1039800004F0A6FD204604F0C9FD78342046F4F783
:10399000CDFA10BDF41A0020FFFF000048011B0003
:1039A0001B00480110B5F3F759FF04460021FFF74B
:1039B000DBFD8078FF219831605419200001215AE5
:1039C00010220A43225210BD84214058018801224E
:1039D0009143018070470000F0B58DB005920E460E
:1039E00004463020205C0C9000210A912046FFF70D
:1039F000BBFD4178049111210901079464180990D5
:103A00004788FAB201252046314608922B4600F03D
:103A1000CFF80A9A0B90F81FC0B20B2800D31546B6
:103A2000624FC7402F4020463146FFF787FD0546CD
:103A3000B00120180690407903900A96304600F0B5
:103A4000DDF80646800121184879C9790B9A002AC9
:103A500007D0042911D1089988420ED1002D04D134
:103A600014E0002D12D004293BD1002F33D0099847
:103A700021463246FFF73AFE31E00C983146FEF718
:103A800045FC054601200B90042432E000250598F2
:103A9000032854D001284DD1079F38462C30027896
:103AA00008980499FFF740FE0028099E42D001249F
:103AB0000C982146FEF720FC00280B9471D0AB2017
:103AC000400038180578089804F030FD01210028DE
:103AD00063D10C4662E00899401A411E88410028D3
:103AE0002BD00C983146FEF711FC054601200B90B7
:103AF0000524079F099E70781021801CC0B2009198
:103B000001900296012100200A46034600F075F854
:103B1000284600F065F8002808D005463346069888
:103B2000461D0C980A992246A84730703846FFF780
:103B30004BFF0B9D28460DB0F0BD0025FAE70B9515
:103B40000C980A9D2946FEF7E1FB0590002F0CD04A
:103B5000099E304621462A46FFF7C8FD0028079FE8
:103B60000B9DE7D003240B9008E00898039981424D
:103B7000079F099E04D101200B900324059DBAE7FD
:103B800005980128D5D1384604F0E2FC00280B9DA9
:103B9000D0D0012505240B95ADE70224A80600D45A
:103BA0000C46089804F040FC0546A4E741040000D8
:103BB000B0B50C460546002B03D0104604F0B6FC09
:103BC00004E0A001281880798006C00F002805D0E5
:103BD000022228462146FFF7B1FCB0BD0020B0BD4F
:103BE00010B501461239032901D2002010BD84000E
:103BF00000F0A0FA0068005910BD704741424841EA
:103C00007047002807D0006D002804D0406D086080
:103C1000411E88417047002008607047064A0E32F6
:103C20000821491E05D0931E128882421A46F8D3F5
:103C300000E00021C8B270472021071070B505468A
:103C4000400868408108014340080843C108014317
:103C50008801002440302ED119490222284604F060
:103C60007DFC002827D1EEB216487043E84222D0EE
:103C7000284604F07EFC18281DD810483F218906EC
:103C80002940421C2A4000D11046084304F071FC30
:103C9000022810D3304604F073FC03280BD328B25B
:103CA00009490140A8B2081804F063FC0C2801D3AC
:103CB000002400E00124204670BDC046FFFFFF0342
:103CC000D6BE898EFFFEFEFE0000FFFFF0B591B06C
:103CD0001746189A00921A4608900028079119D0A2
:103CE000164608466D30CD6FC722002F03D10799C5
:103CF0008C6FE7890799AA5C0C928A880692009AD1
:103D00001680324600780590086D019008200490D6
:103D100009200FE00846B830002F00D1CF8DC17BBD
:103D20000C9100880690012005900020019003204E
:103D300004900420039008984542454100207F33B9
:103D4000044600D017980C99022901D30A9401E087
:103D500014210A910899002901D108990A91002B90
:103D600001D016990A9101210B91234610940294D7
:103D700006460997BFB2002F04D1002D02D110B220
:103D800000285FD40B98C0B2002815D01546012832
:103D900003D102200B90049802E000200B900398BE
:103DA00006990C9A059B00F0E3F8C0B20899079AAF
:103DB00000F03CF9431C2A4610B200240D90002864
:103DC000204600DC032099B2CF190546FF35AF42EB
:103DD0000F940E9601D8381A00E0E0431C461646B0
:103DE00091B2002900D10A91C1B20A98C2B20C98CE
:103DF000F8F744FA10990818AF4204D80F9D2F46DF
:103E00003246234605E0099F23463F19FF3F3246CD
:103E10000F9D0E9C0D99CD301090C813C043121801
:103E200020062846A4D001981099814204D902980E
:103E3000C0B20099088000240298401C029000251E
:103E4000204695E71098002800D0CD3811B0F0BD7D
:103E5000F0B589B0154608AA00261670002D069305
:103E60001A4600D12A46070C474011980790002DAA
:103E700004D10023069801281C4638D810980590D4
:103E8000794051400C46022E07D8A0B204F092FBB4
:103E900011214143CC19761CF5E72046784086B2C3
:103EA0003046FFF701FB242815D8C108059A525C5B
:103EB000C900411AC9B2CA40D1070CD008A908707C
:103EC000079A511C127800239A420DD0CE5C86428C
:103ED0000BD05B1CF8E7079908784643330CC818E9
:103EE000407808A9087000E02523002D0ED10F9915
:103EF0000E9808ADBAB2009001920798029003950F
:103F0000A2B2DBB2069804F077FB287809B0F0BDC6
:103F100080B5034A4A43110A04F070FB80BDC046D5
:103F200071020000044800685C21405E0D2141439D
:103F30004031C8117047C046F41A00200020704775
:103F4000B0B50C46054600F005FB401982B20025CD
:103F5000204629462B46EEF777FFFF220E322B46EE
:103F6000EEF772FF0901000F40180E30B0BD0000DF
:103F7000F0B54524A4004D06ED0F861E072E0AD885
:103F8000201DC0467E4436797600B7440A0F0313DD
:103F90000317191DF0BD8B281BD1002D20D0B12097
:103FA0002BE01821002D1DD108461CE088071ED5E6
:103FB00080241DE0002D1FD0C5201EE00320F0BD91
:103FC000002B1CD088202DE0002B00D00834204688
:103FD000F0BD0A38802822D8002B22D0782021E09A
:103FE00071200AE05820022AD4D80846F0BD6C346B
:103FF000002806D0082005E085202018F0BD80208C
:1040000010E038204A08022313408906C90FC91856
:1040100008182043A901014301204840F0BD0020B9
:10402000F0BD70202118A8010843F0BD10B5C307EA
:1040300001D0072300E00123840700D59B1D44071E
:10404000E40F1B19040700D59B1CC40600D5DB1C1C
:10405000840600D512334406E40F1C1940B2002830
:1040600023D5002A21D0002910D0D07A002800D0F2
:104070000934D06FBE21405CFFF760FF002814D0E8
:104080004068807F00280FD03B340EE0106D002880
:104090000BD0406D002808D0417A002905D0007A65
:1040A000022802D10A3400E02334E0B210BD10B57A
:1040B000846F04F0CFFAFF2804D0C000E1690968DA
:1040C000081810BD002010BDFFB5029303924222D4
:1040D0000446805CFF282BD0267D0123627D96421A
:1040E000009301D89A1B01E0B2188A1AA37D2234EA
:1040F0000194D2180024D2B2E7B2974218D2A31981
:10410000DDB28D4200D35B1ADBB2834201D0641C66
:10411000F2E702990029019800D00846009BBB40B5
:104120000178039A002A01D0194300E099430170F5
:10413000FFBD00000348006894214058C06B006830
:1041400034307047F41A0020F0B581B00446264898
:104150000068942280588068C0690179002910D0D5
:1041600000920268D31D00221D7880276F40FF094E
:10417000BC4202D07F273D4005D00833521C9142FB
:10418000F2D100202DE0D1B2F5F7CAFA1648006846
:10419000009940588068C2691179002911D01268CD
:1041A000002307255557002D07D515783D402826B3
:1041B0006E430568AD192726AB5508325B1C994242
:1041C000EFD10020214603F03DFB0120002C08D157
:1041D00005490968009A895889685E228B5C5B1ED4
:1041E0008B5401B0F0BDC046F41A0020FEB5F5F7BF
:1041F00035FF01904D3002900026D62702980078B6
:1042000086423DD201980068C419A11F0978FF2990
:1042100031D025465E3DC05DC0070CD12868002125
:104220000160286841602868401C16490968062218
:10423000E7F7C0F806E020464A38016840682A6877
:10424000116050602078800704D5296820465238D4
:10425000EBF7D4FB20465238016840682A68916029
:10426000D060286808300021EBF7D4FA2868623C57
:10427000216829602060012000023F18761CBDE7FC
:10428000FEBDC046541B002010B542788A4207D1BB
:10429000017D0024002909D00830E7F730F905E056
:1042A0004900426A515E00F0B3FE0446204610BD4C
:1042B00070477F23C35C1B07836B04D48B420A4681
:1042C00004D800207047D1435918FAD4991A816351
:1042D0000120704710B504468320205CF6F7F8FBF8
:1042E000E16B002901D040180D38216B49083E3997
:1042F000884202D2E063012010BD002010BDB0B59D
:1043000004468920205C002814D0204642300188D1
:10431000408888420ED8204682300021C171007842
:1043200025464C352946EFF7F0FC54342046294603
:10433000F5F7EEFEB0BD7047F0B589B00446F6F76C
:10434000ABFAFF2101817F21615C4A0625467C355D
:10435000002A0ED426464836CF06BA0F0DD003AB3E
:1043600000221A75DA749A745A74002F0BD54427F8
:104370000AE0204604F0A8F935E0880633D47088B6
:1043800004F0A4F92FE03E27090600D507271F7384
:104390002978FF2917D00846F3F760FA418F03A860
:1043A0008180E17F0174217E417369798173318855
:1043B0000181E979C173216B490AC18019340394E1
:1043C000E0F7E4FA0FE001A98A8003AC227462816D
:1043D0006273E281E280019203910C30FFF7ABFF40
:1043E0002046E0F7D9FA687AF6F7FCFA687AE0F73F
:1043F000FCFA09B0F0BD0000B0B504461348C07A1D
:10440000A04222D9EFF3108072B6FF25EC35E7F712
:1044100068F84019FFF72EF80D4A13680021197249
:1044200062B601280CD1106841600A4A4368934281
:104430000BD8037A002B07D143685B1C4360F5E778
:104440002046EFF759FDB0BD0172B0BD1419002030
:10445000F41A0020FFE10400FEB51548006894211D
:104460000291415854200190085ACF6B124C451CC0
:10447000A9B2090A0E2901D90E494518002F0FD0FB
:10448000002620683421415CF0B2884208D2F3F75C
:10449000E5F9761CA9B2408F8142F2D12846E6E7C1
:1044A000034800680299405801994552A8B2FEBDE0
:1044B000F41A002002F1FFFF541B002070477047E0
:1044C000704780B5034601200002081828330A22ED
:1044D0001946E6F76FFF80BD80B5F3F7BFF94121BC
:1044E000405C03490968497AEFF7C1FC80BDC046CA
:1044F000F41A002010B5C26C0146E6310B8B534311
:10450000028F0A325A43120B93B2084CA34200D8CE
:1045100023465B1DE6240353012008714A801320C3
:10452000EFF7D8FCDEF79EFC10BDC046B30B0000D1
:104530000021802908D07D225204425042180123D4
:104540001B02D3804031F4E78021425A01231343F8
:104550004352704701480068008B7047F41A0020EE
:104560004007000F0149085A7047C0461021071044
:10457000F0B58DB00446954800682C21405CC0071A
:10458000C50E6F20C6436E40E0F748F990490968B0
:104590003D228B5C202213403D31002866D0002B49
:1045A00000D110E1887BC00763D0002D00D112221A
:1045B000A08A0C90A77DE07D0890608A0B90208AED
:1045C0000990A0890A902068059060680790A0680B
:1045D0000690207E0390607E0490E589A07E029084
:1045E0007C4800680069F1B20A23F3F799FD0028BE
:1045F00000D1E8E00446019707461F37457203984B
:1046000020730498E07202982072280AA072204653
:104610000D30062505992A466F4B984720461330E2
:1046200006992A466C4B98476B4B204619300799E0
:104630002A4698472120099921542520089A225476
:1046400020462130090A41700A99080A78703970A9
:104650000B99080A787139710C99080A78723972C5
:104660000198F871201D29212222A2E0002B00D1FF
:10467000A9E0887A800745D4487AC00700D1A2E033
:1046800008200543E07D0C90608A0B90208A0990F9
:10469000A0890A9020680890207E0690607E07908E
:1046A000E789A07E05904B4800680069F1B20623B7
:1046B0002A46F3F735FD002800D184E0044605467C
:1046C00013354772069820730798E0720598207298
:1046D000380AA07220460D3006220899E6F76AFED5
:1046E0000999080AA07561750A99080A6870297005
:1046F0000B99080A687129710C986076201D0121B8
:10470000132256E0002D01D01C2200E00D22E07D96
:104710000A90678A208A0B90A0890C9020680790E5
:1047200060680990A0680890207E0590607E0690E1
:10473000E589A07E0490274800680069F1B209234A
:10474000F3F7EEFC00283ED00446039707461F37D8
:104750004572059820730698E07204982072280A22
:10476000A07220460D30062507992A461A4B984715
:104770002046133008992A46174B9847164B204677
:10478000193009992A46984721200B9A225425204E
:104790000A992154201D21462131120A4A700C9A8F
:1047A000110A79703A70039A110A79713A710A21E3
:1047B0001F22042323713E234370E171A271F0B2E2
:1047C0002146F3F70DFD0DB0F0BDC046541B00208F
:1047D000F41A0020581B0020B5B3041070B50D4624
:1047E00004461A4800682C21405CC007C10E01D164
:1047F00011220AE0164800683D22825C920624D508
:104800003D30C07A800720D51F224E20C043414052
:10481000104800684069CEB203233146F3F780FCAC
:10482000002812D001468472002008734D7208726D
:104830001220C871062088713E204871042008713A
:10484000200AC8723046F3F7CBFC70BD541B002021
:10485000F41A0020581B0020B0B50D46044612483B
:1048600000683D21415C89061CD53D30C07A0007B7
:1048700018D50E4800684069A1212C220223F3F7C5
:104880004FFC00280ED00146047285721420C871B6
:10489000042088713E224A710871200A4872A120C2
:1048A000F3F79EFCB0BDC046F41A0020581B002050
:1048B0000020704770B516460D460446EFF7A0F885
:1048C0002046EFF7AFF82046EFF7CEF82046214616
:1048D000EFF7EAF82046EFF7FEF820463146EFF70B
:1048E000F2F82046EFF713F92046EFF7FAF82046E2
:1048F000EFF7AEF82046EFF7D0F8002D0DD094205A
:1049000000210A46EEF7B2FF01462046EFF7F7F81E
:1049100020462946EFF794F870BD124800689021B0
:104920004558962001210022EEF7A0FF01462046BF
:10493000EFF7E5F82046EFF79DF82046EFF7A6F8E9
:104940002046EFF79DF82046EFF788F8A91C20468F
:10495000EFF776F82046EFF7B7F82046EFF7E4F8E0
:1049600070BDC046F41A0020F0B587B0044603922B
:1049700090002618B06C4018B06400F0D3FAB16C07
:104980004218FA320592B264F56F281A401A94213F
:104990000191725833468C3331469431374648374B
:1049A000069727469C3704970294E9340094002424
:1049B0008718FB3F05D5AA1800241C600A60012453
:1049C000F6E7842030581E68F643801904D5AA18EB
:1049D000002018600A600124029F049DD043059EB8
:1049E000301802D50698026005926A68002A039E74
:1049F00006D028688218059DED435219049D24D4E1
:104A0000002C03D03846314603F08CFE287DFF2869
:104A100012D0E0F710F9002801D0032400E00124AF
:104A20000025AC4208D9A8003818C06B069909685F
:104A3000F7F78EFC6D1CF4E7B819AC21405C0699C1
:104A40000968F5F775FD07B0F0BDAA68002A1CD00B
:104A50001018286000201860012272409200BA18D5
:104A60008C23D0502868069B1860286890642868BA
:104A70000860286801995050009800780228C1D138
:104A80003846B43002F04AFDBCE7194800682C21D2
:104A9000405CC007C10E01D110220AE01548006831
:104AA0003D22825C92061ED53D30C07AC0071AD0E6
:104AB0001E224E20C04341400F4800684069C9B2E1
:104AC000012305910293F3F72BFB00280BD001463D
:104AD0001120C871029888713E2048710420087125
:104AE0000598F3F77DFB3846F7F71EFD88E7C046CB
:104AF000541B0020F41A0020581B0020F0B585B08C
:104B000004910746E920385C002804D0012B039269
:104B100003D0012102E000222EE002217C6DBD6D58
:104B2000FF20844302916118000685433E46B43657
:104B3000304601912A46049B03F015FE04280FD14C
:104B40000021039801280F46084600D0029804432C
:104B5000304621462A46049B03F018FE3A460BE0F5
:104B600001220399002907D10C2141437818B4216F
:104B7000019B4350B4304560104605B0F0BDB0B560
:104B8000012907D1F121405C03252840012803D0E9
:104B90002C4602E0012405E0042403F019FE01285C
:104BA00000D02C462046B0BDB0B5AE21415AEB2214
:104BB000825C0446AE34EB303F2A05D8CB091B0695
:104BC00004D00121090202E0002302E04900218013
:104BD00040233F252A401A43027088B2012801D1A0
:104BE000012008E0012000F01DFBC0B22188491E11
:104BF000EEF7B1F8481C6071B0BDF0B585B0044661
:104C00000068017800220492039202785206D30FC2
:104C100003AA13700F270F40F91F0225022901D3A1
:104C2000294600E004214118501C0622E6F7C2FB89
:104C3000264654362146B0312046EA30042F06D0AD
:104C4000082F01D1032502E042785207D50F377EA5
:104C500001223A4032760A78FF2A00D0481C0278B6
:104C6000204674302146EE310091019033461833CE
:104C700003A82946DFF760FD616FA26F6165A26539
:104C800037763070FF384142484105B0F0BDF0B58D
:104C900087B00B460546016808780F2404402E466D
:104CA00064362F46EA37C209012C04930AD100204A
:104CB000059005AB1A700690581C08310622E6F7DD
:104CC00079FB17E0C87803900020059005AB1A70B7
:104CD00006900398C00701D00A2200E00422891838
:104CE000581C0622E6F766FB042C07D0082C01D1DD
:104CF000032104E078784007C10F00E002213478F6
:104D00000120204030703A7838790094019005A84D
:104D10003346DFF723FD3470696E049A1160A96E83
:104D200051601070FF384142484107B0F0BDB0B546
:104D3000AE21415AEB2282560446AE34EB30002AB3
:104D400001D4802306E0012901D8012100E04908AF
:104D5000218040233F252A401A4302700120012967
:104D600007D000F05FFAC0B22188491EEDF7F3FFCB
:104D7000481C6071B0BDB0B504468271417101201C
:104D80002071E01D062519462A46E6F713FB049814
:104D9000607320460E3005992A46E6F70BFB06980D
:104DA0002075B0BDFEB516460F460446012A10D147
:104DB0002046B3300178002903D0491E017008064F
:104DC0000ED1029760680321017060680C21417068
:104DD0000EE01D46606FA16F03F002FD002801D0B8
:104DE000002563E02046029739462A46DFF77FFE1A
:104DF00027465C372046ED3061680A780378DB0788
:104E00005B0E13430B7021680978490080220A4029
:104E100061680B7813430B700178890702D4204630
:104E2000643011E0616EA26EE16522664078012176
:104E30000A463B46DFF73EFD606801783A78D207C4
:104E4000520E0A43027038466268411C901C0625C7
:104E5000174B2A469847206802780F21009211408C
:104E60000729019601D0022100E00421461860685C
:104E7000083031462A460E4DA84702988000201877
:104E8000C06B001D61680E22A8470125019801280A
:104E90000CD10020E066206700984006C00F3874EF
:104EA0001137062238463146E6F784FA2846FEBD19
:104EB000B5B3041010B5044642720172012020718E
:104EC00020460A3006221946E6F774FA20461C30BE
:104ED0006061039A22740499E6F76CFA02982076CE
:104EE00010BD704710B5801EC3B2022B06D840B269
:104EF000830006A0C05808A4E35801E05020032313
:104F000099400818D100401810BDC0462C00000080
:104F1000D0020000CE0100000200000006000000E8
:104F2000040000000148006880687047F81A0020FB
:104F300010B50C46EFF3108172B6FEF79BFA62B61D
:104F4000002800D010BD2046EEF7D6FF10BD82210C
:104F5000425A0123DB021343435270478221425AD3
:104F6000014B134043527047FFF70000FEB5074660
:104F70004124005DEEF78BFE0546385DEEF77FFEBF
:104F800092236C1EE1B20297923770250326052901
:104F900032460195294605D861B28A0019498958D7
:104FA000194CA258029CE35A7C88401EC5B2052DBC
:104FB00006D840B28000134D2D580195124D2E5841
:104FC0009340581800024721CD0040190F49EDF7D2
:104FD000C2FE0090B44001982018000240190B490D
:104FE000EDF7B9FE0646FC88FFF79CFF009908180C
:104FF000B1B28C4200D821464018CD300299C86623
:10500000FEBDC046082A0410F029041071020000F9
:10501000FEB50191044607460837E6F762FA0290AA
:105020000D462678207D002804D03846E6F767FA3A
:10503000227800E03246701D029CE108C1400198D0
:10504000401A00B2401EC117083203F0EBFB0219F0
:105050004D4138462B46E6F748FAC0B2FEBDF0B5E2
:1050600093B01E4607460FA8059010A8049011A8FB
:10507000039012A8029019980B900190189C00942C
:1050800038460A9103F0E0FB0D90F5F779F80546F4
:10509000002E07D011A801782A1D2046DFF793FBC8
:1050A000002691E0281D11A90A78D10708900C92DA
:1050B00002D100260E960AE0616F491C06220E926C
:1050C000E6F778F90C9A606F0078C007460E9007F3
:1050D000099411D508980E9C00190999496F093156
:1050E0000622E6F767F90C9A0998406F007AC0012A
:1050F0008619A41D0E94099C234698332146C43179
:1051000010070791069311D5087AD98B089A0E9C3F
:10511000115512190F231B020B4007990003C018E9
:10512000000A50700C9AA41C0E94099CD00616D547
:10513000F81E032805D800F099F80799024648742C
:1051400000E00A7C08980E9C0019CB780699096843
:10515000F5F704FA0799E41C0E940C9A099C900642
:105160001BD506988168206D406D0690DFF723FB04
:1051700000280CD008980E9C00190699583112226C
:10518000E6F718F912340E94099C0C9A04E0DF201B
:105190000C9A024011A802700799500601D4089990
:1051A00009E008780C92F5F7FBF90C9A08990E9B28
:1051B000C8545B1C0E9350B2002805D50E980918F0
:1051C000206D406DDFF71CFB0D9C12986870072F57
:1051D00001D0072000E0082006432E7011A80088A7
:1051E0007F210140E970FE210F40022F01D00021F4
:1051F00001E00A99890110AA13883F221A40511828
:10520000A970C0050BD50FA802780B9EB088811835
:10521000B180316809185819C01CE6F7CBF8204650
:1052200013B0F0BD1CB501AC2046E6F729F9208883
:105230001CBD00000188054A8918018088B2044914
:105240004143080C484080B27047C04615FCFFFF40
:10525000AB020000096D52228A5A0309534300072A
:10526000C00E0818408E18187047000010B58AB09C
:10527000064800689421415848316C462046F4F7AE
:1052800047FF204603F06AFB0AB010BDF41A002065
:10529000F8B51F4616460D460446C0060BD41748FF
:1052A00000683D21415C890627D53D30C07A8007E2
:1052B00023D51F2202E0BF200440112210480068BD
:1052C0006107C90E4018006903232146F2F728FF41
:1052D000002812D001460F20C872FF2088720F7379
:1052E0004E720D721220C871062088713E204871DE
:1052F000042008712046F2F773FFF8BDF41A00206D
:10530000581B0020B0B50446D120205CF5F7CAFE3A
:105310002546CE35A878F5F7C5FECE2000212152CE
:10532000A87AFF2801D0F7F799FAFF20A872B0BD3C
:10533000B0B5054600881224FB2819D81B2817D3BE
:1053400068880C4A904213D8C008292810D300243A
:1053500000290DD0F4F716FA2988028A914200D369
:10536000114629806988408A814200D301466980BC
:105370002046B0BD9042000010B5012484400821B1
:105380002046F4F74DF903490968942289584C7472
:10539000C86010BDF41A0020F8B5002846D00E46AB
:1053A000012568212846F4F73BF9214F39689424F8
:1053B00009598860B540EEB208213046F4F730F95B
:1053C0003968095989684D72486000967500112640
:1053D000212E0FD008212846F4F722F939680959FF
:1053E00089688919491F086038680059806885559F
:1053F0000836EDE728210098F4F712F939680959C1
:10540000896808600B480225012629463246F2F7D2
:105410008DFA3968095989688864064831462A46F0
:10542000F2F784FA396809598968C864F8BDC0463A
:10543000F41A002010190020F0B585B004920E4631
:1054400005464D24F4F70AFE0555066003904D30DD
:105450000121029041700191CB0400267C27049A1F
:10546000E8B2864226D203980068C351C519542079
:1054700011492952522400202853422429535E24E2
:1054800028555C24FF2129555A21685446210724B8
:105490006C52286168616B600499002902D05065E4
:1054A0002C3D2A60019800023F185C320298057872
:1054B000761CD5E705B0F0BDFFFF000070477047D0
:1054C00070477047704770470948C07A09490968B2
:1054D0001231002804D000220A802C31401EF8E747
:1054E000054800680021C173FF21090281817047CE
:1054F00014190020FC1A0020F81A0020B0B50E483C
:105500000068A4214458FF20A0770025E577F1F733
:105510005BFA01280FD103F02DFA242207498A5C97
:10552000002A2A4600D00268A2622322895C002950
:1055300000D04568E562B0BDF41A002014190020BF
:1055400070470000F8B5174908680D46242100246B
:10555000445425301122144F2146B847286836306C
:10556000FF2605223146B84729683B201F230B54EC
:105570000122550308463B308552C372473107224A
:1055800008462146B847074D28684E300822314664
:10559000B847064800683521445428680449016228
:1055A000C465F8BDF41A0020C9B30410541B0020D0
:1055B000BEFDFFFF80B50448006860300021042272
:1055C000E5F702FF80BDC046F41A00207047002AAC
:1055D00005D003780B70521E491C401CF7E770473A
:1055E00080B50548006894214058C06B00682030A1
:1055F000F5F7B2FA80BDC046F41A002010B50120BC
:105600001249134CA04703201249A0470520124914
:10561000A04708201149A04700201149A0470220B7
:105620001049A047DFF7ACFADFF7C2FADFF729F934
:1056300003F0A8F903F0ACF903F0B0F903F0B9F9FD
:1056400003F0C2F903F0C6F910BDC046D9D5061063
:10565000E5AA0510C9DD06106DEA061001C60610A0
:1056600011CB0610EDC806100021034A8162C26208
:105670001921C9010186704701000100F8B50446EF
:10568000FF250A4884420FD00026094F386834218C
:10569000415CF0B2884207D2F2F7E0F8408FA042B6
:1056A00001D0761CF2E73546E8B2F8BDFFFF0000F6
:1056B000541B002000207047FEB51C4616460F46BE
:1056C000FCF7F4FD00280ED00546029606462C365F
:1056D0003078022809D130790121FCF70DFE00282D
:1056E00005D03A2438E0022436E00C2434E0307946
:1056F00001210091FCF712FE019001463031082291
:105700003846164B9847019F3946103110222046E3
:10571000124CA0472E37022202983946A047307912
:1057200000990F46FCF702FE002428462146F6F7B2
:1057300081FF012801D1014600E00621019B2822BA
:105740009954401E414241412833197130793946FC
:105750003A462346FCF7FAFD2046FEBDCF5506101B
:10576000FEB51A4A12681368EFF3108272B6062269
:105770009C5EE2172746974340000090185E144A4B
:105780000291891849094D1C0128019505DB421B2E
:10579000564212B2D51335403F18D8680022865EB3
:1057A00009B28E420EDD3EB28E420BDD00995918D1
:1057B000621BDA800A88019BD21A0A80029903F0E0
:1057C0000FF9024662B61046FEBDC046681B0020B7
:1057D000FFFF1F00F0B59BB01446069107460FAEC1
:1057E00000252E2230462946E5F7EEFD30461030E2
:1057F00010220699E5F7DEFD2036F87C03280DD04F
:10580000022812D144480068806B0FA90870020A70
:105810004A70020C8A70000EC87006E03E480168AB
:1058200044310FA81022E5F7C5FD387D294603F065
:10583000FDF80290387D0121059103F0F7F8019001
:105840006120385C307006960FAE30462130394604
:10585000623106220092314B04909847787806997D
:10586000C87130462830B91C0390009A2B4B9847DA
:105870002948006801994118B4310BAF3846093006
:1058800007220192254B9847234800680299411846
:10589000B431B81C019A214B9847781C0699C91D50
:1058A000059A1E4B98471D4B38460699059A98470E
:1058B0001036102D07D0705D0BA9495D414007A837
:1058C00041556D1CF5E70FA807A9224601F084FF9A
:1058D0000BAE0025102230462946E5F775FD062758
:1058E000304603993A46E5F765FDB01D04993A46FE
:1058F000E5F760FD102D07D0605D0BA9495D4140C3
:1059000007A841556D1CF5E70FA807A9224601F02D
:1059100063FF1BB0F0BDC0466C1B0020B5B3041084
:10592000B0B51C461546002804D0F7F731FC002816
:1059300002D113E0002911D1022D05D208480068D8
:10594000AC214058083006E0022D07D10448006819
:10595000AC214058183020600020B0BD1220B0BDEE
:105960006C1B0020F0B59BB01446069107460FAEA5
:1059700000252E2230462946E5F726FD3046103018
:1059800010220699E5F716FD2036F87C03280DD085
:10599000022812D144480068806B0FA90870020ADF
:1059A0004A70020C8A70000EC87006E03E4801681A
:1059B00044310FA81022E5F7FDFC387D0121059147
:1059C00003F034F80290387D294603F02FF8019057
:1059D0006120385CF07106960FAE304628303946AB
:1059E000623106220092314B0490984778780699EC
:1059F000087030462130B91C0390009A2B4B984711
:105A00002948006801994118B4310BAF3846093074
:105A100007220192254B98472348006802994118B4
:105A2000B431B81C019A214B9847781C0699C91DBE
:105A3000059A1E4B98471D4B38460699059A98477C
:105A40001036102D07D0705D0BA9495D414007A8A5
:105A500041556D1CF5E70FA807A9224601F0BCFED1
:105A60000BAE0025102230462946E5F7ADFC06278F
:105A7000304604993A46E5F79DFCB01D03993A4635
:105A8000E5F798FC102D07D0605D0BA9495D4140FA
:105A900007A841556D1CF5E70FA807A9224601F09C
:105AA0009BFE1BB0F0BDC0466C1B0020B5B30410BC
:105AB000F0B5B9B01C460E46074601AD202028714E
:105AC000102038900A900392002000902846E5F7B5
:105AD000BDFC284639463246E5F7BEFC6A462846F4
:105AE0002146E5F7C3FC39B0F0BD0000F8B50C461F
:105AF000054601208873E878087408461C3029465A
:105B000044310226194F3246B84720461E30291D1F
:105B10003246B84720462030A91D0822B847204603
:105B2000283029460E3110263246B84720463830F4
:105B300029461E313246B8472046483029462E3184
:105B40003246B847A86CA066E86CE0666878062123
:105B50000140E172E0210140607C08436074A87854
:105B6000010702D5FE210840E075F8BDB5B3041069
:105B700080B502F061FF80BD80B50A4A12683D23FE
:105B8000D25C0270012A05D0002A08D1084602F032
:105B900021F902E0084602F013F9002080BD8620BA
:105BA00080BDC0466C1B0020E0B50B46014601AA33
:105BB00001201080024800680830FBF75DFF8CBDB3
:105BC000541B002080B56021415CC90706D111211A
:105BD0004156002902D5817E8A0602D4F7F704FED9
:105BE00080BD042211438176DFF766F880BDF0B5F1
:105BF00097B0044603AE002150223046E5F7E4FB9F
:105C00005920205C71780143717030463E30214646
:105C10005A3106252A46E5F7CDFB207CF070E07D61
:105C2000010716D411202056002804D503A8417876
:105C300080220A43427003AE301D21461E310222EB
:105C4000E5F7B8FBB01D214620310822E5F7B2FB8D
:105C500003E0FE21084003A9887003A80E30214606
:105C6000283110263246E5F7A5FB607C81060CD56D
:105C700003AF38461E30214638311022E5F79AFB33
:105C80007878202101437970607C40060BD503AF02
:105C900038462E30214648311022E5F78BFB7878C4
:105CA000402101437970A07C052108420AD003AF4E
:105CB0003846443021461C310222E5F77BFB7878D8
:105CC000304301E003A84078E17A2940014303A86A
:105CD0004170A16EE26E1591169202F0C0FE05466B
:105CE00000280CD0A11C01AC06222046E5F762FB7F
:105CF000A5714220052107222346F4F797FE284686
:105D000017B0F0BD80B52822504304490968AC2380
:105D1000C95808180021E5F757FB80BD6C1B00200F
:105D200070B51C4605466120285C08702946623122
:105D3000062610463246E5F73DFB68782070A91C20
:105D400004983246E5F736FB70BD0000F0B5A9B007
:105D500004930292019105901BAD352106912846CE
:105D6000DEF720FA2846253003900124847365204D
:105D7000287129486880622068700FAF2022009245
:105D8000384605992346254EB047254A17AB05935B
:105D9000244E38460099B047681D10270097019996
:105DA0003A4623461D4EB0472846153002993A46DA
:105DB0002346B047252004992954284626302E9999
:105DC00006273A462346B0472F980399C8712846BC
:105DD0002D3030993A462346B0470BAF28460699F6
:105DE000059A3B460F4EB04731983946009E3246E1
:105DF00023460A4FB8472C7007AF28460699059AE4
:105E00003B46084DA8473298394632462346034C54
:105E1000A04729B0F0BDC046746C000069E70510CA
:105E2000A9330710B15A0610F0B595B007920F4686
:105E3000064613A80021017012A8017009A81022BB
:105E40000891E5F7C1FAF07C02280AD152480068AF
:105E5000806B09A90870020A4A70020C8A70000E51
:105E6000C870012F21D14C4804684020205C14AD3B
:105E70002870707B012101406970307D002102F0A3
:105E8000D5FD0019B721405CA870F07C032827D10C
:105E90003046F7F77DF9002822D0002101220DAB12
:105EA0003046FFF73DFD0D9916E0307B14AC2070B5
:105EB000707B8007C00F6070307D012102F0B6FD5D
:105EC000C01CC0B2344909680818B422805CA070B4
:105ED000F07C032804D1443109A81022E5F76AFABE
:105EE0006020315C01221140012F06D1002904D12C
:105EF00035464835344638341BE0481E0C4684414C
:105F00007B427B41234004D0354648353446383403
:105F10000BE00846384304D08620012F2BD10029FE
:105F200029D03546383534464834012F25D100294B
:105F300023D00EA8009013A910AA12AB3046FFF789
:105F4000EFFE089E079B1448006813A9097812AA5F
:105F5000127805930EAB0493039210AA029201915A
:105F600014A9009149218900401809AB21462A460D
:105F700002F098FD304615B0F0BD3943481E81410E
:105F80005340194205D110A8009012A90EAA13ABD4
:105F9000D4E78620EFE7C0466C1B0020F8B5054625
:105FA0000189002415222046F7F786F800281BD027
:105FB00006461120708070680D2101724D2080000E
:105FC0000D4909680B18052110223046FCF74DF9E0
:105FD00060202F5C28463146F7F714F9002808D1D5
:105FE000F80703D0432002E0882402E05420C04395
:105FF000A8722046F8BDC0466C1B0020BFB50D46F8
:10600000044601AA0846214602F098FD002801D165
:1060100002F0AEFD2846214602F0AFFD04B0B0BD4F
:106020001CB5042107226C462346FCF70AF9627866
:106030000A21042A13D86A469278012A0FD86A46A0
:10604000D27892070BD40749096834228A5C6946E2
:106050000979914202D31129014600D3062108464D
:106060001CBDC0466C1B002070B50546008902F0BF
:10607000A6FD464246411B4909683C22895C02292B
:1060800004D0002401292AD1002828D10820014366
:10609000A975154800684E21405C012480071ED573
:1060A0002D8912480068806902214B220323F2F7F0
:1060B00037F8002813D001468572042048720B205F
:1060C00008720020C871052088710E73FF20487186
:1060D00082200871280AC8720220F2F781F820464F
:1060E00070BDC0466C1B0020F41A0020581B002015
:1060F000F0B587B0044606A80026067021890B2259
:106100003046F6F7D9FF00281BD00590B020A072CA
:10611000E675E07B2F210140E173434F3D68207D10
:106120000121049102F082FC4019B721455C3868D6
:106130003221405C022806D10820284003D10321E7
:1061400051E0882661E0207EC00705D106AF3846C1
:10615000F7F704F8387802E0607D06A9087005407A
:1061600018202840E17D0143E175080701D4B427D8
:1061700006E02046DEF7E3FD0146002833D1B227D2
:106180002046F7F705F806984107C90FE173C007E5
:10619000800FA073204600F091F8204600F0DAF856
:1061A000014600281FD1E07C022804D1E07BC00614
:1061B00001D44D20C7431C4800683521405C06A926
:1061C0000B78627B617CA57C009001910295022195
:1061D000059D2846F6F7F8FF20462946F7F712F8FE
:1061E0000146002814D010480068B122825C002AC1
:1061F00005D0B130237D049D9D40AA430270012348
:106200002046059AF1F77CFE0646304607B0F0BD01
:10621000E07AF8210140E172059831462246F7F70D
:106220000BF8A772F1E7C0466C1B002010B51446AE
:106230000A4640681946234602F0DBFC10BDF0B563
:1062400085B000931746054601AE30460830082455
:106250002246E5F7AFF8304639462246E5F7AAF878
:1062600028463146009A01F0B7FA05B0F0BD0000AB
:10627000F0B591B005460F4F3A68683200242021EE
:106280002046F7F75DF9002801D01F240EE001AE8B
:10629000402230462946E5F78DF838686830064ACE
:1062A0003146E5F7BFF8C01C00D11224204611B0DA
:1062B000F0BDC046F41A002005F70610F0B52449D9
:1062C0000968027D12010832D2B28B18B5241C5D18
:1062D0000473B6241B5D012B03D1437B02241C43B2
:1062E00044730B463633032515430C46B434655DC1
:1062F00001262E40877B3743877304263540C77BB2
:106300002F43C7731643A55D057405251543645DCA
:106310006025455DED070ED11D782C4007252C40EA
:106320008474062422438918B422895C5A780A406E
:106330002A404274F0BD5D7825404574062422430E
:106340008918B422895C1A780A408274F0BDC0466C
:106350006C1B0020F8B5017B427BD30701D093076B
:1063600005D4C37D08241C4003D0920701D003222A
:1063700019E0C37B0522134214D0424B1B68402511
:106380005D5D4A43404B9A18525DC2740346133315
:10639000002A0BD1002C3DD101296FD1012D6DD1E7
:1063A00001226CE00122C274034613336024055DB0
:1063B0000126354003D11A240457002C26D4044664
:1063C0000F342478E40704D0012A02D103241C707E
:1063D00052E0C37D1B0703D5022A01D10023C376F7
:1063E000022A11D1C27BEF231340C373254A1268DE
:1063F0004023D25C0024022A274618D3042A0BD05B
:10640000022A13D1374612E0002435E01D4C2468DF
:106410003134D6E7042232E00229374607D3042973
:106420002F4604D0022901D1274600E0FF27174953
:1064300009684E22895C49071ED506891448006800
:1064400080690225462203232946F1F769FE0028C8
:1064500012D001468672042048720D720024CC715D
:10646000052088710F73FF20487182200871300A5F
:10647000C8722846F1F7B4FE2046F8BD02221A7011
:1064800094E7C0466C1B002092120510F41A0020FD
:10649000581B002080B506480089163080B202F0F3
:1064A000E7FB044800685C210122425480BDC046DD
:1064B00014190020601B002070B5114CA07A242113
:1064C000F3F7AEF80F490B6800221D4650351E4603
:1064D00048369A64DE641A655D65A47A002C0CD097
:1064E00002620B685B6D186001230370054620355E
:1064F0000B685D652430641EF0E79A6570BDC04688
:1065000014190020601B0020084909680A68EFF38D
:10651000108172B60621515ECB1799434000105E80
:10652000002800DD091888B262B67047681B002099
:1065300080B5818902F0ACFB80BD0000811E1E2960
:1065400016D800207944097949008F4418170F178D
:1065500019171B171D171F17211723172517171793
:1065600027172917171717172B172D00012070470A
:1065700052281BD0D22801D10A2070470F20704723
:1065800002207047032070470420704705207047A1
:106590000620704707207047082070470B2070477F
:1065A0000C2070470D2070470E207047092070475F
:1065B000BCB5002B0FD01C466B469970587001205B
:1065C00018701A71080AD870A189052520462A4634
:1065D000FBF74BFE6580BCBD10B50446C0680028C3
:1065E00015D04188091D89B2F3F70FF8E168608979
:1065F00001F08AFE002808D1628921890020FBF77A
:10660000C7FEA08801218843A0800020E06010BD63
:1066100070B514460D4606468089401C81B230464E
:10662000F1F70AFD2880B089C01C81B23046F1F72D
:1066300003FD208070BD10B54489042C00D00624D1
:1066400061188AB201890020F6F736FD002800D0D3
:10665000848110BD70B509490A686021535A002130
:106660000225074C8B4206D0566E765B864203D2DB
:106670000835491CF6E7214688B270BD601B002032
:10668000FFFF000010B50A460146007C202804D018
:10669000102805D10C31022403E00C31042400E061
:1066A000102410462246E4F785FE204610BD80B532
:1066B00002F0FEFA002801D0408880BD002080BD95
:1066C00080B502F02DFB0549884205D0C000044981
:1066D0000968496E081880BD002080BDFFFF0000DA
:1066E000601B002080B5017802220A43022A02D1F1
:1066F00002F02CFB80BD408880BD10B50C4600F038
:1067000009F8616889698B688A88022100F014F8A9
:1067100010BD00000749096834310968002904D018
:106720000A89824203D01031F7E7FF2070470878CA
:106730007047C046601B002010B54843C408A4B28F
:10674000944201D9002010BD072210401A5DC240BA
:106750002020411A0020C043C840104010BD000056
:1067600008490A68516E6223D25AD2005218083A78
:10677000824202D3401AC00801E00020C04380B228
:106780007047C046601B002010B50C460146020A47
:1067900012200E2A11D81A2C0FD80122A240084B21
:1067A0001A420AD00846FBF781FD002806D01121C5
:1067B00009014018214602F0CEFA10BD022010BD9A
:1067C0002000080470B5104800683421405C702136
:1067D00041430E480268A43200200346994212D079
:1067E0001468E518AC7A6026AD5DED0704D160341D
:1067F000E4B2512C04D205E05034E4B2412C01D370
:106800007033EBE7012070BD541B00206C1B00208F
:1068100080B50320DDF7F2FA80BD000001480021B9
:1068200001707047891B00201CB50346064C207878
:106830005021009100210A46DDF779FA01212170EB
:1068400002F09AFA1CBDC046891B0020BCB50A465E
:106850000446C11C01AD10462A4600F0F4FD032297
:1068600028462146E4F7BDFD002800D08120BCBDAC
:1068700010B502F08FFA0024002806D102F0A2FA27
:10688000002802D102F0B0FA0124204610BD000019
:1068900010B509490A686021535A190409D0516E8C
:1068A0009CB2E400611808390C785B1E8442F4D174
:1068B00000E00021084610BD601B0020064800686B
:1068C0006021415A002905D0406EC9000818801F78
:1068D0000088704700207047601B0020F0B585B02D
:1068E000174604901C4D28686024065B02466032FF
:1068F0005288964217D202940393002917D0019729
:106900000846FFF72DFF441C2868B1B2A2B291429D
:106910000BD3C900406E4018014608390822E4F73D
:1069200049FD761EF0E7002712E0019F00E03446A3
:10693000406EA1B2C900049A42544018039A4260C2
:106940002868029BC25A521CC252406E40184780AF
:10695000384605B0F0BDC046601B002010B50446A7
:10696000FFF786FF00280AD02046FFF7A9FE014660
:106970001220002902D00A78002A02D010BD0C2073
:1069800010BD084602F0E2F90146204602F040FA46
:10699000064800685C21425C0223134343540A20EA
:1069A000EDF798FADCF75EFA002010BD601B0020BE
:1069B000B0B50D460446FFF795FE6168C98A002907
:1069C00008D0C04308186188401880B2A84206D396
:1069D0000020B0BD0020FFF75BFFA042F8D00C20E4
:1069E000B0BD0000F8B50E460446FFF741FF002891
:1069F00075D01225002C73D0207D802801D010285E
:106A00006ED1102808D1218A29221202921C9142AB
:106A100002D1A169002963D0A1782422114203D0B8
:106A20006278D21F092A5BD8102815D1208A2F4AF4
:106A30008218052A10D801239340312213420BD02B
:106A40002278012A4CD100294AD129210902884201
:106A500002D1A069002843D03046FFF731FE00285C
:106A60003ED00746007802283AD100252846314614
:106A700002F010FA002835D02E460121FFF798FFCA
:106A8000054600282CD13846FFF72CFE0546FFF7B7
:106A900017FE01466D1CAAB204202346FFF71EFF15
:106AA000854221D1207D10280BD1208A292109027D
:106AB000891C884205D1A069828880680021E4F79A
:106AC00083FC0B4800685C21425C0223134343545F
:106AD0000A20EDF7FFF9DCF7C5F9354600E00C2593
:106AE0002846F8BD8625FBE78725F9E700D7FFFF95
:106AF000601B002010B50446FFF7BAFE00281ED028
:106B00002046FFF7DDFD01461220002916D00A7845
:106B1000022A13D1084602F019F90146204602F074
:106B200077F9084800685C21425C02231343435410
:106B30000A20EDF7CFF9DCF795F9002010BD0C2005
:106B400010BDC046601B002070B586B014460E46CE
:106B5000054601A810491422DDF758FB002E07D185
:106B600001200E4901AA02F0ADF90646002810D016
:106B70002846FFF7CFFD7168096A8B680849C97A12
:106B800049084A1C0421FFF7D7FD204201D000200C
:106B900000E0812006B070BDC8290410FFFF00008E
:106BA00014190020F8B51D4616460446F7F778FB81
:106BB0001227002824D001461B4800685C22825C12
:106BC000812092072CD48988490629D4701E80B26E
:106BD000FFF776FD01460028384621D04868007846
:106BE00028421ED0084602F08DF900280AD0064639
:106BF0000322214602F0B6F9002805D0C020F8BDD6
:106C00003846F8BD8620F8BD102D01D0022500E0E1
:106C1000012520463146FFF770FD054201D00020D6
:106C2000F8BD0C20F8BDC046601B0020F0B58BB04D
:106C30000A9314460D460746F7F732FB002811D099
:106C40000646049780880C2741077FD4022C01D187
:106C500080077BD402950394109C0A9B012B03D8D8
:106C6000032503E0122771E09800451CA01C19467B
:106C7000002904D0028855190830491EF8E7F08829
:106C8000022B02D3A9B2814260D8A9B2814200D3BB
:106C90000546A9B230460691FFF7CDFC00280ED07C
:106CA000074603980228079701960FD1B9891D223C
:106CB000384602F0CCF90A9801280FD04EE008209F
:106CC000EDF708F9DCF7CEF888273FE0B9890A9894
:106CD00001283ED11B22384602F0B9F92288B88932
:106CE000401C81B23846F2F735FC6368B889E91E6A
:106CF0008AB2C01C81B23846FBF7B7FA07984580C4
:106D0000039D022D0CD101200499029A01F050FA42
:106D10000028019C0CD007460798F2F71AFB15E0F3
:106D2000E807019C04D0079A107A082101431172E8
:106D30000298079901F0E8FA0746022D06D1002FC4
:106D400004D1A08802210143A180002738460BB05E
:106D5000F0BD2322384602F07AF90A98A71C0121D7
:106D600005950028CAD00A90079DA8894018089167
:106D700081B2BB1E022428462246124EB047A88983
:106D8000089E3018801C81B22846099422463B4652
:106D90000C4CA047311DA88940188EB206998A1B59
:106DA00039888A4200DB0A4609997B5881B294B23D
:106DB00028462246034DA847A11908370A98401EC5
:106DC000059DCEE76B220610F0B589B01F460392F1
:106DD0000E460546F7F764FA002845D00446C06819
:106DE000002841D002970F9801900E9800901F48FC
:106DF000076838373F68002F0FD03888A84204D181
:106E00003846F2F719FAB04201D01C37F2E71748BA
:106E1000006838303946F2F7BFFBE068FFF788FBBF
:106E2000411E0298002813D0C8B21E2807D0402265
:106E3000114004D1E3680399029AFFF7B9FB204699
:106E4000FFF7CAFB002F0FD03846F2F782FA0BE0AB
:106E500004A8009A82814170012101700199089172
:106E600006940597F7F72EFA09B0F0BD601B0020D5
:106E7000F8B5054681884088F7F712FA002808D04F
:106E8000044629781E2906D1A088800639D40C260C
:106E900093E1122691E1480606D4CA48CA4A026024
:106EA000A088C00600D56DE1E0888A1E86261E2ACD
:106EB00000D991E0032752007A4492885200974407
:106EC00022007C011E007C019F007C01A2007C014D
:106ED00022007C011E007C0194007C012D017C01BC
:106EE00090007C017C017C01A9007C01AC007C014C
:106EF0007C017C017C017C0121007C019400052740
:106F000001E0E0880127B9B2814200D3074600972B
:106F1000BFB220463946FFF78EFB00282FD0064629
:106F20002A78818902F0A0F82878811E16292DD8A8
:106F30004900C0467944898849008F4416000D01F4
:106F400070000D0177000D0193000D01A1000D01EE
:106F5000AA000D01BA000D01C0000D012F000D01A6
:106F60000D010D01CE000D01E6009848028AB0899E
:106F7000401C81B23046F2F7EDFA0320EBE0082026
:106F8000ECF7A8FFDBF76EFF882616E1202800D17A
:106F9000CAE0522802D0D22800D0DDE02A89B08988
:106FA000401C81B23046F2F7D5FAEB686A89B089A5
:106FB000C01C81B23046FBF758F92878122800D15E
:106FC000B8E0D22800D0C7E000980C387080208943
:106FD000314602F056F8BFE0522902D0D22900D043
:106FE000EBE0D22908D0032107E0297A49004F1CA1
:106FF000874200D887E7E0E00F216A89571882E7C7
:10700000E989CF1D7FE7E968097C802900D089E004
:10701000152778E7A9894F1D75E7022773E76A8965
:107020002989304602F05DF8052094E06A892989B3
:10703000304602F056F8AA89B089401D81B2304628
:10704000F2F788FAE889C01DB84200D80746F81F51
:1070500082B22B69B089C01D81B23046FBF705F9B9
:10706000072078E06A892989304602F03AF8B08929
:10707000401DEB68197C80295ED181B210225EE050
:107080002A89B089401C81B23046F2F763FA0B209E
:1070900061E02A89B089401C81B23046F2F75AFA81
:1070A0006A89B089C01C81B23046F2F753FA0D20CC
:1070B00051E02846314602F026F80F204BE06A895D
:1070C0002989304602F00DF8B089401DEB68197C23
:1070D000802939D181B2102239E02A89B089401C37
:1070E00081B23046F2F736FA6A89B089C01C81B2A3
:1070F0003046F2F72FFA2B69AA89B089401D81B278
:107100003046FBF7B2F8172025E02A7AB089401CF8
:1071100081B2304601F0A8FF19201CE0E968097C23
:1071200080294CD00727EEE62846314601F0EBFFD8
:10713000212010E013200EE081B20C3302223046F1
:10714000FBF793F8092006E081B20C3302223046A7
:10715000FBF78BF81120A070009870802A78B18915
:10716000304601F081FF2878410611D41E280FD047
:1071700062892189032001F01BF8002804D03046E1
:10718000F2F7E7F8842618E0A08810210143A180D7
:107190006089314601F0B8F8002801D081260CE062
:1071A000287800261E2808D1628921890220FBF751
:1071B000EFF8A08820218843A0803046F8BD112731
:1071C000A1E6C0466C050020EDB30610141900209E
:1071D00070B51C461346342545430F4E3068406B4E
:1071E0004019828C8A4201D9882070BD806A0621AC
:1071F000FBF727F8002800D070BD3068406B4019BD
:10720000818C2180806AF2F7A4F83068406B4119C4
:107210000020886270BDC046641B0020FEB502934A
:1072200001920E460546F0F719FB044607469034D6
:107230002846F5F7BFF90899042E06D1002804D096
:10724000019A002A0CD00A220BE088880880012EBF
:1072500002D1C0080E3801E080080F38029E0FE00E
:107260000822029E8A5A0A800088022801D0012042
:1072700000E003200B4BD218C2400B481018C00886
:1072800083B222889A4200D30246002E03D093B2E2
:10729000C889984200D3104660803846FDF766FEE4
:1072A000FEBDC04688FEFFFFB5FF07007047904255
:1072B00001D8884201D21220704700207047084050
:1072C00000D01220704780B5F3F70AFB002801D0E8
:1072D000406980BD002080BDF8B514460D460646C5
:1072E0000027102220463946E4F76EF8002E16D00B
:1072F00028782028394609D3602801D3032100E0EB
:107300000221402800D201211F2210400122824088
:1073100088002158114321506D1C761EE6E7F8BD08
:10732000E0B5034626200090022100200246DCF74B
:10733000FEFC002800D081208CBDE0B50146002372
:10734000009302202622DCF7C4FC002800D0812014
:107350008CBDB0B514460D46014605222046E4F723
:1073600029F8601D08222946E4F724F8B0BDF0B5DD
:1073700087B003AC0EC4074602900D98051F0C9C05
:10738000611906A80422E4F715F80E9E0096ADB226
:107390003846039F394622462B4601F0C0FE009630
:1073A000019502983946049A059B01F0F1FE069971
:1073B000884201D0812000E0002007B0F0BDF0B588
:1073C00085B0039106460B9C01940A9F009701F03B
:1073D000DFFE04900C9D0095304603993A46234603
:1073E00001F09DFE281904A90422E3F7E3FF05B08C
:1073F000F0BD00000348006800210175418201745E
:107400007047C046F41A002080B500BF00BF024A92
:1074100011001820ABBEFBE72600020010B5F2F702
:107420001DFE4D21425C0021BE238A4208D0046823
:10743000E45A240B05D1012424021B19491CF4E74A
:10744000FF21C8B210BDF0B589B000920F460546C5
:1074500005AE002110223046E3F7B6FF0324304684
:1074600039462246E3F7A6FF01AF284631463A46A1
:1074700000F0B2F9009839462246E3F79BFF09B0C5
:10748000F0BDB0B50446EFF3108072B62546CE3598
:10749000A878F3F707FED120205CF3F703FE62B66D
:1074A000A878FCF7A9FFCE2000212152A87AFF2856
:1074B00001D0F5F7D3F9FF20A872287A800701D50B
:1074C000DDF732FAB0BDB0B50446D620205C8007A7
:1074D00001D40020B0BD254684352846DDF728FAC2
:1074E000A16F2846DDF7FCF9A06F08300021DDF719
:1074F000CCF9606FA16F6167A0670120B0BD80B556
:10750000DDF799FB80BD000080B50349096856315D
:107510000622E3F74FFF80BDF41A002080B500215A
:107520003422E3F751FF80BD10B5EF21425C910793
:1075300001D5262100E027212523D40700D01946B4
:10754000002A00D11946A8228154A830417010BDEC
:10755000074A126848321268002A07D053888342CB
:1075600002D193888B4201D02032F4E71046704755
:10757000601B0020F0B585B00446408804252946EC
:10758000F6F78EFE06468088800508D5608801F0F3
:107590007DFE002839D0B0885E490140B180608806
:1075A0006A465080A1889180A279531E112B00D980
:1075B00067E0C0467B441B795B009F446468734569
:1075C0004040868B45564C4C5A0850080850266956
:1075D000677AF6F765FE0C237B43F1188F88628982
:1075E000BF1AC088401F80B2874200DC3846A081A5
:1075F000F35A6E463381B081488880187081162016
:10760000307088688018049078E0A1790C200929EE
:107610007DD1217F10297AD1218B3F4A914276D1A9
:107620003E490968483109680029B8D062884B880A
:10763000934202D18A790F2A69D12031F3E7684653
:1076400008210170364804E0684608210170204690
:107650000C3003903BE00B2A42D0202041E06846EA
:1076600018210170217A017248E068460C210170EE
:107670002DE0684612210170A068E1680290039134
:107680003CE0862043E068460221017036E068460F
:10769000102101700021C9434181218901812046C7
:1076A0000C3023E06846062101700521C902818162
:1076B0000021C943418121890181207F102817D1F0
:1076C000204618300490022016E068460570A06835
:1076D000029013E068460A210170218901810DE0C2
:1076E0000E2069460870207A0872E068039005E071
:1076F00020460C30049010206946C8816846FFF788
:10770000B7FB002803D1207828432070002005B063
:10771000F0BDC046FFFD00002A2B0000601B0020CA
:1077200054050020B0B504460020C04362788A4268
:1077300012D9226A525C8A420ED04800616A0D5A00
:10774000E3F7CFFEC00821784A1DD040281A00B2C6
:1077500005224243D0108840B0BD0000F8B5044671
:10776000F2F77CFC01464D20085C020200200D4B24
:107770000546AA4213D00E687619BE27F75B9F42D2
:1077800003D0CE27F75D012F03D001263602AD19B5
:10779000EFE7002C04D0C320305C411E8841F8BDC7
:1077A0000120F8BDFFFF0000B0B505460024DCF75E
:1077B0008DFE01280DD1F4F7AFFEEB21415CC90726
:1077C00007D0002D04D0EA3000780124044000E006
:1077D00001242046B0BD0000F0B58FB002920746EC
:1077E00007A8019010250C4E2A46B0470BAC204646
:1077F00039462A46B04703AF0026019821463A464B
:107800003346FBF7EFFD029839462A46024B98476C
:1078100030460FB0F0BDC046B5B30410B0B584B06B
:107820000B4602460648006894214158C868096919
:1078300003AC012500950194F2F79CFA04B0B0BDA9
:10784000F41A0020F0B582B000901B480268942022
:10785000019012589268D6693279002A29D0002402
:1078600007253268505D802607467740FF09B942F8
:1078700014D07F273840009B98420FD900275755D6
:107880000D4A1268019BD2589268D2691268535D02
:10789000471E1F43002900D037435755064800684C
:1078A000019A80588068C66930790835641C844222
:1078B000D7D302B0F0BDC046F41A002080B5827A5A
:1078C000DD2A23D18A1F042A1ED8D2217A441279B4
:1078D00052009744180211070A00817C8A0702D5DA
:1078E000D32110E0817C49070CD46021415CC90799
:1078F00004D1FEF767F980BDD42104E00121F5F73A
:107900003EFF80BDD5218172F5F784FE80BDF8B5BC
:1079100015460E4604465068407A009006211046EF
:10792000F0F78AFB074608212846F0F785FBB91EC9
:10793000E1726072009A2272320AE271A671000A44
:10794000A072CAB2A8890C34801D81B22846234691
:10795000FAF777FCF8BD0000F0B585B01746039143
:1079600004465068407A04900621164D1046A847F8
:10797000029008213846A84701900A213846A847B6
:1079800006460C213846A8472A4605460E213846A9
:1079900090476074290A2174E573310AA1736673F4
:1079A000019A110A2173E272029A110AA17262729B
:1079B000039A110AE171A27104992172000AA0745C
:1079C00005B0F0BD39800510F0B581B00D46064612
:1079D000002A08D0002E2AD090B2202806D336687C
:1079E000203A1004F6D1002E21D00022002B20D006
:1079F0002020841AA0B299B2884200D31C46A7B2B4
:107A000090B23018011D28463A460093E3F7D2FCA5
:107A1000009B1B1B180404D0ED1936680022002EB1
:107A2000E6D198B2002805D07E20C04302E0812034
:107A300000E00020C0B201B0F0BDF0B581B0064654
:107A40005009040604D0002E2DD03668401EF8E7F9
:107A50001C465B1E20469841002C1FD0002E1DD0D6
:107A60001F2002402020851AA8B2A3B2984200D35A
:107A700025460095AFB2B018001D3A460D46E3F713
:107A800099FC0098241AA1B24A1E08469041002988
:107A900004D0E91936680022002EE3D1002803D073
:107AA0007E20C04300E08120C0B201B0F0BD0000E4
:107AB0003321C90041430548006894228058C06BB7
:107AC000406840181121090140187047F41A00203D
:107AD000084A126834321268002A07D01389834298
:107AE00002D153898B4203D01032F4E7FF20704754
:107AF00050787047601B0020F0B5A1B0042900D079
:107B0000DEE0074601F0D6FB6E4C6F4E012800D038
:107B1000A0E00BAD6D4914222846DCF777FB10A8D6
:107B20003446002644223146E3F74EFC012021462C
:107B30002A4601F0C7F900280FD004463846FEF760
:107B4000E9FD6168096A8B686149C97A49084A1C7C
:107B50000421FEF7F1FD10A90874042104973846AA
:107B6000F6F79EFB10A9097C012903D18088000645
:107B7000800F06D157480168833110A81022E3F71F
:107B800019FC01200390F6F76DFC054610A8123091
:107B9000029005964B4C002D34D0B7B2632F31D8EC
:107BA000287804280BD0022827D16868017D102985
:107BB00021D1008A494988421DD103981CE0686898
:107BC000017D102919D1008AA04216D104982946B6
:107BD000FEF793FD044602980090E2B202213223A0
:107BE000384601F06DFB0598012801D110A84474B6
:107BF000761C344C01E0002005902846F6F7A0FDE5
:107C00000546C8E7012109AA08AB049F384601F0E0
:107C10006DFB00281CD1B0B240002F4940188008ED
:107C2000133082B208A8017809A810AB01F094FBC8
:107C300000280DD0044606AD09A906222846E3F720
:107C4000B9FBAC714220042107222B46F2F7EEFE6D
:107C50001D4E1C4C0120F6F705FC0546002812D0ED
:107C6000287804280BD16868017D102907D1008A83
:107C7000A04204D100223846294601F09FFB284645
:107C8000F6F75EFDE9E710AC104914222046DCF758
:107C9000BDFA01203146224601F014F900280FD028
:107CA00004463846FEF736FD0949C97A6268126A09
:107CB0009268009249084B1C0421002201F000FB4D
:107CC00021B0F0BD02290000FFFF0000C829041008
:107CD00014190020601B0020FEFF0300052A00008D
:107CE000F8B50D46064600921468002C11D02746C0
:107CF000E4693888B042F8D13846F1F79DFAA842D5
:107D0000F3D100983946F1F747FC3846F1F721FBEB
:107D1000EBE7F8BDF8B50D460446194E376848370D
:107D20003F68002F10D07888A0420BD1B888A842B5
:107D300008D138781821014339700C20ECF7CAF8C3
:107D4000DBF790F82037EBE7042D17D13068816D11
:107D50000B46002B0BD01A469D680023002DF8D04F
:107D6000AB88A3422B46F4D1AB689360F1E70029BE
:107D700004D08A88A24201D189688165F8BDC046D5
:107D8000601B002010B5084B1B681B68EFF31084C4
:107D900072B640001C5AA41A1C524800195A89187D
:107DA000195262B610BDC046681B002080B5034959
:107DB000096866310622E3F7FDFA80BD5C1B0020EE
:107DC00080B50349096860310622E3F7F3FA80BD04
:107DD0005C1B002080B5034909680622E3F7EAFA34
:107DE00080BDC046541B0020F8B50C460720C04398
:107DF0000C4E05460835182D10D03168A827C959F2
:107E000008180A3006222146E3F7EBFA0028284634
:107E1000F0D13068C059405DC00601D40020F8BDE3
:107E20000120F8BD6C1B0020F0B5A1B0044601F0A4
:107E300041FA012814D107A8454914252A46DCF740
:107E4000E5F902A843492A46DCF7E0F944200F90FF
:107E500001210DAA0CAB204601F048FA002801D000
:107E600021B0F0BD0CA801780DA80FAA10AB01F04D
:107E7000B6FA0028F4D10F984428F1D80120364DE5
:107E800002AA294601F01EF8002810D00646204616
:107E9000FEF740FC10A90A7C3049C97A73681B6A56
:107EA0009B68009349084B1C042101F009FA2C48F7
:107EB0000168833110A81022E3F793FA00281FD03D
:107EC000012007AA294600F0FDFF0028C8D001F0D4
:107ED00019F80028C4D0054604212046F6F7E0F939
:107EE000818840220A43828010A8427C204629468D
:107EF00001F064FA0B20EBF7EDFFDAF7B3FFAFE721
:107F00000120F6F7AFFA064610AD12350027002E15
:107F1000A6D0B8B26328A3D83178042912D17168E9
:107F20000A7D102A0ED1098A0E4A91420AD10221F5
:107F300032222B46FEF700FC02462046314601F075
:107F40003DFA7F1C3046F6F7FBFB0646DFE7C046EE
:107F5000DC290410C8290410FFFF000014190020B8
:107F6000601B0020022900007047FEB514460191F5
:107F70000646FEF753FC274644372046FEF754FCDE
:107F8000002811D16078C006F7D502AD38460199B6
:107F90002A46FAF7C1FB022228463146E3F721FAC6
:107FA0000028EAD10020FEBD8120FEBDF8B51446B0
:107FB00006460846FAF77AF930214156002905D4D9
:107FC0002C300078022803D1122518E0022516E093
:107FD000CFB2002538462946FAF7A8F9384629468F
:107FE000FAF79CF901462B30002E01D0057006E00F
:107FF00001220270103110222046FDF7E8FA2846CF
:10800000F8BD00001F21014001228A40EFF31081DA
:1080100072B60549096840098000081801691143D2
:10802000016162B67047C046701B0020FEB5019129
:10803000032002900027304A3D4616461068A824C7
:108040000059C019801C06220199E3F7CAF90028DB
:1080500031D002980328324609D110680059C05D1A
:108060008006800F01D0032000E0E8B202900837BC
:108070006D1C032DE1D110684125415DA830022916
:1080800036D80299CF000068C019801C1646062217
:108090000199E3F78FF9306800591021C155029812
:1080A000C2B200200121154BF5F7F6FC3068415DA6
:1080B000491C4155FEBD30680059C35DCF211940B0
:1080C000103103221A40531C032A02D0DC24214021
:1080D0001943C155032A00D1134609A0C05C7D2174
:1080E000CB004343EAB200200121F5F7D5FCFEBDE9
:1080F00001210172FEBDC0466C1B0020B80B0000C0
:1081000003050A1480B508468978C91CF7F78BFC6B
:1081100080BD80B50846C978027912025118491D00
:1081200089B2F7F780FC80BD80B508468978C278AF
:1081300012025118091D89B2F7F775FC80BD0021A4
:10814000002802D00068491CFAE788B27047000096
:1081500010B50B4A12681268EFF3108372B6430031
:10816000D05E4418D4520BB2C318012B02DB434239
:10817000C10B1940D0880818D08062B610BDC04627
:10818000681B002080B5818900F001F880BD1CB516
:108190001F2903D801AA1180406805E0406801AC9E
:1081A0002246F1F70FFA2188401800791CBD000023
:1081B00010B5044608461146FFF78AFC80000019F6
:1081C000C1B2034800680022024BF4F73EFA10BD2A
:1081D000601B002030750000F0B585B004460588AE
:1081E0008089461C204601F01CF9232810D0B1B22A
:1081F0001B2822D12046EFF71FFF0146284601F039
:1082000015F900283DD02046F1F7A3F8002550E0ED
:108210006788B1B22046B9422AD2EFF70DFF014676
:10822000284601F003F90028EDD1B01C81B22046A8
:10823000EFF702FF3018061DEBE72046EFF7FCFED4
:108240000146284601F0F2F8002824D06E467580D9
:108250002046F0F7F1FFB0801E2030703046FEF768
:1082600007FE0546002820D12046F1F772F81CE0F1
:10827000F0F7E2FF02460A202946234601F0FCF807
:1082800012E02046F0F7D8FF02460A20294623468E
:1082900001F024F908E02046F0F7CEFF02460A205C
:1082A0002946234601F04CF90546002D01D07B20DC
:1082B000C543E8B205B0F0BD1CB50446008801AB6B
:1082C0001880422002210A46F2F7B0FB002801D0B4
:1082D00084201CBD2046F1F73CF800201CBD10B5E1
:1082E0000488F0F7A9FF01462046FFF731F900287E
:1082F00008D0017818220A4302700C20EBF7EAFD3F
:10830000DAF7B0FD002010BDB0B50C460546488830
:10831000001D81B22046F1F778F928462146FAF788
:10832000F5FA002804D02046F1F713F88120B0BDFB
:108330000020B0BD882140580088C0B2C0097047F5
:10834000FEB50C468021415C49060CD48030218A60
:108350006288521A93B2458AAB4209D9207AF72231
:108360000240227201E0218A257B1020019005E065
:10837000E069431E9841000101901546002902D191
:10838000207A800701D4012000E0022002900E48EC
:1083900000688C27C059001DE28951181F260E4025
:1083A000A9198AB2A16901F0FDF860612573064B35
:1083B0001868C05930180199029A114381701868E1
:1083C000C0593018C570FEBDF41A002070B50024E5
:1083D00000290AD000260D460968334620339EB294
:1083E00096420ED20029F6D101E023462546D11A45
:1083F00089B200F0F5FA286000280AD17920C44338
:1084000007E0002904D0FAF7EAF900242C6000E024
:108410000024E0B270BD842140580188012008404A
:1084200070470020704700002A2804D803214143E8
:108430000248405C704714207047C046283307103C
:108440002A2805D803214143024840188078704704
:108450001420704728330710F0B587B00F46014647
:10846000007900260C9C00282FD003900868049106
:108470004968059206AD009301953A46059BF1F7D0
:1084800079FC002821D0029005940D9A049C236861
:1084900006A90978CD005B19DB7913700398401E9B
:1084A0000390C0B2814223460BD01D68CEB2F600C5
:1084B000AF19BA68FC68AA517C60491CCAB28242F2
:1084C000F3D103981871029E059C267007B0F0BD89
:1084D0003321C90041431048006894228058C06B82
:1084E000406840181121090141180222002A09D0D0
:1084F0000023CB80FF234B717D235B040B60403155
:10850000521EF3E7CB214900FF22425419210901F1
:10851000002242507047C046F41A0020F821002281
:108520004250F830012109044160704710B5002322
:1085300006A11A46042B03D08C5C531C8442F8D14C
:10854000042A01D3002010BD012010BD0100161F18
:10855000882140580088C005C00F704710B51446E8
:10856000484000F00DF8A04201D3002010BD0120CA
:1085700010BD80B54110484000F002F880BD0000F9
:108580004108084A0A40801A0749820808400A4000
:108590001018010908180549014005484843000E14
:1085A0007047C04655555555333333330F0F0F0FB2
:1085B0000101010141000A4A0A40400809490140FD
:1085C00088188100084A0A40800808490140881834
:1085D0000101074A0A40000906490140881870470E
:1085E000AAAA010055550000CCCC07003333000087
:1085F000F0F000000F0F00007047000004280AD0C0
:1086000003280ED0022812D12B291CD94F20C04399
:108610002430022210E04808E62814D904220C482D
:108620000AE008092C280ED90622084804E050293F
:1086300009D34F20C04303224018D040FE2803D95D
:108640000020C04300E00020C0B2704730FDFFFFB3
:1086500032FEFFFFFEB5846F267D8A1B457A00D26D
:108660005219D3B2174F3F7FAF4200D32F46BB42C0
:1086700024D20293254622350F46234642332978D9
:108680000191697800911B7839460125BE422E463A
:1086900008D919466A23C05A238CC01A0B4639469A
:1086A00046424641029885400198054206D000980E
:1086B000054003D18B4201D0002E00D1FF22D0B261
:1086C000FEBDC046141900207047000010B50446D6
:1086D000124800683D21415C890604D53D300A21DD
:1086E0004056002800D410BD0D4800680069802164
:1086F0002A220223EFF714FD0028F4D00146047269
:108700001020C871032088713E2048710420087130
:10871000200A48728020EFF763FD10BDF41A002094
:10872000581B0020B0B5EF22825C4018A821415CA4
:10873000A830002A0FD00323DB4325395B1C0FD25E
:10874000491CCCB2032C00D10021CCB21546E54027
:10875000EC07F3D004E02439CAB2032A00D1002187
:1087600025310170B0BDB0B500249BB2042C0BD0F4
:1087700005688D4205D14568954202D105899D4223
:1087800002D00C30641CF1E7E0B2B0BDF8B5009245
:108790003024025D032A0BD805463035561C2E7056
:1087A0000C24544301510019038100994160F8BD24
:1087B000541EE2B205461646002EF1D0EF682C6931
:1087C0002F606C60AC8A2C810C35761EF4E70000BB
:1087D00002480068006A8005C00F7047F41A002044
:1087E000BFB50C460546F0F7CDFF3221405C0028AE
:1087F00001D0002011E00A48006894214058C06B65
:108800000168086A496A03AA012300930192FE22C3
:1088100095432A462346F1F7ADFA04B0B0BDC046F1
:10882000F41A0020D2B2203A03D301009140002074
:1088300070475242D0415242203291404140D04094
:108840009040414070470000F0B587B01E46144686
:1088500005900C9A002B03D0D06F1746154602E006
:10886000002517461046C722825C0123059806930F
:10887000FBF77EFB002C01D0044602E020210446D9
:108880008C43002E11D06D35A978002904D0E979E8
:108890004B424B41069303E004218C430121069196
:1088A0002978002901D108218C43C506E0B2314660
:1088B0003A46FBF7BBFB039006980028214602D0FE
:1088C000102021468143ED0F0491C8B231463A464B
:1088D000FBF7ACFBE1050022002901D4019512E071
:1088E0000D998B88C988C91A0B0409D0FE22131A66
:1088F0008DB2AB4229DA0399511A0122019203E0A9
:10890000019515490C40114602940E9B8AB25542BE
:108910005541059A921E561EB2412A4000D1039835
:10892000119D109E0F9F0C18641C1C70002A049B44
:1089300000D1029B3B803080297006994842484113
:10894000002A00D1019807B0F0BD069A5342534166
:108950000193049C0390D7E7FFFE000010B5044686
:108960000120FCF75FFCC0B22178EAF7F4F9601847
:10897000407810BD0248006894214058006D70474F
:10898000F41A002080B50A200021F2F7ABF880BD70
:1089900080B50B200021F2F7A5F880BD10B50C20A2
:1089A00000242146F2F79EF80D202146F2F79AF8AE
:1089B00010BD10B50E2000242146F2F793F80F20C9
:1089C0002146F2F78FF810BD80B510200021F2F794
:1089D00089F880BD80B511200021F2F783F880BDB1
:1089E000F0B5114A891849094A1C94B2EFF3108175
:1089F00072B60021002C13D003889C4210D8641E4C
:108A000041680D4606D000260D462D68761CB7B28B
:108A1000BC42FAD82C68446000242C609A1A028068
:108A200062B60846F0BDC046FFFF1F0000010029E6
:108A300000D00830C0B27047BCB5002421462046A3
:108A40000D460094C0B2214622462346DBF76FF95B
:108A5000C21C691C0120002AF2D1E8B2BCBDB0B52D
:108A600094B004464178012529403E306A46F5F726
:108A70008BFF00280CD1694650222046E2F7B1FC5A
:108A8000002808D06946487828403E3100F075F843
:108A90006078102801D2002002E0204600F09DFD01
:108AA00014B0B0BDF0B59DB00193009202900CAE31
:108AB000102403940125204F304622462B46B84708
:108AC00030461030009922462B46B84730462030B9
:108AD000019922462B463C46B84730463030229911
:108AE00003222B46B8473320239931543046343083
:108AF000249906273A462B46A0473046333025991D
:108B0000C17130463B3026993A462B46A04704AF08
:108B100038460299039A2B46A047412108AC3046BB
:108B20003A462346FCF7C4FF27982146039A2B4672
:108B3000014CA0471DB0F0BD69E70510F8B514461B
:108B40000D46064600F054FD671C204600F056FD19
:108B500000280BD1062228463946E2F742FC0028BD
:108B6000F3D12078B042F0D10020F8BDB320F8BD99
:108B700080B50220DBF742F980BDF0B595B00C4618
:108B80000546FDF74BFE01AE3E36B32701A8FDF7C3
:108B90004BFE002810D1062230462146E2F721FC88
:108BA00001A9497801220A40AA42EFD10028EDD15B
:108BB000FFF7DEFF0027E9E7F8B215B0F0BDB0B56A
:108BC000F4F7FCFE002811D0044600252946F4F7EE
:108BD000FBFC00280BD0A17AF12905D1A17BCA07A3
:108BE00002D0890700D50020054600E0022528466E
:108BF000B0BDF0B583B002910646002A08D0002E21
:108C000033D090B2202806D33668203A1004F6D12B
:108C1000002E2AD00022002B019320D000271D46D1
:108C200090B21F2814D820218C1AA1B2AAB2914266
:108C300000D32C46A2B2B9B2029B59183018001DBD
:108C4000E2F7CFFB00280FD12D1BE719002200E02F
:108C5000203A280404D03668002EE1D100E0002735
:108C6000B8B2019B1B1A00E00346184603B0F0BDE2
:108C700010B504460821F0F7D3FC044909686022C6
:108C800000238B52486660314C8010BD601B002071
:108C90001CB51F2903D801AA1180406805E040686F
:108CA00001AC2246F0F78EFC2188401800791CBDEB
:108CB000FEB5029315460022884223D80C46164979
:108CC0000F686021795A00291CD000920191FDF7AC
:108CD000C1FC06462046FDF7BDFC0199491E8142B4
:108CE00000D3014689B2B2B28A420DD8786ED30061
:108CF000C45CAC4204D1C0184368029CA34205D0B6
:108D0000761CF0E71046FEBD0098FEBD03498A427E
:108D100000D10020FEBDC046601B0020FFFF000008
:108D200010B50446FDF796FC0649884207D0C200FC
:108D3000054B1B685B6E9A185288A24200D0084609
:108D400010BDC046FFFF0000601B002080B500F092
:108D500067FC408880BD80B58022825A920708D483
:108D6000803081711520EBF7B5F8DAF77BF8002039
:108D700080BD3A2080BD0000C01CC0B2042802D3D0
:108D80007E20C04302E0C1000148C840C0B2704725
:108D9000B3B7B40010B50A48046838342468002C0E
:108DA00009D02046FDF7C4FB1E2802D04021084010
:108DB00003D01C34F2E7002010BD012010BDC046D6
:108DC000601B0020E0B501A8022101800090002076
:108DD000044B01460246F5F7FDF986384142484109
:108DE0008CBDC0466B21071070B5084D2868846B98
:108DF000002C0AD0E669286838302146F0F7CCFB11
:108E00002046F0F7A6FA3446F2E770BD601B00205A
:108E1000FEB50D460446FDF751FD002834D0AC42A6
:108E200032D80646A0422FD32046FFF779FF0446EA
:108E30001648844228D0AE4200D32E463046FFF773
:108E40006FFF13490F686026B95B4A1E824217D92B
:108E50000190054602948BB26D1CAAB29A420DD2C3
:108E6000796EA0B2C0000818D20089180822E2F773
:108E7000A1FA07480768B95B641CECE7029C0198FB
:108E8000C243A2185118B953FEBDC046FFFF0000EF
:108E9000601B002010B504460846FDF7DBFB0849BF
:108EA0000968496E82B2D2008B5CA34205D0421E93
:108EB00000041046F6D1002010BD881810BDC04631
:108EC000601B0020F0B585B014460D46F5F7CAFAD0
:108ED00006460020002E12D07188A9420FD86F4696
:108EE00030463946F5F7D0FA2046394600F0C2FB45
:108EF000002803D03046F5F723FCE9E7304605B0FB
:108F0000F0BD000070B58AB0054605A810A1142276
:108F1000DBF77CF92878FE2101400024022914D1D6
:108F20002846F5F70DFC054600280ED028780228C3
:108F30000BD06E4628463146F5F7A6FA05A831460D
:108F400000F098FB0028EBD12C4620460AB070BDFB
:108F5000FB349B5F800000800010000002290000AD
:108F600010000000F0B585B0154601910146047867
:108F7000002702230E20032C1A463E4612D30BD0A4
:108F8000042C58D1486801788C07C9078A0F002C37
:108F900000D54C32411C02E04868411C0278801C1C
:108FA0000E780778012D03D110461840184642D09C
:108FB0000320032D02D1082111403CD0042D02D101
:108FC0000421114037D0052D02D140210A4032D072
:108FD00004A903AA02AB019C204600F062FB022810
:108FE00002D1002F0FD125E0012D00D0FF08052D63
:108FF0000BD104A80078022805D102A80078022825
:1090000014D1002013E00E2015E00020002F12D014
:1090100003A90978FA0703D0032901D205200AE041
:109020007A0708D5022908D20F2004E00520012183
:109030000F4000D1384605B0F0BD2046314600F063
:1090400056FBB62801D00020F5E70C20F3E7BCB5AD
:1090500014464068202904D301AD2A46F0F7B2FA3D
:10906000298840180471BCBDBCB51446406820294D
:1090700004D301AD2A46F0F7A5FA298840180471F7
:10908000BCBDF0B589B00E46F4F798FC002825D099
:1090900005461C3005A90091FCF786FD74882B4617
:1090A0006833271DB9B204223046F9F7DEF8FAB268
:1090B00001AF009831463B4600F029FB08372046B7
:1090C000083081B2082230463B46F9F7CEF80C341E
:1090D0007480A86E401CA866002000E0022009B041
:1090E000F0BDB0B514460A4605468089401C81B2E1
:1090F0002846F0F72FFAA889C01C81B228462246DC
:10910000F0F728FAB0BD10B50C46C3688989007A1B
:109110004200481C81B22046F9F7A7F810BDF0B50F
:1091200091B01F4603920291014600260C960B96C1
:109130000A9609960DA810220092E2F73BF9012445
:1091400016980190380421D0A1B205AD02982A46A4
:1091500000F079FB0DA909AA2846049200F081FBD2
:10916000B8B210283D4600D3009D681E8008401C00
:10917000C3B2B6B20398801901998A19049900F014
:1091800080FB7F1BA8B23618641CDBE711B0F0BD72
:10919000F0B59FB01C460792099101460026129631
:1091A000119610960F960E960D960C960B961BA880
:1091B00010220192E2F7FEF82599080A069013A8FA
:1091C000821C0592401C04900894200A03900A9186
:1091D000481E0009C01C24990291C5B23746F8B256
:1091E0000021854242D916911591149113910128BD
:1091F00013D0002820D113AC492020700D220498F0
:109200000999E2F7D7F80A98E0730698A07317A8AF
:1092100010222146E2F7CEF821E013AC0021102203
:109220002046E2F7D1F8089A6270039820700598FA
:109230000799E2F7BFF80CE0B0B2029909180A9A50
:10924000141A102C00D3019C13A82246E2F7B2F89E
:1092500036190BA813A917AA042300F012FB17A8AC
:109260001BA90BAA00F0FDFA7F1CB8E713AC099804
:10927000224600F0E8FA1BA90FAA204600F0F1FAF6
:109280000B990F9848401FB0F0BD000008490968CD
:1092900034310968002907D00A89824202D14A89FB
:1092A000042A01D11031F4E7484248417047C046D2
:1092B000601B002080B5FFF782FC4142484180BD21
:1092C000B0B54843C408A4B29C420ED8049B0725FD
:1092D00028402025691A0025ED43CD402A408240D0
:1092E0008540185DA84310431855B0BDF8B51C461D
:1092F00015460F46F4F762FB002816D00646811C7F
:1093000006222846E2F756F8707869460870002F62
:109310001FD000281DD0012809D1F1798A09012028
:10932000022A16D8402903D213E00220F8BDF179B1
:10933000C0200840402808D1694630462A4600F03F
:10934000AAFA002803D08120F8BD8620F8BD68461F
:10935000007820700020F8BDF0B585B01E46174695
:109360000D46044602AA08462146FFF7E7FB0028FF
:109370000BD10498B84206D1BAB20C203146DAF7C4
:1093800023FD002816D0FFF7F3FB019602AE3570DF
:10939000701C06222146E2F70DF804973046019929
:1093A00000F090FA002805D0064628462146FFF72F
:1093B000E4FB00E00026304605B0F0BDBCB5144625
:1093C0000D46FDF7A7F9696889698B88896800915E
:1093D00003210C4002212246FFF772FFBCBDB0B54D
:1093E00098B01C46154601AAF5F7CEFA002816D10A
:1093F00001A94A78012010403E3115AAFFF79EFBD3
:10940000002801D0B3200AE029681798884201D9C2
:10941000872004E0286081B2204600F05FFA18B08F
:10942000B0BD80B5818900F064FA80BDBFB5044647
:1094300000F070FA0546002806D10E48014600F0FB
:1094400069FA0546002802D02878022801D20020B7
:109450000DE003A902AA01AB204600F022F9002882
:1094600004D1287802A909788142F0D2C02004B042
:10947000B0BDC046FFFF0000F8B50546C00621D4C8
:109480000E46134800685221405C002400071AD59C
:10949000174600930F4800686907C90E4018006915
:1094A000142203232946EEF73BFE00280DD0014687
:1094B0000098C8604F810E81074848602846EEF743
:1094C0008FFE00E086242046F8BD0724FBE7C04657
:1094D000F41A0020581B0020312C0710F8B505465F
:1094E000C00621D40E46134800685121405C002478
:1094F00040061AD5174600930F4800686907C90E41
:1095000040180069102203232946EEF709FE0028BF
:109510000DD001460098C8604F810E810748486011
:109520002846EEF75DFE00E086242046F8BD0724BD
:10953000FBE7C046F41A0020581B0020352D071009
:10954000F8B50546C00621D40E46134800685121DF
:10955000405C002480061AD5174600930F48006827
:109560006907C90E401800690F2203232946EEF748
:10957000D7FD00280DD001460098C8604F810E81AC
:10958000074848602846EEF72BFE00E08624204678
:10959000F8BD0724FBE7C046F41A0020581B002042
:1095A000E9F2061010B5521E1F2313439AB2531C42
:1095B0009AB29A4201D000220DE053090A460021D6
:1095C000541864684450091D2029F9D111682030CD
:1095D0005B1E1C04F2D1104610BDE0B50146002010
:1095E000009050220346DAF774FBFFF7C5FB8CBDF1
:1095F0000148002101707047881B0020BCB503465C
:10960000064D28780C210091012400222146DAF72A
:109610008EFB2C70FFF7B0FBBCBDC046881B002042
:10962000F8B5047802252146294302291ED1FDF709
:1096300097F80F49096860228B5A401C82B29A42FF
:1096400010D2002C08D0022CF7D1D7004E6EF75D57
:109650002F43022FF1D106E0D7004E6EF75D002FA9
:10966000EBD100E04E6ED00080190838F8BDC0463E
:10967000601B002080B5027C0B7C9A4206D1202A18
:1096800007D0102A09D18989808908E00020C043C9
:1096900080BD1022E1F7A5FE80BDC968C068401AF0
:1096A00080BDF8B51C4616460D4600212970117084
:1096B0001970F4F783F9002817D0074601212970A3
:1096C000807AF12810D1009100213846F3F7CBFCC5
:1096D0003070012809D102202870F97A4907890FD2
:1096E00000D10098207000E031700020F8BD10B566
:1096F0000C46F4F763F9002805D0817AF12902D1EC
:10970000007CA04201D2B62010BD002010BDF0B5F3
:1097100095B0019317460391002514951395129562
:10972000119511A90DAC04902246FEF755F80F20B3
:109730000290265609A9204600F0FEF8002E67D4B4
:1097400009A80299445605A900F0F6F8002C6CD43B
:1097500011A8002410222146E1F736FEFDB2112D9A
:1097600021D3201D81B210220DAB0398F8F769FDBB
:109770000020102807D00DA9095C11AA135C4B40EA
:109780001354401CF5E711AD0DAE0498294632463E
:10979000FEF722F8102228463146E1F70BFE103F73
:1097A0001034A4B2DAE7102D08D1201D81B21022A6
:1097B0000DAB0398F8F745FD09A814E00DA80021AA
:1097C0001022E1F701FE380608D00DA8431B103324
:1097D000201D81B203982A46F8F733FD0DA8401BDF
:1097E0008021C17305A8019A0021102909D00DAB71
:1097F0005C5C435C634011AD6C5C5C406C54491C28
:10980000F3E711A90498FDF7E7FF002015B0F0BDBC
:1098100011A8872101700F2D92D009A8415D11AACE
:10982000525D4A4042556D1CF5E711A88721017031
:1098300000200F288CD005A90A5C11AB1B5C53409B
:109840000B54401CF5E7B0B514460D460146012007
:109850001070501C0D22E1F7ADFDE573280AA073CE
:10986000B0BD70B514460D46064600F07AF80023E8
:10987000304629462246F9F7B5FD204600F071F83A
:1098800070BDB0B5002B05D010C920C8654020C2FE
:109890005B1EF7E7B0BD70B594B014460E46417834
:1098A000801C6A46F5F770F80546002807D10020AD
:1098B000307069463E3106222046E1F77BFD28469E
:1098C00014B070BDE0B50B46014600890090012040
:1098D0000C22DAF7FEF9FFF74FFA8CBDE0B503462C
:1098E0000091022001210C22DAF721FAFFF744FA55
:1098F0008CBD1CB51F2903D801AA1180406805E062
:10990000406801AC2246EFF75DFE218840180079DF
:109910001CBD0000074A126858321268002A07D09E
:109920009388834202D153888B4201D00832F4E7F6
:1099300010467047601B002010B5027852000A7074
:10994000491C00220F2A0BD083185B785B008B54D4
:109950008456002C02D5012423438B54521CF1E77A
:1099600010BD10B50F210246072906D0435C1478BC
:1099700044541370521C491EF6E710BDB2480068EB
:10998000802189010840704700B5B049096801404D
:10999000814201D1012000E0002000BD81B0AC492E
:1099A0000A6802430A60096801400091009901B009
:1099B000704700B5A64909680140814201D10120E4
:1099C00000E0002000BDA2490A6882430A60704797
:1099D00000B5CC4909680140814201D1012000E075
:1099E000002000BD00B5C84909680140814201D18D
:1099F000012000E0002000BD38B5040080204000B8
:109A0000FFF7D7FF002805D040228021C90520009C
:109A100000F068FB0120FFF7CCFF002805D064228E
:109A20008C492000443000F05DFB0220FFF7C1FFAD
:109A3000002805D0642288492000A83000F052FB9D
:109A40000420FFF7B6FF002806D064228349862051
:109A50004000201800F046FB0020B821490060506B
:109A60008025ED012800FFF7A4FF00280BD0BA20C5
:109A700040002058002806D10120B821490060503C
:109A80002800FFF7A0FFA1480068206431BD10B591
:109A900004008020C001FFF79BFF002805D024228E
:109AA0009B492000E43000F01DFB1020FFF790FFE1
:109AB000002805D05822974920008C3000F012FB76
:109AC00080204000FFF784FF002809D0FFF756FFF1
:109AD000002805D13022904920005C3000F002FBC4
:109AE0008020C000FFF774FF002805D03022C24953
:109AF00020002C3000F0F6FA80208003FFF768FF8A
:109B0000002805D02C228221C905200000F0EAFAA5
:109B100010BD10B504000120FFF764FF10BD10B5A3
:109B200004000120FFF730FF00280DD020229121F2
:109B3000C905CE204000201800F0D4FAA022AF4979
:109B40002000FC3000F0CEFA8020C002FFF71CFF9E
:109B5000002805D08822AA492000743000F0C2FAFB
:109B600080204002FFF710FF002802D0A5480068BF
:109B7000206780204001FFF707FF002805D018224A
:109B8000A1492000583000F0ADFA0420FFF7FCFE98
:109B9000002805D02C229021C905200000F0A2FA4F
:109BA0000820FFF7F1FE002805D02C22974920005D
:109BB0002C3000F097FA96480068DE21490060508A
:109BC00094480068E0214900605020480068E22184
:109BD000490060504B480068E4214900605010BDC6
:109BE00010B500218C4A1268503A13680C00E4B298
:109BF000A4000351491C121D0B00DBB2142BF4DB33
:109C000010BD00B585490968016085490968416052
:109C100000210A00D2B2082A0BDA824A0B00DBB21A
:109C20009B00D2580B00DBB29B00C3189A60491C02
:109C3000EFE77D4A126882627C4A1268C262D24AA9
:109C40001268026300BD0000080040485000404810
:109C50005400404800200040005000400060004098
:109C600070B5040080204000FFF7A3FE002805D057
:109C7000402221008020C00500F034FA0120FFF7C7
:109C800098FE00280CD0666C606C012188436064EB
:109C9000674D642221004431280000F023FA2E6031
:109CA0000220FFF786FE00280FD0A8202658A82003
:109CB000205801218843A8216050A94D6422210029
:109CC000A831280000F00EFA2E600420FFF771FE84
:109CD000002813D0862040002658862040002058B7
:109CE00001218843862149006050A84D64228620C6
:109CF00040002118280000F0F5F92E60206C03497F
:109D0000086070BD580040486000404804100040A2
:109D100000700041006000410050004170B5040037
:109D20008020C001FFF754FE002815D0E4202658FB
:109D3000E420205840218843E4216050944D0C22B7
:109D40002100E431280000F0CDF914222100F43183
:109D5000A34800F0C7F92E601020FFF739FE002855
:109D600005D0582221008C319E4800F0BBF980209C
:109D70004000FFF72DFE002814D0FFF7FFFD00285C
:109D800010D1E66DE06D01218843E065A44D2422E9
:109D900021005C31280000F0A5F988202058A14955
:109DA00008602E608020C000FFF712FE00280FD050
:109DB000E66AE06A01218843E0620F4D2422210017
:109DC0002C31280000F08EF9A06DAC4908602E609F
:109DD00080208003FFF7FCFD00280CD02568206858
:109DE0000121884320608226F605202221003000D0
:109DF00000F078F9356070BD004000410000704807
:109E00000000604800003048000020480000104872
:109E100030004048380040480000041008ED00E0E1
:109E200000E100E000E400E020ED00E010E000E0F0
:109E30000020004010B504000120FFF7D3FD10BD45
:109E400010B50400DE20400020588D490860E02055
:109E5000400020588B490860E220400020588A4981
:109E60000860E42040002058884908600120FFF77E
:109E70008BFD002826D02022CE20400021189120E2
:109E8000C00500F02FF900208021490060508A2190
:109E9000490060509421490060509E214900605063
:109EA000A82149006050B22149006050BC214900FE
:109EB0006050C62149006050A0222100FC31744846
:109EC00000F010F98020C002FFF75EFD002805D0E9
:109ED0008822210074316F4800F004F9802040028C
:109EE000FFF752FD002806D0D02040036A490860E1
:109EF000206F6A49086080204001FFF745FD002877
:109F000005D0182221005831654800F0EBF80420F4
:109F1000FFF73AFD00280ED0206A62490860606AA7
:109F2000614908606069614908602C222100902025
:109F3000C00500F0D7F80820FFF726FD00280ED056
:109F4000E06C5B490860206D5A490860206C5A49F2
:109F500008602C2221002C31584800F0C3F810BDB5
:109F60000050004000B50021554A1268503A0B00DD
:109F7000DBB29B00C3581360491C121D0B00DBB2FF
:109F8000142BF4DB00BD000014E000E00060004092
:109F90000070004130B501684A4A116041684A4A80
:109FA000116000210A001300DBB2082B0BDA13004A
:109FB000DBB29B00C3189B68444C1500EDB2AD00AA
:109FC0006351521CEFE7836A414C2360036B414CA1
:109FD0002360414B1960C16A404B196030BD0000DD
:109FE0001070004100600041F7B504001F00089D9B
:109FF000099E00203A4988602000FFF7FDFC019887
:10A00000FFF745FD0298FFF784FD3800FFF787FD55
:10A010003000FFF7E5FD2800FFF7F3FDF7BD000076
:10A02000005000412C500041F7B504001F00089D6E
:10A03000099EB82040002058002807D00020B821F1
:10A04000490060508020C001FFF7A8FC24488068C8
:10A05000002811D03000FFF785FF2800FFF79AFF96
:10A060003800FFF7EDFE2000FFF7FAFD0198FFF73B
:10A0700055FE0298FFF7DEFEF7BD00002C400041C0
:10A0800030004048380040485000404858004048A0
:10A090000000704800006048080030480000304868
:10A0A0000000204820000048240000481400004818
:10A0B00020001048240010481400104800001048E8
:10A0C0000000041008ED00E000E100E000E400E022
:10A0D00020ED00E014E000E018E000E010E000E017
:10A0E0000400002030B500239408A34205D29C0050
:10A0F0000C599D0044515B1CF6E730BD0148804778
:10A10000014800470D62051099A50610B5490A6877
:10A1100001239A4302430A6070478E480168B24A9D
:10A120000A400260704781B28B4A1160010CAF4A4D
:10A1300011607047AE4801680800C005C00F704745
:10A1400086490A6882430A60AA490A6882430A600B
:10A1500070478348016808008003C00F7047000003
:10A1600080B57F4800688003FBD5BC4801680222A7
:10A170000A430260002100910099062904DA00BF19
:10A180000099491C0091F7E7016804220A43026024
:10A1900001BDB248016808000007C00F7047704851
:10A1A000016810220A43026070476D480168080088
:10A1B000C006C00F70476A48016808008006C00FDB
:10A1C00070476748016804220A4302607047644888
:10A1D000016808004007C00F704761480168080027
:10A1E0000007C00F70475E4801689D4A0A40026040
:10A1F000704700B59B4909680140814201D10120A7
:10A2000000E0002000BDFEB5032000F04DF9002461
:10A21000794D200028706E1C20003070AF1C20008B
:10A220003870FFF7B6FF002801D001202870FFF733
:10A23000BCFF00280BD00120307080214901012093
:10A24000F6F708F9802189010120F6F703F9FFF7F5
:10A25000BEFF002801D001203870032000F025F94E
:10A2600081480121BA2252008150804901918049E0
:10A270000091804B804A8149FFF7B6FE029402A804
:10A28000EBF708FF7E48FFF74EFF0020FFF73EFF89
:10A290007C48016804220A430260052000F004F9AA
:10A2A000F6F70CFDF7BD1CB5534C6078012805D1BD
:10A2B000C0208001FFF744FFFFF771FFA07801285D
:10A2C00001D1FFF77EFF6F480168042291430160CE
:10A2D0006648019066480090664B674A6749624845
:10A2E000FFF7A2FE052000F0E0F8042000F0DCF803
:10A2F000FFF713FFFFF72DFF0028FBD02078012880
:10A3000003D1FFF72DFFFFF76EFF6078012803D11F
:10A31000FFF751FF0028FBD0A078012803D1FFF7F9
:10A320005CFF0028FBD00120FFF763FF002803D06B
:10A33000554800680F28FBD054488068002801D099
:10A34000EBF700FFFFF7F6FE0028FBD0042000F03B
:10A35000ACF813BD04005048100050482800504885
:10A36000000040481FB5002000F09EF80020224C5D
:10A370000100217001006170A070FFF70AFF002842
:10A3800001D0012020700021C0208001EBF74FFE9A
:10A39000002000F08AF834480124BA2149004450D2
:10A3A0003249019132490091324B334A3349FFF728
:10A3B0001BFE3348FFF7B7FE029402A8EBF76AFED4
:10A3C0000020FFF7A3FE2F48016804220A43026021
:10A3D000022000F069F8F6F771FC022000F065F841
:10A3E0001FBD000000005048FFFEFFFF380050482E
:10A3F000140050482C005048301B0020E0B5214884
:10A4000001680422914301601848019018480090A7
:10A41000184B194A19491448FFF706FE012000F0AD
:10A4200043F8FFF77AFEFFF794FE0028FBD01848A8
:10A430000078012803D1FFF793FEFFF7D4FE1348FD
:10A440008068002801D0EBF77DFEFFF773FE00283F
:10A45000FBD0012000F029F807BD000008004048AB
:10A46000FFDFFFFF60004048900F0020C017002072
:10A470007C190020C00D00202C1B00202812002079
:10A48000FFFFFF0010ED00E0101800600400002046
:10A49000301B002080B500F009F8EBF7F4FD01BD9A
:10A4A00080B500F00BF801BD7047704702480168A5
:10A4B000022291430160704710E000E00248016809
:10A4C00002220A430260704710E000E0034801687E
:10A4D000034A127889180160704700BF441B0020AE
:10A4E00073050020C16908008006C00F7047406AEC
:10A4F000C0B2704780B5F5F7E5FC01BD80B5F5F752
:10A50000E1FCFEE77047704780B5FFF7DFFF01BD54
:10A510001CB51D4C2000FFF7E5FF012808D12000E5
:10A52000FFF7E5FF6946087001216846DEF7B9F8D4
:10A530000F201649086013BD80B51548E0F71AF9D9
:10A5400001BD80B5DCF7BDF801BD80B5DCF7BFF813
:10A5500001BD80B5E0F72AFC01BD80B5E0F758FCED
:10A5600001BD80B501219020C005EBF7D5FA01BDF2
:10A5700010B5084C20212000EBF7CEFA8021C9014C
:10A580002000EBF7C9FA10BD004000412040004117
:10A59000E81A0020000010480548014603B4684648
:10A5A00080F3098800BF00BF00BF00BF00F002F8C1
:10A5B000A5EDF5FE00F00DF8002801D000F00CF834
:10A5C00000BF00BF002000BF00BFD9F7C6FC00F0ED
:10A5D00017F801207047000010B507497944183179
:10A5E000064C7C44163404E0081D0A688918884724
:10A5F0000100A142F8D110BDD08C00000C8D0000EC
:10A6000080B500F001F801BD07463846FCF7FCFEB6
:10A61000FBE70000F0B58FB00446F0F74DF8069068
:10A620008B4D2868E9F7C3F906462868E9F7C7F9AA
:10A630000546D027E05D2C214143864A1268511817
:10A64000897D142903D10A21032200F00BF9204649
:10A65000B43007900894DB340594002E39D00025DF
:10A660000E950D95069C2078C0090DA908707A48B2
:10A670000068C05D0390481C21460831062632461A
:10A68000E0F798FE0C9504950B9520784006C00FD6
:10A690000BA90870481CA11C3246E0F78BFE2078FD
:10A6A0000F260640052E01D1E0F73CFF079FFB7BFC
:10A6B0003A79049C029409AD019508988430009081
:10A6C0000BA83146DAF723F841087E2908D801465D
:10A6D00007E001260024002D5AD0089D079F5AE06C
:10A6E00001212970089D696F0A680D9B9A422DD13E
:10A6F00049680E9A914229D10446FF3C611E8C4163
:10A70000032E23D1FF2821D0B888012480071DD52E
:10A71000039801281AD12846E9F765F9787E0128BF
:10A7200009D178894D49884205D009AA1178C0B26B
:10A73000521C00F0A5F8387FE9F77FFB012005994E
:10A740000870284600F0CEF8002624E0B888C0073C
:10A750001AD0052E18D1069800F0E0F8012813D180
:10A760000A990998FEF73CF84142414121400129EC
:10A770000AD10398012807D109AA28460699DAF7D1
:10A780002DFA0126002406E000243C80012602E088
:10A79000079F3C80089D3988B87F002822D0002977
:10A7A00022D1401EB877B88803210140481E81415C
:10A7B00048003880284600F013F90146387FE9F751
:10A7C000DAFA387FE9F739FB2846E9F78AF9E0F742
:10A7D000A9FE002005990870284600F083F8E0F7EC
:10A7E000ACFE2AE0002919D019480068E9F7E7F81B
:10A7F000002822D02846E9F774F9787C012801D096
:10A80000174900E0462114352846E9F79FF93888B2
:10A81000401E3880E9F77DF800260EE0E0F782FE62
:10A820002846E9F75EF9F888401EF880002128469E
:10A8300000F01EF9387FE9F75FFB002C02D0388862
:10A84000401E3880FAF74DFB30460FB0F0BDC046D1
:10A850004C1B0020FC1A0020F41A0020FCFF000012
:10A86000EE02000010B51F231A402C244443034875
:10A870000068001982751940417510BDFC1A00204E
:10A88000F8B50E460546154800683D21415C89062D
:10A8900022D53D30C07A40071ED5144610480068C6
:10A8A0004069A1212B220323EDF73AFC002813D0A5
:10A8B0000746467205720A3006222146E0F77AFD05
:10A8C0001320F8710920B8713E2078710420387186
:10A8D000A1203946EDF784FCF8BDC046F41A0020EB
:10A8E000581B002070B50446C520205CEFF78EFD94
:10A8F00005462646C536F07A2946E9F7AEFAF07ADB
:10A900002946E9F774FAE9F704F8EFF739FC02464B
:10A91000B07D214600F08CF970BD0000F0B587B025
:10A920000446007E617E09020E18721E082A00D3BA
:10A930000822A07E0490E07E0390607D0121274FD5
:10A940000191B8470546A07DE17D09020818002164
:10A9500006913246B8473346029606462E431920E2
:10A96000C201062118460592B8473B4605463543C5
:10A970000398000204994718FF22F43238460699DA
:10A98000984706462E43781C02994843800881B2B6
:10A990000A2900D80A21207F627F12021018059A26
:10A9A0000E4DA84706432320215C1F2008400521A7
:10A9B0001022A847304301D006980CE020462230F0
:10A9C0000078C00606D11E202228F5D0215C401C4C
:10A9D0000029F9D0019807B0F0BDC046AF7206104B
:10A9E000FEB50446C220275C01253D40BA07D00FC2
:10A9F00028187907C90F4018401EC0B2C234267CFF
:10AA0000B0420FD1019201200290FAF70BFC012E07
:10AA10000AD0022E0ED1C0B20621E8F79CF912A08E
:10AA2000405C12E0607C11E002990840002D04D1E6
:10AA30000CA108E0B808381A07E00199002901D4F0
:10AA400007A100E005A10818007860747100C2B287
:10AA5000CA40032010402430FEBDC0460609000055
:10AA6000070D00000B0E00001B1E272D36390000BD
:10AA7000F0B58FB00746D020385C2C235843684A85
:10AA800012681018807D3C4694343A46B4320592E0
:10AA90003E46D6361428049602930AD1E0F721FDEB
:10AAA0000546FAF73FFA059B28183230A0600125C9
:10AAB0001BE0A268561800253046114600F02AF91E
:10AAC000002805D0F86FA1680A18A2606D1CF3E792
:10AAD000059B9888000708D40120EFF74AFB059BE7
:10AAE00050490140A0684018A060988803210140A7
:10AAF000481E814148001880987B0122014601923E
:10AB000011408207D20F89184007C00F0818401E55
:10AB1000987738461E46FFF763FF0146307FE9F716
:10AB20002AF9307FE9F789F90020039004994871E8
:10AB300038462830F1F74CFE064638463C30F1F7EF
:10AB400047FE002E049E02D03179C90704D10028A7
:10AB500005D03079800702D53846FCF7B4FCA168EF
:10AB60002068059BDA88002A02D1DA7E012A03D008
:10AB700088424CDA00284AD0987E002847D098882E
:10AB8000000720D50DA80090039981800D9106A89B
:10AB9000019A42763C228276FF228275C181224A46
:10ABA00082827A6F137A03768181C175009B079345
:10ABB000093206920A910893F9F7DAFC3078800797
:10ABC00001D5D9F7B1FE022000F0A8F8012819D16B
:10ABD000059BDA88002A01D03C2000E04320019048
:10ABE000124800680299405C0001C0431946A12345
:10ABF0000343B12018400B7A9A1AD3B28A7A01998A
:10AC0000FAF746FB3846FAF77DFBA168059B187FEB
:10AC1000EFF78EFC0398707128460FB0F0BDC04668
:10AC2000FC1A0020FF0F0000FFFF0000541B002053
:10AC3000F8B514460D4606460F46B8370420002ED8
:10AC400001460DD139884A0707D4032211404A42F0
:10AC50004A41022903D0510002E0012100E006210F
:10AC60002170002E07D13988014004D12E20285CA4
:10AC7000801D60700FE0002E04D02846423000781E
:10AC8000801D00E00C20607020460830696F09319B
:10AC90000622E0F78FFB696FA01C491C0622E0F733
:10ACA00089FB20782F2101402170686F0078C00750
:10ACB000400E40182070696F097AC9010818207089
:10ACC000F1F724FB21784001084320707142714163
:10ACD0003888042202409008084001D1082700E08B
:10ACE0000E27002801D00C2011E0002E01D03C20BE
:10ACF00000E028202958002E01D0422000E02E201C
:10AD00002D5AE0192A46E0F755FB7819801E60702D
:10AD10000020F8BDC0434018C00F704703490968C0
:10AD20003522895C0840411E88417047541B002031
:10AD300010B504460A4800680069902101221346B4
:10AD4000EDF7EEF9002804D0014644609020EDF7BD
:10AD500047FA044800688821425C521C425410BDE6
:10AD6000581B0020F41A0020FEB53D4D2868103015
:10AD70000021062905D004C8528801AB5A52891C0B
:10AD8000F7E7EFF3108072B62868046800270760C1
:10AD900062B6E00702D0002000F066F8A00702D5F6
:10ADA000012000F061F8600702D5022000F05CF895
:10ADB000200702D5032000F057F8E0064AD504200A
:10ADC00000F052F846E0780001A90E5A0097BF0043
:10ADD0002868C019006901880288B2422AD089080F
:10ADE000891C89004418A17803220A40012A02D054
:10ADF000002A03D11EE0817A08300446480603D4B5
:10AE00002046F7F729FE0AE0E078132807D28000F1
:10AE100014490A58211D20469047002805D128686A
:10AE2000C019006921880180D5E70020E9F752F8B0
:10AE3000D8F718F8EFF3108072B62868C0190069C7
:10AE400041880288914202D100210180418062B68E
:10AE5000009F7F1C032FB6D100F014F8FEBDC04642
:10AE6000581B0020B42A0410E0B501AAD0700120BC
:10AE7000907010205070042111701046F4F7D3FD2B
:10AE80008CBD000010B586B01548046802A801A961
:10AE90006A4600F027F800281FD002A80178608ACF
:10AEA000C840C00719D0019A009B03A808248470E9
:10AEB0001C0EC4721C0C84721C0A44720372C27190
:10AEC0008171FF21417082210170002141710422B2
:10AED0000271C1700C21F4F7A6FD06B010BDC0468A
:10AEE000F41A002070B503460A480468EFF3108096
:10AEF00072B6207D00252575257C0F262E401E70FC
:10AF0000237C1B090B70E1681160411E884162B609
:10AF100070BDC046F41A0020F0B587B0314804680F
:10AF200006A9049100200190087005AE0120307040
:10AF3000F4F70CFD5D200394275C781E3D468541A7
:10AF40002020384044420290444104983146F6F7AC
:10AF500067FB002F01D101283ED12C4038D105A834
:10AF60000078002834D0039C20465D30C07B002848
:10AF700034D02834029D002D03D021780020D9F749
:10AF8000FFF906A80078012802D10020D9F76DFA50
:10AF9000ECF792F8002804D100200121ECF758F9D1
:10AFA0000190002D0AD021780120D9F7E9F9002875
:10AFB00004D00198002801D0ECF772F906A80078B7
:10AFC000012809D10620E8F785FFD7F74BFF03E0FA
:10AFD00001200146ECF73CF907B0F0BD002001214B
:10AFE000F8E7C0465C1B0020B0B55C2806D10C48D1
:10AFF00004685D3400256057002800D4B0BD607837
:10B000000228FBD1557080201070C8B21146ECF7B1
:10B010008FF9657020787F2101402170B0BDC04656
:10B020005C1B0020074909685D228A5C88231A425C
:10B0300004D0723109884140080501D000207047D2
:10B04000012070475C1B0020B0B5044680880025B5
:10B05000C00501D4284606E062892189022000F05B
:10B0600027F8002800D0B0BD20896189042902D1C9
:10B07000ECF76EFCEEE7F7F79BF961892089F7F7AB
:10B08000ADF900202081094909684B6BA34205D026
:10B090001A461B69A342FBD1103201E00A46343242
:10B0A000236913600A6B22610C63B0BD601B002032
:10B0B000F8B50446C00608D40D461948006850216A
:10B0C000405C800703D4002727E0862725E016464A
:10B0D000144800686107C90E40180069572203230D
:10B0E0002146EDF71DF8002816D00146067385723B
:10B0F0000C204872022008720027CF710620887148
:10B10000FF20487182200871300A4873280AC872EB
:10B110002046EDF765F800E007273846F8BDC04641
:10B12000F41A0020581B002080B581080A480068E6
:10B130003430006800280ED042788A4201D01030A6
:10B14000F7E70121090282880A4382800720E8F795
:10B15000C1FED7F787FE80BD601B002080B5406927
:10B16000014900F003F880BD29B10610FEB5029137
:10B1700005464778006AC45DE0F7B3F9C00801905E
:10B180002046C2B2BA420DD053006E6AF35A2E78EE
:10B19000761D0199F140591A09B2012903DC286A88
:10B1A000805CEEE73846296AC855C6B22846314663
:10B1B000F9F76AF8E0B2B04206D0296A0F5C0C5485
:10B1C000029988473C46F5E7FEBD00007CB5044681
:10B1D0008068418904291AD160688189491C89B233
:10B1E000ECF72AFF0546172800D817251D4E308A90
:10B1F000854200D30546A368988800070FD41989B3
:10B2000002202A4600F030F8002814D07CBDC36824
:10B21000022000210622FBF7CBF986207CBDD888CE
:10B22000A8420ED00833422003210222EFF7FEFB92
:10B230000028EBD105E0A068C580818808220A4378
:10B240008280308A01AB587003251D70000A987007
:10B25000A068C468A18920462A46F7F706F86580E9
:10B2600000207CBD14190020F8B50446C00608D49F
:10B270000D46194800685021405C400703D4002760
:10B2800027E0862725E01646144800686107C90EA6
:10B29000401800695822032721463B46ECF740FF3F
:10B2A000002815D00146067385720C2048720F7273
:10B2B0000027CF7106208871FF2048718220087115
:10B2C000300A4873280AC8722046ECF789FF00E06C
:10B2D00007273846F8BDC046F41A0020581B002046
:10B2E00070B5234D2868866C002E40D03446366AEF
:10B2F000207801070CD44007F6D42046FCF73AF931
:10B300008828F1D10C20E8F7E5FDD7F7ABFDEBE796
:10B31000A179113902290AD3C006C017812303403D
:10B32000A2886188022000F025F80028DCD12046A0
:10B33000203029688B6CA34209D01A461B6AA342AD
:10B34000FBD103681362002B08D1203205E00A46C6
:10B35000483203681360002B00D1CA6400222262C5
:10B36000496D0C600121217029684865BCE770BDFA
:10B37000601B0020F8B50446C00628D41F461646B8
:10B380000D46154800686107C90E401800695A2229
:10B3900003232146ECF7C4FE00281AD001460673A9
:10B3A00085720C204872102008723A460027CF712F
:10B3B000072088718A73FF20487182200871300A43
:10B3C0004873280AC8722046ECF70AFF02E0862775
:10B3D00000E007273846F8BD581B002080B502481A
:10B3E0000068804780BDC04668050020F0B595B074
:10B3F00005460488EDF720FF01462046FCF7A8F833
:10B400008626002800D108E204462F882846EDF75A
:10B4100013FF01463846F2F743FF08902078FB21DE
:10B42000014021700C273846E8F754FDD7F71AFD84
:10B430002846FDF7F6FF012807D16088FFF7F2FDE7
:10B44000002860D0204600F049FA20780022010749
:10B4500057D4A379591E112900D9DEE1079249007A
:10B460007944898849008F44C50002010F01990081
:10B4700099001F01640175017C01B901A600A600B5
:10B48000B8001100B00011001100B000C00600D5D6
:10B49000A7E0A28861880A202B4600F02BFA00283A
:10B4A00000D0B4E1A079112800D1B2E1637A21691A
:10B4B0000891102800D0D0E10693A889401C81B2E1
:10B4C0002846ECF7B9FD0590A889C01C81B2284632
:10B4D000ECF7B2FD0026A2896988491F91420490C9
:10B4E00000D0CFE1384606994843089A1018806882
:10B4F000618941182846154600F02EFA069B0390F4
:10B50000C4E1164689E109A90FAA0EAB284600F04E
:10B510002EFA00282BD02846EDF71BFF0EA8007846
:10B52000122808D160880421F2F7BAFE818801222E
:10B5300052020A438280A079012804D1089B99888D
:10B540000422914399800EA909780A2908D0072975
:10B5500002D10A2800D175E7217810220A4322700F
:10B560000E2800D171E7102800D16EE76AE709A81C
:10B5700000780790A38862880FA8008821460EAC47
:10B580002478009001940C46022011461A46079B2D
:10B5900000F008FA0028BED006463EE1A288618885
:10B5A0000A202B4600F044FA002800D02FE128465C
:10B5B00000F070FAC8E0A28861880A200B2B00D046
:10B5C00020E12B4600F07CFA1FE1A288618802206E
:10B5D00000F0A8FA002800D019E12846EDF7B9FEDE
:10B5E00017E16089002800D113E1002626720F20A0
:10B5F000A07112E1A889401C81B22846ECF71CFD1D
:10B600000646172800D81726B348008A8642089FA6
:10B6100000D30646B888000714D5F888B04211D088
:10B620003B460833422003210222EFF7FFF90028AE
:10B6300000D0ECE02078102101432170B888082167
:10B640008843B8802078C00600D5FE886188022033
:10B650003246FFF709FE002800D0D8E0FE80B88807
:10B660000821014304208143B9802046DCE0A28800
:10B6700061880A202B4600F091FA002800D0C6E02D
:10B68000284600F0BDFA0BE0A28861880A202B460C
:10B6900000F0CCFA002800D0B9E0284600F0F8FA13
:10B6A0008C49884253D1B4E0284600F0FEFA089055
:10B6B00060890EA9088020460C30079009A80C303C
:10B6C00005900FA8401D06900026F7B20FAA284645
:10B6D000394600F0F1FA002800D0A1E008980728C8
:10B6E00005D109A8102101740222059803E009A8D8
:10B6F0008021017410220699DFF75CFE0EA80FA9C5
:10B700000222DFF757FE09A8079900F0F1FA002896
:10B710000DD1A28861880898009001954743B81C14
:10B7200083B2022000F014FB002800D082E0761CD7
:10B73000CBE7A28861880A202B4600F05FFB002837
:10B7400065D1284600F08CFB6189884261D2401C9B
:10B75000208161E0A28861880A202B4600F09AFBD4
:10B7600053E0284600F0A1FA064606946088FFF7E9
:10B7700059FC089002246888A3B2834253D20898E7
:10B7800001280ED1A889001981B20FAF2846324690
:10B790003B46F6F756FD5C2031463A46FFF724FC5F
:10B7A0001AE0069FBA88798800960195022000F079
:10B7B000CFFA00282BD1387F10280DD10698008BA6
:10B7C0004249884208D1069840880421F2F768FD72
:10B7D00081883F4A11408180A419CCE7A288618802
:10B7E0000A202B4600F088FB002810D10898C0885A
:10B7F000411E6888401E82B291420AD861890818A9
:10B80000608109E02B4600F0A9FB002801D08426C6
:10B8100003E0204600F062F8079E304615B0F0BD08
:10B820000EA800880AE0069800F058F82846EDF7C0
:10B8300090FDF1E70E98401E0EA90880618982B242
:10B840008A4202D2401C208102E0204600F046F8E5
:10B850002846EDF77EFD0026DFE76189089AA0897A
:10B860004018608180B25F43D11989888842D3D162
:10B87000207A401E984224D900266681607A401CB6
:10B880006072CAE7F0430390069B089D394659430E
:10B890006A5A2846059D95420BD1024641184A88AE
:10B8A00061898A18049DAA4203D1024603980028A0
:10B8B000D5D026720F20A07120781021014321706D
:10B8C000ABE7012020720F20A071A5E72A2B000012
:10B8D000FFFD0000FFFF00001419002080B5017873
:10B8E00008220A4302700C20E8F7F4FAD7F7BAFAF4
:10B8F00080BD0000F8B50546C00621D40E461348A9
:10B9000000685121405C002400071AD517460093B7
:10B910000F4800686907C90E401800690E2203230A
:10B920002946ECF7FDFB00280DD001460098C860C1
:10B930004F810E81074848602846ECF751FC00E033
:10B9400086242046F8BD0724FBE7C046F41A0020F1
:10B95000581B0020D1ED061080B50B464288818926
:10B96000491D89B2521F92B2FAF760FC80BDFEB544
:10B970000E464188052912D11C46154681890522AB
:10B9800001AF3B46F6F75DFC78783070B878F9780F
:10B99000090208182880029820700020FEBD862029
:10B9A000FEBD0000F8B50446C00608D40D461E488A
:10B9B000006851214056002804D4002700E0862763
:10B9C0003846F8BD1F461646184800686107C90E7C
:10B9D000401800695B2204232146ECF7A1FB0028F4
:10B9E00020D00146079A06980090C8730E738D7296
:10B9F0000C234B7211230B7238460027CF710A2398
:10BA00008B714A748873FF224A7182220A710098EE
:10BA1000000A0874300A4873280AC8722046ECF7F6
:10BA2000DFFBCDE70727CBE7F41A0020581B0020E7
:10BA3000F8B50546C00621D40E46134800685021CB
:10BA4000405C002480061AD5174600930F48006812
:10BA50006907C90E40180069092203232946ECF73B
:10BA60005FFB00280DD001460098C8604F810E8111
:10BA7000074848602846ECF7B3FB00E086242046E0
:10BA8000F8BD0724FBE7C046F41A0020581B00202D
:10BA900089EF0610BCB504468089401C81B220465F
:10BAA000FCF775FB6188081AA189401881B202224F
:10BAB00001AD20462B46F6F7C4FB2888BCBD00002C
:10BAC000F8B50546C00621D40E461348006851213A
:10BAD000405C0024C0071AD0174600930F48006846
:10BAE0006907C90E401800690C2203232946ECF7A8
:10BAF00017FB00280DD001460098C8604F810E81C9
:10BB0000074848602846ECF76BFB00E08624204697
:10BB1000F8BD0724FBE7C046F41A0020581B00209C
:10BB200019F00610F8B50446C00608D40D461948A9
:10BB300000685121405CC00603D4002727E0862717
:10BB400025E01646144800686107C90E40180069D0
:10BB5000592203232146ECF7E3FA002816D00146C8
:10BB6000067385720C2048720D2008720027CF7171
:10BB700006208871FF20487182200871300A4873BE
:10BB8000280AC8722046ECF72BFB00E0072738464E
:10BB9000F8BDC046F41A0020581B0020F8B5054631
:10BBA000C00621D40E46134800685121405C002491
:10BBB00080071AD5174600930F4800686907C90E19
:10BBC000401800690D2203232946ECF7A9FA002842
:10BBD0000DD001460098C8604F810E81074848602B
:10BBE0002846ECF7FDFA00E086242046F8BD07243D
:10BBF000FBE7C046F41A0020581B0020F9EE06109F
:10BC0000BCB504468089401C81B22046FCF7BFFACF
:10BC10006188081AA1894018801C81B2022201ADF6
:10BC200020462B46F6F70DFB2888BCBDF8B5054627
:10BC3000C00621D40E46134800685021405C002401
:10BC4000C0061AD5174600930F4800686907C90E49
:10BC500040180069082203232946ECF761FA0028FE
:10BC60000DD001460098C8604F810E81074848609A
:10BC70002846ECF7B5FA00E086242046F8BD0724F4
:10BC8000FBE7C046F41A0020581B0020A9EC061060
:10BC90001CB5818942885118891E89B2022201ACE3
:10BCA0002346F6F7CEFA20881CBD80B58189491C51
:10BCB00089B2FDF71EFE80BD70B514460E460546DE
:10BCC0008089401C81B22846FCF761FA024646434F
:10BCD000B01C6988884208D2A989081881B2284610
:10BCE0002346F6F7AEFA002070BD862070BD000036
:10BCF00070B58AB00C46014605AD1426284632467A
:10BD0000DFF758FB684621463246DFF753FB287CB5
:10BD1000802807D005AC0D490C222046DFF74AFBEE
:10BD20000020E0816846007C802807D06C460749E7
:10BD30000C222046DFF73EFB0020E08105A8694683
:10BD40001022DFF74EFB0AB070BDC046F933071072
:10BD5000F0B587B00546C00643D40E4624480068B7
:10BD60005221405C002480073CD5049205930C9A34
:10BD7000204800686907C90E401800691E490692EC
:10BD8000511803220A43113291088BB25C222946D2
:10BD9000ECF7C6F9002828D007460D9906980090C0
:10BDA00003910191381D3146049A059B00F008F972
:10BDB000280704D50398EDF7CCFAF72005400C20AE
:10BDC000787212203872FF207871822038710698BC
:10BDD000C01DB871000AF87128463946ECF700FA20
:10BDE00000E08624204607B0F0BD0724FAE7C046ED
:10BDF000F41A0020581B0020FDFF0300FEB5044686
:10BE0000C00624D41646134800685022805C0025E2
:10BE100000071DD51F46019102950F480068610774
:10BE2000C90E401800690725032321462A46ECF76E
:10BE300077F900280CD00146C76046810198088137
:10BE4000064848602046ECF7CBF9029D00E08625C5
:10BE50002846FEBDF41A0020581B002021ED0610D4
:10BE6000BCB504468089401C81B22046FCF78FF99E
:10BE70001121C943012800D10E3160884018A189E1
:10BE8000081881B2022201AD20462B46F6F7D9F9F7
:10BE90002888BCBDF8B50546C00621D40E46134817
:10BEA00000685021405C002440061AD517460093D4
:10BEB0000F4800686907C90E401800690A22032369
:10BEC0002946ECF72DF900280DD001460098C860EE
:10BED0004F810E81074848602846ECF781F900E061
:10BEE00086242046F8BD0724FBE7C046F41A00204C
:10BEF000581B002011F10610F8B50546C00621D4E4
:10BF00000E461348006850214056002400281AD5D8
:10BF1000174600930F4800686907C90E401800696A
:10BF20000B2203232946ECF7FBF800280DD001462D
:10BF30000098C8604F810E81074848602846ECF79A
:10BF40004FF900E086242046F8BD0724FBE7C046F1
:10BF5000F41A0020581B00207DEE0610F8B50546A7
:10BF6000C00621D40E46134800685221405C0024CC
:10BF700040071AD5174600930F4800686907C90E95
:10BF800040180069132203232946ECF7C9F800285A
:10BF90000DD001460098C8604F810E810748486067
:10BFA0002846ECF71DF900E086242046F8BD07245A
:10BFB000FBE7C046F41A0020581B002095F006103D
:10BFC0007CB51D46044602728171100A6072080A2F
:10BFD000E071079EB089C01881B2022201AB3046E1
:10BFE000F6F72FF90698801E20730199A172090AAD
:10BFF000E172B1896918891C89B20D34C2B2304628
:10C000002346F6F71EF97CBDF0B589B017460D46FC
:10C01000064600787488042845D0032877D17168D3
:10C02000086A00287DD00A7D102A74D1098A494AFD
:10C03000914270D10097012107AA08AB284600F071
:10C040008DF800286ED12888FAF764FB07AA1178CA
:10C0500007230B40059313707168096A8B683E498A
:10C06000C97A49084A1C0421049003920293FAF702
:10C0700063FB059A01461140814257D10298009016
:10C0800004210498039BFDF71BF97068006A00788F
:10C09000C0073AD02E882846EDF7CEF8024608A809
:10C0A000008807A94CE071688869002839D00A7DAA
:10C0B000102A30D1098A264A91422CD100970221B8
:10C0C00006AA08AB284600F049F800282AD106A89D
:10C0D000008805907088801E81B20220FCF7DAFE8D
:10C0E000002821D005998907890E4068007808400A
:10C0F000884219D106A8028828883146FDF75EF9E2
:10C10000706880690078C00712D100200AE003201F
:10C110003870862006E021462A463B4600F042F869
:10C1200000E0842009B0F0BDFD20F1E71320EFE727
:10C130002E882846EDF780F8024608A8008806A950
:10C140000090019102203146234600F057F8E9E7BC
:10C1500002290000292B000014190020F8B51D4603
:10C1600014460F460646FAF7E3F90E21C943D228D2
:10C1700000D00C317088081882B20699BA4205D9ED
:10C180000D20087000202880862709E000270F7006
:10C190002880B089C01C81B230462346F6F751F89A
:10C1A0003846F8BDFEB516460C46054682688188BD
:10C1B000009302AB3046FFF7D1FF002800D0FEBD50
:10C1C0002878810703D4A98802AA118001E0029986
:10C1D0006980C00701D10020FEBD37883046EDF7E9
:10C1E0002BF8024602A80088A9680090019102205D
:10C1F0003946234600F002F8FEBD0000F0B585B0D8
:10C200000546C00645D4264800685024005D002439
:10C21000C0073FD00293039204910A9E2148006810
:10C220006907C90E40180069711E03220A431132C2
:10C2300091088BB256222946EBF772FF00282CD0CA
:10C2400007460B9801903E740299B973039B3B73A8
:10C25000049ABA72300A7874080AF873180A787364
:10C26000100AF8723846123001993246DFF7A2F808
:10C270000C207872012038720A36300AF871BE71CB
:10C28000FF2078718220387128463946EBF7A8FFE5
:10C2900000E08624204605B0F0BD0724FAE7C0463A
:10C2A000F41A0020581B0020F0B587B0054602ACF8
:10C2B000274914222046D7F7A9FF0120254E3146F1
:10C2C0002246FCF7FFFD002700283CD001462868E5
:10C2D0008288520637D52A79FE2313408624042B00
:10C2E00032D000890122FAF72FFC81282BD0286850
:10C2F00081880A0625D4802739438180287902283D
:10C3000022D1288901281FD16889B0421CD1EA684E
:10C31000107C102818D190890F49884214D101202F
:10C320003146FCF7CFFD00280ED001A80780296810
:10C330000989009001200024084B2246F1F74AFFAA
:10C3400002E000F00DF83C46204607B0F0BDC046C4
:10C35000C8290410FFFF00002A2B000083210710CA
:10C36000E0B501AAC22111800189009201200022BA
:10C37000014BF1F72FFF8CBD7721071070B58AB004
:10C38000044605AD0DA1142628463246D7F73EFFD8
:10C3900068460FA13246D7F739FF20462946FFF7F6
:10C3A000A7FC002807D069462046FFF7A1FC0146FC
:10C3B0004042484100E001200AB070BDFB349B5F61
:10C3C0008000008000100000002800001000000025
:10C3D000FB349B5F800000800010000001280000FB
:10C3E00010000000B0B58AB004468088400601D431
:10C3F00000254BE009A880210180218900900120BF
:10C400000025244B2A46F1F7E5FEA18889073DD493
:10C4100000283BD104AD204914222846D7F7F6FE68
:10C4200001201E492A46FCF74DFD002812D0054682
:10C43000FCF768FD00280DD001462089FAF75DF968
:10C44000800712D4208900210122FAF77DFB0546DE
:10C4500081281BD109A84021018021890090012059
:10C460000022104BF1F7B6FE0FE00D48039001AA31
:10C47000042050806888108003A802906189208978
:10C48000009202220123FAF7D1FB054628460AB0A2
:10C49000B0BDC0466B210710DC290410FFFF00006F
:10C4A0000100FFFF7721071070B514244443144D99
:10C4B000144800684F21405C000713D52868C06A03
:10C4C000065B114800688069062202210B46EBF7E3
:10C4D00027FE002806D001460C4848600E81022045
:10C4E000EBF77EFE2868C06A011900228A718A78FB
:10C4F000F92313408B70005BFF21F6F799FC70BDA8
:10C50000641B0020F41A0020581B0020B92D0710CE
:10C51000FEB50446EBF7A2F905462C20285CFE2167
:10C52000014002295AD102942F46E6373A79D006C3
:10C5300019D4F0240192144001212846F0F77AF82A
:10C54000064600212846F0F775F8304306D00298D9
:10C55000F0F7E2F8012801D020200443019A1026C8
:10C560002643788827E0C0261D48006840214056B1
:10C5700000281CD5688F01901A4800688069422104
:10C580001446232202252B46EBF7CAFD224600283B
:10C590000DD00146019AC27185715720487104205F
:10C5A0000871100A08724220EBF71AFE2246164064
:10C5B00078883988081A0A234343EFF3108072B64B
:10C5C00038798242029902D1032006433E7162B655
:10C5D00003480068A8300122F0F737F8FEBDC046D6
:10C5E000F41A0020581B002080B5044909689422E1
:10C5F000895848310522DEF7DDFE80BDF41A00209F
:10C6000070B5FF24062A35D80546900001A21058BF
:10C610008746C04631C6061039C6061075C60610D4
:10C6200051C6061075C6061075C6061055C606100A
:10C63000012917D113241DE0002628463146F5F7BD
:10C6400075FE0822284631463346F5F77FFE11E095
:10C65000012108E00120587003201870012907D03B
:10C66000132006E000210822284600F005F801E02A
:10C6700012209870204670BDB0B514460D46FBF7E9
:10C6800017FAAA0181180B79A34204D17D235B0418
:10C69000835000208871B0BDF8B50D46044600886F
:10C6A000A189884200D308466082A08821898842F7
:10C6B00000D3084620826788E089874200D3074676
:10C6C000E782E6886089864200D30646A68230204B
:10C6D000285CEFF76FFF002826D0A9210901C27955
:10C6E000042A03D18F4200D80F46E78280790428BC
:10C6F0001AD13D200001628A92011218E08A82421A
:10C7000000D810464B2292008018EA6C074B534326
:10C710001A0A101A00D20020B04200D80646B0B261
:10C72000884200D80846A082F8BDC04671020000C9
:10C73000FEB50C469421655A028A27469037438AF3
:10C740002146303126469236AB4214D13D88AA426A
:10C7500011D1F5880295C58A0194029CA542019CDD
:10C7600009D1B5880295858A0097029FBD42009F36
:10C7700001D1002510E03A807380C28AF280828A5B
:10C78000B280828832814288B281C28872814289B5
:10C790003282C089F08101250878EFF70BFF00286D
:10C7A00004D08179042905D0012908D1B088C008B6
:10C7B0000E3810E00088022805D0012004E0B0887F
:10C7C00080080F3807E00320B188084A8918C14063
:10C7D00007480818C00882B23988914200D3014640
:10C7E00031802046F8F7C2FB2846FEBD88FEFFFFD9
:10C7F000B5FF0700FEB50090D7F760FE0546D8F7F5
:10C800007EF8C0B2C02141432806C50C0D43092063
:10C810000602D7F757FEC7B277432F43D8F70BFA74
:10C8200005033D432C4EB047C0B22C4F47432F4326
:10C830000D208506F8F73CF8C4B26C433C437320E6
:10C840004504EAF7C1F8C7B26F432743EAF7BCF8DB
:10C850000546B0472840C0B20325EC0444433C439E
:10C8600000F042F8800747422743EFF74FFD80036F
:10C8700038431B4901430191EAF7A8F8C0B20E24DE
:10C880004443EAF7A5F80006470C2743B047F921CF
:10C89000090104010C403C432E02D8F7CCF90546AF
:10C8A000754325430120C402D7F710FE0006000B94
:10C8B0000419D7F7B3FFC0B2604328436121014395
:10C8C00008480068006A0840029001A90822009800
:10C8D000DEF770FDFEBDC046DD47041000200003FA
:10C8E0001D000008F41A002000207047F0B585B044
:10C8F0001F46144605460391F5F710FD02902846A1
:10C90000EAF7ACFF611E062974D806462C30C046F3
:10C910007944097949008F4403036D2F6D345F001A
:10C920000078032866D1FC1C204600F066F8012838
:10C9300058D1387A01907F7A05222046029C214600
:10C94000F8F745FE38020199401882B23046214678
:10C9500000F06EF80024022628462146324600F0F8
:10C9600073F80123284621463246F5F7EFFC2846A6
:10C97000039900F07DF83DE0B878012836D02A21EF
:10C9800035E03146FE310A88318FC08A00F080F8E8
:10C9900004A901910880029C20462946FFF724FE45
:10C9A0000120B8700820787003203870F91C052227
:10C9B0002046F8F70CFE08370222019C2046394633
:10C9C000F8F705FE22883046029900F031F8284633
:10C9D000039900F064F80DE0022228460399FFF75E
:10C9E0004BFE07E02846F6F7DDFF03E02321304643
:10C9F00000F064F8FF2005B0F0BDB0B50146007945
:10CA00001F2811D8002002460346252A0FD00724EC
:10CA10001440D5084D5DE540EC0703D05B1CDCB24B
:10CA2000022C03D0521CF0E70020B0BD0120B0BDA5
:10CA300010B5A823C150C9214900435A20241C43E2
:10CA400044524018428010BDB0B514460D46FBF765
:10CA50002FF8022C08D8A9014018801DE100034AD4
:10CA6000CA40017811430170B0BDC04602040800FD
:10CA700010B50C46FBF71CF88221425A01231343E0
:10CA80004352A1014018817940220A43827110BDAE
:10CA9000491C514306224A43101880B2704710B512
:10CAA0000C46EAF7DBFEA10141188B2252008B5C99
:10CAB00040241C438C5400F00DF810BD10B5044602
:10CAC0002D2021542D34207D00F00CF8207DF7F727
:10CAD00093FC10BD88214058018804220A4302803B
:10CAE000704700002C214143024800684018102183
:10CAF00041827047FC1A002080B5EAF7AFFE192189
:10CB00000901425A014B1340435280BDFFFB000014
:10CB1000F0B591B00C93144605460B91F5F7FEFB6A
:10CB20000A902F462846EAF799FE611E072900D988
:10CB3000D6E005462C350646FE36C04679440979CE
:10CB400049008F440303CD1FCD2C7BC829780329CE
:10CB500000D0C5E009900C9C63892289E188308867
:10CB60000E46002100910191029030463146089214
:10CB70001D4600F00DF9002800D1B4E03846F6F764
:10CB800011FFADE00C998B7823210F2B0A4600D0C2
:10CB90002A22002B00D01146FFF790FFA0E00C994D
:10CBA000891C07910446ECF7EDFD08903288099442
:10CBB000218FE88AFFF76CFF0546282001210691A6
:10CBC0000A9C2154208B618B081840081090A08B80
:10CBD0000490E68B0DA8077110A90F910D94D7F75B
:10CBE000C3FF10982083059529048919664A049D7E
:10CBF0002B04034307980CC0016064480C9908801B
:10CC00000320400232032146E5602261069A520267
:10CC100005C408980068628B1202083C904200D359
:10CC2000104648611098400288600998059A00F003
:10CC3000D4F838460B99FFF732FF51E028210A9EBD
:10CC4000715C01293D4643D104460DA805710D963E
:10CC5000D7F790FF4A4800683D21415C890632D5EC
:10CC60003D30407A40072ED5F08B0C90B08B099068
:10CC7000378B668F43480068006980212422042492
:10CC80002346EBF74DFA00281DD001460B304E72BB
:10CC900007700A97099F4F730C9B037100220A7259
:10CCA0000322CA710A228A713E224A710C71320A29
:10CCB0008A720A9A120A42703A0A8A731A0A4271EE
:10CCC0008020EBF78DFA002128460A4600F091F803
:10CCD0000022284601E0002238460B99FFF7CCFCE1
:10CCE000FF2011B0F0BDE078002800D146E7711EAA
:10CCF000082900D3082181420C9900D23EE78A8896
:10CD0000B24200D93AE733460A9E2946F583089D88
:10CD1000B5833383738309031C465B0252024002CE
:10CD20002DC63160099EF26C01209A4206D1B26E86
:10CD3000914203D1308F281A411E884128210A9D33
:10CD4000685410940DA8077110A90F910D95D7F78D
:10CD50000BFF022238460B9C2146FFF775FE00228E
:10CD6000012338462146F5F7F1FA0C9882893046BE
:10CD7000294600F032F838462146FFF779FEAFE742
:10CD8000F41A0020581B002000030100030C0000CF
:10CD900070B504461220062C1CD31925ED01AC42B7
:10CDA00018D8062916D3A94214D8A14212D3940840
:10CDB0007C2C0FD8059C049EB4420BD30A2B09D3BC
:10CDC000AB4207D80698521C4A434243900883421C
:10CDD00001D8122070BD002070BD10B5A423C15031
:10CDE000C9214900435A08241C4344524018428038
:10CDF00010BDB0B515460C46EAF730FDE621435AA2
:10CE0000002D1A4600D02246C46C0146E6310D8B37
:10CE10006543008F0A306843000B84B2641D94425E
:10CE200000D3224694B2A3420BD048800A800879EE
:10CE3000012806D0022008711320E7F74BF8D6F737
:10CE400011F8B0BDFEB504462B4E3068E6F7B7FDCD
:10CE5000054630682746D037E6F773FD06460120C1
:10CE60007872D020205C2C214143244A126851184A
:10CE7000897D142903D10A210722FDF7F3FC002E36
:10CE800004D03878E7F738F80120FEBD26469836FA
:10CE9000002D23D0B878002820D0DEF743FB2046B1
:10CEA000E6F71FFEB068164909680D687B35401B20
:10CEB000306002A901AAEDF7F3F8401901210A46F2
:10CEC000DEF723FB0546B878401EB870204600F018
:10CED00019F8E6F71EFD002DD3D1D5E71C20305EF2
:10CEE000002806D4DEF71EFB0021204600F036F8AD
:10CEF000C7E7E6F70EFDC7E74C1B0020FC1A002031
:10CF0000F41A00207CB50446FDF76AFD0146D026E0
:10CF1000A05DE6F730FFC520205CEDF777FA054607
:10CF2000A05D2946E6F799FFA05D2946E6F75FFF79
:10CF3000DB20205C2146B831062801D0052802D12B
:10CF400022463C3201E022462832098800940192B0
:10CF500000221346F8F783F87CBD0000F0B589B0D5
:10CF60000D460446D020205C2C214143574A1268CC
:10CF70005118897D264698362746B837142909D195
:10CF8000DEF7AFFA0446F7F7CDFF211832317160B2
:10CF9000387E09E00497002D0AD01C21715E00291B
:10CFA00006D571684B4A8918EDF7C2FA012788E067
:10CFB0006842311D224600F08FF80746002D00D14F
:10CFC0002F462546D9357168B08B002818D002202D
:10CFD000A870B068401A3060049C0D46A17A012206
:10CFE0000A408B07DB0FD2184907C90F5118491E99
:10CFF000A17605A906AAEDF753F8294641195DE087
:10D00000287800281DD002910320A87008AA039256
:10D0100007AB214600F0A6F8019003980178049828
:10D02000C07B0022EFF72AF90921C9430931B183F6
:10D03000D0303060049800788007254808D0B0834D
:10D0400015E020460C46EFF7E1FC2146049C35E054
:10D050000199002938D0206D03907D2080000221A5
:10D060000122E6F703FC01460398E6F748FD204657
:10D070002830EFF7ADFB039020463C30EFF7A8FBDC
:10D0800001460398084313D02046B6300191F4F7C7
:10D09000D1F801990398002802D06878C00704D11C
:10D0A000002905D06878800702D52046FAF70BFAE8
:10D0B000B168049C607EEDF73BFA0299207EEDF7A3
:10D0C00037FA384609B0F0BDC01DB8E7FC1A002099
:10D0D000F6FF0000A0860100F0B585B0144603916C
:10D0E0001746B43700210197002836DC049000264B
:10D0F000BD5F002D13D4B87C471BB81C80B22146FD
:10D10000F8F7A8F80290781C80B22146F8F7A2F848
:10D11000002D0BD00299081A019F049E10E00120F7
:10D12000EDF727F80E490840049E0BE00120EDF7CB
:10D1300020F8019FBD5F0A490840012D049E01DBD4
:10D14000691E3980E16F0918039B1A6889181960F4
:10D150008019E16F40180121C6E7C8B205B0F0BDE3
:10D16000FF0F0000F0B58FB01F460D460446FE20AD
:10D170002040082803D1AE6FE86F08360DE0204646
:10D180000A38C0B280280AD80AAE2846214607923B
:10D19000324600F01EF8079AE86F012309E0601F8D
:10D1A000C0B2022801D3282000E03C202E18002322
:10D1B0002846B821415A08A8059009A80490039769
:10D1C00002920196009500222046FBF73DFB0FB02E
:10D1D000F0BD10B514460A39C9B2F6F768FF002150
:10D1E000002803D002784068012302E00B460A467B
:10D1F0000846A160E1602374E280A180206010BD38
:10D20000F0B591B004460CA80021089101700AA85D
:10D2100001250570C5480068D021465CC44F3868B8
:10D220000994B834E6F78DFB002805D0DEF77AF9CB
:10D23000607EE6F761FE37E1012E04D03868E6F73C
:10D24000BEFB0028F2D03D46099F3E46983628682E
:10D25000E6F7ADFB0796B28BB6498A4220D1064667
:10D260002868E6F7ACFB002817D00AA8002505704F
:10D27000607EE6F7ACFD3E6D942029462A46E6F72F
:10D28000F5FA01463046E6F73AFCE07B401E0228FC
:10D2900018D37D208100FA3115E00798828B304643
:10D2A0003E46DB36A4495118062914D87944097939
:10D2B00049008F440310106376108C003846D7F76E
:10D2C00097FCEDE046210998006D1430E6F73EFC2E
:10D2D000E6F71FFBE4E0002800D1A3E0386D14302E
:10D2E000E6F788FB054600780F2303406878052B96
:10D2F00002D0032B00D0D3E0222800D9D0E003963F
:10D30000821C3846DC308D4E29460693B047089F74
:10D3100010970F972878C0090FA90870481C294654
:10D32000083106263246854B98470E970D97287888
:10D330004006C00F0DA905910870481C0495A91C52
:10D34000069D32467D4B9847E37A22780998006D16
:10D35000014630312830099E84360096099E01909E
:10D36000029105982946D7F7D2F9316D28228F54BA
:10D37000174641087E2957D8014656E0386DE6F732
:10D38000B0FB3D6D7D20800002210122E6F76EFAA0
:10D3900001462846E6F7B3FB06203070617F21770F
:10D3A00024E0DEF7BFF8386DE6F79BFB3D6D942077
:10D3B00000210A46E6F75AFA01462846E6F79FFB9F
:10D3C0006088401E6080607EE6F796FD68E0607FC2
:10D3D00020773D6D7D20800002210122E6F746FA8C
:10D3E00001462846E6F78BFB042030700CAE0BABF1
:10D3F00039463246FFF7B6FE05463178E07B00221B
:10D40000EEF73CFFD03007990860384600F098F8F6
:10D410003846EFF7EEF9002D42D14648C01D079976
:10D4200088833DE0384639E00121326DD35D0B43FE
:10D43000D355716F0A680F9B9A4213D14968109AAD
:10D440009142049B0FD10246FF3A511E8A41089235
:10D45000032D08D1FF2806D02088800727D401207B
:10D46000089000E0049B2088C00716D0052D14D139
:10D470001846FDF753FA01280FD1316D886AC96A41
:10D48000FBF7AEF94142414108980140012904D11E
:10D490000AA93046D7F7B2FB02E0304600F06AF83E
:10D4A000F7F71FFD0AA80578284611B0F0BD0AA8B5
:10D4B00000210170306DE6F796FA05200399087097
:10D4C0000CAA0BAB3146FFF74DFE002812D01948CD
:10D4D000801D0897079FB883356D7D20800002214D
:10D4E0000122E6F7C3F9014628463D46089FE6F7C4
:10D4F00006FB03E00F48C01D079DA883E6F709FA65
:10D500000CA80178E07B0022EEF7B8FED03028604E
:10D510003046EFF76EF9607D0128C1D1326DD15DE3
:10D52000A0792832521CFDF7ABF9B9E7F41A0020B4
:10D530004C1B0020F6FF00000700FFFFB5B30410EE
:10D54000B0B50446C720205CECF760FF0546C73441
:10D55000A07A2946E6F781FCA07A2946E6F747FC3F
:10D56000A07AE6F76AFC617BA07AE6F704FCE6F7AE
:10D57000D0F9B0BD10B50446DDF7D4FFBA20215A6A
:10D58000491E2152D120205CE6F7B6FC10BD0000F8
:10D5900070B50E46044605469C3568680D4941182D
:10D5A0002046D0304078ECF7C3FF2046EFF75DF916
:10D5B0008019E16F081A29462246FFF78DFD2046A3
:10D5C000EFF724FA9C202158D020205CECF7B0FF24
:10D5D000012070BDFFFFFF0FF0B58DB00993164617
:10D5E0000F460446F4F79AFE054608942046EAF7EB
:10D5F00035F90346052E07D13D211846FFF75EFA9F
:10D60000FF2630460DB0F0BD044607952A46283265
:10D6100005462C35287802282AD11078401EFF268E
:10D620000B28EED84000C0467844808840008744EC
:10D630000B00A200A500C000CA00CE0028012C01EA
:10D6400054016401730176010A2009998870FF264C
:10D650003046043008800121089815460A461C46C9
:10D66000FFF7F2F9204600F0E9FA02202870C8E737
:10D67000012E2ED100205070069200251F4618461C
:10D680002946EEF7D7FF09998978032955D1002853
:10D690003B46079EB0D1099CE01C31463031082240
:10D6A0000492184B984720460B3031462E31022207
:10D6B000144B984720460D303146049A114B984739
:10D6C000153420360422204631460E4B984705205B
:10D6D00039E05078FF260D2893D8EC344000C0463E
:10D6E00078448088400087440F0010005D01650188
:10D6F0006E019201D2011C02E5013C02E901F9012F
:10D7000010023002CF550610B6E70B200999887039
:10D7100002205070FF263046043008800024012289
:10D72000089821461D46FFF78FF9284600F086FA33
:10D730002846214600F089FA63E701283B4600D0DD
:10D740005AE701252846089E069C60702571002432
:10D75000304621462246FFF777F9384600F086FA30
:10D7600030462146F4F7E2FD0122304621462346A9
:10D77000F4F7ECFD44E70320107019E10998807874
:10D780000B2800D038E704201070022118461D46EF
:10D7900000F05BFA0124089F38462146F4F7C6FDE5
:10D7A000002238462146FFF74FF9284600F05EFA7E
:10D7B00027E70B200999887005201070FF26304656
:10D7C000043008801DE7062010700121D1E1049685
:10D7D000099FBE1C0025F9492846059306928847F3
:10D7E00004460B902846F54988470C902846F34993
:10D7F00088470390F24939800A90069D287A0002F2
:10D80000697A09044018A97A09064018C01C3060DA
:10D81000079F3846333000F031FA70602006F98DEA
:10D8200009020818E97B4018B0600BAC601C00F0DE
:10D8300025FAF0600398000661794018A179090281
:10D840004018E1790904401830610AAD6878A97878
:10D8500009020818E978090440187061049E08223A
:10D8600020463946F7F7B3FE2037042228463946CA
:10D87000F7F7ADFE072006990870012108980A46BF
:10D88000FFE0082010700426BBE609988078112874
:10D8900061D007285FD00D285DD00428079E00D0F6
:10D8A000AAE609201070099FF81C314608310822A9
:10D8B0001C46F7F78CFE0B373146243104223846DC
:10D8C000F7F785FE2E66012100220898FFF7BCF8C5
:10D8D000204600F0CBF9052693E6099880781128B8
:10D8E00046D00D2844D0052800D085E614460121F5
:10D8F0000898F4F71BFD0A200CE0062009998870AF
:10D90000FF2630460430088002211846144600F0F5
:10D91000C0F90B20207074E60C201070CCE0099840
:10D920008078062800D067E6002015461070BE48B3
:10D9300000682C21405CC007C10E6F20C0434840E6
:10D940001C465A8F2979C0B2012900D015E1114631
:10D9500000F0B0F91CE0B44800682C21405C0001E4
:10D96000C04380210143902008405A8F1A210BE0C8
:10D97000AD4800682C21405C0001C0438021014378
:10D98000902008405A8F06211C46002300F0C4F95D
:10D99000204600F0F3F9204600F0F8F9012108983C
:10D9A0000A46FDE0032050700121184600F04DF9B1
:10D9B0000B2626E6099880780B2800D01CE6042068
:10D9C000507003261DE6099880780328079F00D031
:10D9D00012E605205070099CE01C394630310825BC
:10D9E0002A46954B984720460B3039462E31022265
:10D9F000914B984720460D3039462A468E4DA84710
:10DA000015342037042220463946A847B0E00025C7
:10DA10000395884C284605930692A0470B9028460C
:10DA2000A0470C902846A04704210291099CA170B0
:10DA30000D216170032121700A90E11C0BA8019057
:10DA4000049608267C4B324698470B340AAF38467A
:10DA50002146029D2A46784B9847079C214608316B
:10DA600001983246049E744B9847734B24343846D1
:10DA700021462A46984706200699487001220898B0
:10DA80000399FEF7E1FF059800F0D8F8B9E567487B
:10DA900000683D21415C890604D53D30407AC006CE
:10DAA00000D580E0002108981446F4F73FFC20469A
:10DAB0000D27B7E0092050700626A2E50620099937
:10DAC00088700B205070FF263046043008800125F6
:10DAD0001846294600F0DDF8257092E500200990EF
:10DAE0005070514800682C21405CC007C10E6F2067
:10DAF000C043484011465A8F097901290593C0B2A5
:10DB00003ED1114600F0D6F83EE01846154600F02A
:10DB100035F90024012208982146FEF7ADFD6C700E
:10DB20006FE5D078012810D10520099988700798F1
:10DB30002866FF2630460430088000211846144627
:10DB400000F0A7F8082060705BE5099819461C46AC
:10DB5000154600F025F90C206870204600F016F9F3
:10DB60004FE509988078062800D045E50A205070D6
:10DB700000210898F4F7DAFB43E50021012305E7CB
:10DB80000021012300F0C8F8059809992170044686
:10DB900000F0F4F8204600F0F9F801220898394620
:10DBA000FEF76AFD2DE5204800682C21405CC00787
:10DBB000C00E0496069205D0192204E073A1051048
:10DBC000031700000A22079F6F21C9434840C1B2D2
:10DBD000F88D08905C8F164800680069042509914B
:10DBE0002B46EAF79DFA39460727002818D0064643
:10DBF0000472200A707230460A3030310822DDF794
:10DC0000D9FB0899080AF074B1740520F0710D2051
:10DC1000B0713E207071357109983146EAF7E0FA2B
:10DC2000049E06984770ECE4541B0020F41A002070
:10DC3000581B002073A10510CF55061088214058AD
:10DC4000018880220A430280704788228058002978
:10DC500007D0012903D0018840220A4302802021F5
:10DC600000E0402102880A43028070478821405822
:10DC70000188012212020A4302807047017842782B
:10DC800012025118827812048918C0780006081808
:10DC9000704788228058002907D0012903D00188C5
:10DCA00010220A430280082100E0102102880A4362
:10DCB00002807047B0B50D460446C00606D414482D
:10DCC00000683B214056002804D4B0BDBF2004406A
:10DCD000072200E017220F4800686107C90E4018AC
:10DCE000006902232146EAF71BFA0028EDD001461D
:10DCF00005720020C871032088713020487104200B
:10DD00000871280A48722046EAF76AFAB0BDC04690
:10DD1000F41A0020581B0020F8B51E4615460F4681
:10DD20000446C00606D41348006836214056002831
:10DD300004D4F8BDBF200440062200E016220E489D
:10DD400000686107C90E4018006902232146EAF7FE
:10DD5000E7F90028EDD0014605728672C7710420EC
:10DD6000887108224A710871280A48722046EAF729
:10DD700037FAF8BDF41A0020581B002088214058BB
:10DD8000018880229143018070470000882140581B
:10DD90000188024A0A4002807047C046FFFE000028
:10DDA0000322027085235B00C95C490703D4062364
:10DDB0000D21022203E00621017111211346C370D7
:10DDC0008170427070470000F0B585B01C46154662
:10DDD0000F460646F4F7A2FA039002963046E9F79A
:10DDE0003DFD0646FF20062D00D99EE004978521C3
:10DDF0004900731837462C377D442D796D00AF44A8
:10DE00000308942A94944F000499012965D10920AC
:10DE10008BE0A1780E2902D0082900D085E0E41C0F
:10DE2000039908310546082220461E46F7F7CFFB26
:10DE3000052230462146DDF7BDFA029E3046049C9D
:10DE40002146F4F773FA0322002330462146F4F703
:10DE50007DFA284669E0A17807294AD0092964D1CA
:10DE60000746192000013518E41C052218462146F2
:10DE7000DDF7A0FA0398407C002805D0728F80203F
:10DE80000021234600F054F8012040022988014374
:10DE90002980032202980499FEF7EEFB384644E0FD
:10DEA000029009200190607003202070E61C30462B
:10DEB000FEF7A0FCA079F7210140A17108253046AA
:10DEC000039E31462A46F7F782FB0498012808D1C1
:10DED0003878022826D1A57026E00446032202984D
:10DEE0001CE00198A070E078317A0140E170317453
:10DEF0001AE03978032918D104461878F72101402F
:10DF00001970039B587C002805D0728F083380203D
:10DF10001A2100F00DF8032202980499FEF7ACFBD9
:10DF2000204602E00E20A070029805B0F0BD00006F
:10DF3000FEB50546C00633D417461C4800683D228E
:10DF4000825C002492062CD53D30407A000728D50B
:10DF500001910293164800686907C90E40180069CC
:10DF60002522042329460093EAF7DAF800281AD07C
:10DF70000646477201983072380AB07230460B304C
:10DF800008220299DDF716FA0099F1710C20B071A0
:10DF90003E207071317128463146EAF721F900E0E0
:10DFA00086242046FEBD0724FBE7C046F41A002065
:10DFB000581B0020FEB500910646C01C02AD02278A
:10DFC000204C29463A46A047701DA91C3A46A04756
:10DFD000F01D01AC21463A461A4B98470936A11C60
:10DFE00030463A46174B984729881222FB290ED80B
:10DFF0001B290CD302A84088134B984207D8FF2254
:10E000004832521C904201D3002200E0122201A8A3
:10E0100003880020FB2B13D81B2B11D301AC648881
:10E02000094DAC420CD8E508292D09D3002A07D1A7
:10E03000009A1181D481938102A8408850810120E7
:10E04000FEBDC046CF55061090420000F0B585B029
:10E050001D46174606460491F4F760F904460396F8
:10E060003046E9F7FBFB0646FF20062F00D9EAE021
:10E07000029434469034C0467F443F797F00BF44C9
:10E080000309E22CE2E250000499002900D199E052
:10E090001520D8E0A978142900D0D4E004462846F9
:10E0A0000299FFF787FF002800D1BAE0039D2846B8
:10E0B000E9F7D4FB19210901425A01239B021343BA
:10E0C00043522846049E3146F4F730F906220023D5
:10E0D00028463146F4F73AF9A6E0A978072900D195
:10E0E00088E0152900D0AEE001902846029F39460D
:10E0F000FFF760FF002800D198E038463146FEF770
:10E10000CBFA38463146FEF713FB012800D094E0E5
:10E11000A388E2882188708F2489009400F098F801
:10E120008BE001900398E9F799FB19210901405A06
:10E1300001218E0206400498012812D1002E10D031
:10E140000021039C2046F4F7E9F8029A9188818027
:10E15000D188C1802046FEF7CFFC0121062220464F
:10E160006EE0092029466870032028700498012871
:10E17000029F0ED0EBF706FB818A3980C08A788037
:10E18000002E06D06089B880A089F8800398FEF739
:10E19000B3FC2E46E91C02252C4C38462A46A047E3
:10E1A000B81C711D2A46A047381DF11D2A46A047FC
:10E1B000B81D314609312A46A047049801282DD1BF
:10E1C00014202CE00190029F38463146FEF764FA95
:10E1D00038463146FEF7ACFA012807D1A388E28819
:10E1E0002188708F2489009400F032F800210622E3
:10E1F000039825E085214900731819780646DF2227
:10E200000A401A700299088B6081488BA08106220F
:10E2100003980499FEF730FA304614E01520B070E8
:10E2200010E00398F5F7BEFB20460CE00398F5F7E5
:10E23000B9FB388B6081788BA08106220398049902
:10E24000FEF71AFA019805B0F0BDC046CF5506108A
:10E25000F8B50D4604461A4800683D21415C890620
:10E260002CD53D30407A400628D51F461646154825
:10E27000006800698021262204230093E9F750FFFB
:10E2800000281BD00146069808748F730E738D7298
:10E290000C720722CA710B228A713E224A71009ABF
:10E2A0000A71000A4874380AC873300A4873280A89
:10E2B000C872200A48728020E9F792FFF8BDC04674
:10E2C000F41A0020581B0020F0B587B01E461746F0
:10E2D0000D460446F4F722F8039004942046E9F72B
:10E2E000BDFAFF22072F00D99DE103460295552074
:10E2F00080001D181C462C347F00C0467F44BF8818
:10E300007F00BF4407001C00440050006A009001D9
:10E310002600710020780299012900D0BCE0022873
:10E3200000D00BE1039E307C032800D166E1012878
:10E3300000D078E1022003990874172273E1F07885
:10E3400005A988703079C8700498144600F0AEF9B9
:10E3500068E1652080001D1820780299012974D198
:10E360000228039900D0D3E0087C022800D15DE1A7
:10E37000002800D057E11620B07003207070307074
:10E38000C87CF070087D3071012008744BE1F17891
:10E3900005A881703179C1702D781646072D00D1FE
:10E3A00094E0022193E0B078072800D1D7E011284B
:10E3B000049F00D1F0E0182800D103E1172800D015
:10E3C00031E105A900200871F07888703079C870B3
:10E3D0003846144600F0CFF924E1B07814461628E8
:10E3E00000D189E02A2188E0019296330093049EAF
:10E3F0003046039F394600F054FA617D304600F004
:10E400006DFA009B798838881A88904202D15A8820
:10E4100091420AD059801880EFF3108072B6012023
:10E420004002E98F0143E98762B6EFF3108072B6CC
:10E4300001200002E98F0143E98762B607220498B0
:10E440000299FEF719F9019AEDE00228039968D1C3
:10E45000087C0528049F00D108E1002800D0E2E0F4
:10E46000009301923846EEF7A5F81821B170052106
:10E47000717003243470017AF170407A3071711D2B
:10E4800002222846F7F7A3F8039804742888002886
:10E49000D9D038460299E6E002284BD1039E307C61
:10E4A0001446032800D0A6E0707C05A90871049DDD
:10E4B0002846324600F013FA002800D1B2E0284680
:10E4C000314600F0EEF90722284679E00121049F49
:10E4D000817100213846F3F721FF04463846E9F7F9
:10E4E000BDF92C21405C02280BD1FF200630208290
:10E4F000072D25D02A2024E023211846FEF7DEFA36
:10E5000090E0072D29D105A9384600F0CFF824E086
:10E510001620B070032070703070C87CF070087DD9
:10E52000ACE01720B070032070703070487DF07040
:10E53000887DA3E002220498FEF786FA182272E092
:10E540002320A074002438462146F3F7EFFE07226B
:10E55000012338462146F3F7F9FE324663E01546BB
:10E5600005A90720887000204870F0780870039F84
:10E57000787CC870049E304600F009FA20780328A1
:10E5800003D13046394600F08CF907223046029913
:10E59000FEF772F82A4646E005A911208870F07847
:10E5A000087030794870039D687CC87038461446FE
:10E5B00000F0EDF93846294600F073F90722384695
:10E5C00002992DE000930192F01C05AC0522214632
:10E5D000F6F7FDFF039D687C2071384621462A46E8
:10E5E00000F07DF900284BD03846294600F059F953
:10E5F0000722384624E70722049811E01446707C6D
:10E6000005A90871049D2846324600F068F90028E3
:10E6100049D02846314600F044F901210722284616
:10E62000FEF72AF82246104607B0F0BD009301928B
:10E63000049F3846EDF7BEFF1821B17005217170B7
:10E6400003243470017AF170407A3071711D022216
:10E650002846F6F7BCFF039804742888002800D1E8
:10E66000F1E601213846FEF71AFA15E01620F0709F
:10E670001120B070032070703070887C3071D2E748
:10E68000029C012C04D1012102223846FEF7DCF95C
:10E6900038462146FEF7ECF91120000100990818D0
:10E6A00000F09DF9CFE604203074BBE7F0B585B0EB
:10E6B0000F460446E9F7D2F80546002120460291AC
:10E6C000F3F72CFE0646012001907074B878F074C0
:10E6D000F87830759220285AF08103A804710396C7
:10E6E000D6F759FA2C20285C2C35022808D1707CEA
:10E6F00038712046394600F03EF80298307425E023
:10E700002046EDF757FF81787175C778B775337D6F
:10E710000B40DBB2002B19D081798B4216D0D90780
:10E7200002D0019A114601E00221019A5B0700D54F
:10E730000421F37C1F407B0703D4C079001F4242B1
:10E740004241009601232046F8F768FD0026204646
:10E750003146F3F7EBFD0722012320463146F3F75C
:10E76000F5FD2878022804D1002102222046FEF778
:10E770006BF905B0F0BDFEB50D460446EDF71AFF86
:10E78000064628790128029014D100252046294602
:10E79000F3F7C4FD0746027DC37C9342019505D182
:10E7A000032B02D3042B019D00D10125F0781840E2
:10E7B000B37814E0012120460191F3F7AFFD07463D
:10E7C000AB784375EA7882750025934204D1032B18
:10E7D00001D3042B00D10125387D1840FB7C134068
:10E7E000002D02D08342034607D10021002B0A46A8
:10E7F0000AD0DA0704D0012203E0002211460DE01E
:10E8000004229B0700D50222002807D0C10701D0AF
:10E81000012100E00421800700D50221B379002006
:10E820009A42034600D013463372F279914200D0E7
:10E83000084670722046E9F711F8652189004518ED
:10E84000717A002902D1317A00291AD00346423365
:10E850000146FE310A88018F1888FEF719F92880D1
:10E86000317A00290FD0F079009708404007C20F95
:10E8700001232046F8F7D2FC317A2046F8F716FD3E
:10E8800001E0002028800298012809D02046019D3F
:10E890002946F3F74BFD022220462946FEF7D4F81D
:10E8A000FEBDBCB50D460446EDF784FE002807D03A
:10E8B0008179C079042807D128460C30012205E06F
:10E8C000A81D0022012101E0A81D00220088688007
:10E8D000009500232046F8F7A1FCBCBD7047FEB5AB
:10E8E00001920C460646E8F7B9FF07463046EDF7B9
:10E8F00061FE05462C200297395C032913D1277845
:10E900000120042F30D8032F2ED06278042A2BD870
:10E91000032A29D065239B000298C3186A722F72BC
:10E9200062881A8000E02F7A002F02D16A7A002ACA
:10E9300016D00020032917D1697A002914D0EA796A
:10E94000019B00933A405207D20F04460123304600
:10E95000F8F764FC697A3046F8F7A8FC204603E033
:10E9600021790120002900D0FEBD0446E979032069
:10E970004A0700D50146029A528FAB790091590798
:10E9800000D5034680200021EDF7ECFEE6E77CB5DC
:10E990000D460646EDF70EFE04463046E8F75EFFEC
:10E9A000A978072907D1FF210C31425CF6231340D7
:10E9B00043541A2100E06978EA78002A00D07CBD2F
:10E9C000E6790325720700D52E46428FA37900967B
:10E9D000580700D52B468020EDF7C4FE7CBD822170
:10E9E000425A80231343435270470000024909688A
:10E9F0004A680260887B7047F81A00202C21414346
:10EA0000064800684018817C102901D0202900D1D7
:10EA100070471230012101707047C046FC1A002077
:10EA2000B0B52C2444430B480068059D05510019DE
:10EA3000049C8460C1600B9981620A9941620999C2
:10EA400001620899C1610799817506994175C2747F
:10EA50004360B0BDFC1A00202C22424302480068EB
:10EA6000801881747047C046FC1A0020F0B587B04A
:10EA70001E4614460F460546F3F750FC0490284600
:10EA8000E8F7ECFEFF22062C00D9A2E00346C046C0
:10EA90007C4424796400A74403199C449C9C5F0037
:10EAA000012F6AD1192000011C18185AC1040499B9
:10EAB0006FD5284600F0A4F8012105222846FDF76D
:10EAC000DBFD21884C480840FF2263E0029303925B
:10EAD000284600F0A7F800287AD1F01C0522019200
:10EAE000049C2146F6F773FD029E31463C312046D8
:10EAF000019AF6F76CFD192001017018715A0A0588
:10EB00006AD50122120311430180052228463946A5
:10EB1000FDF7B2FD708F214600F08EF828462146A1
:10EB200017E0B0780C2854D1F01C0524049E31461F
:10EB3000039222460293F6F74AFD284639462246BA
:10EB4000FDF79AFD0298408F314600F075F828468F
:10EB5000314600F055F83BE0039206A830210180D1
:10EB6000012F20D119200101585A820416D5012104
:10EB700005222846FDF780FD15E0144605222846AB
:10EB80003946FDF779FD2846049900F039F8224608
:10EB90001FE00C221949014021801AE05918012276
:10EBA000D202104308800D20F0700C20B0700620B7
:10EBB000707003203070311D06A802242246F6F73B
:10EBC00006FD05A804210180B11D2246F6F7FFFCD1
:10EBD000039A104607B0F0BD012252031143018091
:10EBE00028463946F3F7A2FB05220023284639467A
:10EBF000F3F7ACFBECE7C046FFEF0000FFF70000C7
:10EC000010B50C46E8F72AFE0146192000010A5A01
:10EC100001231B0213430B523C3105222046F6F719
:10EC2000D6FC10BD80B5E8F719FEFF219231415C9A
:10EC30000120084080BD000070B50C460546104814
:10EC400000683721405C000719D50E4800688069CC
:10EC5000022121220323E9F763FA00280FD0064698
:10EC6000001D2946224600F00FF80820B0710C2044
:10EC700070710420307102203146E9F7B1FA70BD9D
:10EC8000F41A0020581B002001710023C370090AE8
:10EC9000417111788171517893780372C171D17883
:10ECA0001279827241727047B0B5FFB083B00C46E2
:10ECB00005468B68CA8889886846801D00F01AF866
:10ECC000280702D5A068EAF744FB6846817A8900E4
:10ECD000CA1D8270120AC27005220271044A0280A3
:10ECE0000C2242710B31F0F79EFE7FB003B0B0BD35
:10ECF00082FF0000B0B51C465B88150AC5708270A3
:10ED00000A0A42700170591E8A080271A589431DC2
:10ED10008AB2681C81B22046F3F793FAB0BD0000B6
:10ED2000B0B5FFB083B00C4605468B68CA888988A9
:10ED30006846801D00F01EF8280702D5A068EAF793
:10ED400008FB6846C17A039A120251180A46093232
:10ED50008270120AC27004220271054A02800C22DB
:10ED600042710D3189B2F0F75EFE7FB003B0B0BDE5
:10ED700082FF000070B51C4605465E88100AE870E8
:10ED8000AA70080A687029709889401C81B21846D8
:10ED900000F00EF8B11E0A0AAA7169712871A089E3
:10EDA000EB1D8AB2801C81B22046F3F74AFA70BD8F
:10EDB0001CB51F2903D801AA1180406805E04068EE
:10EDC00001AC2246EAF7FEFB2188401800791CBD01
:10EDD000B0B5FFB083B00C4605468B68CA888988F9
:10EDE0006846801D00F01AF8280702D5A068EAF7E7
:10EDF000B0FA6846C1890A460C328270120AC270A3
:10EE00000C220271044B03804271103189B2F0F779
:10EE10000AFE7FB003B0B0BD82FF0000FEB51C4605
:10EE2000174602910546588801909889401C81B286
:10EE30001846E9F701F90646A089C01C81B22046B0
:10EE4000E9F7FAF80199491F0A0A6A722972A8714A
:10EE5000320A6A712E713A0AEA70AF70029B1A0A7E
:10EE60006A702B70000AE871A0890A358AB2401DC9
:10EE700081B220462B46F3F7E4F9FEBDB0B5FFB0F2
:10EE800083B00C4605468B68CA8889886846801D11
:10EE900000F01CF8280702D5A068EAF75AFA68467D
:10EEA00041890A4608328270120AC2700822027131
:10EEB000054A02800C2242710C3189B2F0F7B3FD91
:10EEC0007FB003B0B0BDC04682FF0000B0B51C46A5
:10EED0005B88150AC57082700A0A42700170591E5B
:10EEE00001710A0A4271A589831D8AB2681C81B228
:10EEF0002046F3F7A6F9B0BDB0B5FFB083B00C461D
:10EF000005468B68CA8889886846801D00F01EF80F
:10EF1000280702D5A068EAF71CFA6846C17A039A66
:10EF2000120251180A4609328270120AC2700A226D
:10EF30000271054A02800C2242710D3189B2F0F74C
:10EF400072FD7FB003B0B0BD82FF000070B51C46FB
:10EF500005465E88100AE870AA70080A6870297071
:10EF60009889401C81B21846FFF722FFB11E0A0A99
:10EF7000AA7169712871A089EB1D8AB2801C81B2C7
:10EF80002046F3F75EF970BDB0B5FFB083B00C4614
:10EF900005468B68CA8889886846801D00F01EF87F
:10EFA000280702D5A068EAF7D4F96846C17A039A1F
:10EFB000120251180A4609328270120AC2700622E1
:10EFC0000271054A02800C2242710D3189B2F0F7BC
:10EFD0002AFD7FB003B0B0BD82FF000070B51C46B3
:10EFE00005465E88100AE870AA70080A68702970E1
:10EFF0009889401C81B21846FFF7DAFEB11E0A0A52
:10F00000AA7169712871A089EB1D8AB2801C81B236
:10F010002046F3F716F970BDB0B5FFB083B00C46CB
:10F0200005468B68CA8889886846801D00F01CF8F0
:10F03000280702D5A068EAF78CF9684641890A4694
:10F0400008328270120AC27009220271054A0280D7
:10F050000C2242710C3189B2F0F7E5FC7FB003B0AD
:10F06000B0BDC04682FF0000B0B51C465B88150AE3
:10F07000C57082700A0A42700170591E01710A0A35
:10F080004271A589831D8AB2681C81B22046F3F7BC
:10F09000D8F8B0BDB0B5FFB083B00C4605468B685C
:10F0A000CA8889886846801D00F01CF8280702D5A8
:10F0B000A068EAF74EF9684641890A46083282702C
:10F0C000120AC2701E220271054A02800C2242718D
:10F0D0000C3189B2F0F7A7FC7FB003B0B0BDC046D9
:10F0E00082FF0000B0B51C465B88150AC5708270AF
:10F0F0000A0A42700170591E01710A0A4271A589FB
:10F10000831D8AB2681C81B22046F3F79AF8B0BD1D
:10F11000B0B5FFB083B00C4605468B68CA888988B5
:10F120006846801D00F01CF8280702D5A068EAF7A1
:10F1300010F9684641890A4608328270120AC27084
:10F1400007220271054A02800C2242710C3189B2F9
:10F15000F0F769FC7FB003B0B0BDC04682FF00008D
:10F16000B0B51C465B88150AC57082700A0A4270E9
:10F170000170591E01710A0A4271A589831D8AB264
:10F18000681C81B22046F3F75CF8B0BDF8B50446C0
:10F19000C00628D41F4616460D461548006861076C
:10F1A000C90E40180069602203232146E8F7B8FF22
:10F1B00000281AD00146067385720C2048721C2064
:10F1C00008723A460027CF71072088718A73FF20A2
:10F1D000487182200871300A4873280AC872204694
:10F1E000E8F7FEFF02E0862700E007273846F8BD73
:10F1F000581B0020F0B5FFB086B00C4605460B89C1
:10F20000CA8889886089A689276900900196029733
:10F2100003A8801D00F01CF8280702D52069EAF732
:10F2200098F803A8C1890A460C328270120AC2708B
:10F230001B220271054A02800C224271103189B2F0
:10F24000F0F7F1FB7FB006B0F0BDC04682FF0000D2
:10F2500070B515460446059A02720498A071237190
:10F26000A5702170160A6672000AE071180A6071B2
:10F27000280AE070080A6070069881890A34491DDE
:10F2800089B22346F2F7DDFF70BD0000F8B50446F1
:10F29000C00620D41F4616460D4611480068610777
:10F2A000C90E40180069122205232146E8F738FFED
:10F2B000002812D001460898079A069B48610A82E6
:10F2C000CB818F814E810D81064848602046E8F74A
:10F2D00087FF0020F8BD8620F8BD0720F8BDC04696
:10F2E000581B0020F5F10610B0B5FFB083B00C46F6
:10F2F00005468B68CA8889886846801D00F01CF81E
:10F30000280702D5A068EAF724F803990A460A32CA
:10F3100068468270120AC2700E220271054A02808B
:10F320000C2242710E3189B2F0F77DFB7FB003B041
:10F33000B0BDC04682FF0000F8B51C4617460E4619
:10F340000546588800909889401C81B21846E8F715
:10F3500073FE0099C91E0A0AEA71A97128713A0A56
:10F36000EA70AF70320A6A702E70000A6871A08964
:10F3700008358AB2C01C81B220462B46F2F761FFE5
:10F38000F8BD0000F8B50446C00625D416460D4663
:10F39000144800686107C90E401800695E22032303
:10F3A0002146E8F7BDFE002818D001460673857295
:10F3B0000C204872172008720027CF710620887130
:10F3C000FF20487182200871300A4873280AC872E9
:10F3D0002046E8F705FF02E0862700E007273846C9
:10F3E000F8BDC046581B0020F8B50446C0062ED410
:10F3F0001F4616460D46184800686107C90E40189A
:10F4000000695F2204232146E8F78AFE002820D005
:10F410000146069808748F730E738D720C224A721F
:10F4200019220A722B460025CD710A228A71FF2209
:10F430004A7182220A71000A4874380AC873300A75
:10F440004873180AC8722046E8F7CAFE02E086250B
:10F4500000E007252846F8BD581B0020F0B5FFB096
:10F4600086B00C4605460B7ACA8889886089A689C9
:10F47000276900900196029703A8801D00F01EF8EE
:10F48000280702D52069E9F764FF03A8417B827B46
:10F49000120251180A460B328270120AC2701A22E6
:10F4A0000271054A02800C2242710F3189B2F0F7D5
:10F4B000BAFA7FB006B0F0BD82FF0000B0B51546C5
:10F4C0000446059AC271049860712371A570217079
:10F4D000130A2372000AA071280AE070080A6070FB
:10F4E000069881890934C91C89B22346F2F7A9FE1E
:10F4F000B0BD0000F8B50446C00620D41F4616462D
:10F500000D46114800686107C90E401800691122B4
:10F5100005232146E8F704FE002812D0014608988A
:10F52000079A069B48610A82CB810F734E810D8139
:10F53000064848602046E8F753FE0020F8BD8620C4
:10F54000F8BD0720F8BDC046581B00205DF406102A
:10F55000F8B50446C00626D416460D461448006881
:10F560006107C90E40180069422203232146E8F7CB
:10F57000D7FD002819D00146857200274772112057
:10F580000872CF71072088718E73FF204871822026
:10F590000871280E4873280C0873280AC872204680
:10F5A000E8F71EFE02E0862700E007273846F8BD90
:10F5B000581B002080B540690149FBF7D7FD80BD8D
:10F5C000FD2D0710F0B5C5B00C46087902A90871E9
:10F5D000CD1D1034012200211B4EC0B2814224D225
:10F5E000A81E01912146083909780170681EE11FA3
:10F5F00009780170A11F009206222846B0472278A0
:10F60000AA716168E81DB0472778E819C01D214636
:10F6100008310122B047009A0199D2190A320B35FC
:10F620001434491C02A80079D7E702A80221C1704E
:10F6300004490180511C8170D1B2091DF0F7F3F922
:10F6400045B0F0BD043E0000B5B30410F0B5C5B040
:10F650000C46087902AF38710E37113401220021AF
:10F66000274EC0B281423BD238460938019121462B
:10F670000939098801700092FA1FE31F1B78137083
:10F68000090A4170B81FA11F06252A46B047052068
:10F69000205A78712178397061787970A178B970C1
:10F6A000E178F97021793971E179F971000AB8715D
:10F6B00038460830214608312A46B047A27BBA7343
:10F6C0000F20215838460F30B047009A0199A07B8F
:10F6D0001218183219371C34491C02A80079C0E7E7
:10F6E00002A80D21C17005490180511C8170D1B261
:10F6F000091DF0F798F945B0F0BDC046043E000082
:10F70000B5B3041070B588B00446002805D068462B
:10F71000FF212022DBF758FE04E02031684620223A
:10F72000DBF748FE194800682C21405CC007C50E75
:10F7300001D10C220AE0164800683D21415C89068F
:10F7400022D53D30807AC0071ED01B2212204540B2
:10F750001048006880690A232946E8F7E1FC002880
:10F7600012D006460472093069462022DBF722FED9
:10F770000920F0712220B0713E2070710420307198
:10F7800028463146E8F72CFD08B070BD541B002018
:10F79000F41A0020581B0020F0B5C5B00C46C879FB
:10F7A00002ADE8710979297161796971A179A9714D
:10F7B0000E35103404270021C0B2814227D2A81F81
:10F7C00001912146083909780170681FE11F097805
:10F7D0000170281FA11F09780170E81E611F0978B8
:10F7E0000170A81E211F09780170681EE61E32787C
:10F7F000027021682846DBF7DDFD01993078381862
:10F80000871DED1D0C34491C02A8C079D4E702A85D
:10F810002821C17004490180791C8170F9B2091D49
:10F82000F0F701F945B0F0BD043E000070B590B0AE
:10F83000044600280CD10D4620480068683020227C
:10F84000DBF7B8FD2035684640222946DBF7B2FDDC
:10F850001B4800682C21405CC007C50E1FD10B223D
:10F860001220454017480068806912232946E8F7AE
:10F8700057FC00281ED00646047209306946402213
:10F88000DBF798FD0820F0714220B0713E207071C6
:10F890000420307128463146E8F7A2FC0AE0074808
:10F8A00000683D21415C890604D53D300921405660
:10F8B000002801D410B070BD1A22D1E7F41A00203C
:10F8C000541B0020581B0020054800688821415C1B
:10F8D00088308078814201D800207047012070472D
:10F8E000F41A0020054800688921415C893080783D
:10F8F000814201D80020704701207047F41A00208F
:10F9000080B50349C97A814201D3FCF7CDFD80BDA2
:10F910001419002080B540690149FBF727FC80BD20
:10F9200001F90610FEB50446C9204200A05AC307DB
:10F9300025462C35002B7FD0A6187288511A0B044F
:10F9400004D008B2002877D52820FEBD41050FD489
:10F95000010716D4800638D42879D5F722F9002873
:10F960005FD02879012100221346E7F7F5F958E026
:10F970002879114600F068F830883249014031801A
:10F980004FE0606CAF6F796840186064B9683A689E
:10F99000287802280291019228D1687DE4F777F94E
:10F9A000042801D0062800D10220029B79699942DF
:10F9B0000A4600D31A462265800020188165019806
:10F9C0004008616C081860641AE02746E237E96F66
:10F9D000687DE4F79AF93878012804D1E96FBC34DE
:10F9E0002046EAF795FB3088202118E0E9F7CAFEA7
:10F9F000029B019961634068984200D318462065D4
:10FA0000F86820873869E16C0A186266A066994236
:10FA100003D0E3642046F8F781FD3088082188434D
:10FA2000308030880221014301208143318015203C
:10FA3000E4F750FAD3F716FA2879D5F7C8F800207A
:10FA4000FEBDC046FFFB000070470000F0B599B056
:10FA50000446408E401C60864120275C2D20205C9F
:10FA6000002808D0DBF75EFD3846FDF73BF8384646
:10FA7000E4F742FABDE21520000120180790C920E2
:10FA800040002018089020462C300C9025468035E8
:10FA90002046AC3006902046E4300B90EC4E3068A7
:10FAA000E3F78DFF0A9000280D953ED026461436C8
:10FAB0003046E3F798FF3046E3F78FFF287880075A
:10FAC00047D409972046E3F795FF07462546283592
:10FAD0000C98007800210891032800D0A8E0304657
:10FAE000E3F788FF0346AF4215D0397803200A4672
:10FAF0000240032A0AD1890600D40220385C062875
:10FB000004D120460793FEF741F9079B0D9A106830
:10FB1000402101431160187839780143C80676D432
:10FB20000D980078C0067FD582E009972046E3F75C
:10FB30005AFF2046E3F751FF0EA800218177017696
:10FB4000059141773068E3F736FF002814D001258E
:10FB500018E08B2040002518DBF7E4FC0C9E707D3C
:10FB6000FCF7C0FF002028703546132171700799FB
:10FB7000887108990880F2E13068E3F704FF0546D0
:10FB8000401E85410EA8C5763068E3F71BFF074687
:10FB90000F90002D1ED0DBF7C5FC0B9DE8680028F8
:10FBA00002D0C188491CC180286900280D9E0AD056
:10FBB0000C98407DE4F744F8400029690818942126
:10FBC000425A521C42520EA8012505763068002187
:10FBD0000591B9E004973068E3F7E9FE0D9F3978A5
:10FBE0004A090125294691430EAA917603900E9069
:10FBF0003068E3F7BCFE00286ED03878C0067BD4AE
:10FC0000E3F787FE386810210143396078E00698F1
:10FC100040680790DBF765FC616C081A079940188B
:10FC200002D4E16E884203D2DBF77CFC012008900D
:10FC30002046F3F75DFC02283DD10D9880680068EE
:10FC4000C10615D4400636D50C98407DE3F79DFFDC
:10FC50000D9B986801684022914301601868082153
:10FC6000884318601320E4F735F9D3F7FBF822E056
:10FC7000079700200F900E900C9F787DE3F790FF80
:10FC8000787D0EA9E4F781F83878032803D10C9821
:10FC9000407DE4F78DF80D9B986801681022914330
:10FCA000016018680821014319601320E4F712F974
:10FCB000D3F7D8F8079FAF420B9901D0888AC88242
:10FCC00008980028099F0C9D00D045E1069801681E
:10FCD0003046E3F73BFF44E13068E3F750FE00288D
:10FCE00027D00398002824D0DBF71CFC0EA83D2168
:10FCF000059181770D9E23E0DBF714FC0EA80576B5
:10FD0000049F0B98C068002802D04188491C41809C
:10FD10000B9E306900280AD00C98407DE3F790FFD5
:10FD20004000316908184A21425A521C42520D9E25
:10FD300007E00D9E3068102188433060002505954E
:10FD4000049F3168202008437942794189013A466D
:10FD50004027B84340183060002D27D00EA8807F80
:10FD600000286BD10EA8C07E0028099F0D9E00D0F0
:10FD7000E9E0A06C00280B9D00D1C2E0354E306850
:10FD8000D021415C01294AD10568D4F79BFB0128A9
:10FD900000D09FE00C9800790E21414330689422F6
:10FDA0008058C06B80684018C07994E015462046A2
:10FDB0001430E3F71FFE11900178032211400EAEBC
:10FDC000029171750178890600D402220490805C4A
:10FDD000F075F8F729FB3075A16E61660123002DDF
:10FDE0000D9A08D01168194005D01626DBF79AFB4A
:10FDF0000EA8867722E091684978C90703991AD03E
:10FE0000002918D0029A032A0FD13D261228EDD8D6
:10FE1000194681401048014203990CD1E6E7DBF70F
:10FE200081FB0EA8012101766AE004984078002841
:10FE300001D03D26DAE7059800280FD00C9D687D9B
:10FE4000FCF750FE0EA8807F68700126099F89E0AC
:10FE50004C1B0020F41A0020120004001D460197DC
:10FE600020460F46E3F7C6FD06460EA8002101779F
:10FE70004176129603911091002F00D155E10C9814
:10FE80000078022814D10498007831780143C8061C
:10FE900009D5276DDBF725FB616C081AC01902D460
:10FEA000E16E884204D2DBF73DFB0EA8012101760A
:10FEB00004984778002F00D137E10D980068082694
:10FEC000064000D1B0E0D4F7F9FA012800D199E05A
:10FED0001C2098E00120666CE3F7F3FF281A6064A9
:10FEE000A16C891B0818069A5168814201D9081A29
:10FEF00050600020A0646063204600F0B7FA0B9DBC
:10FF00000D9E0EA8807E012802D1A06E606604E0DE
:10FF10001220E3F7DFFFD2F7A5FFE868002802D040
:10FF20000188491C0180286900280C9D08D0687D43
:10FF3000E3F786FE40000B9909690A5A521C0A52DF
:10FF4000287900F0C1FA0EA8007E01280C9D08D186
:10FF50003068102188433060204600F0B6FA012650
:10FF600000E000266D7D2846E3F762FE0D990968E2
:10FF7000002805D0480705D42846E3F706FE04E02C
:10FF80000807F9D52846E3F70BFE002E1FD00D9E7B
:10FF9000F568002D17D009940C9C607DE3F739FEBD
:10FFA00002462946103101232846F3F71BFA607DEB
:10FFB000099CE3F727FE0146203508222846F5F77D
:10FFC00006FB0020F0603846E3F796FF01E0E3F718
:10FFD000A0FC0A9800280CD1DBF77BFA7F2805D01B
:10FFE0000546EBF771F828180B990870204600F0C9
:10FFF000E4FA01242046F8F705F8D2F733FF20464B
:020000041007E3
:1000000019B0F0BDFC20049938420DD04878001F8B
:10001000487002200B9988711320E3F75BFFD2F739
:1000200021FF0EA8407D02900298032810D10EA84F
:10003000C57D022D18D111984078022814D10EA840
:10004000012101770D9D286802210143296043E0C9
:100050000C980078032818D10B98007A002814D047
:100060000220109901434FE02046F8F7D4F9002808
:1000700021D00C98407DE3F71DFF002E0D9D2BD065
:100080000C98407D00F09AFA26E011980590477888
:10009000D4F714FA012801D01F2600E0FF263E40C5
:1000A0001FD003982067FFF70FFC00281DD0022007
:1000B00010900B9D2CE00C980078032808D1272D78
:1000C00006D1119840780B2802D10EA80121417762
:1000D0000EA8012141760D9D2868802101432960E9
:1000E00001E0039810900B9D16E0059800788006BB
:1000F000C00F3218618F2846ECF7DEFF206700281A
:1001000001D0294600E002210B9D1091880703D5FC
:100110000C98407DE3F7CEFE11980078A98AE98219
:10012000202101400EA88175129E012120460491D4
:10013000F3F71AFA0746204628300590A36F002BE4
:1001400010D0187A00070DD5D86900280AD0BE4211
:1001500008D00598864205D00D990868019A904309
:10016000086003E00F9800280C9D19D0BE421AD0F9
:10017000059FBE4227D058699861197B039D1D7366
:100180001A8A511819828AB21E465B889A421CD27A
:10019000F2895118C90602961AD10068B06117E0B9
:1001A000E3F7B7FBDDE0029303212046F3F7A6F95E
:1001B0002046E3F70BFCB878272802D10EA80121CE
:1001C0004177059F07E0029305E0F6690296042552
:1001D0001098284310902046F8F7ACF805462046C2
:1001E000F3F786F90EA90E7F002E22D1012820D127
:1001F000012620463146F3F7B7F90746204639462F
:10020000E3F71EFC387880061FD4B87827280B99AE
:100210000C9D47D002284BD10D99086830430860E7
:10022000687D1F210A46FAF71DFBA06E079908603A
:100230003EE0FFF757FB002814D0E3F76AFB0E9867
:10024000002807D00C9D049806E02046E3F7F1FB58
:100250000C9D2DE011200C9D208520463946E3F7AA
:10026000EFFB73E002980028E7D0012DE5D0012EC6
:10027000E3D0E3F74EFB7C4800688C214058029D98
:10028000298AEA8951181F220A401018871C204623
:100290003946E3F7D5FB20462946F8F751F865675C
:1002A0000C9D53E0A87D7871E87DB87100208882AC
:1002B0000D9880680068010717D4800611D5687D05
:1002C000E3F763FC0D9B986801682022914301606D
:1002D00018680421884318601320E3F7FBFDD2F768
:1002E000C1FDE3F716FB0D9D20E00020179016904E
:1002F000687DE3F755FC687D16A9E3F782FD287851
:10030000022802D1687DE3F78AFDE3F702FB0D9D29
:10031000A86801680822914301602868042101430C
:1003200029601320E3F7D6FDD2F79CFD0221204679
:10033000F3F7E4F8A86801684A070C9D06D5042283
:1003400091430160089908883043088001212046C4
:10035000ECF770F9012804D17878002801D0001D4D
:100360007870109881070D9906D50978090703D58B
:10037000687D00F023F91098410706D520467830B3
:10038000E8F7F0FFF3F746FA1098C00726D0119867
:100390004578D4F793F8012801D01F2200E0FF220E
:1003A0002A40206F428011990B789B0602D40023CB
:1003B000037302E001230373521C4068891C00F0A0
:1003C0000FF9206F0025C5611199097803220A40B1
:1003D000017A11430172FAF7ABFC25670EA8407E43
:1003E000012831D100212046F3F7BEF806461198C6
:1003F00001784078000240183080D4F7EFF90546C4
:10040000F4F756FA2843C0B2E9F729F90EA9897D15
:10041000202901D0022100E00321119A5118001F68
:10042000C3B252789A4200D30246D2B2B01CDAF775
:10043000C1FF0D984068016801220A43026015203F
:10044000E3F748FDD2F70EFD0EAD2046294600F039
:10045000DEF8A87D202800D080E4119880788109FA
:10046000204600F0D5F879E4F41A002070B504466F
:1004700006462C360546AC35D4F724F801280BD1B6
:1004800030790E2141430E48006894228058C06B99
:1004900080684018C07900E00120E3F712FD0949A7
:1004A0004843000A103028603278032A07D1626B73
:1004B000A36C5B009A185143090A0818286070BDA4
:1004C000F41A0020710200007047FEB50446F020C7
:1004D000205827464237002802D08188491C818055
:1004E00025468035204600F094F8606C01903E88E7
:1004F000204600F08FF802462046314600F0D1F841
:10050000E26C4243616C891861640090301802907B
:1005100086B23888B04206D92046FE30008821468F
:10052000FC3100F0C0F8286880218843286020460C
:100530003146FFF7F7F9064602983880002E1AD1A7
:10054000606C0199471A2046394600F0ADF806461E
:10055000002810D1112000012018394600F0B3F80E
:100560000646002807D120463946009A00F0C7F811
:10057000064600280AD0C9204000251827462D37F6
:10058000387DFCF7AFFA3E7000202880A06F00286D
:1005900001D0C66900E000267834002E0CD0354624
:1005A000F669287A0007F8D520462946E8F7F4FFCF
:1005B0002846E8F7CEFEF0E7FEBD70471CB50446BE
:1005C0006946E3F745FB0098411E0091002802D1DF
:1005D0000198401E019069462046E3F7D6FB1CBDFA
:1005E000B0B5521E1F2313439AB2531C9AB29A42BB
:1005F0000CD15209031D00240D591D51241D202C1E
:10060000FAD100682031521E1304F3D1B0BD7047F7
:1006100070477047F8B505462C20285C0124032854
:100620003DD1288F00283AD02846E3F7E3F9294640
:100630002831884233D12F462C375420385C0006AD
:10064000800F2CD12846E3300078800727D4284635
:10065000FA300088002822D1387901242146F1F7A8
:100660004BFE064638790021F1F746FE304302D1B1
:10067000288F441C13E0C920400028180188C907AE
:100680000DD0F98A4088401A81B2022907D3441E4E
:10069000A1B2288F401C82B2914200D30446A0B27E
:1006A000F8BD104670477047426E511A4166491EA8
:1006B00001D4002070478021405C800601D50820CD
:1006C00070473E20704770B502467D2043040020ED
:1006D0000446802C12D01519AE79F6070BD02D796F
:1006E000FD26354207D015596E1E06D49D421E4682
:1006F00000D86E1A16514034EBE7222070BDF0B5D9
:1007000085B00F4604464120205CE221615C25460D
:100710002C3501290DD1E3F74EFAEA8A6E7D0023CC
:100720000093019002932146BC313046E9F745FD24
:1007300010E01646E3F774FA0497074646436879D3
:100740003618B0B2F2F7B0FE6871F01B049F80B2A9
:10075000F2F7AAFE0146687DE3F7A2FB287802289B
:100760000CD12046E3F7BDF92046E3F771F9687D27
:10077000E3F763FB626C216D687D2DE0A66C608DF4
:100780003946F2F7A1FE8019A16C002900D10D3085
:10079000E16C49083E39884201D9082022E0A06472
:1007A000616B4000002901D00F1805E0E16E0818C8
:1007B000276DB84200D80746264614363046E3F780
:1007C00090F93046E3F744F9687DE3F700FB606C8D
:1007D000A16C421A687D3946F2F780FE608E401C9B
:1007E0006086002005B0F0BD70B504460C48006876
:1007F00094214558483526460E360522304629466E
:10080000DAF7EFFD00280AD0052230462946DAF74C
:10081000D1FD0120E0726A20205A0A30A08170BD0B
:10082000F41A00201CB5F0F7E9FC0749884209D00A
:100830000402E9F713FC0068001901A9E9F716FCA6
:1008400001981CBD00201CBDFFFF0000F0B583B067
:1008500004466F20205CA76F26466C36002806D021
:10086000307A002801D0401E00E0F07930721B4839
:100870000068E3F7A4F8002814D03878002811D1D4
:10088000174800680568786802A901AAE9F708FC1A
:10089000281ACD30012529462A46DAF736FE0028E7
:1008A0000AD03D70A06F083000F01CF83078E3F7F4
:1008B00023FB012003B0F0BDE3F72BF8A17A3078D9
:1008C000E3F759FA20461430F8F748F8A0720921E6
:1008D000204600F00AF80020ECE7C0464C1B002040
:1008E000F41A002000218180704770B58AB00C4650
:1008F000054609AA08AB08462946FCF733FC6F20D9
:10090000285C002803D028466F30427800E000229F
:10091000687A00280ED003AE284621463246FCF7FE
:1009200058FCA98800950196002201232046F4F77F
:1009300096FB16E0E86FC721405C09A90978EBF740
:100940009DFCCD30AE6F7060A988304608300095B0
:100950000190002201232046F4F781FB41424141EE
:1009600031700AB070BD0000F8B50D460446C06F86
:10097000C721465CE9F704FC134909680F68417810
:1009800000223046EBF77AFC381AE96B411A6C22E8
:10099000A65C2C2256430D4B1B689F597F189F5114
:1009A0008C26AE5D56439F597F189F514126AE5D00
:1009B00056439A5951189951E863697C6A684A43C9
:1009C000801A6065F8BDC046F41A0020FC1A0020A9
:1009D000F0B587B00590876FB8680390FE6BDAF7C3
:1009E00080FD0290787C01904000F9694968081800
:1009F0004478FD68384624300490E2F7F4FF039809
:100A000080190299081A2946E2F7A5F90646012538
:100A10000390002D22D0F0B2A0421FD2761CBE74EB
:100A200006A90598E9F7D0FD0546DAF75AFD014613
:100A30000698411A573907D400210A46DAF765FDAE
:100A4000002803D00125E4E7DAF777FDE2F761FF3C
:100A500004982946E3F77AF80025DAE71548046890
:100A60002046E2F7A4FF00280ED02046E2F793FFCD
:100A7000002809D10598C06FBE21405CFA7C03991B
:100A8000CBB2019900F018F8002D10D08C203C5CFE
:100A90000A2107222046F9F7E5FE6C200599085C3B
:100AA0000B210822F9F7DEFE2046E3F725FAE8B22B
:100AB00007B0F0BD4C1B0020F0B597B01746002AD8
:100AC0000C910B900A931BD0E9F7F6FD04460DAD8F
:100AD0002946EAF703F9287D0990DAF7FAFC064679
:100AE000EAF7F2FA3618687B23183F20C043A17852
:100AF000C9430143607840182D7C0021089105E02E
:100B00000020FF257F260895034609967C427C41FC
:100B10001C4909683D228A5C920630D53D310D2280
:100B2000895600292BD5C0B20790401E03210143EE
:100B3000153188081F4683B2134800684069A12117
:100B40000522E7F7EDFA002819D03A460746F0B239
:100B500009990091019002950A98039008980490D1
:100B6000079805900692381D0B990C9A234600F0C1
:100B70000FF806487860A1203946E7F731FB17B037
:100B8000F0BDC046F41A0020581B002099F706104B
:100B9000B0B51446099A4273089D0573079DC57246
:100BA000069D8572059D4572049D05720125C571DE
:100BB0008371447101710346143303610A99184625
:100BC000DAF7F8FBB0BD0000B0B50446856F0E48FB
:100BD0000068E2F7F4FE411E8841E8742046294689
:100BE000FFF7C2FE8C20285C0B210822F9F73AFEA1
:100BF0006C25605D0A210722F9F734FE605DE3F79A
:100C00007BF90120B0BDC0464C1B0020F0B593B06D
:100C10000B910546006D0A90686D12906A2006904F
:100C2000285A11AE308028466A3080780590687A5C
:100C30000C90AC6F60680D908C20275C2846FFF705
:100C4000D3FD2C20089778434A49096809580FAF0B
:100C5000049710A80390029612A801900D98009096
:100C60000B980C9A0A9B00F089F809900699685A2B
:100C7000079030880B90685212996965109AE26368
:100C8000387860744223E35C98420CD1401CC3B2B4
:100C90000C9EB3420D9B07D30FAB002018700A9B2C
:100CA000C9188B1A00E000230D93C0B20A904000CF
:100CB000E16949680E5CA674081847780EA92846B1
:100CC000E9F782FCB81B401CC2B228462146E9F76E
:100CD000CEFC01460E980D9A82180898F2F7FEFB9A
:100CE00020462430E2F7FDFE284600F07EF80B9FF8
:100CF0000798B8420C9E12D03746059E3046E2F760
:100D00005AFFA16B009701900291294614310123EB
:100D100030463E460B9F3A46E9F74FFAA872E07D0F
:100D2000400618D1701E00D801201349097F491EC2
:100D3000022900D30221B14200D30146C8B20A9968
:100D40004018E17DA27D521CD3B2984201D2E175D8
:100D50000DE0801AE075E86FBE21405C002231464C
:100D60002346E9F7B1FC002800D07F1C27840998AE
:100D700013B0F0BDFC1A002014190020F0B585B0A6
:100D80001E4601920B9A03921768C91B04900D1816
:100D900028461946E1F7DFFF044600964643A81BA4
:100DA0000A9D2946E1F7D7FF411C0C9802881319C8
:100DB000F7190E9A02920D9C019A914203D22E4687
:100DC0004E43F61904E000997E185B1C002137465B
:100DD000039A1760038026600298017004982946E0
:100DE000E1F7B9FF401C05B0F0BDF0B581B0044695
:100DF000C07A00281ED026466036A08971898142BB
:100E000018D30020E072307B25460E352946E2F7E4
:100E10007CFF377820465C3005222946DAF7CAFA8B
:100E2000E02038403178014331701434204629469F
:100E3000E9F76EF901B0F0BDF0B58FB00991044645
:100E4000006D0A90606D0E906A20215A0DA80180F5
:100E500021466A3108918B782C2106935943667A92
:100E6000A76F7A68274B1B6859580BAD04950CABDC
:100E7000039302900EA801900592009209983246C1
:100E80000A9BFFF77BFF42210797795C2D788D4203
:100E9000099009D1059B0A9A6D1CE8B2B0420698E8
:100EA00005D20C99C91804E00C99069801E00E9936
:100EB0008918E9F73DFB0798477C089800880DA939
:100EC0000988814208D1E8B2F9B2814216D220469F
:100ED00000F01AF87F1CF6E7F9B2B14204D22046BE
:100EE00000F012F87F1CF7E70026E8B2F1B2814269
:100EF00004D2204600F008F8761CF6E709980FB0F7
:100F0000F0BDC046FC1A0020B0B5856FF7F7A2FB14
:100F1000FF280FD00446C000E96909680818416835
:100F2000A1200022FEF714FB0120A04023216A5CCF
:100F300002436A54B0BD0000F0B593B01C460546AC
:100F4000012964D10121062A66D12846F1F7E6F984
:100F500007462846E6F782FC4221465ABB7AC26C15
:100F6000416C002B77D005910692F888FFF75AFC68
:100F700000287FD00546049601465A3102913889EF
:100F800008AE30800888B080E86F0790B01D294611
:100F90005C310522394FB84730460B302946613164
:100FA00004220192B84730460F30294665310322AA
:100FB0000392B847079B1846C73040793076029FA6
:100FC000B979E0220A40596F0B78DB07DB0E034347
:100FD0001343337630461A30491C0622274B984774
:100FE000019A388AF082C721079B595C032900D0F7
:100FF0000A46727606994900059A89184A426B6D2D
:10100000049E99180DD5296DCB18401CF9E7204690
:101010002946D3F72DFC2DE009222846FBF72CFBAF
:1010200028E008AA16845082B01C9082901C0022EE
:10103000E9F746FA687A03992170002811D02A202E
:10104000A0702B20607008A922312846D3F7D0FB6E
:101050006078421E0AE0009438463346D3F7F9FB25
:1010600008E01C20A070232060702222E01C08A948
:10107000DAF7A0F9FF2013B0F0BDC046B5B30410F5
:1010800080B540690149FAF771F880BDE730071073
:10109000F0B585B004468120205C04908220255C58
:1010A0008020205CE76B26467A36002801D0317814
:1010B0000FE0204642300288A06A0023009301908E
:1010C0000293214654312846E9F777F8014601207A
:1010D000B0712846E2F74FFE09484743390A09181C
:1010E0000498032801D04B3102E0FF201430091886
:1010F0002046E2F72BFD204600F004F805B0F0BDD5
:101100007102000070470000B0B5044640694821F4
:10111000405CE6F7A3FB05464120285C2C214143B7
:10112000094A12685118897C012906D12C35EAF741
:10113000B7FA00202870FF206875204600F006F8F6
:101140002046F3F7F9F8B0BDFC1A002070B54569E8
:10115000AC202C5C5F20C643002E09D0A819B22118
:10116000415CFF2902D0AC3000F006F80C36F3E702
:101170002046EAF795FA70BD10B504460168802054
:101180000122FEF7E5F9FF20A07110BDF0B5E5B032
:101190000746F74D2868E2F70AFC04462868E2F79C
:1011A0000EFC0FAE00210B913172012171800A916A
:1011B0000902B181FF221146023171814221795A1F
:1011C00031807D693F21695C71721102109139464D
:1011D00040310C910E977D370D97002C099260D00D
:1011E000E9F76AFA074600780F252840052800D05D
:1011F00082E00D9E7079E2F720FE0E9C6069E2F7B6
:10120000F2FBE2F786FBB07808903846F9F786FBE8
:101210000690A069E169259124A907910B9CCC71E6
:1012200024901B941A9438784006C00F1AAE307080
:10123000701CB91C0622DAF7BDF8397819A802909B
:1012400013A80190079800902940012230462346B8
:10125000D3F75DFAFF2800D1C2E019A80B900078FF
:101260000024012213AB21460492D3F723FB3D78DF
:101270001794EE0917A8067018940790401C0837B9
:10128000062239460592DAF795F8159415AF3E70A7
:10129000169468B2002800DB85E0DA480168563110
:1012A00083E0002868D02F463F37787AE6F7D6FAF1
:1012B00004460FA800264673E9F7FEF9014624A864
:1012C000FF22827201231B020382C67304328281D1
:1012D0000C9A528902817A7AC2724122A25C82738C
:1012E0000E9F3A46183225922491EAF703FA2846CF
:1012F000E2F7F7FB0D9CF4E034460D34EBF700F811
:101300001AAD8020287324A81B9038462946E9F797
:10131000E5FC01220E9F384629462346E9F76AFD7F
:10132000012835D0002839D1301D079008360D9D91
:101330006879E2F7A4FC7C69B249096809680891F8
:10134000E2F7BFFD08990A1A21463F310894443458
:10135000E87801280694059100D08AE00B9828705F
:101360000220E8701F9868720F9820800878002883
:1013700000D083E0FA6281E0EAF7C2FF0D9CA0781A
:10138000000771D40FA8FF21817101210E9FA5E0F4
:101390000C98C088401C0FA948809CE00121384669
:1013A000E9F774FD97E0984801680B9D079E059A40
:1013B000781CD9F7FFFF1AA930463A462B46D3F7D7
:1013C0006DFAFF280CD0D3F79AFA0128049C07D1B4
:1013D00019A80078012415AB21462246DEF78AFAC7
:1013E0000E9FB869F969F7F7FBF9089909072DD439
:1013F000069901292AD1002C28D0002826D1E8F707
:10140000BFFE0546082028701598C007400E08301A
:1014100028700321E9700D21A9700E2169701399BC
:10142000C9010818287015A8411C281D0624224649
:10143000D9F7C0FF13A8411C0A3528462246D9F720
:10144000B9FF0FA8002181720D9C08E0EAF758FF50
:101450000D9C6079E2F7BBFC7869E2F742FB002063
:10146000F8630FA9487337E00FA8002141730E9F5E
:1014700037E01AA8007D7F2800D068721AAF049266
:101480003A7B1B990E98E9F702FD0FAC0B98E072BE
:10149000787BE0711E98607129460C9DE888401C9D
:1014A00060804A7930460799E9F73BFD2073089937
:1014B00004980864886205980078069A90704969D3
:1014C000085CD07078890E9F2880386B796B401843
:1014D000B8630B98F8630D9C0FA8C17A384600F0EA
:1014E00095F8EEF78CFA0FA8807A00280AD00FA89A
:1014F0004188384600F0E6F801466079002931D08D
:10150000E2F7FAFC0FA8407B002877D03846E9F7CD
:1015100037FDA078800771D50FA8407A7969183116
:10152000EEF75EFD002869D04120840024A8214602
:10153000D2F738FEE9F7A0FD05460FA88079FF280D
:1015400018D0E9F7B9F8014640780B900FAFFE7953
:1015500024A82246D9F72EFF0B98801B811CB8794E
:101560000A9E0AE0E9F79EFD6079E2F7C5FC45E0D6
:101570004C1B002000210A9E09980B91CFB2AF426C
:1015800000D80646D9F7A5FF0446E9F79DFD0146B8
:101590001AA8C672AF422E4600D80B9E86726118FA
:1015A00041730D99497A01730C99498981800FA97A
:1015B0004A7942720F9AC2804A7A0272C97924AA81
:1015C00051181A91DEF7F6FCAF420ED90FA98A79AD
:1015D0001AA8C2720B9A521B8272C97924AA511896
:1015E000F2B289181A91DEF7E5FC0FA94B790A7A55
:1015F000087B097900910E99E9F772FD012065B029
:10160000F0BDC046F41A0020541B0020F0B58BB08A
:101610000D4604464220215A66693F20325C30461E
:101620004C3000F09AF8FF283FD0002D06D00C2156
:10163000414370184C30FFF79FFD36E02546813559
:101640003746AC3778700C2141437118099153200B
:10165000085C316B726B4243501800022721C900AD
:1016600040181349E1F777FB0A90542009990A5C66
:10167000B06A09902978B08FEEF7C6FC0346387837
:10168000F16A0C4A07920C4A06920C4A05920C4ADF
:1016900004920A220392029200910A99099A8918E7
:1016A00001918D222146E8F7CFFE0BB0F0BDC04678
:1016B000710200004D1107101D310710A51707100A
:1016C00045310710FEB50E46044645693E20295CAB
:1016D00028463E30029047782A461832384600F0B5
:1016E0004FF822467F32B8420192009006D9C01BC3
:1016F000EF6A47431078000710D516E023464233BF
:1017000000215170198889191980E26A216B71438F
:101710005218E262C01BEA6A424357182046394613
:101720003246F2F7C6FD002814D020463946F2F7BB
:10173000D1FD00280ED00646029800994170A86A93
:10174000C019A862E16B4908411A0198C078E8F70E
:10175000EFFE00E000263046FEBDB0B50023FF24BA
:10176000082B0AD08579954202D00C305B1CF6E735
:1017700082888A4202D0FFF7FFFC2346D8B2B0BD70
:1017800070B514460D460646F0B2401C2946E1F7F6
:10179000E2FA0E4608462146EEF722FC0028F3D076
:1017A000F0B270BDF8B546694720345CAC25705D79
:1017B0003146AC314F78E2F740FB705D2146E2F7ED
:1017C000DAFA0C20784330185421445CC56CB68F8B
:1017D000E8F7D6FC07210170710605D4611C417041
:1017E0000321002202230CE002218170E11C4170E0
:1017F000C17840220A43C270054909684A7A052126
:101800000423C254401829462246D9F7D3FDF8BD17
:10181000F41A0020F0B589B0054646693F20325CD5
:1018200080202B5CEF6B2C46803461780891A07887
:10183000002B1AD12B46423331463E3105921A888D
:1018400004920A78A96A0790736900920191029341
:1018500029465431012006900798049A069BE8F720
:10186000ACFC0798059A069921707169895CE2F7CA
:1018700082FA0A484743390A09180898032801D010
:101880004B3102E0FF20143009182846E2F75EF9D8
:101890002846FFF737FC09B0F0BDC04671020000D2
:1018A000F0B5C7B00446EAF737FE0546F320285CDA
:1018B000211D0C913EAA214620310D912E46EA367B
:1018C000002838D0002777720D9ED9F72BFEA86B21
:1018D000001DE2F706F9F07AFDF790F8FF20F072AC
:1018E000B07AE2F709FBB0352878FF2850D1022FF3
:1018F00041D0012F4CD1A07E0546E53D00D2002508
:10190000317B2646E27E4408722C01D920231A43FB
:10191000002902D1FF210C9B1970401BC1B2D3B228
:1019200000220C98D3F7F5F8732C31D3F37EE9B28B
:10193000E5220C982AE00A920B94DD4C2068E2F72D
:1019400036F807462068E2F73AF8DA490968D02203
:10195000895C00290CD000281DD0A86B001DE2F77F
:1019600042F8E1F7D6FF0D998879401C88710FE0A5
:1019700000270B9CA8E70021A1766161E07E402250
:101980000243DF231340E3760C980A46D3F7C1F8ED
:10199000002047B0F0BD002F2ED0D9F79EFDF17981
:1019A00003220A4080001018F071E1F7B2FF0D9891
:1019B000C07A09210A46F8F755FF2F68B9783878B8
:1019C000099030AA7F209082FF20D07400233093AA
:1019D0008022069233920EAA31920F220792890634
:1019E0000B9C1FD0F978C9073A461FD10D99097B86
:1019F000002924D0002032E00D98807902270128A8
:101A00000B9C07D0042805D0032802D12846F3F701
:101A1000CBF800277078400700D555E70020E8662E
:101A2000286751E7059318463A463BE001200D9997
:101A3000087328461746F3F7E0F83A460FE000210E
:101A40003F913E90174632783EA8009101900346A0
:101A5000E8F7C0FA3A460146FF3948424841D17892
:101A6000890702D40021059109E001210591002890
:101A700005D12EA928461746F3F709F93A46917879
:101A80008B0901280ED1307A002808D128467430FD
:101A900008931746D2F786FF3A46089B3072401EDD
:101AA000411E88410999079F3940002808931DD19C
:101AB00007291BD1099130AF10463946E9F70EF9D5
:101AC000F97C0020FF290FD0A18C30AA12898A420C
:101AD000089B09990AD00D9881790A1F50425041FC
:101AE000012926D0470025E0089B0999002806D146
:101AF000002B04D0082906D10D98807909E001282F
:101B00000ED1002716E007290AD10D988079002808
:101B100006D0021F5142514101280AD04F0009E06E
:101B20000F460D98C07AE2F7AAF804280CD00246B6
:101B30000BE00227EAF7E4FB0126F3F7D2F9002EC7
:101B40000D9E00D0C1E6CEE602223946072F089F3F
:101B50004BD107900392309B581E19468141099141
:101B60000493002B50D0EAF7CBFBA86B001DE1F7E4
:101B7000B8FF30A80390807B06214143C8B2C54915
:101B8000096809680A913099E8F7A2FF0646C24938
:101B90004143CC090798E2F794F907467D200001FC
:101BA0002118A86B309C001DE1F7D0FF7008C01908
:101BB0000A990919091A0D9CE07AE8F7B9FC03980B
:101BC000C07B6072E07A06990843E2F795F9A07944
:101BD000002604283FD003280B9C40D00127002872
:101BE00001D10D9887713346EAE0012600270829C4
:101BF000A3D10D98807906289FD128462146D2F797
:101C00005AFF00273E4698E70D98807900282CD08F
:101C100030A8407D01280D9E00D0A4E02846543015
:101C2000317B002948D0294655310A794B791B026E
:101C30009A183AAB9A805522AA5C4B781B029A18E4
:101C40008B78C9780902C918090489183A9129467C
:101C50005B31027844E001273B460B9CB0E0042056
:101C60000D99887101273B46AAE0002FD0D00D982E
:101C7000C0792818AA21405C0128C9D12EA8007873
:101C80007178490700D589E0022F0D9E6BD1FD28A0
:101C900069D001270023284603993A460A93F3F7AF
:101CA00081F801285FD10220B0710A9B1E4687E0AF
:101CB0004C1B0020F41A0020617AA27A12025118FB
:101CC0003AAA91806179A27912025118E279237AB5
:101CD0001B029A18120451183A9121460B312279AD
:101CE0000A9F2037FF2A17D1294675310A794B7987
:101CF0001B029A183AAB9A807522AA5C4B781B0299
:101D00009A188B78C9780902C918090489183A9178
:101D10002021425C29467B31039230AEF07C0A9050
:101D200008780790307B31993CAA0692D2F76DFE75
:101D30007870002038703EAF039838760D99087A95
:101D400078750698409016363F960E4638461930FC
:101D50003AA90622D2F75AFA0A9807990143F97765
:101D60003846D2F725FEB079801E002304280ED80D
:101D700001271E4678440079400087442102021E54
:101D800021002846F2F7D3FF01200A9000E00A93D1
:101D9000EAF7B6FA01273E460A9B11E0012F0D9E95
:101DA000E1D1FD28DFD00022012328460399F2F774
:101DB000F9FF0128D7D10520B07100273B463E46E8
:101DC000A18C2846099A0A93F2F798FE012802D1BD
:101DD00000270A9B56E00996E07E17210140E17634
:101DE00028680B900D9EF1792846F2F7C8FE2077FF
:101DF000317A284600F052F8E0773598A077D9F785
:101E000068FB0646E9F760F93018607730A8417B37
:101E10000B9A5118616191781346C943C0220A4355
:101E200059788918A176C07CFF2801D00D990870D7
:101E300030A8407D0128089A0A9B01D0002000E0CC
:101E40003698099E2083E07E0499002901D0202144
:101E50000843002B01D0082108431043E0760D9978
:101E6000097B012904D1696DAA6D0C9B06C30A9BED
:101E70000599002906D02F992E9AE260216104214C
:101E80000843E076002B00D157E60020E86628677B
:101E900053E6C046F41A00207102000070B50C46EB
:101EA000F121455C03266640F6F792FC0121414092
:101EB00031430C222A40042A204600D11046002932
:101EC00000D0204670BD0000F0B585B00D46044638
:101ED000002901D0032000E00120E8F797FA0390E1
:101EE000274F04A8FCF782FD00280FD026469C3619
:101EF000A90063188C21595884229A58511A012834
:101F000007D10398012806D81F4F05E03946C23192
:101F10001AE008460EE01B4F02930191F3F702F816
:101F2000381A04994018019F0490B84200D33846EB
:101F3000029B134F7168002905D0326851189A6CC2
:101F4000891A814200D3014621656619A820315CB7
:101F50000295AC25705DE1F70EFF705D0399E1F726
:101F600046FF705DE1F733FF02988000201880681B
:101F7000216D4F43390AE1F7E9FD05B0F0BDC046D8
:101F800071020000DCFBFFFF34FEFFFF80B5034958
:101F9000C97A814201D9FAF7BBFA80BD1419002031
:101FA00080B540690149F9F7E1F880BD8D1F071040
:101FB00010B5044600200121074B2246EBF76CFDCB
:101FC00006480068A8214058E100425CCF23134036
:101FD0002033435410BDC046204E00006C1B00202F
:101FE000F8B5294E3168A8254959C4000A5DD306C1
:101FF0000ED4930646D50919930735D0FC23134018
:10200000521E03241440E2180A70FFF7D1FFF8BDF6
:10201000FFF7CEFF306840590019841C6520C64385
:1020200037466537194800683421405C7F1C874279
:1020300028D215480068A4254059801970366830A8
:1020400006222146D9F7CDF90028EBD10E480068C9
:102050004059815DFB2915D1102181550E20E1F7F2
:1020600039FFD0F7FFFEF8BD3546002408220846A8
:102070002146D9F7A9F93068B02144544121425C86
:10208000521E4254F8BDC0466C1B0020541B002059
:1020900080B5022802D8FFF7A3FF80BD0449C97AA2
:1020A000C91C814203D9C01EC0B200F003F880BD34
:1020B00014190020FEB505467020029045430F48D4
:1020C0000068A42101914058471939890220012450
:1020D000002622463346F0F7EBF938462146F0F762
:1020E0009BF93889F0F77EF9044800680199405857
:1020F00040193146029AD9F767F9FEBD6C1B0020E2
:1021000080B540690149F9F731F880BD9120071089
:10211000F401FA00960064004B0032001E00140027
:10212000F401FA00960064004B0032001E00140017
:1021300038B505000C002000E2F77CFEA04200D07C
:102140000025280032BD8268521C82604268002A45
:1021500006D00268531C036011704168491E41603B
:102160007047D021FF224254704709888088084078
:1021700000D086207047098882888A4382800020A8
:102180007047098882880A43828000207047B0B572
:1021900005468068428901894220FDF7F3F804462C
:1021A000002810D1A868428901890120F0F7F0F8D1
:1021B000A86881884A0603D5FAF7D2F8A86881880A
:1021C0000222914381802046B0BD10B504460078BC
:1021D000002801D0002010BD60688189491C89B2A7
:1021E000F6F756FD0346A068428901890220FCF7F4
:1021F000CDFF002800D010BDA068C06881891922D9
:10220000F6F725FFA068C06801214180842010BD39
:10221000F0B591B0074609AC102020747868818928
:10222000491D89B2E5F708FFA08178680FAE0EADB1
:1022300031462A46F4F7ECF9368878680697B9688B
:102240004488C868818907220290F6F700FFE01FE2
:10225000298804910121059180B203900196059887
:1022600087B23C1D06988068C08884423CD8B0B2D2
:1022700009AA0499F6F726FE002835D0054610A8CD
:102280000090002208AB0698294600F03DF8862809
:1022900028D0002836D16E88089843680698406890
:1022A0008189C91D89B2039F3A46F3F7BFFF089998
:1022B0000988B94216D1002814D107AF3E70300A00
:1022C00078702846F4F70EFA0646B870000AF870DF
:1022D00002988189059A891889B204223B46EFF752
:1022E000C4FF0594761CBAE7012F07D106200A2205
:1022F0000199029BF4F75CF9862003E002980599A6
:102300004180002011B0F0BDFEB51F460646089D75
:1023100000242C700078012807D1306900281FD0D4
:102320000C363E600020287029E00292B0680089D7
:1023300001913A462B4600F024F8002812D0842858
:102340001DD101984388B0684289018902980090A4
:102350000220FDF749F8002811D17B20C0430EE090
:102360000E2005E038680188029A914203D20720C6
:102370002870862003E04168891841602046C0B279
:10238000FEBDF8B51C4600920E46074601220846DF
:102390003946F6F7E7FD20708625002808D1384633
:1023A0003146009AECF798F8862802D10E2020706A
:1023B0002846F8BDF0B58FB00146406801918968A4
:1023C000CF680DAD0EAC29462246F4F721F92888D6
:1023D0000790ECF747F802462088029000252B462C
:1023E00000950395002A069550D0508807900299D1
:1023F00088424BD8A8B2C01801998968C988884218
:1024000044D81C4608AD059210462946ECF73CF826
:102410002E7C0398000606D00098864239D1C00869
:102420000490069D16E0B98905223846F6F70FFE9E
:10243000102E01D0022200E00122069DB889401C26
:1024400081B238460392F6F702FEAD1CF008049004
:10245000841C0096B889401981B23846079AE7F77C
:1024600079F8B8892818861C08A800F020F80346D7
:10247000B1B20498C2B23846EFF7F7FEE0B22D18B9
:102480000598ECF75DF902462346ABE70398000692
:1024900003D006987880002007E0079881B20420D6
:1024A0000A223B46F4F784F886200FB0F0BD017C89
:1024B000802900D00C30704770B586B00446007893
:1024C000002814D0A589A068C188491FA94200D856
:1024D0000D46AAB22369C0688189491D89B2EFF708
:1024E000C4FE681DA168C9684880002040E060689B
:1024F0008189491C89B2E5F79FFD0546032205AB9A
:102500002046294600F036F8002808D00246A06888
:10251000C36816202946F4F74BF8862028E0606847
:102520008189C91C89B2E5F787FD06466068A16804
:102530004A89098943885B1F9BB2009601930290E8
:102540000A202B46FCF7A2FE002811D103AB5D70D8
:10255000280A9870DE7017201870300A1871A06869
:10256000C06881890522EFF780FE0020606084202A
:1025700006B070BDF0B585B01E4614460F46054640
:1025800001A801810271A9680191F9F78DFE8628E1
:1025900001D112200CE03846F4F792F830600028A0
:1025A00005D0A96809892246F6F7DCFC00E0012085
:1025B00005B0F0BDF0B597B00446406815A914AA5F
:1025C000F4F726F80A9460688189491D428889B227
:1025D000072A05D1E5F730FD0FA98881102004E016
:1025E00010220FABEFF72DFE80200FA908740A9878
:1025F0004078102801D0022100E0042107910A9AB6
:102600009168CC68CB8805931278002A04940AD08C
:102610006588022D15D3A089401C81B22046F6F7AB
:1026200037FB06460EE015AA1588102812D10FA810
:10263000F9F7A4FE002800D1B8E00895A18911227D
:102640001BE00026A089401981B22046E5F7F4FC82
:10265000089018E00BA8058102220271149A4281A9
:102660000B910FA90E91F9F71FFE862802D116A82B
:1026700012229DE00895A18909222046F6F7E7FC81
:102680000125658000260598801E019014A8008809
:1026900003900996F6B20695AFB2B819059988422B
:1026A00074D8089885B20FAA28460399F6F70AFC51
:1026B00000286BD00446029516A8009000250BABAD
:1026C0000A9821462A46FFF71FFE00284FD10B9893
:1026D000008807990918012F11D1FF2900D3FF2184
:1026E0000198814200D301990991CAB2049EB08930
:1026F000401C81B23046F6F7AAFC022703E0B14243
:10270000049E069F5CD165882046F3F7EBFF089096
:10271000B089C01981B230462A46E6F71BFF0798F8
:1027200009990A1A3C46BF1C0A98407810280AD119
:10273000B089C01981B23046089D17462A46E6F78F
:1027400009FF3A46271D2C46B089C01981B20B9863
:102750004368D5B230462A46EFF787FD7D1975806C
:1027600002200A990870601C0890099E91E786284B
:10277000069A16D084280546049821D181898918A3
:1027800089B2029AE6F7E6FE842519E0012F06D108
:1027900016A80A22027015A80588049C09E00025E5
:1027A0000EE016A80278049C089D02E016A81022EC
:1027B00002700A984078A9B22346F3F7F9FE8625FD
:1027C000284617B0F0BDF0B58BB005468068C468E8
:1027D000C7882878002824D02E460C3605966868CD
:1027E0008089401C81B2042204AB2046EFF729FD0A
:1027F000308869787F1E0C2903D1874253D204990F
:10280000401A80B2874200D30746BAB27368A089E3
:10281000401C81B22046EFF728FD781C6080002024
:102820004DE068780C28029707D168688189C91C37
:1028300089B2E5F701FC0D2201E00B22002004AF74
:1028400003903880A1892046F6F701FC68688189E9
:10285000491C89B2E5F7F0FB0646788007A8068197
:1028600001270771A9680791F9F71EFD862801D194
:10287000122715E03046F3F723FF002810D0014659
:1028800006A8009005AB2846039AFFF73DFD0028F7
:1028900017D0842818D0862811D106A8077807E019
:1028A00006A8077004E006A80B27077004A846884E
:1028B000687831463A462346F3F77AFE86200BB015
:1028C000F0BD059E029F93E7A089401C81B20422BF
:1028D00004AB2046EFF7C9FC8420F0E7F0B58DB0DB
:1028E0008168CE68C988069101780029079009D0CF
:1028F0007788B089C01981B23046E5F79DFB07990A
:1029000002460CE040780E2801D0212200E00F2280
:10291000B1893046F6F79BFB0122174607994868B4
:102920008078801AC0B2450808780028029666D0E0
:10293000079908460C300190EDB2FF35E8B200234C
:102940000393A84200D1B3E0BCB20698A04200D8DD
:10295000AEE0486881890592891889B202220CABE1
:102960000492EFF76EFC07990878012802D10198CC
:1029700008900DE00CA80088F3F7A2FE0146079826
:102980008068008908AAEBF7A7FD0799842865D01D
:102990000698041B48780E2809D1B089C1190898F7
:1029A0000288944200DB144689B2A2B213E0B089D7
:1029B000C01981B2089A304616883246E6F7CAFD39
:1029C000A41EB44200D33446A2B2BF1C029EB089FA
:1029D000C01981B2089843683046EFF746FC3F19AA
:1029E0007780079948782028059A04D10698C01B5B
:1029F00080B202285CD304980870921C9CE70021E6
:102A00000592079C88B2A84292D20491490060685E
:102A100082895118491C89B202220CABEFF711FCD4
:102A200008A8012606710C990181A1680891F9F79F
:102A30003BFC86282AD00CA80088F3F741FE00282A
:102A400027D00799896809890122F6F78BFA0028AF
:102A50001ED10499491C029E059AD3E70CA803884D
:102A6000886842890189002000900220FCF7BCFCA4
:102A700003900028059A1BD17780B089C01981B2D4
:102A800092B23046E6F766FD842010E0122600E0A0
:102A900006460CA80188079840780E2801D10E2020
:102AA00000E020203246029BF3F782FD862003904F
:102AB00003980DB0F0BDF0B589B004460078002849
:102AC00001D000203BE06068A168C9680691468893
:102AD0008189491C89B2E5F7AFFA0546F11E607895
:102AE000002752280CD0D2280ED1A0684089042893
:102AF00024D10F3E052201270020049005960EE008
:102B00000591042204970AE00591069EB1891322DB
:102B10003046F6F79CFA012004907080032207AB40
:102B200020462946FFF726FD024608A80270002A23
:102B300007D060782946069BF3F73AFD862009B056
:102B4000F0BD002F08D06168A068008900F023F86C
:102B5000002801D00022ECE76168079808AAF9F77D
:102B600053FA0028EBD0842812D16068A1684A8902
:102B70000989059B9BB20095019302900A20049B52
:102B8000FCF7B8FC0028DAD1002060608420D6E78A
:102B900008A80278CDE7F0B58DB00D464F88EAF76A
:102BA0000DFF002805D00446407C400603D4B12028
:102BB00034E0022032E02146483105A81022D8F73F
:102BC000F9FB083FB9B20C2202AE28463346EFF7B4
:102BD00038FB3078717809020818B1780904401878
:102BE000F17809064118E06E814201D8401C10D1ED
:102BF0000191FAB205A809AE29463346F6F787FDDA
:102C000002A8001D083608223146D8F7EAFB002842
:102C100001D0052002E00198E06600200DB0F0BD73
:102C2000D021FF2242547047D121FF2242547047E5
:102C3000F0B5FFB08CB00C4605468B68CA88898811
:102C400007A8801D00F034F8280702D5A068E6F731
:102C500080FB07A84189059101890391C1880291F0
:102C60000C3004900025049EA8B2059988421CD21D
:102C700031188AA8069002242246D8F79BFBA81C8C
:102C800080B2311889AF38462246D8F793FB281D09
:102C900084B230193B8806990A88009002980399FB
:102CA00000F01CF838882518DEE77FB00CB0F0BDC6
:102CB000B0B51C465B88150AC57082700A0A42705E
:102CC0000170591E01710A0A4271A589831D8AB2D9
:102CD000681C81B22046EFF7B4FAB0BDB0B5FFB0C2
:102CE00083B01C466D462B73AA722972A8711B0A09
:102CF0006B73120AEA72090A6972000AE8712846BF
:102D00000E3086992246D8F755FB20460A30A87027
:102D1000000AE8700F202871FF2068708220287058
:102D20000C2068710E34A1B22846ECF77CFE7FB00F
:102D300003B0B0BDB0B5FFB085B00C4605468B689A
:102D4000CA88898802A8801D00F011F8280702D5DA
:102D5000A068E6F7FEFA02ACA38962892189E088BF
:102D60000E340094FFF7BAFF7FB005B0B0BDF8B5E0
:102D70001C4617460E460546588800909889401C08
:102D800081B21846E5F758F90099C91E0A0AEA7196
:102D9000A97128713A0AEA70AF70320A6A702E700F
:102DA000000A6871A08908358AB2C01C81B2204629
:102DB0002B46EFF746FAF8BD10B5FFB083B089880F
:102DC0006C46A01D00F014F8217A481DA070000A7E
:102DD000E07001202071FF206070822020700820A8
:102DE000607109312046ECF71EFE7FB003B010BDC4
:102DF000017000228270090A4170704780B5022874
:102E000007D0012809D0002806D10020D1F7F0FA18
:102E100080BD0020D1F7E5FA80BD0020F8F77CF8EE
:102E200080BD1CB589886C46E01C00F00BF80520BD
:102E3000A070132060700420207008212046ECF759
:102E4000F2FD1CBD002202710122C27041700270AD
:102E5000090A8170704700207047002070470020E9
:102E600070477047B0B504463020255C608FFFF78F
:102E7000F8FF2846D1F7D4FD2546ED35002804D0CB
:102E80003034607C0121FBF7E7FD0020287015201D
:102E9000E1F720F8CFF7E6FFB0BD7CB50446E0F7D8
:102EA000A9FD054601212046F0F75EFB26462C369B
:102EB000214628318D4210D085420ED0616F2046C8
:102EC000F5F73EFA01212046E9F7B4FB012804D1C9
:102ED0006878002801D0001D68702546AC35307830
:102EE000032813D101A8FBF781FD012806D0002893
:102EF0000AD1E06EA16C4900081806E0216D019826
:102F0000884202D3084600E0206D68602046F2F750
:102F10002DF82046FDF7AAFA296814342046E0F778
:102F200015FE7CBDF0B589B002464220155A506CA2
:102F3000019040180690C9204000101804901046D7
:102F40004230059010462D3003900792FE320292D7
:102F500000200890A9B20122079E3046FDF7A1FB90
:102F6000F16C4143726C54187464089941180891CB
:102F70002D18AFB230463946FCF7D4FC064600287F
:102F800002D10698201AE5D4059C2088B84205D9BC
:102F9000029800880799FC31FDF785FB2580002EFB
:102FA000089D1BD10798416C019A8F1A3946FDF78D
:102FB0007BFB0646002811D1112000010799081853
:102FC0003946FDF780FB0646002807D107983946A9
:102FD0002A46FDF794FB0646002807D0039C207D77
:102FE000F9F780FD2670002004990880284609B072
:102FF000F0BD80B5002100F001F880BD002901D0AE
:103000000021C16700210172704710B504466C2091
:10301000205CA17AE0F7AFFE20461430F5F79EFC65
:10302000A07208212046FDF760FC10BDF0B583B00A
:103030000D460446FDF7D8FB266D28463146DFF7DE
:103040008AFE6A27E15B451C4819E0536E43606DB8
:103050008119616526466A36B078E7F769FA204635
:10306000FDF7C3FEB078E0F7A6FDE25BB67800237B
:10307000009301900293214614313046E7F79DF802
:10308000A072A06F0830E9F7A3FB284603B0F0BD9B
:1030900080B5FFF7AEFF80BDB0B50546846F8C20CC
:1030A000205C617CA26B515CE0F765FE0021284644
:1030B000E7F78AFA014624342046E0F747FDB0BD21
:1030C000B0B504466C20205CA16F4D7C896B495DD6
:1030D000E0F751FEA01DEEF7ADF80A35E9B2204643
:1030E000FDF703FCB0BD80B5002800D080BDE7F738
:1030F0009BFD80BDB0B50A460446016B1046DFF764
:103100002AFE451C20462946E7F70DFF002803D17B
:103110008220205CE7F7C6FF2846B0BDB0B5446901
:10312000AC20205C2146AC314D78FBF767FCFF20DA
:10313000E0F7E2FE0C20684320184C30FEF71CF844
:103140000120B0BDB0B54469AC20205C2146AC3153
:103150004D78FBF753FC0C20684320184C30FEF7E9
:103160000BF80120B0BDF8B505464669B06A4718AE
:10317000002401212846FEF7A5FA002806D0B06AEF
:10318000C0433818641C0028F3D503E08220285C73
:10319000E7F788FF2046F8BDB0B504462820205C3C
:1031A000E7F734F905462834E0782946E0F71FFEB2
:1031B000E0782946E0F751FE6178E078E0F7DBFD42
:1031C000E078E0F704FEB0BDB0B504462B25405DC5
:1031D000FBF714FCFF2060550120B0BD80B5012134
:1031E000FEF772FE80BD80B50021FEF76DFE80BD4A
:1031F00010B501242246F1F7B7FB204610BD80B57B
:103200000022F1F7B1FB012080BD70B4012300243E
:1032100013E00168001D194202D04D466918491E8D
:103220000C60091D121F042AFAD20D00960701D561
:103230000C80AD1C1A4000D02C700268001D002AC2
:10324000E7D170BC7047F1B4016841184368580871
:103250000A1800988068DB0701D54B46C0189142D8
:103260002DD00D78491C032403262E4002D10E7860
:10327000F61C491C2B090F2B07D10B780F33491C67
:1032800003E00F78491C0770401C761EF9D1002B13
:10329000E5D00E78491CAD082C40032C01D10C78E8
:1032A000491C24023419654244190025AE1E9E4271
:1032B000D5D02678641C0670401C6D1CF6E700987B
:1032C0000C30F2BC7047000043FFFFFF0400000019
:1032D000300000203C0000005C00002014160000BC
:1032E00078050020000000005FFFFFFF19010000CB
:1032F0000E000000C00000204FFFFFFF1001000083
:10330000C60200004C020020BD1A3CCDA6B8995858
:1033100099B740EB7B60FF4A503F10D2E3B3C974CA
:10332000385FC5A3D4F6493F000C00020800040230
:1033300000011703010D0301010001010013020048
:103340000309000309000101000101000506001244
:1033500002000309011418001418001203000801E8
:10336000010801000609010609010703020703001D
:103370000705001403000A02020A010009230011D4
:1033800002011102010E24020E09020E10000F04A8
:10339000000B04020B05000B0500100B02100B00C4
:1033A0000C04010D0B00092B006C888391AAF5A574
:1033B0003860370BDB5A6083BEE69D350E4801034B
:1033C000CCDBFDF4AC1191F4EFB9A5F9E9A7832C9E
:1033D0005E2CBE97F2D203B0208BD28915D08E1C02
:1033E000742430ED8FC24563765C15525ABF9A3211
:1033F000636DEB2A65499C80DCFB349B5F80000099
:103400008000100000F2FF0001F16A01400B4553FB
:103410004C5F5858000002010607090D100603030F
:1034200057180001000702110110031B0020013092
:103430000F100F01000003072000FB349B5F80008A
:1034400000800010342329000710040040160410E7
:10345000030812110420096C1A002020040020C85F
:1034600000C83320070000590000704C43002012B0
:103470003204100348190020FF01B0050000FFFFCF
:103480000207005043002A506101E002B40200200C
:1034900024D20124E002B823041024D20424F2022E
:1034A000C424D2A62412D024B00122070924C38840
:1034B0002B242101B1B042182092012412020C12D7
:1034C000C8B8D20370652CB00204240410D0F102F5
:1034D000446101F5077017542670F1061CC360267D
:1034E0006052256092026012080C126C282114525E
:1034F000FF01320424231000081132624804140131
:10350000010020E131157114130F1052100E40000C
:10351000410024F40002040101101800206004524C
:103520001004212E61081AD00C43BC040CF10B01CD
:10353000F00207F30D05100461A4D00182410414C8
:1035400010010000D614253CF20AD464F00603DD15
:103550006C0510E96C0510206578A5344703283404
:0F356000000B9B070510B982061002FF0101EA5C
:040000051006A599A3
:00000001FF
