:020000041004E6
:10000000000001204D5307103D650710456507109E
:1000100000000000000000000000000000000000E0
:100020000000000000000000000000004D65071007
:1000300000000000000000004F6507105165071028
:100040004F1905103F580510475A05104B5E051013
:10005000000000000000000000000000D77A05103A
:100060005965071003820510879605106B9F0510D0
:1000700053A005108165071000000000B965071046
:1000800017A705103FB60510A9650710000000006E
:10009000A16507100000000000000000996507102E
:1000A00057B90510B16507104FBA0510B7C0051054
:1000B00047C4051000000000000000000000000020
:1000C0004572726F7220696E20424C455F535441F5
:1000D000434B5F496E697428292030782530327887
:1000E0000D0A000020204661696C2020203A206122
:1000F00063695F68616C5F77726974655F636F6E77
:100100006669675F6461746120636F6D6D616E64C1
:10011000202D20434F4E4649475F444154415F5094
:100120005542414444525F4F46465345542C207239
:100130006573756C743A203078253032580A0000A7
:100140002020537563636573733A206163695F6848
:10015000616C5F77726974655F636F6E6669675F14
:100160006461746120636F6D6D616E64202D204346
:100170004F4E4649475F444154415F5055424144C8
:1001800044525F4F46465345540A000020204661C2
:10019000696C2020203A206163695F68616C5F733D
:1001A00065745F74785F706F7765725F6C65766594
:1001B0006C20636F6D6D616E642C20726573756C5D
:1001C000743A203078253032580A000020205375C8
:1001D00063636573733A206163695F68616C5F7321
:1001E00065745F74785F706F7765725F6C65766554
:1001F0006C20636F6D6D616E640A000020204661A3
:10020000696C2020203A206163695F676174745FC4
:100210007372765F70726F66696C655F696E697420
:1002200020636F6D6D616E642C20726573756C74E4
:100230003A203078253032580A00000020205375CB
:1002400063636573733A206163695F676174745FA8
:100250007372765F70726F66696C655F696E6974E0
:1002600020636F6D6D616E640A000000202046619E
:10027000696C2020203A206163695F6761705F6963
:100280006E697420636F6D6D616E642C207265738E
:10029000756C743A203078253032580A000000001E
:1002A0002020537563636573733A206163695F67E8
:1002B00061705F696E697420636F6D6D616E640A51
:1002C0000000000020205075626C696320426C754C
:1002D00065746F6F746820416464726573733A204B
:1002E000253032783A253032783A253032783A253E
:1002F0003032783A253032783A253032780A0000A8
:1003000020204661696C2020203A204761705F7090
:10031000726F66696C655F7365745F6465765F6E46
:10032000616D65202D20446576696365204E616DA1
:10033000652C20726573756C743A203078253032E4
:10034000580A00002020537563636573733A204791
:1003500061705F70726F66696C655F7365745F640E
:1003600065765F6E616D65202D20446576696365F5
:10037000204E616D650A000020204661696C2020D6
:10038000203A204761705F70726F66696C655F73B9
:1003900065745F617070656172616E6365202D20A8
:1003A000417070656172616E63652C207265737552
:1003B0006C743A203078253032580A00202053756A
:1003C00063636573733A204761705F70726F66692B
:1003D0006C655F7365745F617070656172616E6397
:1003E00065202D20417070656172616E63650A0041
:1003F00020204661696C2020203A206163695F6794
:1004000061705F7365745F696F5F6361706162697A
:100410006C69747920636F6D6D616E642C207265F8
:1004200073756C743A203078253032580A00000019
:100430002020537563636573733A206163695F6756
:1004400061705F7365745F696F5F6361706162693A
:100450006C69747920636F6D6D616E640A000000D1
:1004600020204661696C2020203A206163695F6723
:1004700061705F7365745F73656375726974795FCA
:10048000726571756972656D656E747320636F6DE9
:100490006D616E642C20726573756C743A203078CF
:1004A000253032580A0000002020537563636573BD
:1004B000733A206163695F6761705F7365745F732E
:1004C000656375726974795F726571756972656D5E
:1004D000656E747320636F6D6D616E640A00000059
:1004E00020204661696C2020203A206163695F67A3
:1004F00061705F636F6E6669677572655F66696C70
:100500007465725F6163636570745F616E645F726E
:1005100065736F6C76696E675F6C69737420636F67
:100520006D6D616E642C20726573756C743A203049
:1005300078253032580A00002020537563636573B4
:10054000733A206163695F6761705F636F6E6669AC
:10055000677572655F66696C7465725F6163636518
:1005600070745F616E645F7265736F6C76696E67DD
:100570005F6C69737420636F6D6D616E640A000057
:10058000FF80FFFF30FFFFFF20204661696C2020C5
:10059000203A206863695F6C655F7365745F657698
:1005A000656E745F6D61736B20636F6D6D616E64FA
:1005B0002C20726573756C743A203078253032586F
:1005C0000A0000002020537563636573733A206846
:1005D00063695F6C655F7365745F6576656E745F94
:1005E0006D61736B20636F6D6D616E640A00000056
:1005F0003D3D3E3E20456E6420424C455F496E695C
:10060000742066756E6374696F6E0A005365727646
:100610006963657320616E6420436861726163740D
:100620006572697374696373206372656174696F5D
:100630006E0A0000456E64206F662053657276690D
:1006400063657320616E64204368617261637465E1
:1006500072697374696373206372656174696F6E24
:100660000A0000003E3E3D3D204843495F44495357
:10067000434F4E4E454354494F4E5F434F4D504CB0
:100680004554455F4556545F434F44450A000000BA
:1006900020202020202D20436F6E6E656374696FCB
:1006A0006E2048616E646C653A20202030782530D9
:1006B00032580A20202020202D20526561736F6E51
:1006C0003A202020203078253032580A00000000DF
:1006D0003E3E3D3D204843495F4C455F434F4E4EB3
:1006E000454354494F4E5F5550444154455F434F35
:1006F0004D504C4554455F5355424556545F434F0A
:1007000044450A0020202020202D20436F6E6E6576
:100710006374696F6E20496E74657276616C3A20FD
:10072000202025642E25303264206D730A2020207D
:1007300020202D20436F6E6E656374696F6E206C90
:100740006174656E63793A2020202025640A202098
:100750002020202D205375706572766973696F6E45
:100760002054696D656F75743A2020202564206DD2
:10077000730A00004843495F4C455F454E48414E6F
:100780004345445F434F4E4E454354494F4E5F43AC
:100790004F4D504C4554455F5355424556545F4369
:1007A0004F44450A000000004843495F4C455F45FF
:1007B0004E48414E4345445F434F4E4E4543544996
:1007C0004F4E5F434F4D504C4554455F56325F533B
:1007D00055424556545F434F44450A004843495FDC
:1007E0004C455F504552494F4449435F414456454B
:1007F00052544953494E475F53594E435F545241F7
:100800004E534645525F52454345495645445F560F
:10081000320A000053746174757320253032580A0F
:10082000000000004843495F4C455F504552494F26
:100830004449435F4144564552544953494E475FEA
:1008400053594E435F4C4F53540A00004843495F8D
:100850004C455F4D4554415F4556543A203078250C
:100860003032580A000000003E3E3D3D20414349E1
:100870005F4741505F50524F435F434F4D504C458F
:1008800054455F56534556545F434F44450A000054
:100890003E3E3D3D204143495F4741505F4B4559F6
:1008A00050524553535F4E4F544946494341544972
:1008B0004F4E5F56534556545F434F44450A000020
:1008C0003E3E3D3D204143495F4741505F504153CB
:1008D000534B45595F5245515F56534556545F43FC
:1008E0004F44450A000000003D3D3E3E20616369E3
:1008F0005F6761705F706173736B65795F72657359
:1009000070203A204661696C2C20726561736F6EAD
:100910003A203078253032580A0000003D3D3E3EF6
:10092000206163695F6761705F706173736B657984
:100930005F72657370203A20537563636573730A41
:10094000000000003E3E3D3D204143495F4741508D
:100950005F4E554D455249435F434F4D50415249BB
:10096000534F4E5F56414C55455F56534556545F65
:10097000434F44450A00000020202020202D206EF7
:10098000756D657269635F76616C7565203D2025C4
:10099000640A000020202020202D204865785F7602
:1009A000616C7565203D2025780A00003D3D3E3E86
:1009B000206163695F6761705F6E756D6572696301
:1009C0005F636F6D70617269736F6E5F76616C7576
:1009D000655F636F6E6669726D5F7965736E6F20B8
:1009E0003A204661696C2C20726561736F6E3A2003
:1009F0003078253032580A003D3D3E3E2061636923
:100A00005F6761705F6E756D657269635F636F6D5F
:100A100070617269736F6E5F76616C75655F636F2D
:100A20006E6669726D5F7965736E6F203A205375DB
:100A300063636573730A00003E3E3D3D20414349B8
:100A40005F4741505F50414952494E475F565345B9
:100A500056545F434F44450A000000003E3E3D3D72
:100A6000204143495F4741505F50414952494E47F9
:100A70005F434F4D504C4554455F56534556545F68
:100A8000434F44450A00000020202020202D205004
:100A9000616972696E67204B4F0A20202020202D4B
:100AA000205374617475733A203078253032580AB7
:100AB00020202020202D20526561736F6E3A203057
:100AC00078253032580A000020202020202D205088
:100AD000616972696E6720537563636573730A0099
:100AE0004143495F48414C5F46575F4552524F5220
:100AF0005F5653455654203078253032580A00004E
:100B00004843495F56454E444F525F4556543A203C
:100B10003078253034580A004843495F48415244F0
:100B2000574152455F4552524F525F45565420300F
:100B300078253032580A00004843495F4556454EF3
:100B4000543A203078253032580A00003E3E3D3D70
:100B5000206863695F6C655F636F6E6E656374695F
:100B60006F6E5F636F6D706C6574655F6576656EE3
:100B700074202D20436F6E6E656374696F6E2068FC
:100B8000616E646C653A203078253034580A000074
:100B900020202020202D20436F6E6E656374696FC6
:100BA0006E2065737461626C69736865642077692F
:100BB000746820403A253032783A253032783A2528
:100BC0003032783A253032783A253032783A25304A
:100BD00032780A0020202020202D20436F6E6E6581
:100BE0006374696F6E20496E74657276616C3A2029
:100BF000202025642E25303264206D730A202020A9
:100C000020202D20436F6E6E656374696F6E206CBB
:100C10006174656E63793A2020202025640A2020C3
:100C20002020202D205375706572766973696F6E70
:100C30002054696D656F75743A202564206D730AC0
:100C4000000000006863695F6C655F726561645FE6
:100C5000706879206661696C7572653A20726561A9
:100C6000736F6E3D3078253032580A003D3D3E3E70
:100C7000206863695F6C655F726561645F70687945
:100C8000202D20537563636573730A003D3D3E3E1E
:100C90002050485920506172616D202054583D20E9
:100CA00025642C2052583D2025640A003D3D3E3EDF
:100CB000206863695F6C655F7365745F7068792035
:100CC00050485920506172616D202054583D2025B4
:100CD000642C2052583D202564202D200000000067
:100CE0004661696C0A000000537563636573730A9B
:100CF000000000006163695F6761705F7465726D19
:100D0000696E617465206661696C7572653A2072FE
:100D10006561736F6E3D3078253032580A000000EF
:100D20003D3D3E3E206163695F6761705F7465723F
:100D30006D696E617465203A2053756363657373E2
:100D40000A0000006163695F676174745F636C74BB
:100D50005F65786368616E67655F636F6E6669671C
:100D6000206661696C7572653A20726561736F6E99
:100D70003D3078253032580A000000003D3D3E3EAF
:100D8000206163695F676174745F636C745F657829
:100D90006368616E67655F636F6E666967203A209E
:100DA000537563636573730A000000003D3D3E3E6A
:100DB000206163695F6761705F7365745F6164760A
:100DC0006572746973696E675F636F6E6669677574
:100DD000726174696F6E202D206661696C2C2072BF
:100DE0006573756C743A203078253032580A0000EB
:100DF0003D3D3E3E20537563636573733A206163E6
:100E0000695F6761705F7365745F61647665727452
:100E10006973696E675F636F6E6669677572617427
:100E2000696F6E0A000000003D3D3E3E206163692F
:100E30005F6761705F7365745F6164766572746922
:100E400073696E675F64617461204661696C656493
:100E50002C20726573756C743A20307825303258C6
:100E60000A0000003D3D3E3E205375636365737389
:100E70003A206163695F6761705F7365745F616485
:100E8000766572746973696E675F646174610A0084
:100E90003D3D3E3E206163695F6761705F736574CD
:100EA0005F6164766572746973696E675F656E61B0
:100EB000626C65204661696C65642C20726573758F
:100EC0006C743A203078253032580A003D3D3E3E61
:100ED00020537563636573733A206163695F67616B
:100EE000705F7365745F6164766572746973696E4F
:100EF000675F656E61626C650A000000446973613A
:100F0000626C65206164766572746973696E6720CE
:100F10002D206661696C2C20726573756C743A20A3
:100F20003078253032580A003D3D3E3E20446973FA
:100F300061626C65206164766572746973696E675D
:100F4000202D20537563636573730A006163695FC5
:100F50006C326361705F636F6E6E656374696F6E30
:100F60005F706172616D657465725F7570646174E4
:100F7000655F726571202D206661696C2C20726539
:100F800073756C743A203078253032580A000000AE
:100F90003D3D3E3E206163695F6C326361705F631B
:100FA0006F6E6E656374696F6E5F706172616D659F
:100FB0007465725F7570646174655F726571202D10
:100FC00020537563636573730A000000DC1700200B
:100FD000F63600001300010400003200F7000000A4
:100FE000FFFFFFFF6400011008000103F70001008C
:100FF00000010102020202000001000300040000DF
:101000000A0A5741544348444F47205245534554D8
:101010002121212121212121210A0A000A0A5359D3
:101020005354454D2052455345542121212121211E
:101030002121210A0A00000073742E636F6D2F7343
:10104000746D333277623000427574746F6E202590
:1010500064207072657373656420282564290A0012
:1010600000100E0000000000000000000000000062
:10107000687474703A2F2F7777772E000000000085
:101080000000000000000000000000000000000060
:101090000000000000000000000000000000000050
:1010A0000000000000000000000000000000000040
:1010B0000000000000000000000000000000000030
:1010C0000000000000000000000000000000000020
:1010D0000000000000000000000000000000000010
:1010E0000000000000000000000000000000000000
:1010F00000000000000000000000000000000000F0
:1011000000000000000000000000000000000000DF
:1011100000000000000000000000000000000000CF
:1011200000000000000000000000000000000000BF
:1011300000000000000000000000000000000000AF
:10114000000000000000000000000000000000009F
:10115000000000000000000000000000000000008F
:10116000000000000000000000000000000000007F
:10117000000000000000000000000000000000006F
:10118000000000000000000000000000000000005F
:10119000000000000000000000000000000000004F
:1011A000000000000000000000000000000000003F
:1011B000000000000000000000000000000000002F
:1011C000000000000000000000000000000000001F
:1011D000000000000000000000000000000000000F
:1011E00000000000000000000000000000000000FF
:1011F00000000000000000000000000000000000EF
:1012000000000000000000000000000000000000DE
:1012100000000000000000000000007C0000000151
:10122000FF80000003FFC0000003FFC0000003FFB9
:10123000C0000003FFC0000003FFC0000003FFC0A8
:10124000000003FFC0000003FFC0000001FF80009A
:101250000001FF80000001FF80000001FF8000000E
:1012600001FF80000001FF00000000FF00000000FF
:10127000FF00000000FF00000000FF00000000FF72
:1012800000000000FE000000007E000000007E0064
:101290000000007E000000007E000000007E0000D4
:1012A00000003C000000003C0000000000000000C6
:1012B000000000000000000000000000000000002E
:1012C0003C00000000FF00000001FF80000001FF63
:1012D00080000001FF80000001FF80000001FF800E
:1012E000000001FF80000001FF80000000FF0000FF
:1012F00000003C00000000000000000000000000B2
:1013000000000000000000000000000000000000DD
:1013100000000000000000000000000000000000CD
:1013200000000000000000000000000000000000BD
:1013300000000000000000000000000000000000AD
:10134000000000000000000000000000000000009D
:10135000000000000000000000000000000000008D
:10136000000000000000000000000000000000007D
:1013700000000000000000007F0FE000007F0FE091
:1013800000003F0FE000003F0FE000003F0FC000F3
:10139000003F07C000003F07C000003E07C000003C
:1013A0003E07C000001E07C000001E078000001E90
:1013B000078000001E038000001E038000001C0345
:1013C0008000001C038000000C038000000C030060
:1013D000000000000000000000000000000000000D
:1013E00000000000000000000000000000000000FD
:1013F00000000000000000000000000000000000ED
:1014000000000000000000000000000000000000DC
:1014100000000000000000000000000000000000CC
:1014200000000000000000000000000000000000BC
:1014300000000000000000000000000000000000AC
:10144000000000000000000000000000000000009C
:10145000000000000000000000000000000000008C
:10146000000000000000000000000000000000007C
:10147000000000000000000000000000000000006C
:10148000000000000000000000000000000000005C
:10149000000000000000000000000000000000004C
:1014A000000000000000000000000000000000003C
:1014B000000000000000000000000000000000002C
:1014C000000000000000000000000000000000001C
:1014D000000000000000000000000000000000000C
:1014E00000007F01FC00007F01FC00007F03F8008A
:1014F00000FE03F80000FE03F80000FE03F8000001
:10150000FE03F80000FE03F80000FC07F00001FCF9
:1015100007F00001FC07F000FFFFFFFF00FFFFFFE7
:10152000FF00FFFFFFFF00FFFFFFFF0003F80FE0DA
:101530000003F80FE00003F80FE00003F80FE000ED
:1015400003F81FC00007F01FC00007F01FC000070E
:10155000F01FC00007F01FC003FFFFFFFF03FFFFE6
:10156000FFFF03FFFFFFFF03FFFFFFFF000FE03F51
:1015700080000FE03F80000FE07F00001FC07F0071
:10158000001FC07F00001FC07F00001FC07F000041
:101590001FC07F00001FC0FE00003F80FE00003F14
:1015A00080FE0000000000000000000000000000BD
:1015B000000000000000000000000000000000002B
:1015C000000000000000000000000000000000001B
:1015D000000000000000000000000000000000000B
:1015E00000000000000000000000000000000000FB
:1015F00000000000000000000000000000000000EB
:1016000000000000000000000000000000000000DA
:10161000000000000000000000000000003000009A
:10162000000030000000003000000000300000002A
:10163000007C00000007FFE000003FFFF800007F93
:10164000FFFE0000FC30FE0001F8303F0003F030E8
:101650001F8003F0300F8007F03007C007F030071D
:10166000C007F03007C00FF03007C00FF83007C0D8
:101670000FFC3007C00FFE3000000FFFF000000726
:10168000FFF0000007FFFC000007FFFF800007FFDE
:10169000FFE00003FFFFF80001FFFFFE0001FFFF76
:1016A000FF0000FFFFFF80007FFFFFC0001FFFFF64
:1016B000C00007FFFFE00001FFFFE000007FFFF038
:1016C00000003FFFF001C033FFF00F8030FFF00F4C
:1016D00080307FF00F80303FF00F80303FF00F8080
:1016E000303FF00F80303FE00FC0303FE007C030A8
:1016F0003FC007E0303F8003F0307F8001F831FECB
:101700000000FFFFFC00003FFFF000000FFF0000A3
:1017100000007000000000300000000030000000F9
:101720000030000000003000000000300000000029
:1017300000000000000000000000000000000000A9
:101740000000000000000000000000000000000099
:101750000000000000000000000000000000000089
:101760000000000000000000000000000000000079
:101770000000000000000000000000000000000069
:101780000000000000000000000000000000000059
:101790000000007C00007803FF8000780FC7C000C5
:1017A000F01F87E000F01F87F001F03F83F001E0B9
:1017B0003F83F803E03F83F803C03F83F803C07F13
:1017C00083F807807F83F807807F83F80F007F838B
:1017D000F80F007F83F81E003F83F81E003F83F858
:1017E0003C003F83F83C003F83F078001F87F0788F
:1017F000001F87E0F0000FC7C0F00003FF81F0007A
:10180000007C01E00F000003E03F000003C0FC008B
:101810000003C1F800000781F800000783F800000A
:101820000F03F800000F03F800001E07F000001E71
:1018300007F000003C07F000003C07F000007807CC
:10184000F000007807F00000F803F80000F003F85B
:101850000001F003F80001E001F80003E001F800E6
:1018600003C000FC0003C0003F000780000F000021
:101870000000000000000000000000000000000068
:101880000000000000000000000000000000000058
:101890000000000000000000000000000000000048
:1018A0000000000000000000000000000000000038
:1018B0000000000000000000000000000000000028
:1018C0000000000000000000000000000000000018
:1018D0000000000000000000000000000000000008
:1018E00000000000000000000000000000000000F8
:1018F00000003F00000001FFE0000007FFF00000D3
:101900000FFFF800001FE07C00003FE03C00003FBC
:10191000C03C00003FC01C00007FC01C00007FE0F6
:101920001C00007FE01C00007FF03C00007FF83CC2
:1019300000003FF87800003FFCF800003FFFF00790
:10194000001FFFE007000FFF800F000FFF800F0058
:1019500007FF800F001FFFC00E007FFFC00E00FFBB
:10196000FFE01E03F9FFF01E07F0FFF01C0FE07F01
:10197000F83C1FE07FFC381FE03FFC783FE03FFE73
:10198000703FE01FFFF03FE00FFFE03FF00FFFE090
:101990003FF007FFC03FF803FFC03FF803FFE03F01
:1019A000FC01FFE01FFE01FFF01FFE00FFF80FFF2C
:1019B00000FFF80FFFC1FFFC07FFFFFFFC01FFFF67
:1019C0009FFE00FFFF1FFF003FFC0FFF0007E0002E
:1019D0000000000000000000000000000000000007
:1019E00000000000000000000000000000000000F7
:1019F00000000000000000000000000000000000E7
:101A000000000000000000000000000000000000D6
:101A100000000000000000000000000000000000C6
:101A200000000000000000000000000000000000B6
:101A300000000000000000000000000000000000A6
:101A400000000000000000000000000000007F0017
:101A50000000007F000000003F000000003F000089
:101A600000003F000000003F000000003F000000B9
:101A7000003E000000003E000000001E00000000CC
:101A80001E000000001E000000001E000000001EDE
:101A9000000000001C000000001C000000000C0002
:101AA0000000000C0000000000000000000000002A
:101AB0000000000000000000000000000000000026
:101AC0000000000000000000000000000000000016
:101AD0000000000000000000000000000000000006
:101AE00000000000000000000000000000000000F6
:101AF00000000000000000000000000000000000E6
:101B000000000000000000000000000000000000D5
:101B100000000000000000000000000000000000C5
:101B200000000000000000000000000000000000B5
:101B300000000000000000000000000000000000A5
:101B40000000000000000000000000000000000095
:101B50000000000000000000000000000000000085
:101B60000000000000000000000000000000000075
:101B70000000000000000000000000000000000065
:101B80000000000000000000000000000000000055
:101B90000000000000000000000000000000000045
:101BA0000000000000000000000C000000001C000D
:101BB0000000007C00000001FC00000003F80000B1
:101BC0000007F00000000FF00000001FE000000020
:101BD0003FC00000007FC0000000FF80000000FF49
:101BE00080000001FF00000003FF00000003FF0071
:101BF000000007FE00000007FE00000007FE0000D6
:101C0000000FFC0000000FFC0000000FFC000000B3
:101C10000FFC0000000FFC0000001FF80000001F78
:101C2000F80000001FF80000001FF80000001FF877
:101C30000000001FF80000001FF80000001FF8005F
:101C400000001FF80000001FF80000001FF800004F
:101C5000000FF80000000FFC0000000FFC00000067
:101C60000FFC0000000FFC00000007FC0000000754
:101C7000FC00000007FE00000003FE00000003FE61
:101C800000000001FF00000000FF00000000FF80D6
:101C90000000007F800000003FC00000001FC00067
:101CA00000000FE000000007E000000003F000006B
:101CB0000001F8000000007C000000003C00000073
:101CC000000C000000000000000000000000000008
:101CD0000000000000000000000000000000000004
:101CE00000000000000000000000000000000000F4
:101CF00000000000000000000000000000000000E4
:101D0000000000000010000000001C000000001F88
:101D1000000000000F800000000FE000000007F04E
:101D200000000003F800000003FC00000001FE00BA
:101D3000000000FF00000000FF00000000FF800026
:101D400000007FC00000007FC00000003FE00000F6
:101D5000003FE00000003FF00000003FF000000006
:101D60001FF00000001FF00000001FF80000001F1F
:101D7000F80000001FF80000001FF80000001FF826
:101D80000000001FF80000001FF80000001FF8000E
:101D900000001FF80000001FF80000001FF80000FE
:101DA000001FF80000001FF80000001FF8000000EE
:101DB0001FF80000001FF80000001FF80000003F9F
:101DC000F00000003FF00000003FF00000003FF096
:101DD0000000007FE00000007FE00000007FC00006
:101DE0000000FFC0000000FF80000001FF000000B5
:101DF00001FF00000003FE00000003FC00000007DC
:101E0000F80000000FF00000001FE00000001F803D
:101E10000000001F000000001C0000000010000077
:101E200000000000000000000000000000000000B2
:101E300000000000000000000000000000000000A2
:101E40000000000000000000000000000000000092
:101E50000000000000000000000000000000000082
:101E60000000000000000000000F000000000F0054
:101E70000000000F00000000070000000007020043
:101E80000003070E000007C61E000007F67F0000D3
:101E90000FFFFF0000007FE00000000F00000000C7
:101EA0001F800000003DC000000079E0000000F845
:101EB000F0000001F0F8000001F078000000607010
:101EC00000000020200000000000000000000000D2
:101ED0000000000000000000000000000000000002
:101EE00000000000000000000000000000000000F2
:101EF00000000000000000000000000000000000E2
:101F000000000000000000000000000000000000D1
:101F100000000000000000000000000000000000C1
:101F200000000000000000000000000000000000B1
:101F300000000000000000000000000000000000A1
:101F40000000000000000000000000000000000091
:101F50000000000000000000000000000000000081
:101F60000000000000000000000000000000000071
:101F70000000000000000000000000000000000061
:101F80000000000000000000000000000000000051
:101F90000000000000000000000000000000000041
:101FA0000000000000000000000000000000000031
:101FB0000000000000000000000000000000000021
:101FC0000000000000000000000000000000000011
:101FD0000000000000000000000000000000000001
:101FE000000000000003C000000003C00000000368
:101FF000C000000003C000000003C000000003C0D8
:1020000000000003C000000003C000000003C00087
:10201000000003C000000003C000000003C0000077
:102020000003C00000FFFFFFFF00FFFFFFFF00FFF6
:10203000FFFFFF00FFFFFFFF00FFFFFFFF000003A8
:10204000C000000003C000000003C000000003C087
:1020500000000003C000000003C000000003C00037
:10206000000003C000000003C000000003C0000027
:102070000003C000000003C000000003C000000017
:1020800003C000000000000000000000000000008D
:102090000000000000000000000000000000000040
:1020A0000000000000000000000000000000000030
:1020B0000000000000000000000000000000000020
:1020C0000000000000000000000000000000000010
:1020D0000000000000000000000000000000000000
:1020E00000000000000000000000000000000000F0
:1020F00000000000000000000000000000000000E0
:1021000000000000000000000000000000000000CF
:1021100000000000000000000000000000000000BF
:1021200000000000000000000000000000000000AF
:10213000000000000000000000000000000000009F
:10214000000000000000000000000000000000008F
:10215000000000000000000000000000000000007F
:10216000000000000000000000000000000000006F
:10217000000000000000000000000000000000005F
:10218000000000000000000000000000000000004F
:10219000000000000000000000000000000000003F
:1021A000000000000000000000000000000000002F
:1021B000000000000000000000000000000000001F
:1021C00000000000000000000001E000000007F82F
:1021D00000000007FC0000000FFC0000000FFE00E4
:1021E00000000FFE0000000FFE0000000FFE0000C8
:1021F0000007FE00000007FE00000001FC000000D8
:10220000007C000000007C00000000F800000001DD
:10221000F800000003F000000003E000000003C02D
:1022200000000003000000000000000000000000AB
:10223000000000000000000000000000000000009E
:10224000000000000000000000000000000000008E
:10225000000000000000000000000000000000007E
:10226000000000000000000000000000000000006E
:10227000000000000000000000000000000000005E
:10228000000000000000000000000000000000004E
:10229000000000000000000000000000000000003E
:1022A000000000000000000000000000000000002E
:1022B000000000000000000000000000000000001E
:1022C000000000000000000000000000000000000E
:1022D00000000000000000000000000000000000FE
:1022E00000000000000000000000000000000000EE
:1022F00000000000007FFF0000007FFF0000007F63
:10230000FF0000007FFF0000007FFF0000007FFF54
:102310000000007FFF0000007FFF000000000000C1
:1023200000000000000000000000000000000000AD
:10233000000000000000000000000000000000009D
:10234000000000000000000000000000000000008D
:10235000000000000000000000000000000000007D
:10236000000000000000000000000000000000006D
:10237000000000000000000000000000000000005D
:10238000000000000000000000000000000000004D
:10239000000000000000000000000000000000003D
:1023A000000000000000000000000000000000002D
:1023B000000000000000000000000000000000001D
:1023C000000000000000000000000000000000000D
:1023D00000000000000000000000000000000000FD
:1023E00000000000000000000000000000000000ED
:1023F00000000000000000000000000000000000DD
:1024000000000000000000000000000000000000CC
:1024100000000000000000000000000000000000BC
:1024200000000000000000000000000000000000AC
:10243000000000000000000000000000000000009C
:10244000000000000000000000000000000000008C
:10245000000000000000000000000000000000007C
:10246000000000000000000000000000000000006C
:10247000000000000000000000000000000000005C
:10248000000000000001E000000007F80000000765
:10249000FC0000000FFE0000000FFE0000000FFE19
:1024A0000000000FFE0000000FFE00000007FC000F
:1024B000000007F800000001E0000000000000003C
:1024C000000000000000000000000000000000000C
:1024D00000000000000000000000000000000000FC
:1024E00000000000000000000000000000000000EC
:1024F00000000000000000000000000000000000DC
:1025000000000000000000000000000000000000CB
:1025100000000000000000000000000000000000BB
:1025200000000000000000000000000000000000AB
:10253000000000000000000000000000000000009B
:10254000078000000007800000000F000000000F5F
:10255000000000001F000000001E000000001E0020
:102560000000003C000000003C000000007C000077
:10257000000078000000007800000000F00000007B
:1025800000F000000000F000000001E00000000189
:10259000E000000003C000000003C000000003C012
:1025A000000000078000000007800000000F80008E
:1025B00000000F000000000F000000001E000000DF
:1025C000001E000000003E000000003C0000000073
:1025D0003C0000000078000000007800000000F8D7
:1025E00000000000F000000000F000000001E0002A
:1025F000000001E000000003E000000003C0000054
:102600000003C000000007800000000780000000F9
:1026100007800000000F000000000F000000001EF7
:10262000000000001E000000001E000000003C0032
:102630000000003C000000007C000000007800006A
:1026400000007800000000F000000000F000000032
:10265000000000000000000000000000000000007A
:10266000000000000000000000000000000000006A
:10267000000000000000000000000000000000005A
:10268000000000000000000000000000000000004A
:1026900000000000000000000000000000007F00BB
:1026A00000000FFFF000003FFFFC00007FFFFF0075
:1026B00000FFC3FF8001FF81FFC003FF81FFC00750
:1026C000FF00FFE007FF00FFF00FFF00FFF00FFF2C
:1026D000007FF81FFF007FF81FFE007FF81FFE003D
:1026E0007FF81FFE007FFC3FFE007FFC3FFE007F67
:1026F000FC3FFE007FFC3FFE007FFC3FFE007FFCB6
:102700003FFE007FFC3FFE007FFC3FFE007FFC3F62
:10271000FE007FFC3FFE007FFC3FFE007FFC3FFE93
:10272000007FFC3FFE007FFC3FFE007FFC1FFE00A1
:102730007FFC1FFE007FF81FFE007FF81FFF007F59
:10274000F80FFF007FF80FFF00FFF007FF00FFF01A
:1027500007FF00FFE003FF81FFC001FF81FFC00012
:10276000FFC3FF80007FFFFF00003FFFFC00000F62
:10277000FFF00000007F00000000000000000000EB
:102780000000000000000000000000000000000049
:102790000000000000000000000000000000000039
:1027A0000000000000000000000000000000000029
:1027B0000000000000000000000000000000000019
:1027C0000000000000000000000000000000000009
:1027D00000000000000000000000000000000000F9
:1027E00000000000000000000000000000000000E9
:1027F0000000000000000000000000000FF00000DA
:10280000001FF00000003FF00000003FF00000005B
:10281000FFF0000001FFF0000007FFF000001FFFC5
:10282000F00001FFFFF00001FFFFF00001FFFFF0EB
:102830000001FEFFF00001F0FFF0000100FFF000DA
:102840000000FFF0000000FFF0000000FFF00000BB
:1028500000FFF0000000FFF0000000FFF0000000AB
:10286000FFF0000000FFF0000000FFF0000000FF9C
:10287000F0000000FFF0000000FFF0000000FFF09B
:10288000000000FFF0000000FFF0000000FFF0007B
:102890000000FFF0000000FFF0000000FFF000006B
:1028A00000FFF0000000FFF0000000FFF00000005B
:1028B000FFF0000000FFF0000000FFF0000000FF4C
:1028C000F0000000FFF0000000FFF0000000FFF04B
:1028D000000000FFF0000000000000000000000009
:1028E00000000000000000000000000000000000E8
:1028F00000000000000000000000000000000000D8
:1029000000000000000000000000000000000000C7
:1029100000000000000000000000000000000000B7
:1029200000000000000000000000000000000000A7
:102930000000000000000000000000000000000097
:102940000000000000000000000000000000000087
:1029500000000000000000000000FF0000000FFF6A
:10296000F000003FFFFC0000FFFFFF0001FC07FF3D
:102970008003F803FFC003F001FFE007E000FFE081
:1029800007E000FFF00FC000FFF00FC000FFF00FE6
:10299000C000FFF00FC000FFF00FC000FFF00FC03D
:1029A00000FFF00FC001FFE007C001FFE007E003F8
:1029B000FFC0006003FFC0000007FF8000000FFFA2
:1029C0000000001FFE0000003FFC0000003FF80078
:1029D00000007FF0000000FFC0000001FF80000049
:1029E00003FF00000007FE0000000FF80000003F9A
:1029F000F00000007FE0000000FF80000001FFFF0A
:102A0000FFF003FFFFFFF007FFFFFFF00FFFFFFFE7
:102A1000F00FFFFFFFF01FFFFFFFF01FFFFFFFF0B2
:102A20001FFFFFFFF01FFFFFFFF01FFFFFFFF01F63
:102A3000FFFFFFF0000000000000000000000000A9
:102A40000000000000000000000000000000000086
:102A50000000000000000000000000000000000076
:102A60000000000000000000000000000000000066
:102A70000000000000000000000000000000000056
:102A80000000000000000000000000000000000046
:102A90000000000000000000000000000000000036
:102AA0000000000000000000000000000000000026
:102AB000000001FE0000001FFFF000007FFFFC008F
:102AC00000FFFFFF0001F80FFF8003E007FF800316
:102AD000C003FFC007C001FFC007C001FFE007C07F
:102AE00001FFE0078001FFE0078001FFE00FC00168
:102AF000FFE001C001FFE0000001FFE0000001FF76
:102B0000C0000003FFC0000007FF8000000FFF00AF
:102B100000003FFE00001FFFF800001FFFE0000064
:102B20001FFFC000001FFFFC00001FFFFF00000090
:102B30001FFF80000007FFC0000003FFE00000014E
:102B4000FFE0000001FFF0000000FFF00F8000FF39
:102B5000F01F8000FFF01F0000FFF01F0000FFF0DB
:102B60001F0000FFF01F0001FFF00F8001FFF00FBA
:102B70008003FFE00FC007FFC007F00FFFC003FF97
:102B8000FFFF0001FFFFFE00003FFFF0000003FF1A
:102B90000000000000000000000000000000000035
:102BA0000000000000000000000000000000000025
:102BB0000000000000000000000000000000000015
:102BC0000000000000000000000000000000000005
:102BD00000000000000000000000000000000000F5
:102BE00000000000000000000000000000000000E5
:102BF00000000000000000000000000000000000D5
:102C000000000000000000000000000000000000C4
:102C100000000000000001FE00000003FE000000B4
:102C200003FE00000007FE0000000FFE0000000F82
:102C3000FE0000001FFE0000003FFE0000003FFEFF
:102C40000000007FFE000000FFFE000000FFFE000D
:102C50000001FFFE000003FFFE000007CFFE0000A2
:102C600007CFFE00000F8FFE00001F0FFE00001FA9
:102C70000FFE00003E0FFE00007C0FFE00007C0FE8
:102C8000FE0000F80FFE0001F00FFE0003F00FFE43
:102C90000003E00FFE0007C00FFE000FC00FFE0094
:102CA0000F800FFE001F800FFE001FFFFFFFF01FB1
:102CB000FFFFFFF01FFFFFFFF01FFFFFFFF01FFFF1
:102CC000FFFFF000001FFE0000001FFE0000001FBD
:102CD000FE0000001FFE0000001FFE0000001FFE9F
:102CE0000000001FFE0000001FFE0000001FFE008D
:102CF00000000000000000000000000000000000D4
:102D000000000000000000000000000000000000C3
:102D100000000000000000000000000000000000B3
:102D200000000000000000000000000000000000A3
:102D30000000000000000000000000000000000093
:102D40000000000000000000000000000000000083
:102D50000000000000000000000000000000000073
:102D60000000000000000000000000000000000063
:102D70000000007FFFFFC000FFFFFFC000FFFFFF5C
:102D80008000FFFFFF8000FFFFFF8000FFFFFF804C
:102D900000FFFFFF8001FFFFFF8001FFFFFF000139
:102DA000E000000001E000000001E000000001E0A0
:102DB00000000003E000000003C000000003C000AA
:102DC000000003C03F000003C3FFF00007CFFFFC7B
:102DD0000007FFFFFE0007FFFFFF8007FC07FFC0A3
:102DE00007F003FFC007E001FFE001C001FFE000C2
:102DF0000000FFF0000000FFF0000000FFF0000006
:102E000000FFF0000000FFF0038000FFF00F8000E3
:102E1000FFF01F8000FFF01F0000FFF01F0000FF09
:102E2000F01F8001FFE00F8001FFE00F8003FFC073
:102E30000FC007FF8007F01FFF0003FFFFFE000128
:102E4000FFFFF800007FFFE0000003FC000000002F
:102E50000000000000000000000000000000000072
:102E60000000000000000000000000000000000062
:102E70000000000000000000000000000000000052
:102E80000000000000000000000000000000000042
:102E90000000000000000000000000000000000032
:102EA0000000000000000000000000000000000022
:102EB0000000000000000000000000000000000012
:102EC0000000000000000000000000000000000002
:102ED00000000FC0000000FFFC000007FFFF000023
:102EE0000FFFFF80001FF80FC0007FF007E0007F9A
:102EF000E003E000FFC003E001FFC003E003FFC008
:102F000003E003FF8003E007FF8003E007FF80008A
:102F10000007FF8000000FFF8000000FFF81E0002E
:102F20000FFF0FFC000FFF3FFF000FFF7FFF801F11
:102F3000FFFFFFC01FFFE1FFE01FFFC0FFF01FFF0B
:102F4000807FF01FFF807FF81FFF007FF81FFF00CA
:102F50007FF81FFF003FF81FFF003FFC0FFF003FFF
:102F6000FC0FFF003FFC0FFF003FFC0FFF003FFC8A
:102F70000FFF003FF807FF007FF807FF007FF8070B
:102F8000FF007FF803FF007FF003FF807FF001FF69
:102F900080FFE000FFC0FFC0007FE1FF80003FFF37
:102FA000FF00000FFFFE000003FFF80000003F805D
:102FB0000000000000000000000000000000000011
:102FC0000000000000000000000000000000000001
:102FD00000000000000000000000000000000000F1
:102FE00000000000000000000000000000000000E1
:102FF00000000000000000000000000000000000D1
:1030000000000000000000000000000000000000C0
:1030100000000000000000000000000000000000B0
:10302000000000000000000000000000000007FF9A
:10303000FFFFF007FFFFFFF007FFFFFFF00FFFFFAD
:10304000FFF00FFFFFFFF00FFFFFFFF00FFFFFFF8D
:10305000F00FFFFFFFE00FFFFFFFE00FFFFFFFC0DC
:103060000000003F800000007F80000000FF0000A3
:103070000001FE00000003FE00000007FC0000004D
:1030800007FC0000000FF80000001FF80000001F00
:10309000F80000003FF00000007FF00000007FE03B
:1030A000000000FFE0000000FFE0000001FFE00082
:1030B0000001FFC0000001FFC0000003FFC00000CE
:1030C00003FFC0000007FF80000007FF800000072B
:1030D000FF8000000FFF8000000FFF8000000FFF47
:1030E0008000000FFF8000000FFF8000001FFF80A6
:1030F00000001FFF8000001FFF8000001FFF8000F6
:10310000001FFF8000001FFF800000000000000083
:1031100000000000000000000000000000000000AF
:10312000000000000000000000000000000000009F
:10313000000000000000000000000000000000008F
:10314000000000000000000000000000000000007F
:10315000000000000000000000000000000000006F
:10316000000000000000000000000000000000005F
:10317000000000000000000000000000000000004F
:103180000000000000000000000000000000FE0041
:1031900000000FFFE000003FFFFC0000FFFFFE000B
:1031A00001FE00FF0003F8003F8007F0000F8007DA
:1031B000F0000FC00FF00007C00FF00007C00FF0C5
:1031C0000007C00FF00007C00FF80007C00FFE0097
:1031D00007C00FFF800F800FFFF00F000FFFFF1ED3
:1031E000000FFFFFFC0007FFFFF80007FFFFFE00D6
:1031F00003FFFFFF0001FFFFFF8000FFFFFFE00074
:103200007FFFFFE001FFFFFFF003E3FFFFF807C0D0
:103210007FFFF80F8007FFF81F8001FFFC1F0000F1
:103220007FFC1F00001FFC1F00000FFC1F00000F91
:10323000FC1F00000FF81F000007F81F80000FF8A8
:103240001F80000FF00FC0000FF007E0001FE00725
:10325000F8007FC003FE00FF8000FFFFFF00007F3B
:10326000FFFC00000FFFF0000000FF000000000066
:10327000000000000000000000000000000000004E
:10328000000000000000000000000000000000003E
:10329000000000000000000000000000000000002E
:1032A000000000000000000000000000000000001E
:1032B000000000000000000000000000000000000E
:1032C00000000000000000000000000000000000FE
:1032D00000000000000000000000000000000000EE
:1032E000000000000000000000000001FC000000E1
:1032F0000FFFE000003FFFF80000FFFFFC0001FFB0
:10330000C3FF0003FF81FF0007FF01FF8007FF00ED
:10331000FFC00FFE00FFE00FFE00FFE01FFE00FFFA
:10332000E01FFE00FFF01FFE007FF01FFE007FF099
:103330001FFE007FF81FFE007FF81FFE007FF81FB2
:10334000FE007FF81FFE00FFF81FFE00FFF81FFEC3
:1033500000FFF80FFE00FFF80FFF01FFF807FF0165
:10336000FFF807FF83FFF803FFFFFFF801FFFEFFF1
:10337000F800FFFCFFF8003FF0FFF00007C0FFF08F
:10338000000000FFF0000001FFF0004001FFE00737
:10339000C001FFE007C001FFC007C001FFC007C0B8
:1033A00003FF8007E003FF0003E007FE0003F81FB0
:1033B000FC0001FFFFF80000FFFFE000003FFF807E
:1033C000000003F800000000000000000000000002
:1033D00000000000000000000000000000000000ED
:1033E00000000000000000000000000000000000DD
:1033F00000000000000000000000000000000000CD
:1034000000000000000000000000000000000000BC
:1034100000000000000000000000000000000000AC
:10342000000000000000000000000000000000009C
:10343000000000000000000000000000000000008C
:10344000000000000000000000000000000000007C
:10345000000000000000000000000000000000006C
:10346000000000000000000000000000000000005C
:10347000000000000000000000000000000000004C
:1034800000000000000000000001E000000007F85C
:1034900000000007FC0000000FFE0000000FFE000F
:1034A00000000FFE0000000FFE0000000FFE0000F5
:1034B0000007FC00000007F800000001E000000029
:1034C00000000000000000000000000000000000FC
:1034D00000000000000000000000000000000000EC
:1034E0000000000000000000000000000001E000FB
:1034F000000007F800000007FC0000000FFE0000BD
:10350000000FFE0000000FFE0000000FFE00000094
:103510000FFE00000007FC00000007F8000000019B
:10352000E0000000000000000000000000000000BB
:10353000000000000000000000000000000000008B
:10354000000000000000000000000000000000007B
:10355000000000000000000000000000000000006B
:10356000000000000000000000000000000000005B
:10357000000000000000000000000000000000004B
:10358000000000000000000000000000000000003B
:10359000000000000000000000000000000000002B
:1035A000000000000000000000000000000000001B
:1035B000000000000000000000000000000000000B
:1035C00000000000000000000000000000000000FB
:1035D00000000000000000000000000000000000EB
:1035E0000000000000000001E000000007F80000FB
:1035F0000007FC0000000FFE0000000FFE000000AE
:103600000FFE0000000FFE0000000FFE000000078C
:10361000FC00000007F800000001E00000000000CE
:10362000000000000000000000000000000000009A
:10363000000000000000000000000000000000008A
:10364000000000000000000000000001E000000099
:1036500007F800000007FC0000000FFC0000000F4E
:10366000FE0000000FFE0000000FFE0000000FFE35
:1036700000000007FE00000007FE00000001FC0043
:103680000000007C000000007C00000000F800004A
:103690000001F800000003F000000003E00000005B
:1036A00003C0000000030000000000000000000054
:1036B000000000000000000000000000000000000A
:1036C00000000000000000000000000000000000FA
:1036D00000000000000000000000000000000000EA
:1036E00000000000000000000000000000000000DA
:1036F00000000000000000000000000000000000CA
:1037000000000000000000000000000010000000A9
:10371000007000000000F000000003F00000000F47
:10372000F00000003FF00000007FF0000001FFF01B
:10373000000007FFF000001FFFF000003FFFF00057
:1037400000FFFFF00003FFFFF0000FFFFFE0001F8E
:10375000FFFF80007FFFFE0000FFFFF80000FFFF7B
:10376000E00000FFFFC00000FFFF000000FFFC00C2
:103770000000FFFC000000FFFF000000FFFF8000D2
:1037800000FFFFE00000FFFFF800007FFFFE0000E9
:103790001FFFFF800007FFFFC00003FFFFF00000D6
:1037A000FFFFF000003FFFF000000FFFF0000003FC
:1037B000FFF0000001FFF00000007FF00000001F9C
:1037C000F000000007F000000001F00000000070B1
:1037D00000000000300000000000000000000000B9
:1037E00000000000000000000000000000000000D9
:1037F00000000000000000000000000000000000C9
:1038000000000000000000000000000000000000B8
:1038100000000000000000000000000000000000A8
:103820000000000000000000000000000000000098
:103830000000000000000000000000000000000088
:103840000000000000000000000000000000000078
:103850000000000000000000000000000000000068
:103860000000000000000000000000000000000058
:103870000000000000000000000000000000000048
:103880000000000000000000000000000000000038
:103890000000000000000000000000000000000028
:1038A0000000000000000000FFFFFFFF00FFFFFF1F
:1038B000FF00FFFFFFFF00FFFFFFFF00FFFFFFFF15
:1038C00000000000000000000000000000000000F8
:1038D000000000000000000000000000000000FFE9
:1038E000FFFFFF00FFFFFFFF00FFFFFFFF00FFFFE5
:1038F000FFFF00FFFFFFFF000000000000000000CE
:1039000000000000000000000000000000000000B7
:1039100000000000000000000000000000000000A7
:103920000000000000000000000000000000000097
:103930000000000000000000000000000000000087
:103940000000000000000000000000000000000077
:103950000000000000000000000000000000000067
:103960000000000000000000000000000000000057
:103970000000000000000000000000000000000047
:103980000000000000000000000000000000000037
:103990000000000000000000000000000000000027
:1039A0000000000000000000000000000000000017
:1039B0000000000000000000000000000000000007
:1039C0000000000000C000000000E000000000F85F
:1039D00000000000FE00000000FF80000000FFC0AB
:1039E000000000FFF0000000FFFC000000FFFF00EF
:1039F0000000FFFF800000FFFFE00000FFFFF80075
:103A0000007FFFFC00003FFFFF00000FFFFFC00032
:103A100003FFFFF00000FFFFF000007FFFF0000059
:103A20001FFFF0000007FFF0000001FFF0000001A1
:103A3000FFF0000007FFF000001FFFF000007FFF15
:103A4000F00001FFFFF00003FFFFF0000FFFFFC0D9
:103A5000003FFFFF0000FFFFFC0000FFFFF0000041
:103A6000FFFFE00000FFFF800000FFFE000000FFFE
:103A7000F8000000FFE0000000FFC0000000FF00B1
:103A8000000000FC00000000F000000000C000008A
:103A90000000000000000000000000000000000026
:103AA0000000000000000000000000000000000016
:103AB0000000000000000000000000000000000006
:103AC00000000000000000000000000000000000F6
:103AD00000000000000000000000000000000000E6
:103AE00000000000000000000000000000000000D6
:103AF00000000000000000000000000000000000C6
:103B000000000000000000000000000000000000B5
:103B10000000000000000000000000000000000F96
:103B2000E00000007FFE000001FFFF800003FFFFB8
:103B3000C00003E0FFE00007C07FF00007C03FF0D7
:103B40000007C03FF80007C01FF80007C01FF800BB
:103B500007C01FF80007C01FF80001C01FF80000D1
:103B6000001FF80000001FF80000001FF800000010
:103B70001FF80000001FF80003E01FF80003E01F1B
:103B8000F00003E01FF00003F03FE00003F87FC007
:103B90000003FFFF800003EFFF000003E3FE0000CF
:103BA00003E0F0000003E000000003E0000000007C
:103BB0000000000000000000000000000000000005
:103BC00000000001E000000007F80000000FFC000A
:103BD00000000FFC0000000FFC0000000FFC0000C4
:103BE000000FFC0000000FFC0000000FFC000000B4
:103BF00007F800000001E0000000000000000000E5
:103C000000000000000000000000000000000000B4
:103C100000000000000000000000000000000000A4
:103C20000000000000000000000000000000000094
:103C30000000000000000000000000000000000084
:103C40000000000000000000000000000000000074
:103C50000000000000000000000000000000000064
:103C60000000000000000000000000000000000054
:103C700000000000000000000003F80000003FFF0B
:103C8000C00001FFFFF00007FFFFFC000FF001FE86
:103C9000003FC0007F007F00001F00FE0000070102
:103CA000F800000303F000000107F000000107E046
:103CB0000000000FC00000000FC00380301F800F05
:103CC000E7F01F801FF7F03F003F9FF03F007F0F9E
:103CD000E03F007F0FE03F00FE0FE07E00FE0FE0C0
:103CE0007E01FE0FE07E01FC0FC07E01FC0FC07E56
:103CF00001FC0FC07E03FC1FC07E03FC1FC07E03BF
:103D0000FC1FC03F03FC1F803F03FC3F813F01FCC1
:103D10003F813F01FC7F871F80FFFFFF1F80FFBFA8
:103D2000FF0FC01C1FFC0FC00007C007E000000011
:103D300003F000000001F800000000FC000000009B
:103D40007E00000E003F80003E000FF003FC0003E9
:103D5000FFFFF00000FFFF80000007F00000000000
:103D60000000000000000000000000000000000053
:103D70000000000000000000000000000000000043
:103D80000000000000000000000000000000000033
:103D90000000000000000000000000000000000023
:103DA0000000000000000000000000000000000013
:103DB0000000000000000000000000000000000003
:103DC00000000000000000000000000000000000F3
:103DD000000000000000000000000007FF000000DD
:103DE0000FFF0000000FFF0000000FFF8000001F0A
:103DF000FF8000001FFF8000001FFF8000001FFFEA
:103E0000C000003FFFC000003FFFC000003FFFC0F8
:103E100000007DFFE000007DFFE0000079FFE00092
:103E20000079FFF00000F8FFF00000F0FFF0000064
:103E3000F0FFF00001F07FF80001E07FF80001E002
:103E40007FF80003E07FFC0003E03FFC0003C03F7D
:103E5000FC0003C03FFC0007C03FFE0007801FFEC0
:103E60000007801FFE000F801FFE000F800FFF0065
:103E70000FFFFFFF001FFFFFFF001FFFFFFF801F5F
:103E8000FFFFFF801E0007FF803E0007FF803C0011
:103E900007FFC03C0003FFC07C0003FFC07C0003A1
:103EA000FFE0780001FFE0780001FFE0F80001FF8B
:103EB000E0F00001FFF00000000000000000000042
:103EC00000000000000000000000000000000000F2
:103ED00000000000000000000000000000000000E2
:103EE00000000000000000000000000000000000D2
:103EF00000000000000000000000000000000000C2
:103F000000000000000000000000000000000000B1
:103F100000000000000000000000000000000000A1
:103F20000000000000000000000000000000000091
:103F300000000000000000000FFFFFE0000FFFFF87
:103F4000FF000FFFFFFFC00FFFFFFFE00FFF01FFAC
:103F5000F00FFF00FFF80FFF007FF80FFF003FFC9E
:103F60000FFF003FFC0FFF003FFC0FFF003FFC0F67
:103F7000FF003FFC0FFF003FFC0FFF003FFC0FFF67
:103F8000003FFC0FFF003FF80FFF007FF00FFF0026
:103F9000FFE00FFF01FFC00FFFFFFF000FFFFFFC5F
:103FA000000FFFFFFF000FFFFFFFC00FFF01FFF03B
:103FB0000FFF007FF80FFF003FFC0FFF003FFE0FD9
:103FC000FF001FFE0FFF001FFF0FFF001FFF0FFF6F
:103FD000001FFF0FFF000FFF0FFF000FFF0FFF007D
:103FE0001FFF0FFF001FFF0FFF001FFF0FFF001F2E
:103FF000FE0FFF003FFE0FFF007FFE0FFF00FFFCE4
:104000000FFFFFFFF80FFFFFFFF00FFFFFFF800F15
:10401000FFFFF800000000000000000000000000AA
:104020000000000000000000000000000000000090
:104030000000000000000000000000000000000080
:104040000000000000000000000000000000000070
:104050000000000000000000000000000000000060
:104060000000000000000000000000000000000050
:104070000000000000000000000000000000000040
:104080000000000000000000000000000000000030
:1040900000000000000000001FC0000001FFFC0045
:1040A0000007FFFF00001FFFFF80003FF81FC00058
:1040B0007FE007E000FFC003E001FFC003E003FF73
:1040C0008001F007FF8001F007FF8001F00FFF0083
:1040D00001F00FFF0000F00FFF0000F01FFF0000D5
:1040E000C01FFE0000001FFE0000001FFE000000B9
:1040F0003FFE0000003FFE0000003FFE0000003FCA
:10410000FE0000003FFE0000003FFE0000003FFEFA
:104110000000003FFE0000003FFE0000003FFE00E8
:1041200000601FFE00007C1FFE00003C1FFF00001F
:104130003C1FFF00003C0FFF00007C0FFF00007CD5
:104140000FFF80007C07FF8000F807FFC000F80326
:10415000FFC001F001FFE003F000FFF80FE0007F77
:10416000FFFF80001FFFFF000007FFF80000003F77
:1041700080000000000000000000000000000000BF
:10418000000000000000000000000000000000002F
:10419000000000000000000000000000000000001F
:1041A000000000000000000000000000000000000F
:1041B00000000000000000000000000000000000FF
:1041C00000000000000000000000000000000000EF
:1041D00000000000000000000000000000000000DF
:1041E00000000000000000000000000000000000CF
:1041F000000000000FFFFFC0000FFFFFFC000FFFDB
:10420000FFFF000FFFFFFFC00FFF01FFE00FFF00E8
:104210007FF00FFF003FF80FFF003FFC0FFF001F74
:10422000FC0FFF001FFE0FFF001FFE0FFF000FFF20
:104230000FFF000FFF0FFF000FFF0FFF000FFF0F1B
:10424000FF000FFF0FFF000FFF0FFF000FFF0FFF1B
:10425000000FFF0FFF000FFF0FFF000FFF0FFF000A
:104260000FFF0FFF000FFF0FFF000FFF0FFF000FEB
:10427000FF0FFF000FFF0FFF000FFF0FFF000FFFEB
:104280000FFF000FFF0FFF000FFF0FFF000FFF0FCB
:10429000FF000FFF0FFF000FFF0FFF001FFE0FFFBC
:1042A000001FFE0FFF001FFC0FFF003FFC0FFF0071
:1042B0003FF80FFF007FF00FFF01FFE00FFFFFFF50
:1042C000C00FFFFFFF000FFFFFFC000FFFFF80008C
:1042D00000000000000000000000000000000000DE
:1042E00000000000000000000000000000000000CE
:1042F00000000000000000000000000000000000BE
:1043000000000000000000000000000000000000AD
:10431000000000000000000000000000000000009D
:10432000000000000000000000000000000000008D
:10433000000000000000000000000000000000007D
:10434000000000000000000000000000000000006D
:1043500000000FFFFFFF000FFFFFFF000FFFFFFF39
:10436000000FFFFFFF000FFF0000000FFF00000025
:104370000FFF0000000FFF0000000FFF0000000F04
:10438000FF0000000FFF0000000FFF0000000FFF04
:104390000000000FFF0000000FFF0000000FFF00F3
:1043A00000000FFF0000000FFF0000000FFFFFFCE8
:1043B000000FFFFFFC000FFFFFFC000FFFFFFC00E2
:1043C0000FFF0000000FFF0000000FFF0000000FB4
:1043D000FF0000000FFF0000000FFF0000000FFFB4
:1043E0000000000FFF0000000FFF0000000FFF00A3
:1043F00000000FFF0000000FFF0000000FFF000093
:10440000000FFF0000000FFF0000000FFF00000082
:104410000FFF0000000FFF0000000FFFFFFFE00F85
:10442000FFFFFFE00FFFFFFFE00FFFFFFFE00000D7
:10443000000000000000000000000000000000007C
:10444000000000000000000000000000000000006C
:10445000000000000000000000000000000000005C
:10446000000000000000000000000000000000004C
:10447000000000000000000000000000000000003C
:10448000000000000000000000000000000000002C
:10449000000000000000000000000000000000001C
:1044A000000000000000000000000000000000000C
:1044B0000FFFFFFF000FFFFFFF000FFFFFFF000FC9
:1044C000FFFFFF000FFF0000000FFF0000000FFFC5
:1044D0000000000FFF0000000FFF0000000FFF00B2
:1044E00000000FFF0000000FFF0000000FFF0000A2
:1044F000000FFF0000000FFF0000000FFF00000092
:104500000FFF0000000FFF0000000FFF0000000F72
:10451000FFFFFC000FFFFFFC000FFFFFFC000FFF81
:10452000FFFC000FFF0000000FFF0000000FFF0066
:1045300000000FFF0000000FFF0000000FFF000051
:10454000000FFF0000000FFF0000000FFF00000041
:104550000FFF0000000FFF0000000FFF0000000F22
:10456000FF0000000FFF0000000FFF0000000FFF22
:104570000000000FFF0000000FFF0000000FFF0011
:1045800000000FFF0000000FFF000000000000000F
:10459000000000000000000000000000000000001B
:1045A000000000000000000000000000000000000B
:1045B00000000000000000000000000000000000FB
:1045C00000000000000000000000000000000000EB
:1045D00000000000000000000000000000000000DB
:1045E00000000000000000000000000000000000CB
:1045F00000000000000000000000000000000000BB
:1046000000000000000000000000000000000000AA
:104610001FC0000001FFF8000007FFFE00001FFFA1
:10462000FF80003FF80FC0007FE007C000FFC0031D
:10463000E001FFC001F003FF8001F007FF8001F0FF
:1046400007FF0001F80FFF0000F80FFF0000F00F58
:10465000FF0000C01FFF0000001FFF0000001FFF41
:104660000000001FFF0000003FFF0000003FFF00B0
:1046700000003FFF07FFFE3FFE07FFFE3FFE07FF74
:10468000FE3FFE07FFFE3FFF000FFE3FFF000FFE55
:104690003FFF000FFE1FFF000FFE1FFF000FFE1F5A
:1046A000FF000FFE1FFF000FFE1FFF000FFE0FFF9A
:1046B000000FFE0FFF000FFE07FF000FFE07FF8039
:1046C0000FFE03FF801FFE01FFC01FFE00FFC01F83
:1046D000FE007FF03FFE003FFFFFFE000FFFFF3EAA
:1046E0000003FFFC1E00001FC01E000000000000B1
:1046F00000000000000000000000000000000000BA
:1047000000000000000000000000000000000000A9
:104710000000000000000000000000000000000099
:104720000000000000000000000000000000000089
:104730000000000000000000000000000000000079
:104740000000000000000000000000000000000069
:104750000000000000000000000000000000000059
:104760000000000000000000000000000FFF001F1C
:10477000FE0FFF001FFE0FFF001FFE0FFF001FFEBA
:104780000FFF001FFE0FFF001FFE0FFF001FFE0F99
:10479000FF001FFE0FFF001FFE0FFF001FFE0FFF99
:1047A000001FFE0FFF001FFE0FFF001FFE0FFF0088
:1047B0001FFE0FFF001FFE0FFF001FFE0FFF001F59
:1047C000FE0FFF001FFE0FFFFFFFFE0FFFFFFFFEAC
:1047D0000FFFFFFFFE0FFFFFFFFE0FFF001FFE0F8B
:1047E000FF001FFE0FFF001FFE0FFF001FFE0FFF49
:1047F000001FFE0FFF001FFE0FFF001FFE0FFF0038
:104800001FFE0FFF001FFE0FFF001FFE0FFF001F08
:10481000FE0FFF001FFE0FFF001FFE0FFF001FFE19
:104820000FFF001FFE0FFF001FFE0FFF001FFE0FF8
:10483000FF001FFE0FFF001FFE0FFF001FFE0FFFF8
:10484000001FFE0FFF001FFE000000000000000020
:104850000000000000000000000000000000000058
:104860000000000000000000000000000000000048
:104870000000000000000000000000000000000038
:104880000000000000000000000000000000000028
:104890000000000000000000000000000000000018
:1048A0000000000000000000000000000000000008
:1048B00000000000000000000000000000000000F8
:1048C000000000000000000000000FFF0000000FCB
:1048D000FF0000000FFF0000000FFF0000000FFFAF
:1048E0000000000FFF0000000FFF0000000FFF009E
:1048F00000000FFF0000000FFF0000000FFF00008E
:10490000000FFF0000000FFF0000000FFF0000007D
:104910000FFF0000000FFF0000000FFF0000000F5E
:10492000FF0000000FFF0000000FFF0000000FFF5E
:104930000000000FFF0000000FFF0000000FFF004D
:1049400000000FFF0000000FFF0000000FFF00003D
:10495000000FFF0000000FFF0000000FFF0000002D
:104960000FFF0000000FFF0000000FFF0000000F0E
:10497000FF0000000FFF0000000FFF0000000FFF0E
:104980000000000FFF0000000FFF0000000FFF00FD
:1049900000000FFF0000000FFF0000000FFF0000ED
:1049A000000FFF00000000000000000000000000F9
:1049B00000000000000000000000000000000000F7
:1049C00000000000000000000000000000000000E7
:1049D00000000000000000000000000000000000D7
:1049E00000000000000000000000000000000000C7
:1049F00000000000000000000000000000000000B7
:104A000000000000000000000000000000000000A6
:104A10000000000000000000000000000000000096
:104A20000000000000000000001FFF0000001FFF4A
:104A30000000001FFF0000001FFF0000001FFF001C
:104A400000001FFF0000001FFF0000001FFF00000C
:104A5000001FFF0000001FFF0000001FFF000000FC
:104A60001FFF0000001FFF0000001FFF0000001FCD
:104A7000FF0000001FFF0000001FFF0000001FFFDD
:104A80000000001FFF0000001FFF0000001FFF00CC
:104A900000001FFF0000001FFF0000001FFF0000BC
:104AA000001FFF0000001FFF0000001FFF000000AC
:104AB0001FFF0000181FFF0000781FFF0000781F75
:104AC000FF0000F01FFE0000F01FFE0000F01FFEC0
:104AD0000000F01FFE0000F01FFE0000F01FFE00AF
:104AE00000F01FFC0000781FFC0000781FF8000099
:104AF0003C3FF800001FFFF000000FFFE000000344
:104B0000FFC00000007E0000000000000000000068
:104B10000000000000000000000000000000000095
:104B20000000000000000000000000000000000085
:104B30000000000000000000000000000000000075
:104B40000000000000000000000000000000000065
:104B50000000000000000000000000000000000055
:104B60000000000000000000000000000000000045
:104B70000000000000000000000000000000000035
:104B80000000000000000FFF0000F80FFF0001F020
:104B90000FFF0003F00FFF0007E00FFF0007C00F3B
:104BA000FF000F800FFF001F000FFF003F000FFFEF
:104BB000007E000FFF007C000FFF00F8000FFF01D8
:104BC000F8000FFF03F0000FFF03E0000FFF07E006
:104BD000000FFF0FE0000FFF1FF0000FFF1FF0009E
:104BE0000FFF3FF8000FFF7FF8000FFFFFFC000FE3
:104BF000FFFFFC000FFFFFFE000FFFFFFE000FFF97
:104C0000FFFF000FFFDFFF800FFF9FFF800FFF0FF1
:104C1000FFC00FFF07FFC00FFF07FFE00FFF03FFFD
:104C2000E00FFF03FFF00FFF01FFF00FFF01FFF8A0
:104C30000FFF00FFF80FFF00FFFC0FFF007FFE0FCC
:104C4000FF007FFE0FFF003FFF0FFF003FFF0FFF42
:104C5000001FFF0FFF000FFF0FFF000FFF0FFF00F0
:104C600007FF00000000000000000000000000003E
:104C70000000000000000000000000000000000034
:104C80000000000000000000000000000000000024
:104C90000000000000000000000000000000000014
:104CA0000000000000000000000000000000000004
:104CB00000000000000000000000000000000000F4
:104CC00000000000000000000000000000000000E4
:104CD00000000000000000000000000000000000D4
:104CE000000000000FFF0000000FFF0000000FFF9A
:104CF0000000000FFF0000000FFF0000000FFF008A
:104D000000000FFF0000000FFF0000000FFF000079
:104D1000000FFF0000000FFF0000000FFF00000069
:104D20000FFF0000000FFF0000000FFF0000000F4A
:104D3000FF0000000FFF0000000FFF0000000FFF4A
:104D40000000000FFF0000000FFF0000000FFF0039
:104D500000000FFF0000000FFF0000000FFF000029
:104D6000000FFF0000000FFF0000000FFF00000019
:104D70000FFF0000000FFF0000000FFF0000000FFA
:104D8000FF0000000FFF0000000FFF0000000FFFFA
:104D90000000000FFF0000000FFF0000000FFF00E9
:104DA00000000FFF0000000FFF0000000FFFFFFFDB
:104DB000C00FFFFFFFC00FFFFFFFC00FFFFFFFC0CF
:104DC00000000000000000000000000000000000E3
:104DD00000000000000000000000000000000000D3
:104DE00000000000000000000000000000000000C3
:104DF00000000000000000000000000000000000B3
:104E000000000000000000000000000000000000A2
:104E10000000000000000000000000000000000092
:104E20000000000000000000000000000000000082
:104E30000000000000000000000000000000000072
:104E400000000FFF0000FF0FFF8001FF0FFF800138
:104E5000FF0FFF8001FF0FFFC001FF0FFFC003FF27
:104E60000FFFC003FF0FFFC003FF0FFFE007FF0F9F
:104E7000FFE007FF0FFFE007FF0FFFF007FF0FFF47
:104E8000F00FFF0FFFF00FFF0FFFF00FFF0FFFF806
:104E90001F7F0F7FF81E7F0F7FF81E7F0F7FF81E8A
:104EA0007F0F3FFC3E7F0F3FFC3C7F0F3FFC3C7F72
:104EB0000F1FFE3C7F0F1FFE787F0F1FFE787F0FB6
:104EC0001FFE787F0F0FFFF87F0F0FFFF07F0F0F90
:104ED000FFF07F0F07FFF07F0F07FFE07F0F07FF57
:104EE000E07F0F07FFE07F0F03FFE07F0F03FFC0AE
:104EF0007F0F03FFC07F0F01FFC07F0F01FF807F87
:104F00000F01FF807F0F00FF807F0F00FF807F0F6A
:104F100000FF007F0F00FF007F0F007F007F000079
:104F20000000000000000000000000000000000081
:104F30000000000000000000000000000000000071
:104F40000000000000000000000000000000000061
:104F50000000000000000000000000000000000051
:104F60000000000000000000000000000000000041
:104F70000000000000000000000000000000000031
:104F80000000000000000000000000000000000021
:104F90000000000000000000000000000000000011
:104FA0000FF00000F00FF00000F00FF80000F00F1D
:104FB000FC0000F00FFC0000F00FFE0000F00FFFFF
:104FC0000000F00FFF0000F00FFF8000F00FFFC0A7
:104FD00000F00FFFC000F00FFFE000F00FFFF00047
:104FE000F00FFFF000F00FFFF800F00FFFFC00F0F3
:104FF0000FFFFC00F00F7FFE00F00F7FFF00F00FAF
:105000003FFF00F00F1FFF80F00F1FFFC0F00F0FDA
:10501000FFC0F00F07FFE0F00F07FFF0F00F03FFF6
:10502000F0F00F01FFF8F00F01FFFCF00F00FFFCA4
:10503000F00F007FFEF00F007FFFF00F003FFFF04A
:105040000F001FFFF00F001FFFF00F000FFFF00F0A
:105050000007FFF00F0007FFF00F0003FFF00F0045
:1050600001FFF00F0001FFF00F0000FFF00F000044
:105070007FF00F00007FF00F00003FF00000000005
:105080000000000000000000000000000000000020
:105090000000000000000000000000000000000010
:1050A0000000000000000000000000000000000000
:1050B00000000000000000000000000000000000F0
:1050C00000000000000000000000000000000000E0
:1050D00000000000000000000000000000000000D0
:1050E00000000000000000000000000000000000C0
:1050F00000000000000000000000003F80000007EA
:10510000FFFC00001FFFFF00007FFFFFC000FFE06B
:10511000FFE001FFC07FF003FF803FF803FF003F87
:10512000F807FF001FFC0FFF001FFC0FFF001FFE12
:105130000FFF001FFE1FFE001FFE1FFE000FFF1FC0
:10514000FE000FFF1FFE000FFF3FFE000FFF3FFEA0
:10515000000FFF3FFE000FFF3FFE000FFF3FFE006E
:105160000FFF3FFE000FFF3FFE000FFF3FFE000F4F
:10517000FF3FFE000FFF3FFE000FFF3FFE000FFF4F
:105180003FFE000FFF1FFE000FFF1FFE000FFF1F5F
:10519000FE000FFF1FFE000FFF1FFE001FFE0FFF90
:1051A000001FFE0FFF001FFE07FF001FFC07FF0090
:1051B0001FFC03FF003FF803FF803FF801FFC07FA3
:1051C000F000FFE0FFE0003FFFFF80001FFFFF0057
:1051D0000007FFFC0000003F80000000000000000E
:1051E00000000000000000000000000000000000BF
:1051F00000000000000000000000000000000000AF
:10520000000000000000000000000000000000009E
:10521000000000000000000000000000000000008E
:10522000000000000000000000000000000000007E
:10523000000000000000000000000000000000006E
:10524000000000000000000000000000000000005E
:105250000000000000000000000000000FFFFFE061
:10526000000FFFFFFE000FFFFFFF800FFFFFFFE0BB
:105270000FFF01FFF00FFF00FFF80FFF007FF80F97
:10528000FF003FFC0FFF003FFC0FFF003FFC0FFF44
:10529000003FFC0FFF001FFE0FFF001FFE0FFF006F
:1052A0001FFE0FFF001FFE0FFF003FFC0FFF003F20
:1052B000FC0FFF003FFC0FFF003FFC0FFF007FF8DB
:1052C0000FFF00FFF00FFF01FFF00FFFFFFFC00F08
:1052D000FFFFFF800FFFFFFC000FFFFFC0000FFF6D
:1052E0000000000FFF0000000FFF0000000FFF0094
:1052F00000000FFF0000000FFF0000000FFF000084
:10530000000FFF0000000FFF0000000FFF00000073
:105310000FFF0000000FFF0000000FFF0000000F54
:10532000FF0000000FFF0000000FFF0000000FFF54
:105330000000000FFF00000000000000000000005F
:10534000000000000000000000000000000000005D
:10535000000000000000000000000000000000004D
:10536000000000000000000000000000000000003D
:10537000000000000000000000000000000000002D
:10538000000000000000000000000000000000001D
:10539000000000000000000000000000000000000D
:1053A00000000000000000000000000000000000FD
:1053B0000000000000000000000000003F8000002E
:1053C00007FFF800001FFFFF00007FFFFF8000FFC6
:1053D000E0FFE001FFC07FF003FF803FF003FF002C
:1053E0003FF807FF001FFC07FF001FFC0FFF001F17
:1053F000FE0FFF001FFE1FFE001FFE1FFE001FFF0F
:105400001FFE001FFF1FFE000FFF3FFE000FFF3FAC
:10541000FE000FFF3FFE000FFF3FFE000FFF3FFEAD
:10542000000FFF3FFE000FFF3FFE000FFF3FFE009B
:105430000FFF3FFE000FFF3FFE000FFF3FFE000F7C
:10544000FF3FFE001FFF1FFE001FFF1FFE001FFF8C
:105450001FFE001FFF1FFE0C1FFE1FFF3F1FFE0F42
:10546000FF7F9FFE0FFFFFBFFC07FFFFFFFC07FF53
:10547000C3FFF803FF81FFF803FF81FFF001FF8105
:10548000FFE000FFE1FFC0007FFFFF80001FFFFE85
:10549000000007FFFE0600003FFE07000000FF07B8
:1054A0000000007F8F0000007FFF0000007FFF00F2
:1054B00000003FFF0000003FFE0000001FFE000054
:1054C000000FFC00000001E00000000000000000F0
:1054D00000000000000000000000000000000000CC
:1054E00000000000000000000000000000000000BC
:1054F00000000000000000000000000000000000AC
:10550000000000000000000000000000000000009B
:1055100000000000000000000FFFFFE0000FFFFF91
:10552000FE000FFFFFFF800FFFFFFFE00FFF01FFF7
:10553000F00FFF00FFF80FFF007FF80FFF003FFCA8
:105540000FFF003FFC0FFF003FFE0FFF001FFE0F8D
:10555000FF001FFE0FFF001FFE0FFF003FFC0FFFAD
:10556000003FFC0FFF003FFC0FFF007FF80FFF0024
:10557000FFF80FFF01FFF00FFFFFFFE00FFFFFFF3E
:10558000800FFFFFFC000FFFFFFC000FFF03FF0079
:105590000FFF01FFC00FFF00FFE00FFF00FFF00F44
:1055A000FF007FF00FFF007FF80FFF007FF80FFF75
:1055B000007FF80FFF007FF80FFF007FF80FFF005C
:1055C0007FF80FFF007FF80FFF007FFC0FFF007FC9
:1055D000FC0FFF007FFC0FFF007FFC0FFF007FFC34
:1055E0000FFF003FFC0FFF003FFE0FFF003FFE0FCD
:1055F000FF003FFF0000000000000000000000006E
:10560000000000000000000000000000000000009A
:10561000000000000000000000000000000000008A
:10562000000000000000000000000000000000007A
:10563000000000000000000000000000000000006A
:10564000000000000000000000000000000000005A
:10565000000000000000000000000000000000004A
:10566000000000000000000000000000000000003A
:105670000000000000000001FC0000001FFFC0004F
:10568000007FFFF00001FFFFF80003F801FC0007B6
:10569000F0007E000FE0003E000FC0003E001FC083
:1056A000001F001FC0001F001FC0001F001FE000E0
:1056B0001F001FF0001F001FF80000001FFE000069
:1056C000001FFF8000001FFFF000001FFFFC000014
:1056D0000FFFFF00000FFFFFC00007FFFFF00003F8
:1056E000FFFFF80001FFFFFC0000FFFFFE00007F4E
:1056F000FFFF00001FFFFF800007FFFF800001FF8A
:10570000FF8000003FFFC007000FFFC03E0007FF03
:10571000C03E0001FFC03E0000FFC03E0000FFC0D1
:105720003E0000FFC03E00007FC01F0000FF801F42
:105730000000FF801F8000FF000FC001FE0007F087
:1057400007FE0003FFFFF80001FFFFF000003FFF2E
:10575000C0000003FC00000000000000000000008A
:105760000000000000000000000000000000000039
:105770000000000000000000000000000000000029
:105780000000000000000000000000000000000019
:105790000000000000000000000000000000000009
:1057A00000000000000000000000000000000000F9
:1057B00000000000000000000000000000000000E9
:1057C00000000000000000000000000000000000D9
:1057D00000000000FFFFFFFFC0FFFFFFFFC0FFFF53
:1057E000FFFFC0FFFFFFFFC0001FFF0000001FFF03
:1057F0000000001FFF0000001FFF0000001FFF004F
:1058000000001FFF0000001FFF0000001FFF00003E
:10581000001FFF0000001FFF0000001FFF0000002E
:105820001FFF0000001FFF0000001FFF0000001FFF
:10583000FF0000001FFF0000001FFF0000001FFF0F
:105840000000001FFF0000001FFF0000001FFF00FE
:1058500000001FFF0000001FFF0000001FFF0000EE
:10586000001FFF0000001FFF0000001FFF000000DE
:105870001FFF0000001FFF0000001FFF0000001FAF
:10588000FF0000001FFF0000001FFF0000001FFFBF
:105890000000001FFF0000001FFF0000001FFF00AE
:1058A00000001FFF0000001FFF0000001FFF00009E
:1058B00000000000000000000000000000000000E8
:1058C00000000000000000000000000000000000D8
:1058D00000000000000000000000000000000000C8
:1058E00000000000000000000000000000000000B8
:1058F00000000000000000000000000000000000A8
:105900000000000000000000000000000000000097
:105910000000000000000000000000000000000087
:105920000000000000000000000000000000000077
:1059300000000FFF0000780FFF0000780FFF00004D
:10594000780FFF0000780FFF0000780FFF0000784D
:105950000FFF0000780FFF0000780FFF0000780FA6
:10596000FF0000780FFF0000780FFF0000780FFFA6
:105970000000780FFF0000780FFF0000780FFF0095
:1059800000780FFF0000780FFF0000780FFF000085
:10599000780FFF0000780FFF0000780FFF000078FD
:1059A0000FFF0000780FFF0000780FFF0000780F56
:1059B000FF0000780FFF0000780FFF0000780FFF56
:1059C0000000780FFF0000780FFF0000780FFF0045
:1059D00000780FFF0000700FFF0000F00FFF0000C5
:1059E000F00FFF8000F007FF8001E007FFC003E039
:1059F00003FFE00FC001FFFFFF8000FFFFFF00007B
:105A00007FFFFE00000FFFF8000000FF0000000015
:105A10000000000000000000000000000000000086
:105A20000000000000000000000000000000000076
:105A30000000000000000000000000000000000066
:105A40000000000000000000000000000000000056
:105A50000000000000000000000000000000000046
:105A60000000000000000000000000000000000036
:105A70000000000000000000000000000000000026
:105A80000000000000000000000000000000000016
:105A9000FFF00001E0FFF80001E07FF80003E07F85
:105AA000F80003C07FF80003C07FFC0007C03FFC84
:105AB0000007803FFC0007803FFC0007803FFE009E
:105AC0000F801FFE000F001FFE000F001FFF001FB2
:105AD000001FFF001E000FFF001E000FFF001E0032
:105AE0000FFF803C0007FF803C0007FF803C000761
:105AF000FF807C0007FFC0780003FFC0780003FF31
:105B0000C0780003FFC0F00003FFE0F00001FFE0F9
:105B1000F00001FFE1F00001FFE1E00001FFF1E032
:105B20000000FFF1E00000FFF3C00000FFF3C00041
:105B3000007FFBC000007FFFC000007FFF800000EF
:105B40007FFF8000003FFF8000003FFF0000003F1C
:105B5000FF0000003FFF0000001FFF0000001FFECD
:105B60000000001FFE0000001FFE000000000000FB
:105B70000000000000000000000000000000000025
:105B80000000000000000000000000000000000015
:105B90000000000000000000000000000000000005
:105BA00000000000000000000000000000000000F5
:105BB00000000000000000000000000000000000E5
:105BC00000000000000000000000000000000000D5
:105BD00000000000000000000000000000000000C5
:105BE0000000000000000000000000000000FFF0C6
:105BF000003F80FFF8003F807FF8007FC07FF80003
:105C00007FC07FF8007FC07FFC007FC03FFC00FFAB
:105C1000E03FFC00FFE03FFC00FFE03FFE00FFE054
:105C20001FFE01FFF01FFE01FFF01FFE01FFF01F2E
:105C3000FF01FFF00FFF03FFF80FFF03FFF80FFF57
:105C400003FFF80FFF83FFF807FF87FFFC07FF87BD
:105C5000FFFC07FF87FFFC07FFC7BFFC03FFCFBFA9
:105C6000FE03FFCF1FFE03FFCF1FFE03FFEF1FFE4C
:105C700001FFFF1FFF01FFFE0FFF01FFFE0FFF01EE
:105C8000FFFE0FFF00FFFE0FFF00FFFC07FF00FFFE
:105C9000FC07FF007FFC07FF007FFC07FF007FF889
:105CA00003FF007FF803FF003FF803FF003FF0030E
:105CB000FF003FF001FF003FF001FF001FF001FF78
:105CC000001FE001FF001FE000FF000000000000D7
:105CD00000000000000000000000000000000000C4
:105CE00000000000000000000000000000000000B4
:105CF00000000000000000000000000000000000A4
:105D00000000000000000000000000000000000093
:105D10000000000000000000000000000000000083
:105D20000000000000000000000000000000000073
:105D30000000000000000000000000000000000063
:105D4000000000000000000000000000FFFC000355
:105D5000E07FFC0007E07FFE0007C03FFE000F80F1
:105D60003FFF000F801FFF001F001FFF801F000F5D
:105D7000FF803E000FFFC07C0007FFE07C0003FFB8
:105D8000E0F80003FFF0F80001FFF1F00001FFF977
:105D9000E00000FFFBE00000FFFFC000007FFFC04D
:105DA00000007FFF8000003FFF0000001FFF000099
:105DB000001FFF8000000FFF8000000FFFC00000E9
:105DC00007FFC0000007FFE000000FFFE000000F2A
:105DD000FFF000001FFFF800003FFFF800003EFF4B
:105DE000FC00007C7FFC00007C7FFE0000F83FFE92
:105DF0000001F03FFF0001F01FFF8003E00FFF8074
:105E000007E00FFFC007C007FFC00F8007FFE00FCC
:105E10008003FFE01F0003FFF03E0001FFF83E009B
:105E200001FFF87C0000FFFC000000000000000003
:105E30000000000000000000000000000000000062
:105E40000000000000000000000000000000000052
:105E50000000000000000000000000000000000042
:105E60000000000000000000000000000000000032
:105E70000000000000000000000000000000000022
:105E80000000000000000000000000000000000012
:105E90000000000000000000000000000000000002
:105EA00000000000000000000000FFF00003C0FF41
:105EB000F80007C0FFF80007807FFC000F807FFC20
:105EC000000F803FFC000F003FFE001F001FFE0080
:105ED0001E001FFF001E001FFF003E000FFF803C42
:105EE000000FFF807C0007FF807C0007FFC0780068
:105EF00003FFC0F80003FFE0F00003FFE0F0000143
:105F0000FFE1F00001FFF1E00000FFF3E00000FF1F
:105F1000FBC000007FFFC000007FFFC000007FFFCC
:105F20008000003FFF8000003FFF8000001FFF0057
:105F300000001FFF0000001FFF0000001FFF000007
:105F4000001FFF0000001FFF0000001FFF000000F7
:105F50001FFF0000001FFF0000001FFF0000001FC8
:105F6000FF0000001FFF0000001FFF0000001FFFD8
:105F70000000001FFF0000001FFF0000001FFF00C7
:105F800000001FFF000000000000000000000000F3
:105F90000000000000000000000000000000000001
:105FA00000000000000000000000000000000000F1
:105FB00000000000000000000000000000000000E1
:105FC00000000000000000000000000000000000D1
:105FD00000000000000000000000000000000000C1
:105FE00000000000000000000000000000000000B1
:105FF00000000000000000000000000000000000A1
:1060000000000000000000000FFFFFFFE00FFFFF97
:10601000FFE00FFFFFFFE00FFFFFFFE0000007FFC3
:10602000E0000007FFC000000FFFC000001FFF805E
:1060300000001FFF0000003FFF0000003FFE0000C7
:10604000007FFE0000007FFC000000FFFC0000015C
:10605000FFF8000001FFF0000003FFF0000003FF65
:10606000E0000007FFE000000FFFC000000FFFC0CE
:1060700000001FFF8000001FFF0000003FFF000026
:10608000003FFE0000007FFE000000FFFC0000005B
:10609000FFF8000001FFF8000001FFF0000003FF1F
:1060A000F0000003FFE0000007FFE000000FFFC06A
:1060B00000000FFF8000001FFF8000001FFF000096
:1060C000003FFF0000007FFE0000007FFC0000009A
:1060D0007FFFFFFFC07FFFFFFFC07FFFFFFFC07F8D
:1060E000FFFFFFC0000000000000000000000000F3
:1060F00000000000000000000000000000000000A0
:10610000000000000000000000000000000000008F
:10611000000000000000000000000000000000007F
:10612000000000000000000000000000000000006F
:10613000000000000000000000000000000000005F
:10614000000000000000000000000000000000004F
:10615000000000000000000000000000000000003F
:10616000000000000000003FFFC000003FFFC00033
:10617000003FFFC000003FFFC000003FE000000004
:106180003FE00000003FE00000003FE00000003F73
:10619000E00000003FE00000003FE00000003FE0C2
:1061A0000000003FE00000003FE00000003FE00092
:1061B00000003FE00000003FE00000003FE0000082
:1061C000003FE00000003FE00000003FE000000072
:1061D0003FE00000003FE00000003FE00000003F23
:1061E000E00000003FE00000003FE00000003FE072
:1061F0000000003FE00000003FE00000003FE00042
:1062000000003FE00000003FE00000003FE0000031
:10621000003FE00000003FE00000003FE000000021
:106220003FE00000003FE00000003FE00000003FD2
:10623000E00000003FE00000003FE00000003FE021
:106240000000003FE00000003FE00000003FE000F1
:1062500000003FE00000003FE00000003FE00000E1
:10626000003FE00000003FE00000003FFFC00000F2
:106270003FFFC000003FFFC0000000000000000022
:10628000000000000000000000000000000000000E
:1062900000000000000000000000000000000000FE
:1062A00000000000000000000000000000000000EE
:1062B00000000000000000000000000000000000DE
:1062C000000000001E000000001F000000000F0082
:1062D0000000000F000000000780000000078000A1
:1062E000000007C000000003C000000003C0000061
:1062F0000001E000000001E000000001F0000000EB
:1063000000F000000000F000000000780000000035
:1063100078000000007C000000003C000000003C11
:10632000000000001E000000001E000000001E0013
:106330000000000F000000000F00000000078000B8
:1063400000000780000000078000000003C000007C
:106350000003C000000003E000000001E0000000B6
:1063600001E000000000F000000000F0000000006C
:10637000F800000000780000000078000000003CF9
:10638000000000003C000000003E000000001E0075
:106390000000001E000000000F000000000F0000C1
:1063A00000000F8000000007800000000780000050
:1063B0000003C000000003C000000003C000000094
:1063C00001E000000001E000000001F0000000001A
:1063D000F000000000F000000000000000000000DD
:1063E00000000000000000000000000000000000AD
:1063F000000000000000000000000000000000009D
:10640000000000000000000000000000000000008C
:10641000000000000000000000000000000000007C
:10642000000001FFFF000001FFFF000001FFFF006F
:106430000001FFFF00000003FF00000003FF000059
:106440000003FF00000003FF00000003FF00000046
:1064500003FF00000003FF00000003FF0000000333
:10646000FF00000003FF00000003FF00000003FF27
:1064700000000003FF00000003FF00000003FF0016
:10648000000003FF00000003FF00000003FF000006
:106490000003FF00000003FF00000003FF000000F6
:1064A00003FF00000003FF00000003FF00000003E3
:1064B000FF00000003FF00000003FF00000003FFD7
:1064C00000000003FF00000003FF00000003FF00C6
:1064D000000003FF00000003FF00000003FF0000B6
:1064E0000003FF00000003FF00000003FF000000A6
:1064F00003FF00000003FF00000003FF0000000393
:10650000FF00000003FF00000003FF00000003FF86
:1065100000000003FF00000003FF00000003FF0075
:10652000000003FF000001FFFF000001FFFF00006B
:1065300001FFFF000000000000000000000000005C
:10654000000000000000000000000000000000004B
:10655000000000000000000000000000000000003B
:10656000000000000000000000000000000000002B
:10657000000000000000000000000000000000001B
:10658000007FFE0000007FFF000000FFFF00000012
:10659000FFFF000001FFFF800001FFFF800001FFFF
:1065A000FFC00003FFFFC00003FFFFE00007FF7F05
:1065B000E00007FE7FE00007FE3FF0000FFE3FF027
:1065C000000FFC3FF8001FFC1FF8001FF81FF80029
:1065D0001FF81FFC003FF80FFC003FF00FFE007F8C
:1065E000F00FFE007FF007FE00FFE007FF00000055
:1065F000000000000000000000000000000000009B
:10660000000000000000000000000000000000008A
:10661000000000000000000000000000000000007A
:10662000000000000000000000000000000000006A
:10663000000000000000000000000000000000005A
:10664000000000000000000000000000000000004A
:10665000000000000000000000000000000000003A
:10666000000000000000000000000000000000002A
:10667000000000000000000000000000000000001A
:10668000000000000000000000000000000000000A
:1066900000000000000000000000000000000000FA
:1066A00000000000000000000000000000000000EA
:1066B00000000000000000000000000000000000DA
:1066C00000000000000000000000000000000000CA
:1066D00000000000000000000000000000000000BA
:1066E00000000000000000000000000000000000AA
:1066F000000000000000000000000000000000009A
:106700000000000000000000000000000000000089
:106710000000000000000000000000000000000079
:106720000000000000000000000000000000000069
:106730000000000000000000000000000000000059
:106740000000000000000000000000000000000049
:106750000000000000000000000000000000000039
:106760000000000000000000000000000000000029
:106770000000000000000000000000000000000019
:106780000000000000000000000000000000000009
:1067900000000000000000000000000000000000F9
:1067A00000000000000000000000000000000000E9
:1067B00000000000000000000000000000000000D9
:1067C0000000000000000000000000000000FFFFCB
:1067D000FFFF80FFFFFFFF80FFFFFFFF80FFFFFF46
:1067E000FF80FFFFFFFF80FFFFFFFF80FFFFFFFF36
:1067F0008000000000000000000000000000000019
:106800000000000000000000000000000000000088
:106810000000000000000000000000000000000078
:106820000000000000000000000000000000000068
:1068300000000000000000001FE00000000FE0006A
:10684000000007F000000003F000000001F8000065
:10685000000078000000003C000000001C00000068
:10686000000E00000000000000000000000000001A
:106870000000000000000000000000000000000018
:106880000000000000000000000000000000000008
:1068900000000000000000000000000000000000F8
:1068A00000000000000000000000000000000000E8
:1068B00000000000000000000000000000000000D8
:1068C00000000000000000000000000000000000C8
:1068D00000000000000000000000000000000000B8
:1068E00000000000000000000000000000000000A8
:1068F0000000000000000000000000000000000098
:106900000000000000000000000000000000000087
:106910000000000000000000000000000000000077
:106920000000000000000000000000000000000067
:106930000000000000000000000000000000000057
:106940000000000000000000000000000000000047
:106950000000000000000000000000000000000037
:106960000000000000000000000000000000000027
:106970000000000000000000000000000000000017
:106980000000000000000000000000000000000007
:1069900000000000000000000000000000000000F7
:1069A00000000000000000000000000000000000E7
:1069B00000000000000000000000000000000000D7
:1069C00000000000000000000000000000000000C7
:1069D000000007FC0000007FFFC00001FFFFF00087
:1069E00007E03FFC0007C01FFC000F801FFE000FE8
:1069F000800FFE000F800FFE000F800FFE000F8043
:106A00001FFE0007803FFE0000007FFE000001FF28
:106A1000FE000007FFFE00003FCFFE0000FF8FFEDC
:106A20000003FE0FFE0007FC0FFE000FFC0FFE0030
:106A30001FF80FFE003FF80FFE003FF80FFE003F6B
:106A4000F80FFE003FF80FFE003FF81FFE003FF872
:106A50001FFE003FFC1FFE003FFC3FFE001FFFFF2C
:106A6000FF001FFFFFFFE00FFFE7FFE003FF83FFD3
:106A7000F0007C007E00000000000000000000002C
:106A80000000000000000000000000000000000006
:106A900000000000000000000000000000000000F6
:106AA00000000000000000000000000000000000E6
:106AB00000000000000000000000000000000000D6
:106AC00000000000000000000000000000000000C6
:106AD00000000000000000000000000000000000B6
:106AE00000000000000000000000000000000000A6
:106AF00000000000000000001FFE0000001FFE005C
:106B000000001FFE0000001FFE0000001FFE00002E
:106B1000001FFE0000001FFE0000001FFE0000001E
:106B20001FFE0000001FFE0000001FFE0000001FEF
:106B3000FE0F80001FFE3FF0001FFE7FF8001FFECB
:106B4000FFFC001FFFFFFE001FFF8FFF001FFF075E
:106B5000FF001FFF03FF001FFE03FF801FFE03FF58
:106B6000801FFE03FF801FFE03FF801FFE03FF80C8
:106B70001FFE03FF801FFC03FF801FFC03FFC01FDD
:106B8000FC03FFC01FFC03FF801FFE03FF801FFEEE
:106B900003FF801FFE03FF801FFE03FF801FFE0315
:106BA000FF801FFE03FF801FFE03FF001FFF03FF88
:106BB000001FFF07FE001FFF8FFE001F3FFFFC00AE
:106BC0001F1FFFF8001E0FFFF0001E03FFC0001C78
:106BD000007E000000000000000000000000000037
:106BE00000000000000000000000000000000000A5
:106BF0000000000000000000000000000000000095
:106C00000000000000000000000000000000000084
:106C10000000000000000000000000000000000074
:106C20000000000000000000000000000000000064
:106C30000000000000000000000000000000000054
:106C40000000000000000000000000000000000044
:106C50000000000000000000000000000000000034
:106C60000000000000000000000000000000000024
:106C70000000000000000000000000000000000014
:106C8000000000000000000000000000000000FC08
:106C90000000000FFF8000003FFFE00000FFC1F098
:106CA0000001FF00F80003FF00F80007FE007C0071
:106CB0000FFE007C000FFC007C001FFC007C001F0E
:106CC000FC0078001FFC0060003FFC0000003FFC5F
:106CD0000000003FFC0000003FFC0000003FFC0003
:106CE00000003FFC0000003FFC0000003FFC0010E3
:106CF000003FFC001E003FFC001E001FFC001E00A9
:106D00001FFC001E001FFC001E000FFE001E000FD7
:106D1000FE003C0007FE003C0003FF00780001FF7E
:106D200080F00000FFFFE000003FFF80000003F85C
:106D30000000000000000000000000000000000053
:106D40000000000000000000000000000000000043
:106D50000000000000000000000000000000000033
:106D60000000000000000000000000000000000023
:106D70000000000000000000000000000000000013
:106D80000000000000000000000000000000000003
:106D900000000000000000000000000000000000F3
:106DA00000000000000000000000000000000000E3
:106DB00000000000000007FF00000007FF000000C7
:106DC00007FF00000007FF00000007FF00000007AA
:106DD000FF00000007FF00000007FF00000007FFA2
:106DE00000000007FF00000007FF00001E07FF0073
:106DF00000FFC7FF0003FFE7FF0007FFF7FF0007E3
:106E0000FFFFFF000FFE1FFF000FFE0FFF001FFC24
:106E10000FFF001FFC07FF001FFC07FF003FFC07E0
:106E2000FF003FFC07FF003FFC07FF003FFC07FFA0
:106E3000003FFC07FF003FFC07FF003FFC07FF008F
:106E40003FFC07FF003FFC07FF003FFC07FF003F40
:106E5000FC07FF003FFC07FF003FFC07FF001FFC93
:106E600007FF001FFC07FF001FFC07FF001FFE0FAE
:106E7000FF000FFE1FFF000FFFFFFF0007FFFFFFD8
:106E80000003FFF7FF0001FFC7FF00003E07FF0000
:106E900000000000000000000000000000000000F2
:106EA00000000000000000000000000000000000E2
:106EB00000000000000000000000000000000000D2
:106EC00000000000000000000000000000000000C2
:106ED00000000000000000000000000000000000B2
:106EE00000000000000000000000000000000000A2
:106EF0000000000000000000000000000000000092
:106F00000000000000000000000000000000000081
:106F10000000000000000000000000000000000071
:106F20000000000000000000000000000000000061
:106F30000000000000000000000000000000000051
:106F40000000000000000000000003F00000001F2F
:106F5000FF0000007FFF800000FF1FC00001FE0F48
:106F6000E00003FE0FF00007FC07F8000FFC07F835
:106F7000000FFC07FC001FFC07FC001FFC07FC00C7
:106F80001FFC07FC003FFC07FE003FFC07FE003F24
:106F9000FFFFFE003FFFFFFE003FFFFFFE003FFF41
:106FA000FFFE003FFC0000003FFC0000003FFC0033
:106FB00000003FFC0000001FFC001C001FFC001E26
:106FC000001FFE001E000FFE001E000FFE003C0012
:106FD00007FF003C0003FF80780001FFC0F00000C5
:106FE000FFFFE000003FFF80000003F8000000000A
:106FF0000000000000000000000000000000000091
:107000000000000000000000000000000000000080
:107010000000000000000000000000000000000070
:107020000000000000000000000000000000000060
:107030000000000000000000000000000000000050
:107040000000000000000000000000000000000040
:107050000000000000000000000000000000000030
:107060000000000000000000000000000000000020
:10707000001F800000007FF0000001FFF800000307
:10708000FFF8000007F8FC000007F87C00000FF094
:107090007C00000FF87800000FF84000000FF800A7
:1070A00000000FFC0000000FFE000000FFFFF000DA
:1070B00000FFFFF00000FFFFF00000FFFFF0000006
:1070C0000FFE0000000FFE0000000FFE0000000F8A
:1070D000FE0000000FFE0000000FFE0000000FFE8B
:1070E0000000000FFE0000000FFE0000000FFE0079
:1070F00000000FFE0000000FFE0000000FFE000069
:10710000000FFE0000000FFE0000000FFE00000058
:107110000FFE0000000FFE0000000FFE0000000F39
:10712000FE0000000FFE0000000FFE0000000FFE3A
:107130000000000FFE0000000FFE0000000FFE0028
:1071400000000FFE0000000FFE0000000000000025
:10715000000000000000000000000000000000002F
:10716000000000000000000000000000000000001F
:10717000000000000000000000000000000000000F
:1071800000000000000000000000000000000000FF
:1071900000000000000000000000000000000000EF
:1071A00000000000000000000000000000000000DF
:1071B00000000000000000000000000000000000CF
:1071C00000000000000000000000000000000000BF
:1071D00000000000000000000000000000000000AF
:1071E0007C00000001FF00000003FF00000003FF1F
:1071F00080000003FF80000007FF80000007FF8081
:107200000000079F000007E70600003FFF000000A6
:10721000FFFFC00003FF1FF00007FE1FF8000FFC78
:107220000FFC000FFC0FFE001FFC0FFF001FFC07F0
:10723000FF001FFC07FF003FFC07FF003FFC07FFAC
:10724000003FFC07FF001FFC07FF001FFC07FF00BB
:107250001FFC0FFE000FFC0FFE0007FE0FFC0003DB
:10726000FF1FF80000FFFFE00000FFFF800001F1BA
:10727000FC000007E00000000FC00000001FC0007D
:1072800000003FE00FE0003FFFFFFE003FFFFFFF79
:10729000807FFFFFFFC03FFFFFFFC03FFFFFFFE01A
:1072A0001FFFFFFFE007FFFFFFE001FFFFFFE0031D
:1072B000FFFFFFE01FE000FFE03F80003FE03F8076
:1072C000003FC03F00003FC03F80007F801FE001C3
:1072D000FF000FFFFFFC0003FFFFE000001FFC00AA
:1072E000000000000000000000000000000000009E
:1072F000000000000000000000000000000000008E
:10730000000000000000000000000000000000007D
:10731000000000000000000000000000000000006D
:107320000000000000000000000000001FFE000040
:10733000001FFE0000001FFE0000001FFE000000F6
:107340001FFE0000001FFE0000001FFE0000001FC7
:10735000FE0000001FFE0000001FFE0000001FFED8
:107360000000001FFE01F0001FFE0FFE001FFE1FA9
:10737000FF001FFE7FFF801FFE7FFF801FFEFFFFBD
:10738000801FFFE3FFC01FFFC3FFC01FFF83FFC0BD
:107390001FFF03FFC01FFF03FFC01FFF03FFC01F2E
:1073A000FE03FFC01FFE03FFC01FFE03FFC01FFE42
:1073B00003FFC01FFE03FFC01FFE03FFC01FFE032D
:1073C000FFC01FFE03FFC01FFE03FFC01FFE03FF21
:1073D000C01FFE03FFC01FFE03FFC01FFE03FFC050
:1073E0001FFE03FFC01FFE03FFC01FFE03FFC01FE1
:1073F000FE03FFC01FFE03FFC01FFE03FFC01FFEF2
:1074000003FFC01FFE03FFC00000000000000000DB
:10741000000000000000000000000000000000006C
:10742000000000000000000000000000000000005C
:10743000000000000000000000000000000000004C
:10744000000000000000000000000000000000003C
:10745000000000000000000000000000000000002C
:10746000000000000000000000000000000000001C
:10747000000000000000000000000000000000000C
:10748000000000000001F000000007FC0000000701
:10749000FC0000000FFC0000000FFE0000000FFCCD
:1074A00000000007FC00000007FC00000001F000E5
:1074B00000000000000000000000000000000000CC
:1074C0000000020000000FFE0000000FFE000000A0
:1074D0000FFE0000000FFE0000000FFE0000000F76
:1074E000FE0000000FFE0000000FFE0000000FFE77
:1074F0000000000FFE0000000FFE0000000FFE0065
:1075000000000FFE0000000FFE0000000FFE000054
:10751000000FFE0000000FFE0000000FFE00000044
:107520000FFE0000000FFE0000000FFE0000000F25
:10753000FE0000000FFE0000000FFE0000000FFE26
:107540000000000FFE0000000FFE0000000FFE0014
:1075500000000FFE0000000FFE0000000FFE000004
:10756000000FFE000000000000000000000000000E
:10757000000000000000000000000000000000000B
:1075800000000000000000000000000000000000FB
:1075900000000000000000000000000000000000EB
:1075A00000000000000000000000000000000000DB
:1075B00000000000000000000000000000000000CB
:1075C00000000000000000000000000000000000BB
:1075D00000000000000000000000000000000000AB
:1075E00000000001F000000007F80000000FFC00A0
:1075F00000000FFC0000000FFE0000000FFC000068
:10760000000FFC00000007F800000001F00000007F
:10761000000000000000000000000000000000006A
:10762000020000000FFE0000000FFE0000000FFE31
:107630000000000FFE0000000FFE0000000FFE0023
:1076400000000FFE0000000FFE0000000FFE000013
:10765000000FFE0000000FFE0000000FFE00000003
:107660000FFE0000000FFE0000000FFE0000000FE4
:10767000FE0000000FFE0000000FFE0000000FFEE5
:107680000000000FFE0000000FFE0000000FFE00D3
:1076900000000FFE0000000FFE0000000FFE0000C3
:1076A000000FFE0000000FFE0000000FFE000000B3
:1076B0000FFE0000000FFE0000000FFE0000000F94
:1076C000FE0000000FFE00000007FE00000007FEA5
:1076D00000000003FE00000043FE000000C3FE00A7
:1076E0000000C3FE000000E3FC000000FFFC0000FF
:1076F00000FFFC0000003FF00000000FC000000091
:107700000000000000000000000000000000000079
:107710000000000000000000000000000000000069
:107720000000000000000000000000000000000059
:107730000000000000000000000000000000000049
:107740000000000000001FFE0000001FFE000000FF
:107750001FFE0000001FFE0000001FFE0000001FB3
:10776000FE0000001FFE0000001FFE0000001FFEC4
:107770000000001FFE0000001FFE0000001FFE00B2
:1077800000001FFE001E001FFE003E001FFE003C0A
:10779000001FFE0078001FFE00F0001FFE01E00049
:1077A0001FFE03E0001FFE07C0001FFE0780001F32
:1077B000FE0FC0001FFE1FC0001FFE3FE0001FFEA7
:1077C0007FE0001FFEFFE0001FFEFFF0001FFFFF35
:1077D000F0001FFFFFF8001FFFFFF8001FFF3FF83A
:1077E000001FFE3FFC001FFE3FFC001FFE1FFE00AF
:1077F0001FFE1FFE001FFE0FFE001FFE0FFF001FDB
:10780000FE0FFF001FFE07FF801FFE07FF801FFE09
:1078100003FF801FFE03FFC01FFE03FFC01FFE010A
:10782000FFE0000000000000000000000000000079
:107830000000000000000000000000000000000048
:107840000000000000000000000000000000000038
:107850000000000000000000000000000000000028
:107860000000000000000000000000000000000018
:107870000000000000000000000000000000000008
:1078800000000000000000000000000000000000F8
:1078900000000000000000000000000000000000E8
:1078A000000000001FFE0000001FFE0000001FFE81
:1078B0000000001FFE0000001FFE0000001FFE0071
:1078C00000001FFE0000001FFE0000001FFE000061
:1078D000001FFE0000001FFE0000001FFE00000051
:1078E0001FFE0000001FFE0000001FFE0000001F22
:1078F000FE0000001FFE0000001FFE0000001FFE33
:107900000000001FFE0000001FFE0000001FFE0020
:1079100000001FFE0000001FFE0000001FFE000010
:10792000001FFE0000001FFE0000001FFE00000000
:107930001FFE0000001FFE0000001FFE0000001FD1
:10794000FE0000001FFE0000001FFE0000001FFEE2
:107950000000001FFE0000001FFE0000001FFE00D0
:1079600000001FFE0000001FFE0000001FFE0000C0
:10797000001FFE0000001FFE0000001FFE000000B0
:1079800000000000000000000000000000000000F7
:1079900000000000000000000000000000000000E7
:1079A00000000000000000000000000000000000D7
:1079B00000000000000000000000000000000000C7
:1079C00000000000000000000000000000000000B7
:1079D00000000000000000000000000000000000A7
:1079E0000000000000000000000000000000000097
:1079F0000000000000000000000000000000000087
:107A00000000000000000000000000000000000076
:107A10000000000000000000000000000000000066
:107A20000000000000000000000000000000000056
:107A3000000000000000000000000601E0000FFE52
:107A40000FFC030FFE3FFE0F0FFE7FFF1F0FFEFF19
:107A5000FF3F0FFFFFFFFF0FFF87FFE10FFF07FF54
:107A6000C10FFF07FFC10FFE07FF810FFE07FF8158
:107A70000FFE07FF810FFE07FF810FFE07FF810F3B
:107A8000FE07FF810FFE07FF810FFE07FF810FFE3C
:107A900007FF810FFE07FF810FFE07FF810FFE0723
:107AA000FF810FFE07FF810FFE07FF810FFE07FF1B
:107AB000810FFE07FF810FFE07FF810FFE07FF8189
:107AC0000FFE07FF810FFE07FF810FFE07FF810FEB
:107AD000FE07FF810FFE07FF810FFE07FF810000F9
:107AE0000000000000000000000000000000000096
:107AF0000000000000000000000000000000000086
:107B00000000000000000000000000000000000075
:107B10000000000000000000000000000000000065
:107B20000000000000000000000000000000000055
:107B30000000000000000000000000000000000045
:107B40000000000000000000000000000000000035
:107B50000000000000000000000000000000000025
:107B60000000000000000000000000000000000015
:107B70000000000000000000000000000000000005
:107B800000000000000000000000000000000000F5
:107B900000000000000000000201F0000FFE07FEE0
:107BA000000FFE1FFF000FFE3FFF800FFE7FFF80D4
:107BB0000FFEFFFF800FFFC3FFC00FFF83FFC00F4B
:107BC000FF83FFC00FFF03FFC00FFF03FFC00FFEC7
:107BD00003FFC00FFE03FFC00FFE03FFC00FFE0335
:107BE000FFC00FFE03FFC00FFE03FFC00FFE03FF29
:107BF000C00FFE03FFC00FFE03FFC00FFE03FFC058
:107C00000FFE03FFC00FFE03FFC00FFE03FFC00FF8
:107C1000FE03FFC00FFE03FFC00FFE03FFC00FFEF9
:107C200003FFC00FFE03FFC00FFE03FFC00FFE03E4
:107C3000FFC00FFE03FFC00FFE03FFC000000000E7
:107C40000000000000000000000000000000000034
:107C50000000000000000000000000000000000024
:107C60000000000000000000000000000000000014
:107C70000000000000000000000000000000000004
:107C800000000000000000000000000000000000F4
:107C900000000000000000000000000000000000E4
:107CA00000000000000000000000000000000000D4
:107CB00000000000000000000000000000000000C4
:107CC00000000000000000000000000000000000B4
:107CD00000000000000000000000000000000000A4
:107CE0000000000000000000000000000000000094
:107CF00000000000000003FC0000003FFF800000C7
:107D0000FFFFF00001FF1FF80003FE0FFC0007FE5D
:107D100007FE000FFE07FE000FFC07FF001FFC0719
:107D2000FF001FFC03FF801FFC03FF803FFC03FFDD
:107D3000803FFC03FF803FFC03FFC03FFC03FFC00C
:107D40003FFC03FFC03FFC03FFC03FFC03FFC03FFD
:107D5000FC03FFC03FFC03FFC03FFC03FF803FFC70
:107D600003FF801FFC03FF801FFC03FF801FFC0735
:107D7000FF000FFC07FF000FFE07FF0007FE07FED6
:107D80000003FE0FFC0001FF1FF80000FFFFF000E2
:107D9000003FFFC0000003FC0000000000000000E6
:107DA00000000000000000000000000000000000D3
:107DB00000000000000000000000000000000000C3
:107DC00000000000000000000000000000000000B3
:107DD00000000000000000000000000000000000A3
:107DE0000000000000000000000000000000000093
:107DF0000000000000000000000000000000000083
:107E00000000000000000000000000000000000072
:107E10000000000000000000000000000000000062
:107E20000000000000000000000000000000000052
:107E30000000000000000000000000000000000042
:107E40000000000000000000000000000000000032
:107E500000000000000780001FFE1FF0001FFE7FD3
:107E6000F8001FFEFFFC001FFEFFFE001FFF8FFE3D
:107E7000001FFF07FF001FFF07FF001FFE07FF8017
:107E80001FFE03FF801FFE03FF801FFE03FF801FF6
:107E9000FE03FFC01FFE03FFC01FFE03FFC01FFE47
:107EA00003FFC01FFE03FFC01FFE03FFC01FFE0332
:107EB000FFC01FFE03FFC01FFE03FFC01FFE03FF26
:107EC000C01FFE03FF801FFE03FF801FFE03FF8015
:107ED0001FFE07FF801FFF07FF801FFF07FF001F18
:107EE000FF8FFF001FFFFFFE001FFFFFFC001FFEB4
:107EF000FFF8001FFE3FF0001FFE0F80001FFE0076
:107F000000001FFE0000001FFE0000001FFE00001A
:107F1000001FFE0000001FFE0000001FFE0000000A
:107F20001FFE0000001FFE0000001FFE00000000FA
:107F30000000000000000000000000000000000041
:107F40000000000000000000000000000000000031
:107F50000000000000000000000000000000000021
:107F60000000000000000000000000000000000011
:107F70000000000000000000000000000000000001
:107F800000000000000000000000000000000000F1
:107F900000000000000000000000000000000000E1
:107FA00000000000000000000000000000000000D1
:107FB00000000FC00000007FF8030001FFFC070075
:107FC00003FFFF070007FFFF8F0007FF1FCF000F12
:107FD000FE0FFF000FFE0FFF001FFC07FF001FFC3E
:107FE00007FF001FFC07FF003FFC07FF003FFC07E7
:107FF000FF003FFC07FF003FFC07FF003FFC07FFBF
:10800000003FFC07FF003FFC07FF003FFC07FF00AD
:108010003FFC07FF003FFC07FF003FFC07FF003F5E
:10802000FC07FF001FFC07FF001FFE07FF001FFEED
:108030000FFF001FFE0FFF000FFF1FFF0007FFFFD6
:10804000FF0007FFFFFF0003FFF7FF0000FFC7FF70
:1080500000001E07FF00000007FF00000007FF00F0
:10806000000007FF00000007FF00000007FF0000FE
:108070000007FF00000007FF00000007FF000000EE
:1080800007FF00000007FF00000007FF00000000DE
:1080900000000000000000000000000000000000E0
:1080A00000000000000000000000000000000000D0
:1080B00000000000000000000000000000000000C0
:1080C00000000000000000000000000000000000B0
:1080D00000000000000000000000000000000000A0
:1080E0000000000000000000000000000000000090
:1080F0000000000000000000000000000000000080
:10810000000000000000000000000000000000006F
:10811000020F00000FFE3FC0000FFE7FE0000FFEC9
:10812000FFE0000FFEFFE0000FFF8FF0000FFF0FDA
:10813000E0000FFF0FE0000FFF0FE0000FFE1FE059
:10814000000FFE1FE0000FFE1FE0000FFE0000000A
:108150000FFE0000000FFE0000000FFE0000000FE9
:10816000FE0000000FFE0000000FFE0000000FFEEA
:108170000000000FFE0000000FFE0000000FFE00D8
:1081800000000FFE0000000FFE0000000FFE0000C8
:10819000000FFE0000000FFE0000000FFE000000B8
:1081A0000FFE0000000FFE0000000FFE0000000F99
:1081B000FE000000000000000000000000000000C1
:1081C00000000000000000000000000000000000AF
:1081D000000000000000000000000000000000009F
:1081E000000000000000000000000000000000008F
:1081F000000000000000000000000000000000007F
:10820000000000000000000000000000000000006E
:10821000000000000000000000000000000000005E
:10822000000000000000000000000000000000004E
:10823000000000000000000000000000000000003E
:10824000000000000000000000000000000000002E
:10825000000000000000000000000000000000001E
:10826000000000000000000000000000000007F017
:108270000000007FFE000001FFFF800003F80FC038
:108280000007F007E0000FF003E0000FF003F0003C
:108290001FF001F0001FF801F0001FFC01C0001FDB
:1082A000FF0000001FFFC000001FFFF000001FFFC5
:1082B000FC00000FFFFF00000FFFFFC00007FFFFE3
:1082C000E00003FFFFF00001FFFFF00000FFFFF8F8
:1082D00000003FFFF800000FFFFC000603FFFC005A
:1082E0003E00FFFC003E003FFC003E001FFC003F44
:1082F000000FF8003F000FF8001F800FF8000FC0BC
:108300001FF00007F03FE00003FFFFC00000FFFF89
:108310000000000FF000000000000000000000005E
:10832000000000000000000000000000000000004D
:10833000000000000000000000000000000000003D
:10834000000000000000000000000000000000002D
:10835000000000000000000000000000000000001D
:10836000000000000000000000000000000000000D
:1083700000000000000000000000000000000000FD
:1083800000000000000000000000000000000000ED
:1083900000000000000000000000000000000006D7
:1083A000000000001E000000007E00000003FE0030
:1083B00000000FFE0000000FFE0000000FFE000096
:1083C000000FFE0000000FFE0000000FFE00000086
:1083D000FFFFF80000FFFFF80000FFFFF80000FFBC
:1083E000FFF800000FFE0000000FFE0000000FFE6F
:1083F0000000000FFE0000000FFE0000000FFE0056
:1084000000000FFE0000000FFE0000000FFE000045
:10841000000FFE0000000FFE0000000FFE00000035
:108420000FFE0000000FFE0000000FFE0000000F16
:10843000FE0000000FFE0000000FFE0000000FFE17
:108440000000000FFE0000000FFE0000000FFE0005
:1084500000000FFE0000000FFF30000007FFF800D3
:108460000003FFF0000001FFE00000003F000000FB
:1084700000000000000000000000000000000000FC
:1084800000000000000000000000000000000000EC
:1084900000000000000000000000000000000000DC
:1084A00000000000000000000000000000000000CC
:1084B00000000000000000000000000000000000BC
:1084C00000000000000000000000000000000000AC
:1084D000000000000000000000000000000000009C
:1084E000000000000000000000000000000000008C
:1084F000000000000000000000000000000000007C
:10850000000000000000000000000000000000006B
:10851000000000000000000000000000000000005B
:1085200000000000000000000000020000400FFEFC
:1085300001FFC00FFE01FFC00FFE01FFC00FFE01D3
:10854000FFC00FFE01FFC00FFE01FFC00FFE01FFC5
:10855000C00FFE01FFC00FFE01FFC00FFE01FFC0F4
:108560000FFE01FFC00FFE01FFC00FFE01FFC00F95
:10857000FE01FFC00FFE01FFC00FFE01FFC00FFE96
:1085800001FFC00FFE01FFC00FFE01FFC00FFE0381
:10859000FFC00FFE03FFC00FFE03FFC00FFE03FF6F
:1085A000C00FFE03FFC00FFE07FFC00FFE0FFFC08E
:1085B0000FFF1FFFC00FFFFDFFC007FFF9FFC00740
:1085C000FFE1FFC003FFC1FFC0007E01FFC000004C
:1085D000000000000000000000000000000000009B
:1085E000000000000000000000000000000000008B
:1085F000000000000000000000000000000000007B
:10860000000000000000000000000000000000006A
:10861000000000000000000000000000000000005A
:10862000000000000000000000000000000000004A
:10863000000000000000000000000000000000003A
:10864000000000000000000000000000000000002A
:10865000000000000000000000000000000000001A
:10866000000000000000000000000000000000000A
:1086700000000000000000000000000000000000FA
:10868000000000000000000000000000FFF00038C3
:1086900000FFF0003800FFF00078007FF800700065
:1086A0007FF80070007FF800F0003FFC00E0003F22
:1086B000FC00E0001FFC01E0001FFE01C0001FFEE7
:1086C00001C0000FFE0380000FFF0380000FFF03B7
:1086D000800007FF07000007FF87000007FF8700F3
:1086E0000003FF8E000003FFCE000003FFCE00005A
:1086F00001FFDC000001FFFC000001FFFC000000A6
:10870000FFF8000000FFF8000000FFF80000007F05
:10871000F00000007FF00000003FF00000003FE0AC
:108720000000003FE00000001FE00000000000002B
:108730000000000000000000000000000000000039
:108740000000000000000000000000000000000029
:108750000000000000000000000000000000000019
:108760000000000000000000000000000000000009
:1087700000000000000000000000000000000000F9
:1087800000000000000000000000000000000000E9
:1087900000000000000000000000000000000000D9
:1087A00000000000000000000000000000000000C9
:1087B00000000000000000000000000000000000B9
:1087C00000000000000000000000000000000000A9
:1087D0000000000000000000000000000000000099
:1087E00000000000000000000000FFE003F800FFB0
:1087F000F003FC00FFF003FC007FF007FC007FF8B3
:1088000007FC017FF807FE013FF807FE013FFC0F60
:10881000FE033FFC0FFF031FFC0FFF031FFC0FFFB6
:10882000071FFE1FFF070FFE1FFF870FFE1FFF8F93
:108830000FFF1FFF8E07FF3FFF8E07FF3BFFDE0787
:10884000FFBBFFDC03FFF9FFFC03FFF1FFFC03FFAD
:10885000F1FFF801FFF0FFF801FFF0FFF801FFE082
:10886000FFF000FFE0FFF000FFE07FF000FFE07F9F
:10887000E0007FC07FE0007FC07FE0007FC03FC09E
:10888000003FC03FC0003F803FC00000000000002C
:1088900000000000000000000000000000000000D8
:1088A00000000000000000000000000000000000C8
:1088B00000000000000000000000000000000000B8
:1088C00000000000000000000000000000000000A8
:1088D0000000000000000000000000000000000098
:1088E0000000000000000000000000000000000088
:1088F0000000000000000000000000000000000078
:108900000000000000000000000000000000000067
:108910000000000000000000000000000000000057
:108920000000000000000000000000000000000047
:108930000000000000000000000000000000000037
:108940000000000000000000FFF80078007FFC003D
:1089500078007FFC00F0003FFE01E0003FFF03C015
:10896000001FFF03C0000FFF8780000FFF8F000074
:1089700007FFDE000007FFFE000003FFFC0000030E
:10898000FFF8000001FFF0000000FFF8000000FF0A
:10899000F80000007FFC0000007FFC0000003FFEAC
:1089A0000000003FFF0000007FFF000000FFFF808D
:1089B0000000FFFF800001E7FFC00003C7FFC00009
:1089C0000783FFE0000783FFF0000F01FFF0001EA8
:1089D00000FFF8003C00FFF8003C007FFC0078003E
:1089E0007FFC00F0003FFE000000000000000000DF
:1089F0000000000000000000000000000000000077
:108A00000000000000000000000000000000000066
:108A10000000000000000000000000000000000056
:108A20000000000000000000000000000000000046
:108A30000000000000000000000000000000000036
:108A40000000000000000000000000000000000026
:108A50000000000000000000000000000000000016
:108A60000000000000000000000000000000000006
:108A700000000000000000000000000000000000F6
:108A800000000000000000000000000000000000E6
:108A900000000000000000000000000000000000D6
:108AA000000000000000FFF0003C00FFF0003C0070
:108AB0007FF80078007FF80078007FFC0070003FAE
:108AC000FC00F0003FFC00F0003FFE01E0001FFE54
:108AD00001E0001FFE01C0000FFF03C0000FFF03F5
:108AE00080000FFF07800007FF87800007FF8700D7
:108AF0000003FF8F000003FFCE000003FFCE000045
:108B000001FFFE000001FFFC000000FFFC00000070
:108B1000FFF8000000FFF80000007FF00000007F79
:108B2000F00000007FF00000003FE00000003FE0A8
:108B30000000001FC00000001FC00000001FC00098
:108B400000000F800000000F800000000700000000
:108B5000000F000000000E000000001E00000008D2
:108B60001E000000387C0000007FF80000003FF08D
:108B70000000001FE000000007800000000000006F
:108B800000000000000000000000000000000000E5
:108B900000000000000000000000000000000000D5
:108BA00000000000000000000000000000000000C5
:108BB00000000000000000000000000000000000B5
:108BC00000000000000000000000000000000000A5
:108BD0000000000000000000000000000000000095
:108BE0000000000000000000000000000000000085
:108BF0000000000000000000000000000000000075
:108C0000000000003FFFFFE0003FFFFFE0003FFFEC
:108C1000FFE0003FFFFFE0000001FFE0000003FF76
:108C2000E0000007FFC0000007FF8000000FFF808A
:108C300000000FFF0000001FFF0000003FFE0000CB
:108C4000003FFC0000007FFC0000007FF8000000F7
:108C5000FFF8000001FFF0000001FFE0000003FF4B
:108C6000E0000003FFC0000007FFC000000FFF800E
:108C700000000FFF0000001FFF0000001FFE0000AB
:108C8000003FFE0000007FFC0000007FFC000000B1
:108C90007FFFFFE0007FFFFFE0007FFFFFE0007F3E
:108CA000FFFFE000000000000000000000000000E6
:108CB00000000000000000000000000000000000B4
:108CC00000000000000000000000000000000000A4
:108CD0000000000000000000000000000000000094
:108CE0000000000000000000000000000000000084
:108CF0000000000000000000000000000000000074
:108D00000000000000000000000000000000000063
:108D10000000000000000000000000000000000053
:108D20000000000000000007FF8000001FFF80001F
:108D3000003FFF8000007FFF8000007FC000000038
:108D40007FC0000000FFC0000000FF80000000FFA7
:108D500080000000FF80000000FF80000000FF8016
:108D6000000000FF80000000FF80000000FF800086
:108D70000000FF80000000FF80000000FF80000076
:108D800000FF80000000FF80000000FF8000000066
:108D9000FF80000000FF80000000FF80000001FF56
:108DA00000000003FF00000007FE00000007FC00B9
:108DB000000007FC00000003FE00000001FF0000AF
:108DC0000000FF80000000FF80000000FF80000026
:108DD00000FF80000000FF80000000FF8000000016
:108DE000FF80000000FF80000000FF80000000FF07
:108DF00080000000FF80000000FF80000000FF8076
:108E0000000000FF80000000FF80000000FF8000E5
:108E10000000FF80000000FF80000000FFC0000095
:108E2000007FC00000007FF00000007FFF80000096
:108E30003FFF8000000FFF800000000000000000E6
:108E40000000000000000000000000000000000022
:108E50000000000000000000000000000000000012
:108E60000000000000000000000000000000000002
:108E700000000000000000000000000000000000F2
:108E800000000000FFF8000000FFF8000000FFF8FD
:108E9000000000FFF8000000FFF8000000FFF800ED
:108EA0000000FFF8000000FFF8000000FFF80000DD
:108EB00000FFF8000000FFF8000000FFF8000000CD
:108EC000FFF8000000FFF8000000FFF8000000FFBE
:108ED000F8000000FFF8000000FFF8000000FFF8B5
:108EE000000000FFF8000000FFF8000000FFF8009D
:108EF0000000FFF8000000FFF8000000FFF800008D
:108F000000FFF8000000FFF8000000FFF80000007C
:108F1000FFF8000000FFF8000000FFF8000000FF6D
:108F2000F8000000FFF8000000FFF8000000FFF864
:108F3000000000FFF8000000FFF8000000FFF8004C
:108F40000000FFF8000000FFF8000000FFF800003C
:108F500000FFF8000000FFF8000000FFF80000002C
:108F6000FFF8000000FFF8000000FFF8000000FF1D
:108F7000F8000000FFF8000000FFF8000000FFF814
:108F8000000000FFF8000000FFF8000000FFF800FC
:108F90000000FFF8000000000000000000000000DA
:108FA00000000000000000000000000000000000C1
:108FB00000000000000000000000000000000000B1
:108FC00000000000000000000000000000000000A1
:108FD0000000000000000000000000000000000091
:108FE000000003FFC0000003FFF0000003FFF800D3
:108FF00000001FFC00000007FC00000007FC000050
:109000000007FC00000007FC00000007FE00000055
:1090100007FE00000007FE00000007FE000000073A
:10902000FE00000007FE00000007FE00000007FE33
:1090300000000007FE00000007FE00000007FE0021
:10904000000007FE00000007FE00000007FE000011
:109050000007FE00000003FE00000003FE00000009
:1090600001FF00000000FF800000007FC000000042
:10907000FFC0000001FF80000001FF00000003FEB0
:1090800000000003FE00000007FE00000007FE00D5
:10909000000007FE00000007FE00000007FE0000C1
:1090A0000007FE00000007FE00000007FE000000B1
:1090B00007FE00000007FE00000007FE000000079A
:1090C000FE00000007FE00000007FE00000007FC95
:1090D00000000007FC00000007FC0000000FFC007F
:1090E00000001FF8000003FFF8000003FFF000007D
:1090F00003FF8000000000000000000000000000EE
:10910000000000000000000000000000000000005F
:10911000000000000000000000000000000000004F
:109120000000007000200003FF00700007FFE0F85F
:10913000000FFFFFFE001FFFFFFF003FFFFFFE00CD
:109140003FFFFFFE007FFFFFFE007FFFFFFC00FFF1
:10915000FFFFF8007FFFFFF8003FFFFFF0001F0751
:10916000FFE0000600FFC00000000F00000000004C
:1091700000000000000000000000000000000000EF
:1091800000000000000000000000000000000000DF
:1091900000000000000000000000000000000000CF
:1091A00000000000000000000000000000000000BF
:1091B00000000000000000000000000000000000AF
:1091C000000000000000000000000000000000009F
:1091D000000000000000000000000000000000008F
:1091E000000000000000000000000000000000007F
:1091F000000000000000000000000000000000006F
:10920000000000000000000000000000000000005E
:10921000000000000000000000000000000000004E
:10922000000000000000000000000000000000003E
:10923000000000000000000000000000000000002E
:10924000000000000000000000000000000000001E
:10925000000000000000000000000000000000000E
:1092600000000000000000000000000000000000FE
:1092700000000000000000000000000000000000EE
:1092800000000000000000000000000000000000DE
:1092900000000000000000000000000000000000CE
:1092A00000000000000000000000000000000000BE
:1092B00000000000000000000000000000000000AE
:1092C000000000000000000000000000000000009E
:1092D00003800003C00003C00003C00003C00003FC
:1092E000C000038000038000038000038000018031
:1092F00000000000000000018000038000018000E9
:10930000000000000000000000000000000000005D
:10931000000000000000000000000000000000004D
:10932000000000000000000000000000001E7000AF
:109330001E70000E70000C70000C70000C70000CA1
:1093400060000C2000000000000000000000000091
:10935000000000000000000000000000000000000D
:1093600000000000000000000000000000000000FD
:1093700000000000000000000000000000000630B7
:10938000000770000670000670000670000E700086
:109390003FFC003FFC003FFC000E70000E60000E22
:1093A00060003FF8007FFC003FF8000EE0000EE098
:1093B000000CE0000CE0000CE0000CC0000000001D
:1093C000000000000000000000000000000000009D
:1093D000000000000000000001800003800007C0C2
:1093E000000FF8001C38001818001C00001F0000B7
:1093F0001FE0000FF00001F800003800301C0038BA
:1094000018003C78003FF00037E000038000038044
:109410000003800001800000000000000000000048
:10942000000000000000000000000000000000003C
:1094300000000000000000000F00001F800019C0A5
:109440000030C00030C00019C0001FBC000FF80081
:109450001FE0003BF000031800031800031800038E
:10946000180003F00000E000000000000000000011
:1094700000000000000000000000000000000000EC
:1094800000000000000000000000000000000000DC
:10949000000000000001F00007F0000720000600B7
:1094A000000E00000700000700000780000FDC002E
:1094B0001FFC001CF8001CF8001C78000FFC0007C3
:1094C000FC000000000000000000000000000000A0
:1094D000000000000000000000000000000000008C
:1094E0000000000000000000000000000000000379
:1094F0008000038000038000038000018000018061
:109500000001800001800000000000000000000059
:10951000000000000000000000000000000000004B
:10952000000000000000000000000000000000003B
:10953000000000000000000000000000000000002B
:109540000000000000000030000078000070000003
:10955000F00000E00001E00001C00001C00001C017
:109560000001C00001C00001C00001C00001E00016
:1095700000E00000F0000070000078000030000003
:1095800000000000000000000000000000000000DB
:1095900000000000000000000000000000000000CB
:1095A0001C00001C00000E00000E00000700000759
:1095B0000000078000038000038000038000038018
:1095C000000380000780000700000700000E000075
:1095D0000E00001C00001C00000000000000000045
:1095E000000000000000000000000000000000007B
:1095F0000000000000000000000001800003800067
:109600000380003BB8003FF8001FF80007C00007C8
:10961000E0000FE0000E70000C7000000000000081
:10962000000000000000000000000000000000003A
:10963000000000000000000000000000000000002A
:10964000000000000000000000000000000000001A
:109650000000000000000000000001800003800006
:109660000380000380000380007FFC007FFE007FFA
:10967000FC00038000038000038000038000018061
:1096800000000000000000000000000000000000DA
:1096900000000000000000000000000000000000CA
:1096A00000000000000000000000000000000000BA
:1096B00000000000000000000000000000000000AA
:1096C000000000000000000000000000000000009A
:1096D000000001E00001C00003C00003800003009F
:1096E000000300000600000600000000000000006B
:1096F000000000000000000000000000000000006A
:109700000000000000000000000000000000000059
:10971000000000000000000000000000003FF80012
:109720003FF8003FF80000000000000000000000CB
:109730000000000000000000000000000000000029
:109740000000000000000000000000000000000019
:109750000000000000000000000000000000000009
:1097600000000000000000000000000000000000F9
:1097700000000000000000000000000000000000E9
:1097800000000000000000000003800003C0000390
:109790008000000000000000000000000000000049
:1097A00000000000000000000000000000000000B9
:1097B0000000000000000018000018000038000041
:1097C000380000700000700000E00000E00001C000
:1097D0000001C000038000038000070000070000B4
:1097E0000E00000E00001E00001C00003C000038AF
:1097F0000000380000000000000000000000000031
:109800000000000000000000000000000000000058
:1098100000000000000007C0000FF0001E70001CD8
:109820003800383800381800381C00381C00381C44
:1098300000381C003818003838001C38001E700032
:109840000FF00007C0000000000000000000000052
:109850000000000000000000000000000000000008
:1098600000000000000000000000000000000000F8
:109870000180001F80003F80003F800003800003C4
:1098800080000380000380000380000380000380C9
:10989000000380000380000380003FF8003FF800D1
:1098A00000000000000000000000000000000000B8
:1098B00000000000000000000000000000000000A8
:1098C0000000000000000000000007C0000FF000D2
:1098D0001C78003838003838003038000038000074
:1098E000780001F00003E00007C0000F80001E00B8
:1098F000003C00007FF8007FF8000000000000003E
:109900000000000000000000000000000000000057
:109910000000000000000000000000000000000047
:109920000000000007E0001FF0003C38001838007D
:1099300000380000780003F00003F0000078000019
:109940003C00001C00001C00001C003038003FF0F0
:10995000001FE00000000000000000000000000008
:1099600000000000000000000000000000000000F7
:10997000000000000000000000000000000000F0F7
:109980000001F00001F00003F00007F00007700094
:109990000E70000E70001C70003C70003FF8003F1D
:1099A000F80000700000700003F80003F8000000E9
:1099B00000000000000000000000000000000000A7
:1099C0000000000000000000000000000000000097
:1099D00000000000000000001FF8001FF8001C003D
:1099E000001C00001C00001FE0001FF0001E3800DB
:1099F000181C00001C00001C00001C00001C00388B
:109A000038003FF0001FE0000000000000000000F0
:109A10000000000000000000000000000000000046
:109A20000000000000000000000000000000000036
:109A3000000000F80003FC00078C000F00000E007F
:109A4000001C00001FE0001FF8001F38001E1C0053
:109A50001C1C001C1C001C1C000E3C0007F8000312
:109A6000F000000000000000000000000000000006
:109A700000000000000000000000000000000000E6
:109A80000000000000000000000000003FF8003F60
:109A9000F8003838003038000038000070000070DE
:109AA0000000700000E00000E00000E00001C000E5
:109AB00001C00001C0000380000180000000000020
:109AC0000000000000000000000000000000000096
:109AD0000000000000000000000000000000000086
:109AE00000000000000007E0000FF0001C780038C4
:109AF00038003838003838001C78000FF0001FF0AC
:109B0000001C7800383800381C003818001C380059
:109B10001FF00007E000000000000000000000004F
:109B20000000000000000000000000000000000035
:109B30000000000000000000000000000000000025
:109B400007E0000FF0001E78001C38001C1C001CF1
:109B50001C001C3C001E7C000FFC0003FC00001CD1
:109B60000000380000780018F0001FE0001F80009F
:109B700000000000000000000000000000000000E5
:109B800000000000000000000000000000000000D5
:109B900000000000000000000000000000000000C5
:109BA00000000000000003800003C00003800000EC
:109BB00000000000000000000000000000000000A5
:109BC0000003800003C000038000000000000000CC
:109BD0000000000000000000000000000000000085
:109BE0000000000000000000000000000000000075
:109BF0000000000000000000000000000000000065
:109C000001E00001E00001E00000000000000000B1
:109C1000000000000000000001C00003C00003803D
:109C20000003000003000006000006000000000022
:109C30000000000000000000000000000000000024
:109C40000000000000000000000000000000000014
:109C500000000C00003E0000FC0001F00007E000E6
:109C60001F80007E0000FC00007E00001F800007B7
:109C7000E00001F00000FC00003E00000C000000CD
:109C800000000000000000000000000000000000D4
:109C900000000000000000000000000000000000C4
:109CA00000000000000000000000000000000000B4
:109CB000000000000000007FFE00FFFE007FFE00AD
:109CC0000000000000007FFE00FFFE007FFE00009D
:109CD0000000000000000000000000000000000084
:109CE0000000000000000000000000000000000074
:109CF0000000000000000000000000000000000064
:109D000000000000007000007C00003E00001F808A
:109D10000007E00001F800007C00003F00007C002C
:109D200001F80007E0001F80003E00007C0000708A
:109D30000000000000000000000000000000000023
:109D40000000000000000000000000000000000013
:109D500000000000000000000000000000000007FC
:109D6000E0001FF0001C3800181800181C00003814
:109D70000000F80003F00003C000018000000000B4
:109D800000000003800003C000038000000000000A
:109D900000000000000000000000000000000000C3
:109DA00000000000000000000000000000000000B3
:109DB00000000000000007C0000FE0001C70001849
:109DC000300018300038F00031F00033B00033308C
:109DD0000033300033B00031F80038F800180000CC
:109DE0001800001C30000FF00007E0000000000029
:109DF0000000000000000000000000000000000063
:109E00000000000000000000000000000000000052
:109E10000000003FC0003FC00007C00007E0000E88
:109E2000E0000E70000E70001C70001C38003FF83F
:109E3000003FFC00381C00701C00FC7F00FC7F0011
:109E40000000000000000000000000000000000012
:109E50000000000000000000000000000000000002
:109E600000000000000000000000000000FFE00013
:109E7000FFF800383800381C00381C00383C003F20
:109E8000F8003FFC00383C00380E00380E00380E59
:109E900000381E00FFFC00FFF8000000000000007A
:109EA00000000000000000000000000000000000B2
:109EB00000000000000000000000000000000000A2
:109EC0000000000000000007EC001FFC003C3C000C
:109ED000381C00700C0070000070000070000070F2
:109EE0000000700000700400380E003C1C001FF8D9
:109EF0000007F0000000000000000000000000006B
:109F00000000000000000000000000000000000051
:109F10000000000000000000000000000000000041
:109F200000FFC000FFF000387800383800381C000F
:109F3000381C00380C00380C00380C00380C003885
:109F40001C00381C00387800FFF000FFE000000023
:109F50000000000000000000000000000000000001
:109F600000000000000000000000000000000000F1
:109F70000000000000000000000000FFFC00FFFCEB
:109F800000381C00381C0038DC0039C0003FC0001D
:109F90003FC00039C00038C000380C00380C003811
:109FA0000C00FFFC00FFFC000000000000000000AF
:109FB00000000000000000000000000000000000A1
:109FC0000000000000000000000000000000000091
:109FD00000000000007FFE007FFE001C06001C0643
:109FE000001C66001CE0001FE0001FE0001CE000F9
:109FF0001C60001C00001C00001C00007FC0007FD3
:10A00000C000000000000000000000000000000090
:10A010000000000000000000000000000000000040
:10A020000000000000000000000000000000000729
:10A03000EC001FFC003C3C00380C00700C00700071
:10A040000070000071FE0071FE00700C00700C00CA
:10A05000701C003C3C001FFC0007F00000000000EA
:10A0600000000000000000000000000000000000F0
:10A0700000000000000000000000000000000000E0
:10A080000000000000000000007E7E007E7E0038A0
:10A0900018003818003818003818003FF8003FF84A
:10A0A0000038180038180038180038180038180020
:10A0B0007E7E007E7E0000000000000000000000A8
:10A0C0000000000000000000000000000000000090
:10A0D0000000000000000000000000000000000080
:10A0E0000000003FF8003FF80003800003800003F9
:10A0F0008000038000038000038000038000038051
:10A10000000380000380000380003FF8003FF80058
:10A11000000000000000000000000000000000003F
:10A12000000000000000000000000000000000002F
:10A130000000000000000000000000000007FF0019
:10A1400007FF000038000038000038000038000029
:10A15000380000380030380070380070380070382F
:10A16000007870007FE0000FC000000000000000D9
:10A1700000000000000000000000000000000000DF
:10A1800000000000000000000000000000000000CF
:10A1900000000000000000FF7E00FF7E0038780015
:10A1A00038F00039E0003BC0003F80003FC0003F76
:10A1B000E00038F000387000383800383800FF1FF1
:10A1C00000FF1F0000000000000000000000000071
:10A1D000000000000000000000000000000000007F
:10A1E000000000000000000000000000000000006F
:10A1F000007FC0007FC0000E00000E00000E0000B7
:10A200000E00000E00000E00000E00000E06000EF4
:10A210000E000E0E000E0E007FFE007FFE000000FE
:10A22000000000000000000000000000000000002E
:10A23000000000000000000000000000000000001E
:10A240000000000000000000000000F81F00F81FE0
:10A25000007C3E007C3E007C7E007E7E007EEE0028
:10A2600077EE0077EE0073CE0073CE00718E007033
:10A270000E00FC7F00FC7F000000000000000000DA
:10A2800000000000000000000000000000000000CE
:10A2900000000000000000000000000000000000BE
:10A2A0000000000000F87E00FC7E003C1C003E1C0C
:10A2B000003F1C003F1C003B9C003BDC0039DC00E5
:10A2C00038FC0038FC00387C00387C00FE3C00FE86
:10A2D0001C00000000000000000000000000000062
:10A2E000000000000000000000000000000000006E
:10A2F0000000000000000000000000000000000757
:10A30000E0001FF0003C7800381C00700E00700E5A
:10A3100000600E00E00E00600E00700E00700E0077
:10A32000381C003C78001FF00007E000000000002F
:10A33000000000000000000000000000000000001D
:10A34000000000000000000000000000000000000D
:10A350000000000000000000003FF0003FFC000C87
:10A360001C000C0E000C0E000C0E000C0E000C3C21
:10A37000000FF8000FF0000C00000C00000C0000B3
:10A380003FE0003FE000000000000000000000008F
:10A3900000000000000000000000000000000000BD
:10A3A00000000000000000000000000000000000AD
:10A3B00000000007E0001FF0003C7800381C00702F
:10A3C0000E00700E00600E00E00E00E00E00700E39
:10A3D00000700E00781C003C78001FF0000FE000B9
:10A3E0000FE6001FFE001C3C000000000000000003
:10A3F000000000000000000000000000000000005D
:10A4000000000000000000000000000000FFE0006D
:10A41000FFF800383800381C00381C00381C0038A1
:10A4200078003FF0003FE00038F00038780038381E
:10A4300000381C00FF0F00FF0F00000000000000AC
:10A44000000000000000000000000000000000000C
:10A4500000000000000000000000000000000000FC
:10A460000000000000000007D8001FFC001C3C009A
:10A47000381C003818003C00001FC0000FF000031B
:10A48000F800003C00301C00301C003C3C003FF851
:10A490000037E000000000000000000000000000A5
:10A4A00000000000000000000000000000000000AC
:10A4B000000000000000000000000000000000009C
:10A4C000007FFE007FFE00738E00738E00738E008F
:10A4D000638C00038000038000038000038000037E
:10A4E00080000380000380001FF8001FF8000000B8
:10A4F000000000000000000000000000000000005C
:10A50000000000000000000000000000000000004B
:10A510000000000000000000000000FE7E00FE7E43
:10A5200000381C00381C00381C00381C00381C0087
:10A53000381C00381C00381C00381C003818001C5F
:10A5400078000FF00007C0000000000000000000CD
:10A5500000000000000000000000000000000000FB
:10A5600000000000000000000000000000000000EB
:10A570000000000000FC7F00FC7F00701C00381C05
:10A58000003838001C38001C38001C70000E7000A9
:10A590000EE00007E00007E00007C00003C0000372
:10A5A000800000000000000000000000000000002B
:10A5B000000000000000000000000000000000009B
:10A5C000000000000000000000000000000000FE8D
:10A5D0007F00FE7F00700E00700E00738C0073CC45
:10A5E0000077DC0077FC003FFC003EFC003E7C0076
:10A5F0003E7C003C7C003C38003C38000000000001
:10A60000000000000000000000000000000000004A
:10A61000000000000000000000000000000000003A
:10A620000000000000000000007C7E007C7E003CFA
:10A6300038001E78000EF00007E00007C00003C0DD
:10A640000007C0000FE0000EF0001C78003C3C004A
:10A65000FE7E00FE7E000000000000000000000002
:10A6600000000000000000000000000000000000EA
:10A6700000000000000000000000000000000000DA
:10A680000000007C7E007C7E003C38001C78000EC0
:10A6900070000FE00007E00003C0000380000380AB
:10A6A000000380000380000380001FF8001FF800F3
:10A6B000000000000000000000000000000000009A
:10A6C000000000000000000000000000000000008A
:10A6D000000000000000000000000000003FF80043
:10A6E0003FF80038780038700038F00019E00001B9
:10A6F000C0000380000780000F1C000E1C001C1C03
:10A70000003C1C003FFC003FFC000000000000007B
:10A710000000000000000000000000000000000039
:10A720000000000000000000000000000000000029
:10A730000000000003F00003F0000380000380002D
:10A740000380000380000380000380000380000377
:10A7500080000380000380000380000380000380EA
:10A760000003800003800003F00003F000000000FD
:10A7700000000000000000000000000000000000D9
:10A7800000000000000000003800003800003C001D
:10A79000001C00001E00000E00000E00000700005C
:10A7A00007000003800003800001C00001C000001A
:10A7B000E00000E000007000007000003800003889
:10A7C0000000380000180000000000000000000039
:10A7D0000000000000000000000000000000000079
:10A7E00000000000000000001F80001F80000380A8
:10A7F00000038000038000038000038000038000CA
:10A8000003800003800003800003800003800003B6
:10A8100080000380000380000380001F80001F80F1
:10A820000000000000000000000000000000000028
:10A830000000000000000000000000000000000117
:10A84000000003800007C00007E0000EF0001C7845
:10A850000038380030180000000000000000000040
:10A8600000000000000000000000000000000000E8
:10A8700000000000000000000000000000000000D8
:10A8800000000000000000000000000000000000C8
:10A8900000000000000000000000000000000000B8
:10A8A00000000000000000000000000000000000A8
:10A8B0000000000000000000000000000000000098
:10A8C0000000000000000000000000000000000088
:10A8D0000000000000000000000000FFFF00FFFF7C
:10A8E00002FFFF0000000000000000000000000068
:10A8F00000000006000003800001C00000C000004E
:10A900000000000000000000000000000000000047
:10A910000000000000000000000000000000000037
:10A920000000000000000000000000000000000027
:10A930000000000000000000000000000000000017
:10A940000000000000000000000000000000000007
:10A950000000000000000000000000000FE0003FC9
:10A96000F0001C70000038000038000FF8003FF8BD
:10A970000078380070380070F8003FFE001FBE00FD
:10A9800000000000000000000000000000000000C7
:10A9900000000000000000000000000000000000B7
:10A9A00000000000000000000000F80000F80000B7
:10A9B0003800003800003FE0003FF8003E3C003C1B
:10A9C0001C00380E00380E00380E00380E00380E0D
:10A9D000003C3C00FFF800FBE0000000000000002D
:10A9E0000000000000000000000000000000000067
:10A9F0000000000000000000000000000000000057
:10AA00000000000000000000000000000000000046
:10AA100007EC000FFC001C3C00381C00300C0070E0
:10AA200000007000007000003806003C1E001FFC93
:10AA30000007F0000000000000000000000000001F
:10AA40000000000000000000000000000000000006
:10AA50000000000000000000000000000000007C7A
:10AA600000007C00001C00001C000FDC001FFC002C
:10AA70003C7C00703C00701C00701C00701C00705E
:10AA80001C00703C00387C001FFF000FDF0000003E
:10AA900000000000000000000000000000000000B6
:10AAA00000000000000000000000000000000000A6
:10AAB0000000000000000000000000000000000096
:10AAC0000000000007E0001FF0003C7800783C0028
:10AAD000701C007FFC007FFC007000007800003CD0
:10AAE0003C001FFC0007F800000000000000000010
:10AAF0000000000000000000000000000000000056
:10AB00000000000000000000000000000000000045
:10AB1000000001FC0003FE00078E00070000070094
:10AB2000003FF8003FF800070000070000070000A2
:10AB30000700000700000700000700003FF8003F83
:10AB4000F80000000000000000000000000000000D
:10AB500000000000000000000000000000000000F5
:10AB600000000000000000000000000000000000E5
:10AB700000000000000000000FFE001FFE003C78F7
:10AB800000703800703800701800701800703800BD
:10AB90007038003C78001FF8000FF8000018000023
:10ABA00038000038000FF0000FE000000000000047
:10ABB0000000000000000000000000000000000095
:10ABC000000000000000F80000F800003800003825
:10ABD00000003BE0003FF0003E38003C38003818F1
:10ABE00000381800381800381800381800381800D5
:10ABF0007E7E007E7E00000000000000000000005D
:10AC00000000000000000000000000000000000044
:10AC10000000000000000000000000000000000034
:10AC20000380000380000380000000001F80001FDD
:10AC30008000038000038000038000038000038005
:10AC4000000380000380000380003FFC003FFC0005
:10AC500000000000000000000000000000000000F4
:10AC600000000000000000000000000000000000E4
:10AC70000000000000000000000001E00001E00012
:10AC800001E0000000003FF0003FF0000070000015
:10AC90007000007000007000007000007000007014
:10ACA0000000700000700000700000700000700074
:10ACB00000E0003FE0003F800000000000000000D6
:10ACC0000000000000000000000000000000000084
:10ACD000000000007C00007C00001C00001C000044
:10ACE0001CFC001DFC001DE0001FC0001F80001F99
:10ACF00080001F80001FC0001CE0001C70007CFE54
:10AD0000007C7E0000000000000000000000000049
:10AD10000000000000000000000000000000000033
:10AD200000000000000000000000000000001F8084
:10AD3000001F800003800003800003800003800068
:10AD40000380000380000380000380000380000371
:10AD500080000380000380003FFC003FFC000000F7
:10AD600000000000000000000000000000000000E3
:10AD700000000000000000000000000000000000D3
:10AD800000000000000000000000000000000000C3
:10AD900000000000FFF800FFFC007BCE00718E0079
:10ADA000718E00718E00718E00718E00718E007137
:10ADB0008E00F9EF00F9EF00000000000000000035
:10ADC0000000000000000000000000000000000083
:10ADD0000000000000000000000000000000000073
:10ADE00000000000000000000000000000007BE008
:10ADF000007FF0003E38003C18003818003818007A
:10AE00003818003818003818003818007E7E007E88
:10AE10007E000000000000000000000000000000B4
:10AE20000000000000000000000000000000000022
:10AE30000000000000000000000000000000000012
:10AE4000000000000000000007E0001FF0003C3898
:10AE500000381C00701C00700E00700E00700C009A
:10AE6000381C003C38001FF00007E0000000000024
:10AE700000000000000000000000000000000000D2
:10AE800000000000000000000000000000000000C2
:10AE900000000000000000000000000000000000B2
:10AEA0000000FBE000FFF8003E3C003C1C00380EB8
:10AEB00000380E00380E00380E003C1C003E3C00EE
:10AEC0003FF8003BE000380000380000380000FF89
:10AED0000000FF0000000000000000000000000073
:10AEE0000000000000000000000000000000000062
:10AEF00000000000000000000000000007DF001F4D
:10AF0000FF003C7C00783C00701C00701C00701C32
:10AF100000701C00783C003C7C001FFC0007DC003B
:10AF2000001C00001C00001C0000FF0000FF0000CF
:10AF30000000000000000000000000000000000011
:10AF40000000000000000000000000000000000001
:10AF50000000000000003E78003FFE0007EE000702
:10AF6000860007000006000006000006000006003C
:10AF7000000600007FF8007FF800000000000000DD
:10AF800000000000000000000000000000000000C1
:10AF900000000000000000000000000000000000B1
:10AFA00000000000000000000000000000000000A1
:10AFB00007F8001FF8001C38003818003FC0001FB9
:10AFC000F0000FF800007C00301C003C3C003FF813
:10AFD000003FE00000000000000000000000000052
:10AFE0000000000000000000000000000000000061
:10AFF000000000000000000000000000000006004B
:10B00000000E00000E00000E00003FFC003FFC00A0
:10B010000E00000E00000E00000E00000E00000EDC
:10B0200000000E0000070E0007FE0001F8000000FF
:10B030000000000000000000000000000000000010
:10B040000000000000000000000000000000000000
:10B0500000000000000000000000000000000000F0
:10B0600000000000F8F800F8F80038180038180060
:10B070003818003818003818003818001838001C24
:10B0800078001FFE000FDE0000000000000000003E
:10B0900000000000000000000000000000000000B0
:10B0A00000000000000000000000000000000000A0
:10B0B0000000000000000000000000000000FE7F13
:10B0C00000FE7F003838001C38001C78000E70002D
:10B0D0000E70000EE00007E00007C00003C0000390
:10B0E00080000000000000000000000000000000E0
:10B0F0000000000000000000000000000000000050
:10B10000000000000000000000000000000000003F
:10B110000000000000000000FC3F00FC3F00701C2D
:10B1200000301C003B9C003BDC003FD8003FF80097
:10B130001FF8001EF8001E78001C700000000000C0
:10B1400000000000000000000000000000000000FF
:10B1500000000000000000000000000000000000EF
:10B1600000000000000000000000000000000000DF
:10B1700000007E7C007E7C001E78000FF00007E05F
:10B180000007C00007E0000FE0001EF0003C780060
:10B190007E7E007E7E0000000000000000000000B7
:10B1A000000000000000000000000000000000009F
:10B1B000000000000000000000000000000000008F
:10B1C0000000000000000000000000007C7E007C09
:10B1D0007E00381C003C38001C38001C70000E70CB
:10B1E000000EE00007E00007C00003C00003C0003D
:10B1F0000380000780000700007FC0007FC00000C0
:10B20000000000000000000000000000000000003E
:10B21000000000000000000000000000000000002E
:10B220000000000000003FF8003FF80038780018E8
:10B23000F00001E00003C00007C0000F80001F18ED
:10B24000003E1C003FFC003FFC000000000000002E
:10B2500000000000000000000000000000000000EE
:10B2600000000000000000000000000000000000DE
:10B270000000000000E00001E00001E000038000A9
:10B280000380000380000380000380000780000F1C
:10B29000800007800003800003800003800003809B
:10B2A0000003800001E00001E00000E00000000079
:10B2B000000000000000000000000000000000008E
:10B2C00000000000000000000000000000000180FD
:10B2D00000038000038000038000038000038000DF
:10B2E00003800003800003800003800003800003CC
:10B2F000800003800003800003800003800003803F
:10B300000003800001800000000000000000000039
:10B31000000000000000000000000000000000002D
:10B3200000000000000000000700000F8000078000
:10B33000000380000380000380000380000380007E
:10B3400003E00001E00003E000038000038000034D
:10B3500080000380000380000780000F800007004A
:10B3600000000000000000000000000000000000DD
:10B3700000000000000000000000000000000000CD
:10B3800000000000000000000000000000000000BD
:10B39000000000000F0C001F9C003FFC003BF80069
:10B3A00030F000000000000000000000000000007D
:10B3B000000000000000000000000000000000008D
:10B3C0000000000000000000000000002020466196
:10B3D000696C2020203A206163695F676174745F43
:10B3E000636F6E6669726D5F696E646963617469CB
:10B3F0006F6E20636F6D6D616E642C207265737566
:10B400006C743A2030782578200A0000202053758B
:10B4100063636573733A206163695F676174745F26
:10B42000636F6E6669726D5F696E6469636174698A
:10B430006F6E20636F6D6D616E640A00202046613F
:10B44000696C2020203A206163695F676174745FD2
:10B450007372765F6164645F736572766963652099
:10B46000636F6D6D616E643A204449532C206572A0
:10B47000726F7220636F64653A2030782578200AF5
:10B48000000000002020537563636573733A2061E8
:10B4900063695F676174745F7372765F6164645F30
:10B4A0007365727669636520636F6D6D616E643A72
:10B4B00020444953200A000020204661696C207214
:10B4C00065676973746572696E67204449532068C3
:10B4D000616E646C6572730A000000000210040063
:10B4E000FB349B5F8000008000100000502A0000A9
:10B4F000100000000000000000000000A802002072
:10B50000FB349B5F80000080001000000A180000E0
:10B51000100000000100000000000000000000001A
:10B5200001000000DCB404105772697465206F6E6E
:10B53000204543500A0000004143495F47415454AD
:10B540005F5352565F4154545249425554455F4DE2
:10B550004F4449464945445F56534556545F434F0F
:10B5600044452045534C5F534552564943455F433C
:10B570004F4E54524F4C5F504F494E545F4E4F54B4
:10B580004946595F44495341424C45445F455654EE
:10B590000A0000004143495F474154545F535256EB
:10B5A0005F4154545249425554455F4D4F444946BA
:10B5B0004945445F56534556545F434F44452045E3
:10B5C000534C5F534552564943455F434F4E545287
:10B5D0004F4C5F504F494E545F4E4F544946595F50
:10B5E000454E41424C45445F4556540A0000000018
:10B5F0002A2A2A2045534C5F616464726573733A4A
:10B60000203078253034580A0000000020204661A0
:10B61000696C2020203A206163695F676174745F00
:10B62000636F6E6669726D5F696E64696361746988
:10B630006F6E20636F6D6D616E642C207265737523
:10B640006C743A2030782578200A00002020537549
:10B6500063636573733A206163695F676174745FE4
:10B66000636F6E6669726D5F696E64696361746948
:10B670006F6E20636F6D6D616E640A002020424C16
:10B68000454556545F5265676973746572476174C6
:10B690007445767448616E646C6572207265743AA4
:10B6A0002030782578200A0020204661696C20200F
:10B6B000203A206163695F676174745F7372765FBB
:10B6C0006164645F7365727669636520636F6D6D35
:10B6D000616E643A2045534C2C206572726F722063
:10B6E000636F64653A2030782578200A00000000F6
:10B6F0002020537563636573733A206163695F67E4
:10B700006174745F7372765F6164645F736572768F
:10B7100069636520636F6D6D616E643A2045534CBB
:10B72000200A000020204661696C2020203A206118
:10B7300063695F676174745F7372765F6E6F74695B
:10B74000667920434F4E54524F4C5F504F494E54F0
:10B7500020636F6D6D616E642C206572726F722054
:10B76000636F64653A203078253032580A00000053
:10B770002020537563636573733A206163695F6763
:10B780006174745F7372765F6E6F7469667920435B
:10B790004F4E54524F4C5F504F494E5420636F6D83
:10B7A0006D616E640A0000000100000002000000EC
:10B7B000BE17002008102000FB349B5F8000008033
:10B7C00000100000F62B0000100000000000000038
:10B7D000000000000000000008102000FB349B5F08
:10B7E0008000008000100000F72B00001000000017
:10B7F0000000000000000000000000000810200011
:10B80000FB349B5F8000008000100000F82B0000DC
:10B810001000000000000000000000000000000018
:10B8200008102000FB349B5F8000008000100000A7
:10B83000F92B0000100000000000000000000000D4
:10B84000000000001C102000FB349B5F8000008083
:10B8500000100000FE2B000010000000010000009E
:10B860006C0300208803002002100400FB349B5F5F
:10B870008000008000100000FA2B00001000000083
:10B8800000000000000000000000000002100400A2
:10B89000FB349B5F8000008000100000FB2B000049
:10B8A0001000000000000000000000000000000088
:10B8B00002100400FB349B5F800000800010000039
:10B8C000FC2B000010000000000000000000000041
:10B8D0000000000002100400FB349B5F8000008029
:10B8E00000100000FD2B0000100000000000000010
:10B8F0000000000000000000FB349B5F800000801F
:10B9000000100000571800001000000001000000A7
:10B91000000000000000000009000000B4B704109F
:10B9200045534C5F534552564943455F434F4E5430
:10B93000524F4C5F504F494E545F4E4F54494659F9
:10B940005F454E41424C45445F4556540A00000055
:10B9500045534C5F534552564943455F434F4E5400
:10B96000524F4C5F504F494E545F4E4F54494659C9
:10B970005F44495341424C45445F4556540A0000D8
:10B980002A2A2A20556E6173736F63696174656436
:10B990002053746174650A006863695F6C655F7346
:10B9A00065745F64656661756C745F706572696FFC
:10B9B0006469635F6164766572746973696E675FF9
:10B9C00073796E635F7472616E736665725F7061C6
:10B9D00072616D65746572733A000000206661697A
:10B9E0006C2028307825303278290A00207375635E
:10B9F000636573730A0000002A2A2A20436F6E666B
:10BA000069677572696E672053746174650A000016
:10BA10002A2A2A20556E6173736F636961746564A5
:10BA20002073746174652066726F6D20436F6E665B
:10BA300069677572696E6720737461746520666FDB
:10BA400072206C696E6B206C6F7373200A000000AB
:10BA50002A2A2A20556E73796E6368726F6E697A2E
:10BA600065642073746174652066726F6D20436F26
:10BA70006E6669677572696E67207374617465209C
:10BA8000666F72206C696E6B206C6F7373200A0096
:10BA90002A2A2A20556E73796E6368726F6E697AEE
:10BAA00065642073746174652066726F6D205570D3
:10BAB000646174696E6720737461746520666F7267
:10BAC000206C696E6B206C6F7373200A000000009D
:10BAD0002A2A2A20556E73796E6368726F6E697AAE
:10BAE000656420737461746520666F722073796E6B
:10BAF00063206C6F73740A002A2A2A2045534C5F16
:10BB00004150505F436F6E746578742E61705F733F
:10BB1000796E635F6B65795F6D6174657269616C85
:10BB20003A200A0025303258000000000A2A2A2A4A
:10BB30002049563A200A00002A2A2A2045534C5F01
:10BB40004150505F436F6E746578742E65736C5FFF
:10BB5000726573705F6B65795F6D61746572696141
:10BB60006C3A200A000000002A2A2A20534554205B
:10BB700043757272656E7441627354696D653A20E3
:10BB800025640A006863695F6C655F7365745F7044
:10BB90006572696F6469635F73796E635F73756201
:10BBA0006576656E743A00006863695F6C655F7303
:10BBB00065745F706572696F6469635F61647665FF
:10BBC00072746973696E675F726563656976655FD4
:10BBD000656E61626C653A002A2A2A2053796E6389
:10BBE00068726F6E697A65642053746174650A00C7
:10BBF0006163695F6761705F7465726D696E6174BE
:10BC000065206661696C7572653A20726561736F53
:10BC10006E3D3078253032580A0000003D3D3E3EF2
:10BC2000206163695F6761705F7465726D696E61E1
:10BC30007465203A20537563636573732028424C02
:10BC4000455F4552524F525F5445524D494E415403
:10BC500045445F52454D4F54455F55534552290A5F
:10BC60000000000044656372797074696F6E20662D
:10BC700061696C2E0A000000456E64206F662045E5
:10BC8000534C5F4150505F4164765061796C6F61F5
:10BC90006452656365697665640A000050494E47E1
:10BCA00020636F6D6D616E64205B6F70636F6465A0
:10BCB0003A203078253032785D200A004C45442007
:10BCC000434F4E54524F4C20636F6D6D616E642034
:10BCD0005B6F70636F64653A203078253032785D31
:10BCE000200A0000524541442053454E534F5220F4
:10BCF0004441544120636F6D6D616E64205B6F70D1
:10BD0000636F64653A203078253032785D200A0010
:10BD10005458542056454E444F5220636F6D6D6108
:10BD20006E64205B6F70636F64653A2030782530F5
:10BD300032785D200A0000005052494345205645A4
:10BD40004E444F5220636F6D6D616E64205B6F7067
:10BD5000636F64653A203078253032785D200A00C0
:10BD600055504441544520434F4D504C4554452077
:10BD7000636F6D6D616E64205B6F70636F64653AB5
:10BD8000203078253032785D200A0000554E41532E
:10BD9000534F43494154452046524F4D2041502076
:10BDA000636F6D6D616E64205B6F70636F64653A85
:10BDB000203078253032785D200A000053455256F5
:10BDC00049434520524553455420636F6D6D616E64
:10BDD00064205B6F70636F64653A20307825303281
:10BDE000785D200A00000000464143544F5259201C
:10BDF000524553455420636F6D6D616E64205B6FD7
:10BE000070636F64653A203078253032785D200A9F
:10BE100000000000444953504C415920494D4147CE
:10BE20004520636F6D6D616E64205B6F70636F643E
:10BE3000653A203078253032785D200A0000000015
:10BE40005245465245534820444953504C4159208D
:10BE5000636F6D6D616E64205B6F70636F64653AD4
:10BE6000203078253032785D200A00004449535054
:10BE70004C41592054494D454420494D41474520A6
:10BE8000636F6D6D616E64205B6F70636F64653AA4
:10BE9000203078253032785D200A00004C4544205F
:10BEA00054494D454420434F4E54524F4C20636FEC
:10BEB0006D6D616E64205B6F70636F64653A2030F6
:10BEC00078253032785D200A000000006C6C5F73CA
:10BED00065745F706572696F6469635F61647665DC
:10BEE00072746973696E675F726573706F6E736584
:10BEF0005F646174615F707472206661696C7572F1
:10BF0000653A20726561736F6E3D30782530325826
:10BF10002C2053796E635F48616E646C65203078C5
:10BF2000253034582C20526571756573745F4576E1
:10BF3000656E742025642C205375626576656E7479
:10BF40002025642C20526573706F6E73655F536C8F
:10BF50006F742025640A00003D3D3E3E206C6C5FFE
:10BF60007365745F706572696F6469635F6164763D
:10BF70006572746973696E675F726573706F6E73F3
:10BF8000655F646174615F707472203A20537563F9
:10BF9000636573730A000000524553504F4E53457A
:10BFA000206F70636F64653A2030782530327820D6
:10BFB0000A000000556E73796E6368726F6E697A5D
:10BFC000656420737461746520666F722074696D96
:10BFD000656F75740A0000002A2A2A20556E737353
:10BFE0006F63696174656420737461746520666F42
:10BFF000722074696D656F75740A00002A2A2A2000
:10C000005570646174696E6720737461746520741F
:10C0100072616E736974696F6E2066726F6D205302
:10C02000796E6368726F6E697A6564207374617487
:10C03000650A00002A2A2A205570646174696E67B7
:10C04000207374617465207472616E736974696FB2
:10C050006E2066726F6D20556E73796E6368726FB5
:10C060006E697A65642073746174650A000000006B
:10C070002A2A2A20556E6173736F6369617465643F
:10C0800020737461746520627920636F6D6D616ED9
:10C0900064732028556E6173736F6369617465649E
:10C0A0002066726F6D204150206F7220466163746C
:10C0B0006F727920526573657429200A00000000B0
:10C0C00048454C50000000004C697374206F662096
:10C0D000636F6D6D616E64732075736566756C6CEE
:10C0E00020666F722074657374733A200A00000032
:10C0F00020202D2041425354494D453A2047657434
:10C100002043757272656E74204162736F6C757432
:10C11000652054696D650A0020202D205352564E2B
:10C1200045454445443A2053657420536572766909
:10C130006365204E65656465642062697420746F70
:10C140002054727565200A0020202D20554E535929
:10C150004E433A20536574205468652045534C2063
:10C16000737461746520746F20556E73796E6368A3
:10C17000726F6E697A6564200A00000020202D200D
:10C180004E4F444953504C41593A20456163682011
:10C19000646973706C6179206973206E6F742064B8
:10C1A0006973706C6179696E6720616E20696D6179
:10C1B0006765200A0000000041425354494D450084
:10C1C0002D2D3E204765742043757272656E742074
:10C1D0004162736F6C7574652054696D653A2025F2
:10C1E000640A00005352564E454544454400000041
:10C1F0002D2D3E205365742053657276696365204A
:10C200004E65656465642062697420746F205472A1
:10C2100075650A00554E53594E4300002D2D3E20A2
:10C22000536574205468652045534C2073746174C1
:10C230006520746F20556E73796E6368726F6E69D6
:10C240007A65640A000000004E4F444953504C4147
:10C25000590000002D2D3E204561636820646973FC
:10C26000706C6179206973206E6F742064697370DB
:10C270006C6179696E6720616E20696D6167652008
:10C280000A0000004F4B0D0A000000004552524FBB
:10C29000520D0A004C454420496E6465783A2030BE
:10C2A0007825303278200A004C454420436F6D7069
:10C2B0006F6E656E743A20307825303278205B429C
:10C2C00072696768746E6573733A2025645D0A004D
:10C2D0004C454420466C617368696E6720506174F8
:10C2E0007465726E3A203078253032782530327895
:10C2F000253032782530327825303278200A000017
:10C300004C454420466C617368696E6720506174C7
:10C310007465726E204F464620506572696F643AAC
:10C3200020307825303278200A0000004C45442027
:10C33000466C617368696E67205061747465726ED3
:10C34000204F4E20506572696F643A202030782566
:10C35000303278200A0000004C4544205265706558
:10C360006174733A2020307825303478205B526530
:10C370007065617420747970653A202564202D20E1
:10C38000526570656174206475726174696F6E3A8C
:10C39000203078253034785D0A0000004C45442078
:10C3A0004F46460A000000004C4544204F4E0A000C
:10C3B000446973706C617920496E6465783A202510
:10C3C00064202D20496D61676520496E6465783A67
:10C3D0002025640A0000000053656E736F7220729E
:10C3E0006561642074696D656F75740A00000000F2
:10C3F0002A2A2A204745542043757272656E74417B
:10C40000627354696D653A2025640A004162736F56
:10C410006C7574652054696D653A2025640A0000C6
:10C4200050656E64696E67204C45442055706461A8
:10C430007465206269742069732073657420746F59
:10C4400020547275650A00004C454420436F6D709E
:10C450006F6E656E743A20307825303278200A008D
:10C460002A2A2A2050656E64696E6720636F6D6D9D
:10C47000616E64206973207265706C61636564200D
:10C48000627920746865206E65776C7920726563C7
:10C490006569766564210A0050656E64696E67207F
:10C4A0004C4544205570646174652062697420694C
:10C4B000732073657420746F2046616C73650A0085
:10C4C000446973706C617920496E6465783A2030F4
:10C4D0007825303278200A00496D61676520496E01
:10C4E0006465783A20307825303278200A000000E0
:10C4F00052455345542053657276696365204E65F5
:10C500006564656420626974206F662074686520C4
:10C51000426173696320537461746520726573703E
:10C520006F6E736520746F2046414C534521200A7D
:10C5300000000000534554205365727669636520FE
:10C540004E656564656420626974206F6620746856
:10C55000652042617369632053746174652072655C
:10C5600073706F6E736520746F205452554521208F
:10C570000A00000052656672657368204469737032
:10C580006C617920436F6D6D616E64202D20496E62
:10C590006465783A2025640A0000000045534C5F2A
:10C5A0004445564943455F50726F636573730A0093
:10C5B00025303258253032582530345825303258FD
:10C5C00025303258253038582530385800000000C2
:10C5D0006D79737432352E636F6D2F65736C2F3FD9
:10C5E000646174613D000000000000000000000074
:10C5F000000000000000000000000000000000003B
:10C60000000000000000000000000000000000002A
:10C61000000000000000000000000000000000001A
:10C62000000000000000000000000000000000000A
:10C6300000000000000000000000000000000000FA
:10C6400000000000000000000000000000000000EA
:10C6500000000000000000000000000000000000DA
:10C6600000000000000000000000000000000000CA
:10C6700000000000000000000000000000000000BA
:10C6800000000000000000000000000000000000AA
:10C69000000000000000000000000000000000009A
:10C6A000000000000000000000000000000000008A
:10C6B000000000000000000000000000000000007A
:10C6C000000000000000000000000000000000006A
:10C6D000496E697469616C697A696E67204469732F
:10C6E000706C61792E2E2E00446F6E650A0000007A
:10C6F0005570646174696E6720646973706C6179E8
:10C700002E2E2E0A000000002533642E00000000AB
:10C710002530326400000000FFFFFFF8FFFFFFF844
:10C72000FFC01838FF800038FF000038FE000038D6
:10C73000FC000038FC00C038F801F038F803F0388D
:10C74000F807F838C0003FF8C0003FF8C0003FF8D5
:10C75000F007FFF8F007FFF8F007FFF8C0003FF818
:10C76000C0003FF8C0003BF8F007F878F803F01875
:10C77000F801F018FC00C038FC000038FE0000781A
:10C78000FF0000F8FF8001F8FFE007F8FFFFFFF867
:10C790000000000000000000000000000000000099
:10C7A0000000000000000000000000000000000089
:10C7B0000000000000000000000000000000000079
:10C7C0000000000000000000000000000000000069
:10C7D00000000000000000000000000000000380D6
:10C7E00000038000038000038000038000038000BA
:10C7F00003800003800003800001000001000000AE
:10C800000000000000038000038000000000000022
:10C810000000000000000000000000000000000018
:10C820000000000000000000000E70000E70000EFE
:10C8300070000420000420000420000420000000F8
:10C8400000000000000000000000000000000000E8
:10C8500000000000000000000000000000000000D8
:10C860000000000000000000000000000000066062
:10C87000000660000660000660000660003FF800E9
:10C880003FF8000660000CC0003FF8003FF8000CC5
:10C89000C0000CC0000CC0000CC0000CC0000000A8
:10C8A0000000000000000000000000000000000088
:10C8B00000000001800001800007B0000FF00018A8
:10C8C00070001870001C00000F800007E00000F0EE
:10C8D000001830001C30001C70001FE0001BC0005E
:10C8E0000180000180000180000180000000000044
:10C8F00000000000000000000000000000000780B1
:10C90000000FC0001CE0001860001860001CE00070
:10C910000FF80007E0001FF00007380006180006B7
:10C92000180007380003F00001E0000000000000DC
:10C9300000000000000000000000000000000000F7
:10C9400000000000000000000000000003F00007ED
:10C95000F0000C60000C00000C0000060000070056
:10C96000000F9C001DFC0018F0001870000FFC0068
:10C9700007DC0000000000000000000000000000D4
:10C9800000000000000000000000000000000000A7
:10C99000000380000380000380000100000100000C
:10C9A0000100000100000000000000000000000085
:10C9B0000000000000000000000000000000000077
:10C9C0000000000000000000000000000000000067
:10C9D0000000000000000018000038000070000097
:10C9E000F00000E00000E00001C00001C00001C054
:10C9F0000001C00001C00001C00000E00000E00034
:10CA000000700000700000380000180000000000F6
:10CA100000000000000000000000000000001800FE
:10CA2000001C00000E00000E0000070000070000C0
:10CA30000380000380000380000380000380000364
:10CA400080000700000700000F00000E00001C001F
:10CA500000180000000000000000000000000000BE
:10CA60000000000000000180000180000180001D26
:10CA7000B8001FF80007E00003C00003C000066014
:10CA80000006600000000000000000000000000040
:10CA90000000000000000000000000000000000096
:10CAA0000000000000000000000000000000000086
:10CAB0000000000001800001800001800001800072
:10CAC0000180003FFC003FFC00018000018000016C
:10CAD00080000180000180000000000000000000D4
:10CAE0000000000000000000000000000000000046
:10CAF0000000000000000000000000000000000036
:10CB00000000000000000000000000000000000025
:10CB10000000000000000000000000E00000C00075
:10CB200001C000018000018000030000030000003C
:10CB300000000000000000000000000000000000F5
:10CB400000000000000000000000000000000000E5
:10CB50000000001FF8001FF80000000000000000A7
:10CB600000000000000000000000000000000000C5
:10CB700000000000000000000000000000000000B5
:10CB800000000000000000000000000000000000A5
:10CB90000000000000000000000000000000000095
:10CBA0000000000000000000000003C00003C000FF
:10CBB00003C00000000000000000000000000000B2
:10CBC00000000000000000000018000018000038FD
:10CBD0000000300000700000600000600000C00035
:10CBE00000C0000180000180000300000300000677
:10CBF00000000600000E00000C00001C00001800E1
:10CC0000001800000000000000000000000000000C
:10CC100000000000000003C00007E0000C30000C22
:10CC200030001818001818001818001818001818E4
:10CC3000001818001818000C30000C300007E00035
:10CC400003C0000000000000000000000000000021
:10CC50000000000000000000000000000000008054
:10CC6000000780001F80001D8000018000018000FF
:10CC7000018000018000018000018000018000012E
:10CC800080000180001FF8001FF800000000000075
:10CC90000000000000000000000000000000000094
:10CCA00000000000000007C0001FF0003830003016
:10CCB000180030180000180000300000600001C0AB
:10CCC000000380000600000C00001800003FF80080
:10CCD0003FF800000000000000000000000000001D
:10CCE000000000000000000000000000000003C081
:10CCF000000FE0000C700000300000300000600009
:10CD000003C00003E00000700000180000180000DD
:10CD100018001838001FF0000FC0000000000000CD
:10CD20000000000000000000000000000000000003
:10CD300000000000000000E00001E00001E000034E
:10CD400060000660000660000C60000C6000186067
:10CD5000003060003FF8003FF80000600003F8007A
:10CD600003F80000000000000000000000000000C8
:10CD700000000000000000000000000000001FF0A4
:10CD8000001FF0001800001800001800001BC00071
:10CD90001FF0001C300000180000180000180000F0
:10CDA00018003030003FF0000FC00000000000000D
:10CDB0000000000000000000000000000000000073
:10CDC00000000000000000F80003F8000700000E5B
:10CDD00000000C00001800001BC0001FF0001C30F9
:10CDE000001818001818001818000C38000FF00070
:10CDF00003E0000000000000000000000000000050
:10CE000000000000000000000000000000001FF80B
:10CE1000001FF8001818001838000030000030001B
:10CE200000700000600000600000E00000C0000032
:10CE3000C00001C00001800001800000000000006F
:10CE400000000000000000000000000000000000E2
:10CE500000000000000007E0000FF0001C38001880
:10CE600018001818000C300007E00007E0000C3034
:10CE7000001818001818001818001C38000FF000CF
:10CE800007E00000000000000000000000000000BB
:10CE9000000000000000000000000000000007C0CB
:10CEA000000FF0001C3000181800181800181800A7
:10CEB0000C38000FF80003D8000018000030000004
:10CEC000700000E0001FC0001F0000000000000014
:10CED0000000000000000000000000000000000052
:10CEE0000000000000000000000000000000000042
:10CEF000000003C00003C00003C0000000000000E9
:10CF00000000000000000000000003C00003C0009B
:10CF100003C000000000000000000000000000004E
:10CF20000000000000000000000000000000000001
:10CF30000000000000000000000000F00000F00011
:10CF400000F00000000000000000000000000000F1
:10CF5000E00001C000018000018000030000020029
:10CF600000000000000000000000000000000000C1
:10CF7000000000000000000000000000001C000095
:10CF80003C0000F00003C0000F00003C0000F00077
:10CF9000003C00000F000003C00000F000003C0057
:10CFA000001C000000000000000000000000000065
:10CFB0000000000000000000000000000000000071
:10CFC000000000000000000000000000007FFC00E6
:10CFD0007FFC000000000000007FFC007FFC0000E0
:10CFE0000000000000000000000000000000000041
:10CFF0000000000000000000000000000000000031
:10D000000000000000000000000000007000007838
:10D0100000001E000007800001E000007800001EF4
:10D020000000780001E0000780001E00007800008A
:10D030007000000000000000000000000000000080
:10D0400000000000000000000000000000000000E0
:10D050000007C0000FE00018700018300018300002
:10D0600000700000E00003C0000380000300000027
:10D0700000000000000700000700000000000000A2
:10D0800000000000000000000000000000000000A0
:10D0900000000000000003E00007F0000E38000C64
:10D0A000180018780018F80019D800199800199875
:10D0B0000019980018F8001878001800000C0000FB
:10D0C0000E180007F80003E0000000000000000058
:10D0D0000000000000000000000000000000000050
:10D0E000001F80001FC00001C0000360000360003B
:10D0F0000630000630000C30000FF8001FF8001852
:10D100000C00300C00FC7F00FC7F000000000000E1
:10D11000000000000000000000000000000000000F
:10D120000000000000000000007FE0007FF0001819
:10D1300038001818001818001838001FF0001FF8E1
:10D1400000181C00180C00180C00180C007FF800C8
:10D150007FF0000000000000000000000000000060
:10D1600000000000000000000000000000000000BF
:10D170000003EC000FFC001C1C00180C00300C001D
:10D180003000003000003000003000003000001897
:10D190000C001C1C000FF80003F000000000000051
:10D1A000000000000000000000000000000000007F
:10D1B0000000000000000000007FC0007FF00018A9
:10D1C0003800181800180C00180C00180C00180C67
:10D1D00000180C00180C001818001838007FF00018
:10D1E0007FE00000000000000000000000000000E0
:10D1F000000000000000000000000000000000002F
:10D20000007FF8007FF8001818001818001998001F
:10D210001980001F80001F800019800019980018D5
:10D2200018001818007FF8007FF8000000000000C8
:10D2300000000000000000000000000000000000EE
:10D240000000000000000000003FFC003FFC000C5C
:10D250000C000C0C000CCC000CC0000FC0000FC068
:10D26000000CC0000CC0000C00000C00003FC0000F
:10D270003FC00000000000000000000000000000AF
:10D28000000000000000000000000000000000009E
:10D290000003EC000FFC001C1C00180C00300C00FC
:10D2A00030000030000030FE0030FE00300C00384E
:10D2B0000C001C1C000FFC0003F00000000000002C
:10D2C000000000000000000000000000000000005E
:10D2D0000000000000000000007E7E007E7E00183E
:10D2E00018001818001818001818001FF8001FF868
:10D2F000001818001818001818001818007E7E0072
:10D300007E7E000000000000000000000000000021
:10D31000000000000000000000000000000000000D
:10D32000001FF8001FF8000180000180000180004C
:10D330000180000180000180000180000180000167
:10D3400080000180001FF8001FF8000000000000AE
:10D3500000000000000000000000000000000000CD
:10D3600000000000000000000007FE0007FE0000B3
:10D37000300000300000300000300000300030305D
:10D38000003030003030003030003060003FE000CE
:10D390000F800000000000000000000000000000FE
:10D3A000000000000000000000000000000000007D
:10D3B000007F3E007F3E0018300018600018C0005B
:10D3C0001980001B80001FC0001CE00018700018AE
:10D3D00030001838007F1F007F1F00000000000091
:10D3E000000000000000000000000000000000003D
:10D3F0000000000000000000007F80007F80000C23
:10D4000000000C00000C00000C00000C00000C00E0
:10D41000000C0C000C0C000C0C000C0C007FFC0031
:10D420007FFC000000000000000000000000000081
:10D4300000000000000000000000000000000000EC
:10D4400000F00F00F81F00381C003C3C003C3C0082
:10D45000366C00366C0033CC0033CC00318C00309D
:10D460000C00300C00FE7F00FE7F0000000000007A
:10D4700000000000000000000000000000000000AC
:10D4800000000000000000000078FE0078FE001C94
:10D4900018001E18001F18001B18001B980019D830
:10D4A0000018D80018F8001878001838007F180005
:10D4B0007F180000000000000000000000000000D5
:10D4C000000000000000000000000000000000005C
:10D4D0000003C0000FF0001C3800181800381C00B2
:10D4E000300C00300C00300C00300C00381C0018E0
:10D4F00018001C38000FF00003C0000000000000FE
:10D50000000000000000000000000000000000001B
:10D510000000000000000000003FF0003FF8000C99
:10D520001C000C0C000C0C000C0C000C18000FF86C
:10D53000000FE0000C00000C00000C00003FC000D9
:10D540003FC00000000000000000000000000000DC
:10D5500000000000000000000000000000000000CB
:10D560000003C0000FF0001C3800181800381C0021
:10D57000300C00300C00300C00300C00381C00184F
:10D5800018001C38000FF00007C00007CC000FFC8B
:10D59000000C380000000000000000000000000047
:10D5A0000000000000000000007FE0007FF0001895
:10D5B00038001818001818001838001FF0001FC095
:10D5C0000018E0001870001830001838007F1E00A6
:10D5D0007F0E0000000000000000000000000000BE
:10D5E000000000000000000000000000000000003B
:10D5F0000007D8000FF8001C380018180018180091
:10D600001E00000FC00003F000007800181800187A
:10D6100018001C38001FF0001BE000000000000094
:10D6200000000000000000000000000000000000FA
:10D630000000000000000000003FFC003FFC003143
:10D640008C00318C00318C00318C00018000018015
:10D65000000180000180000180000180000FF000C7
:10D660000FF00000000000000000000000000000BB
:10D6700000000000000000000000000000000000AA
:10D68000007E7E007E7E0018180018180018180012
:10D690001818001818001818001818001818001882
:10D6A00018000C30000FF00003C000000000000064
:10D6B000000000000000000000000000000000006A
:10D6C0000000000000000000007F7F007F7F001846
:10D6D0000C000C18000C18000C1800063000063066
:10D6E0000003600003600003600001C00001C0008F
:10D6F00000800000000000000000000000000000AA
:10D700000000000000000000000000000000000019
:10D7100000FE3F80FE3F803006003006003086006D
:10D7200019CC0019CC001B6C001B6C001E7C000E79
:10D7300038000E38000C18000C1800000000000023
:10D7400000000000000000000000000000000000D9
:10D750000000000000000000007E7E007E7E0018B9
:10D7600018000C300006600003C00001800001803A
:10D770000003C0000660000C30001818007E7E0018
:10D780007E7E00000000000000000000000000009D
:10D790000000000000000000000000000000000089
:10D7A000007C7E007C7E001818000C3000066000B3
:10D7B00006600003C00001800001800001800001BC
:10D7C00080000180000FF0000FF00000000000005A
:10D7D0000000000000000000000000000000000049
:10D7E0000000000000000000001FF8001FF80018F3
:10D7F000180018300018600018C0000180000300F5
:10D80000000618000C18001818003018003FF80027
:10D810003FF80000000000000000000000000000D1
:10D82000000000000000000000000000000001F007
:10D830000001F000018000018000018000018000F3
:10D840000180000180000180000180000180000152
:10D85000800001800001800001800001800001F053
:10D860000001F000000000000000000000000000C7
:10D870001800001800001C00000C00000E0000063C
:10D88000000006000003000003000001800001808A
:10D890000000C00000C000006000006000007000D8
:10D8A00000300000380000180000180000000000E0
:10D8B00000000000000000000000000000000F80D9
:10D8C000000F8000018000018000018000018000C5
:10D8D00001800001800001800001800001800001C2
:10D8E00080000180000180000180000180000F8025
:10D8F000000F800000000000000000000000000099
:10D9000000000000800001C00003E0000770000676
:10D9100030000C1800180C0010040000000000007B
:10D9200000000000000000000000000000000000F7
:10D9300000000000000000000000000000000000E7
:10D9400000000000000000000000000000000000D7
:10D9500000000000000000000000000000000000C7
:10D9600000000000000000000000000000000000B7
:10D9700000000000000000000000000000000000A7
:10D9800000000000000000000000FFFF00FFFF009B
:10D9900000000003000003800000E00000600000C1
:10D9A0000000000000000000000000000000000077
:10D9B0000000000000000000000000000000000067
:10D9C0000000000000000000000000000000000057
:10D9D0000000000000000000000000000000000047
:10D9E000000000000000000000000FC0001FE00069
:10D9F00000300000300007F0001FF0003830003029
:10DA000030003070001FFC000FBC00000000000060
:10DA10000000000000000000000000000000000006
:10DA200000000000000078000078000018000018D6
:10DA300000001BE0001FF8001C1800180C00180C58
:10DA400000180C00180C00180C001C18007FF800BF
:10DA50007BE000000000000000000000000000006B
:10DA600000000000000000000000000000000000B6
:10DA70000000000000000000000003EC000FFC00AC
:10DA80001C1C00380C00300C003000003000003846
:10DA90000C001C1C000FF80003F000000000000048
:10DAA0000000000000000000000000000000000076
:10DAB000000000000000007800007800001800005E
:10DAC000180007D8001FF800183800301800301868
:10DAD000003018003018003018001838001FFE0001
:10DAE00007DE000000000000000000000000000051
:10DAF0000000000000000000000000000000000026
:10DB00000000000000000000000007E0001FF80017
:10DB1000181800300C003FFC003FFC0030000030C3
:10DB20000000180C001FFC0007F0000000000000BF
:10DB300000000000000000000000000000000000E5
:10DB400000000000000001FC0003FC0006000006CD
:10DB500000003FF8003FF800060000060000060045
:10DB6000000600000600000600000600003FF0006E
:10DB70003FF0000000000000000000000000000076
:10DB80000000000000000000000000000000000095
:10DB90000000000000000000000007DE001FFE0083
:10DBA00018380030180030180030180030180030D5
:10DBB00018001838001FF80007D8000018000018D7
:10DBC000000038000FF0000FC0000000000000004F
:10DBD0000000000000007800007800001800001825
:10DBE00000001BE0001FF0001C3800181800181877
:10DBF000001818001818001818001818007E7E0069
:10DC00007E7E000000000000000000000000000018
:10DC10000000000000000000000000000000018083
:10DC2000000180000000000000001F80001F800035
:10DC3000018000018000018000018000018000015E
:10DC400080000180003FFC003FFC0000000000005D
:10DC500000000000000000000000000000000000C4
:10DC600000000000000000C00000C0000000000034
:10DC700000001FF0001FF0000030000030000030F6
:10DC800000003000003000003000003000003000A4
:10DC90000030000030000030000070001FE0001F66
:10DCA00080000000000000000000000000003C00B8
:10DCB000003C00000C00000C00000CF8000CF80008
:10DCC0000CC0000D80000F80000F00000F80000DC1
:10DCD000C0000CE0003C7C003C7C00000000000028
:10DCE0000000000000000000000000000000000034
:10DCF0000000000000001F80001F80000180000164
:10DD0000800001800001800001800001800001800E
:10DD1000000180000180000180000180003FFC00C4
:10DD20003FFC0000000000000000000000000000B8
:10DD300000000000000000000000000000000000E3
:10DD400000000000000000000000F77800FFFC0069
:10DD500039CC00318C00318C00318C00318C003199
:10DD60008C00318C00FDEF00FDEF00000000000092
:10DD700000000000000000000000000000000000A3
:10DD80000000000000000000000000000000000093
:10DD900000007BE0007FF0001C3800181800181805
:10DDA000001818001818001818001818007E7E00B7
:10DDB0007E7E000000000000000000000000000067
:10DDC0000000000000000000000000000000000053
:10DDD0000000000000000000000003C0000FF00081
:10DDE0001C3800381C00300C00300C00300C00389F
:10DDF0001C001C38000FF00003C0000000000000F1
:10DE00000000000000000000000000000000000012
:10DE10000000000000000000000000000000000002
:10DE200000007BE0007FF8001C1800180C00180CA4
:10DE300000180C00180C00180C001C18001FF8002B
:10DE40001BE0001800001800001800007F00007F91
:10DE500000000000000000000000000000000000C2
:10DE60000000000000000000000007DE001FFE00B0
:10DE70001838003018003018003018003018003002
:10DE800018001838001FF80007D800001800001804
:10DE90000000180000FE0000FE000000000000006E
:10DEA0000000000000000000000000000000000072
:10DEB00000003E78003EFC0007CC00070000060092
:10DEC000000600000600000600000600003FF0000B
:10DED0003FF0000000000000000000000000000013
:10DEE0000000000000000000000000000000000032
:10DEF0000000000000000000000007F8000FF8001C
:10DF00001818001818001F80000FF00000F8001803
:10DF100018001838001FF0001FE00000000000008B
:10DF200000000000000000000000000000000000F1
:10DF30000000000000000C00000C00000C00000CB1
:10DF400000003FF0003FF0000C00000C00000C004F
:10DF5000000C00000C00000C00000C1C0007FC0072
:10DF600003F00000000000000000000000000000BE
:10DF700000000000000000000000000000000000A1
:10DF800000000000000000000000787800787800B1
:10DF90001818001818001818001818001818001879
:10DFA00018001838000FFE0007DE00000000000017
:10DFB0000000000000000000000000000000000061
:10DFC0000000000000000000000000000000000051
:10DFD00000007C3E007C3E001818001818000C3031
:10DFE000000C300006600006600007E00003C0007F
:10DFF00003C000000000000000000000000000005E
:10E000000000000000000000000000000000000010
:10E0100000000000000000000000783C00783C0098
:10E020003118003398003398001AB0001EF0001E1B
:10E03000F0001C60000C60000C600000000000009C
:10E0400000000000000000000000000000000000D0
:10E0500000000000000000000000000000000000C0
:10E0600000003E7C003E7C000C300006600003C0D7
:10E070000001800003C0000660000C30003E7C0000
:10E080003E7C0000000000000000000000000000D6
:10E090000000000000000000000000000000000080
:10E0A000000000000000000000007E1F007E1F0036
:10E0B000180C000C18000C18000630000630000385
:10E0C000600003E00001C00000C00001800001808A
:10E0D000000300003FC0003FC0000000000000003F
:10E0E0000000000000000000000000000000000030
:10E0F00000001FF8001FF80018300018600000C072
:10E10000000180000300000618000C18001FF80032
:10E110001FF80000000000000000000000000000E8
:10E12000000000000000000000000000000000E00F
:10E130000001E000018000018000018000018000FA
:10E1400001800001800003800007000003800001BF
:10E15000800001800001800001800001800001E05A
:10E160000000E000000000000000000000000000CF
:10E17000000000000000018000018000018000011B
:10E18000800001800001800001800001800001808A
:10E1900000018000018000018000018000018000FA
:10E1A000018000018000018000018000000000006B
:10E1B0000000000000000000000000000000070058
:10E1C00000078000018000018000018000018000C4
:10E1D00001800001800001C00000E00001C00001DA
:10E1E0008000018000018000018000018000078024
:10E1F0000007000000000000000000000000000018
:10E20000000000000000000000000000000000000E
:10E2100000000000000000000E00001F18003BB8C6
:10E220000031F00000E000000000000000000000ED
:10E2300000000000000000000000000000000000DE
:10E24000000000000000000053544D3332574230AC
:10E250000000000002000000C417002000000000C1
:10E2600008000000DC0300200000000001000000A6
:10E270002B0600200000FFFF00000000040000004B
:10E2800074E20410000000000500000030170020B8
:10E290000000000001000000E6D6051001000000AB
:10E2A000030000004C17002020000000FB349B5F9F
:10E2B0008000008000100000052A0000100000000F
:10E2C00001000000C004002078E204100A000000F1
:10E2D000FB349B5F8000008000100000292B0000B1
:10E2E00010000000000000000000000084E20410A4
:10E2F00002000000FB349B5F8000008000100000E3
:10E300002A2B0000100000000000000000000000A8
:10E310000000000002000000FB349B5F80000080D2
:10E32000001000003A2B0000100000000000000068
:10E330000000000090E2041058706F696E74203D78
:10E34000202564202C205061696E742E57696474F6
:10E3500068203D20256420200D0A200059706F6937
:10E360006E74203D202564202C205061696E742E2F
:10E37000486569676874203D20256420200D0A20C7
:10E380000000000096C298D84539A1F4A033EB2DC7
:10E39000817D0377F240A463E5E6BCF847422CE1B7
:10E3A000F2D1176BF551BF376840B6CBCE5E316BFB
:10E3B0005733CE2B169E0F7C4AEBE78E9B7F1AFEBF
:10E3C000E242E34F000100000000000000010000F5
:10E3D000000000000001000000000000010000003B
:10E3E00000000000FFFFFFFFFFFFFFFFFFFFFFFF39
:10E3F000000000000000000000000000010000001C
:10E40000FFFFFFFF02000000050000000300000006
:10E41000FEFFFFFFF9FFFFFFFBFFFFFFFCFFFFFF1A
:10E42000FCFFFFFF030000000000000000000000F0
:10E4300000000000000000000000000000000000DC
:10E44000000000004B60D2273E3CCE3BF6B053CCE0
:10E45000B0061D65BC86987655BDEBB3E7933AAA26
:10E46000D835C65A687474703A2F2F7777772E0094
:10E470000000000068747470733A2F2F7777772E3E
:10E4800000000000687474703A2F2F000000000034
:10E4900068747470733A2F2F0000000074656C3A32
:10E4A000000000006D61696C746F3A0000000000AC
:10E4B0006674703A2F2F616E6F6E796D6F75733A57
:10E4C000616E6F6E796D6F75734000006674703A9F
:10E4D0002F2F6674702E0000667470733A2F2F0011
:10E4E00000000000736674703A2F2F0000000000D7
:10E4F000736D623A2F2F00006E66733A2F2F000063
:10E500006674703A2F2F00006461763A2F2F000056
:10E510006E6577733A00000074656C6E65743A2F0F
:10E520002F000000696D61703A0000007274737012
:10E530003A2F2F000000000075726E3A00000000B4
:10E54000706F703A000000007369703A00000000BC
:10E55000736970733A000000746674703A000000CA
:10E5600062747370703A2F2F0000000062746C3276
:10E570006361703A2F2F00006274676F65703A2FE5
:10E580002F0000007463706F6265783A2F2F0000CF
:10E59000697264616F6265783A2F2F000000000095
:10E5A00066696C653A2F2F000000000075726E3AA4
:10E5B0006570633A69643A000000000075726E3A53
:10E5C0006570633A746167000000000075726E3A0E
:10E5D0006570633A7061743A0000000075726E3ABB
:10E5E0006570633A7261773A0000000075726E3AA6
:10E5F0006570633A0000000075726E3A6E66633AA9
:10E60000000000000000000000F00B1000080000F7
:10E61000AA02000000F80B10F8070100000000003B
:10E6200096C298D84539A1F4A033EB2D817D0377AC
:10E63000F240A463E5E6BCF847422CE1F2D1176B47
:10E64000F551BF376840B6CBCE5E316B5733CE2B1A
:10E65000169E0F7C4AEBE78E9B7F1AFEE242E34F49
:10E66000CAEBECEDEFF0F1F2F3F4F5F6F7F8F9FAA6
:10E67000FAFCFDFDFEFEFFFF00000102030405069B
:10E68000CAEBECEDEFF0F1F2F3F4F5F6F7F8F9FA86
:10E69000FAFCFDFDFEFEFFFF00000102030405067B
:10E6A00008000000FFFF001FFFFFFFFFFC800000CD
:10E6B0000FFFFFFFFFFC00000007FFFFFFFFFC0054
:10E6C000000003FFFFFFFFFC00000001FFFFFFFF52
:10E6D000FC00000000FFFFFFFFFC000000007FFFC8
:10E6E000FFFFFC007800003FFFFFFFFC00FC000084
:10E6F0001FFFFFFFFC00FE00000FFFFFFFFC01FEFD
:10E70000000007FFFFFFFC00FE000003FFFFFFFC0F
:10E7100000FE000001FFFFFFFC007C000000FFFF87
:10E72000FFFC00100780007FFFFFFC80000FE0006F
:10E730003FFFFFFC80001FF0001FFFFFFC80003F39
:10E74000F8000FFFFFFC80003FF80007FFFFFC8090
:10E75000003E7C0003FFFFFC80019F3E0001FFFFA5
:10E76000FC80039F980000FFFFFC8007CFC00000E3
:10E770007FFFFC8003E7C000003FFFFC8001F7C083
:10E7800060001FFFFC8000FFC0F0000FFFFC800056
:10E790007FC3F80007FFFCC0003F8FFC0001FFFCB7
:10E7A000E0001F1FFE0001FFFCF000007FFE0000E4
:10E7B000FFFCF80001FF7E00003FFCFC0003FE7C34
:10E7C00000001FFCFE0001FEF800000FFCFF00002F
:10E7D000FFF8300007FCFF80004FF0780003FCFFDB
:10E7E000C00007F0FC0001FCFFE00003E1F80000BE
:10E7F000FCFFF00007C3F000007CFFF80007C7E053
:10E8000000003CFFFC00038FC000001CFFFE000165
:10E810009F8020000CFFFF00003F00700004FFFFFE
:10E8200080007E00F80004FFFFC0003E01FC0000F5
:10E83000FFFFE0001F03FE0000FFFFF0000F87FF57
:10E840000000FFFFF80007CFEF8000FFFFFC000390
:10E850009FE78000FFFFFE00013FF30004FFFFFF82
:10E8600000007FF8000CFFFFFF80007E78001CFF97
:10E87000FFFFC0003E30003CFFFFFFE0001F000034
:10E880007CFFFFFFF0000F8000FCFFFFFFF8000798
:10E89000C001FCFFFFFFFC00038003FCFFFFFFFE45
:10E8A00000010007FCFFFFFFFF0000000FFCFFFF5F
:10E8B000FFFF8000001FFCFFFFFFFFC000003FFCC8
:10E8C000FFFFFFFFE000007FFCFFFFFFFFF0000005
:10E8D000FFFCFFFFFFFFF80001FFFCFFFFFFFFFC55
:10E8E0000003FFFCFFFFFFFFFE0007FFFCFFFFFF31
:10E8F000FFFF000FFFFCFFFFFFFFFF801FFFFCFF7C
:10E90000FFFFFFFFC03FFFFCFFFFFFFFFFF0FFFF28
:10E91000FC000000FFFFFFFFFFFFFFFFFFFFFFFF07
:10E92000FFFFFFFFFFFFFFFFFFFFFFFFFFFFFFFFF7
:10E93000FFFFFFFFFFFFFFFFFFFFFFFFFFFFFFFFE7
:10E94000FFFFFFFFFFFFFFFFF00000000000003FA0
:10E95000FFFFC00000000000003FFFFF800000003C
:10E960000000007FFFFF000000000000007FFFFEAE
:10E97000000000000000007FFFFE00FFFFFFFFFF20
:10E98000FFFFFFFC03FFFFFFFFFFFFFFFFFC07FF91
:10E99000FFFFFFFFFFFFFFFC0FFFFFFFFFFFFFFF7A
:10E9A000FFF80FFFFFFFFFFFFFFFFFF81FFFFFFF55
:10E9B000FFFFFFFFFFF01FFFFFFFFFFFFFFFFFF065
:10E9C0001FC000000FE007FFFFF01FC000001FE0A6
:10E9D00007FFFFE01FC000001FC00FFFFFE01FE0A8
:10E9E00000001FC00FFFFFC01FF000003FC00FFF5F
:10E9F000FFC00FF800003F801FFFFFC00FFC0000AA
:10EA00007F801FFFFF8007FE00007F003FFFFF8029
:10EA100003FF00007F003FFFFF0001FFC000FE007A
:10EA20003FFFFF0000FFE000FE007FFFFE00007FD1
:10EA3000E001FE007FFFFE00001FF001FC00FFFF71
:10EA4000FE00000FF003FC00FFFFFC000007F803CE
:10EA5000F801FFFFFC000003F803F801FFFFF800D6
:10EA60000003F807F001FFFFF8000007F807F003C4
:10EA7000FFFFFFFFFFFFF807F003FFFFFFFFFFFFB0
:10EA8000F00FE007FFFFFFFFFFFFF00FE007FFFFC2
:10EA9000FFFFFFFFE01FC00FFFFFFFFFFFFFC01FD3
:10EAA000C01FFFFFFFFFFFFF803FC07FFFFFFFFF93
:10EAB000FFFFFFFFFFFFFFFFFFFFFFFFFFFFFFFF66
:10EAC000FFFFFFFFFFFFFFFFFFFFFFFFFFFFFFFF56
:10EAD000FFFFFFFFFFFFFFFFFFFFFFFFFFFFFFFF46
:10EAE000FFFFFFFFFFFFFFFFFFFF0000FFFFFFFF34
:10EAF000FFFFFFFFFCFFFFFFFFEFFFFFFFFCFFFF3C
:10EB0000FFFFCFFFFFFFFCFFFFFFFFC7FFFFFFFC83
:10EB1000FFFFFFFF87FFFFFFFCFFFFFFFF03FFFF7C
:10EB2000FFFCFFFFFFFF03FFFFFFFCFFFFFFFE01F6
:10EB3000FFFFFFFCFFFFFFFE01FFFFFFFCFFFFFFEA
:10EB4000FC00FFFFFFFCFFFFFFFC00FFFFFFFCFFDF
:10EB5000FFFFF8007FFFFFFCFFFFFFF8007FFFFFD4
:10EB6000FCFFFFFFF0003FFFFFFCFFFFFFF0003F57
:10EB7000FFFFFCFFFFFFE0001FFFFFFCFFFFFFE0C8
:10EB8000001FFFFFFCFFFFFFC0000FFFFFFCFFFFA8
:10EB9000FFC00007FFFFFCFFFFFF800007FFFFFC37
:10EBA000FFFFFF800003FFFFFCFFFFFC0000007F72
:10EBB000FFFCFFFC0000000000FFFCFE0000000066
:10EBC000000001FC800000000000000004C0000004
:10EBD00000000000000CE0000000000000001CF03D
:10EBE000000000000000003CF800000000000000F1
:10EBF0007CFC00000000000000FCFE0000000000A3
:10EC00000001FCFF00000000000003FCFF8000008A
:10EC100000000007FCFFE000000000000FFCFFF018
:10EC200000000000001FFCFFF800000000003FFC97
:10EC3000FFFC00000000007FFCFFFE000000000061
:10EC4000FFFCFFFF0000000001FFFCFFFF80000051
:10EC50000003FFFCFFFFC000000007FFFCFFFFC038
:10EC600000000007FFFCFFFFC000000007FFFCFFE3
:10EC7000FFC000000007FFFCFFFF8000000007FF4F
:10EC8000FCFFFF8000000007FFFCFFFF800000008A
:10EC900007FFFCFFFF8000000003FFFCFFFF800078
:10ECA000000003FFFCFFFF8000000003FFFCFFFFEC
:10ECB0000000000003FFFCFFFF0000000003FFFC5A
:10ECC000FFFF0000000003FFFCFFFF000038000111
:10ECD000FFFCFFFF0000FE0001FFFCFFFE0003FF42
:10ECE0008001FFFCFFFE000FFFE001FFFCFFFE00C4
:10ECF0003FFFF001FFFCFFFE00FFFFFC01FFFCFFF8
:10ED0000FE03FFFFFF00FFFCFFFE0FFFFFFFC0FF42
:10ED1000FCFFFC3FFFFFFFF0FFFCFFFCFFFFFFFFDE
:10ED2000FCFFFCFFFFFFFFFFFFFFFFFC3957071051
:10ED300045570710F9550710995607107F540710CB
:10ED40003555071004030202010101010000000013
:10ED50000000000000020406080A0C0E000204066F
:10ED6000010002000400060008000A000C00100068
:10ED70002000400080000001686A6C747A4C00003A
:10ED80007072696E74665F733A20256E20646973D1
:10ED9000616C6C6F776564007072696E74663A209E
:10EDA00062616420256E20617267756D656E740006
:10EDB0007072696E74665F733A20626164202573B5
:10EDC00020617267756D656E7400000000000000C0
:10EDD0006E616E004E414E00696E6600494E4600FF
:10EDE00030002E00FB349B5F80000080001000008C
:10EDF000292B000010000000FB349B5F8000008086
:10EE000000100000052A00001000000002000000B1
:10EE100003000000030000000600000003000000E3
:10EE2000030000003C0000007000000070000000C3
:10EE3000D003000070000000C3010000896D0710BE
:10EE4000ABCC051023CE051083D30510E3CF0510FE
:10EE5000990A0510750B0510F71305100514051018
:10EE600013140510211405102F140510FD7307103D
:10EE7000A713051081130510B5130510EB0E05102F
:10EE8000B10B0510AB110510390D0510CBC70510DE
:10EE9000A30B0510ED71071005E4071061E20710E0
:10EEA00005E6071017E8071017E807102DE9071007
:10EEB00005E6071007EB071007EB071007EB071035
:10EEC00009E507101BE20710DFE107102DE9071025
:10EED000830B0510930B0510A7EE0710AFEE07107C
:10EEE000ABEE0710EF0B0510FF0B05100F0C051014
:10EEF0001F0C05106F0C05103F0C05104F0C051072
:10EF00005F0C05102F0C05107F0C05108F0C0510E1
:10EF10009F0C0510AF0C0510BF0C051000B5BFF31A
:10EF20004F8FA148AE490860BFF34F8F00BFFDE788
:10EF300080B501F069F801F029F90021C943884240
:10EF400001D101F047FB01BDF8B596B000252800BE
:10EF500069460873062421002A0007AE300001F03C
:10EF60003FFB6846047428006946C88109A89D498A
:10EF7000342201F06DFB09A801F0A0FB0700380066
:10EF8000C0B2002806D03900C9B2974801F0CCFBC6
:10EF900001F020FB07AC2800207028006070AA2038
:10EFA000A070E120E070802020710220607107AA2B
:10EFB0000621002001F0CCFB06003000C0B2002882
:10EFC00005D03100C9B2894801F0AEFB02E08848A3
:10EFD00001F0AAFB1821002001F0BEFB0700380059
:10EFE000C0B2002805D03900C9B2824801F09CFBAC
:10EFF00002E0814801F098FB06A9012001F0B0FB76
:10F0000006003000C0B2002805D03100C9B27B48EC
:10F0100001F08AFB02E07A4801F086FB2800092112
:10F0200001436846417300216846007B01F0F4FB10
:10F0300007003800C0B2002805D03900C9B27148B5
:10F0400001F072FB02E0A64801F06EFB04A8801CF0
:10F05000009005AB05AA921C6846017B6846407B80
:10F0600001F0E2FB06002078029060780190A07821
:10F070000090E378227961799A4801F055FB9A4C27
:10F0800007A9200000F018FF07AA0F21974800F0F9
:10F0900037FF22000621002001F00FFC04002000B1
:10F0A000C0B2002805D02100C9B2914801F03CFB54
:10F0B00002E0904801F038FB03AA921C02210020D4
:10F0C00001F00EFC06003000C0B2002805D031006F
:10F0D000C9B2894801F028FB02E0884801F024FB0E
:10F0E000874C03202070207802F0B2F90700380026
:10F0F000C0B2002805D03900C9B2824801F014FB23
:10F1000002E0814801F010FB65701020E070207172
:10F110000120A0700220029020790190E0780090F8
:10F12000002302226178A07802F099F905002800F6
:10F13000C0B2002805D02900C9B2744801F0F4FA21
:10F1400002E0734801F0F0FAA078002810D0012006
:10F1500002F08DFA05002800C0B2002805D0290071
:10F16000C9B26C4801F0E0FA02E06B4801F0DCFA49
:10F1700068466A490CC90CC008390838684602F06C
:10F1800086FA04002000C0B2002805D02100C9B2D0
:10F19000634801F0C9FA02E0624801F0C5FA62482A
:10F1A00001F0C2FA17B0F0BD0400FA0580B50121E4
:10F1B000012002F046FB01BD80B5012002F0C0FB3A
:10F1C00002F0C1FB4E48817B042902D0807B0528D8
:10F1D00001D100F0D9FE012002F0B3FB01BD000017
:10F1E0000CED00E0CC0F0410C0000410E40004108B
:10F1F000400104108C010410CC010410FC01041027
:10F200003C0204106C02041080B502F0C9FC01BD80
:10F2100080B50021022002F014FB01BD80B504F08E
:10F22000AAFA01BD80B50121042002F00AFB01BD4C
:10F2300080B5FFF7EDFF01BD10B50400200004F01C
:10F24000EBFAFFF7E5FFFFF7EDFF10BD80B50021FA
:10F25000802002F0F6FA01BD80B5FFF7A7FF01BDDF
:10F2600010B5324A0021012002F0DBFA304A0021B9
:10F27000022002F0D6FA2F4A0021042002F0D1FA2F
:10F28000FFF756FEFFF760FE1D4C0020A0732A48D2
:10F29000A0812A4A0021402002F0C3FA284A002116
:10F2A000802002F0BEFA2748A06127A4200001F0C8
:10F2B0003BFA264801F038FA04F09AFB05F0BAFC54
:10F2C000234801F031FA200001F02EFA012005F068
:10F2D000D8FD05F010FD012000F0BCFC10BD0000C1
:10F2E000A0020410C4020410800200208802002042
:10F2F000000304104403041078030410BC0304103A
:10F3000030150020F00304103004041060040410D1
:10F31000A8040410E004041038050410800504104B
:10F3200088050410C4050410F0050410B9F1041098
:10F3300009F204101DF20410FFFF0000E154051053
:10F340009D4B05106DFE04100A0000000C06041011
:10F3500034060410F1B588B0862069460874089810
:10F360000078042804D008980078822800D0CEE2E3
:10F370000898401C069008980078042803D1069845
:10F38000801C079003E00898401CC01C079006985A
:10F390000078052808D0102800D1A7E23E2845D0E3
:10F3A000FF2800D1DEE1ADE20698841C6178A078E8
:10F3B0000006000C0143CA48828989B291421CD1DF
:10F3C00000210A00DE4B1A70DE4A8281827B022A0B
:10F3D00000D18173DC4801F0A7F96178A0780006BC
:10F3E000000C0143E27889B2D84801F09DF906F09B
:10F3F00043F8002801D005F012FB00F02DFDD448A1
:10F400000125290001706178A2781206120C1143BF
:10F41000418004F0D6FACF4805706178A2781206D0
:10F42000120C1143418005F0F5FB70E20698801C38
:10F43000059005980078012800D107E1032812D033
:10F440000A2800D1ABE00C2800D1A3E0102800D19D
:10F4500062E1252800D145E1262800D11EE12928B6
:10F4600000D1C4E078E10598441CD34801F05CF970
:10F47000E07821790906090C084380B206F0EAF821
:10F480000022DA4B06F000F9002280235B0306F02D
:10F49000BDF92BD8E07821790906090C0843E578F5
:10F4A00021790906090C0D4380B206F0D3F8002239
:10F4B000CE4B06F0E9F806000F00ADB2280006F0CA
:10F4C000C9F80022C94B06F0DFF806F0B9F906F0DA
:10F4D000D1F802000B003000390006F03DFA00229E
:10F4E000C34B06F0D1F806F0ABF928E0E0782179BB
:10F4F0000906090C0843E57821790906090C0D4332
:10F5000080B206F0A7F80022B84B06F0BDF806F06E
:10F5100097F906F0AFF806000F00ADB2280006F02C
:10F5200099F80022CE4B06F0AFF832003B0006F00F
:10F53000B0F90022AE4B06F0A7F806F081F9E279A7
:10F54000217A0906090C0A436379A1790906090C95
:10F550000B43E17825792D062D0C294392B20A251B
:10F56000554300959BB2020016001D00080080B2B2
:10F5700006F070F800229D4B06F086F806F060F960
:10F5800001002B003200CE4801F0CEF801206C497A
:10F590000870E6E00598441C00F05EFCE1E0059888
:10F5A000441CD14801F0C0F8E07E217F0906090C17
:10F5B0000843627EA17E0906090C0A43E37D217E91
:10F5C0000906090C0B436178A5782D062D0C2943FB
:10F5D0005C4D039580B2029092B201929BB200936F
:10F5E000631D227989B2207800F0B2F9B9E005985C
:10F5F000441CC84801F098F8E07F641CE17F641E59
:10F600000906090C0843E27E217F0906090C0A431A
:10F61000637EA17E0906090C0B43E57D217E090668
:10F62000090C0D436178A6783606360C314380B25A
:10F63000039092B202929BB20193ADB20095631D0A
:10F64000227989B2207800F083F98AE00598441C79
:10F65000A54801F069F8E07B217C0906090C084304
:10F66000627BA17B0906090C0A43E37A217B090628
:10F67000090C0B436178A5782D062D0C2943314DDB
:10F68000039580B2029092B201929BB20093631DE7
:10F69000227989B2207800F05BF962E00598441C79
:10F6A0009D4801F041F82078002813D106200C492C
:10F6B00088736079A1790906090C084380B204F0C7
:10F6C00021FB012095490870022005F0DAFB05F0C6
:10F6D00012FB03E02178924801F026F841E000BFD8
:10F6E000301500200598441C05F020F9032810D09F
:10F6F000207A00280DD1607A00280AD06079A1799B
:10F700000906090C0843627A21000A3180B204F02C
:10F7100055FB00F039FC24E00598441C814801F0B9
:10F7200003F8002528008049887304F0CEF97B484F
:10F730000570012005F0A5FB05F0DDFA11E000BF22
:10F74000CA170020FFFF0000640604109006041092
:10F75000300000203817002005980178734800F029
:10F76000E3FFD4E0079C207861780906090C084380
:10F7700080B2001F1AD0801E00D1A3E06C49401A4D
:10F7800070D0401E1AD0401F0BD0801E32D0401EB9
:10F790000DD0401E56D06749401A00D09AE0A01CF8
:10F7A000A1E0654800F0C0FFA01C9CE09BE063481E
:10F7B00000F0BAFF97E000BFD0060410604800F0E8
:10F7C000B3FF60495848808901F06CFE69460874AF
:10F7D0006846007C002805D06846017C5A4800F045
:10F7E000A3FF02E0594800F09FFF7CE00000F43FD7
:10F7F00000005940B14800F097FF201D06F024F9A1
:10F800000100AF4800F090FF201D06F01DF9010037
:10F81000AC4800F089FF01252900C9B2424880891F
:10F8200001F049FE694608746846007C002805D04E
:10F830006846017CA44800F077FF02E0A34800F08E
:10F8400073FF50E0A24800F06FFFA51C287869788C
:10F850000906090C084380B205F07CF843E000BFBC
:10F860000000F4BF9B4800F05FFFA01C00900098D0
:10F870008078002807D00098C27800988178964850
:10F8800000F052FF02E0954800F04EFF94A000F017
:10F890004BFF00988078002809D1009908784A78B1
:10F8A0001206120C104380B204F0D8F807E00625C7
:10F8B00000268C4F32002900380000F091FE12E043
:10F8C00004070410A51C2978874800F02DFFFFF7D6
:10F8D00025FB08E0217860780006000C014389B21E
:10F8E000824800F021FF12E0740704100698841C7F
:10F8F00021787F4800F018FF2078042801DAFFF70C
:10F900000DFB04E006980178C24800F00DFF09B035
:10F91000F0BD00BFA8070410DC070410C9170020C1
:10F920001408041024080410301500204C0804109A
:10F93000FB030000F50300006808041090080410A1
:10F94000C008041007B20100E80804101C090410E4
:10F95000F7B584B01D000C9F0120AF4908706846C0
:10F96000818AAE4800F0E0FE287802906878019025
:10F97000A8780090EB782A796979A94800F0D4FE3C
:10F98000380080B205F066FE0022A64B05F07CFE32
:10F99000002280235B0305F039FF22D8380080B2B3
:10F9A00005F058FE00229F4B05F06EFE009001917D
:10F9B000380080B205F04EFE00229A4B05F064FE3E
:10F9C00005F03EFF05F056FE02000B00009801997D
:10F9D00005F0C2FF0022944B05F056FE05F030FF03
:10F9E0001FE0380080B205F035FE00228D4B05F097
:10F9F0004BFE05F025FF05F03DFE0090019138001B
:10FA000080B205F027FE0022884B05F03DFE009AEB
:10FA1000019B05F03EFF0022834B05F035FE05F00B
:10FA20000FFF6946098F0A224A43009269468B8E6E
:10FA3000020016001C00380080B205F00BFE002208
:10FA4000784B05F021FE05F0FBFE0100230032009B
:10FA5000774800F069FE774CA07B012802D1032093
:10FA6000A07301E00220A0736846808AA08106206E
:10FA7000019000951B4E019A0099300000F002FEA3
:10FA80006846007E6C4908706C480026067069461E
:10FA9000898A418003F095FF694806706946898A22
:10FAA000418005F0B7F82000103002F0DFFA684618
:10FAB000808F04F00DFF07B0F0BD00004409041072
:10FAC0007809041094090410AC090410F809041012
:10FAD000380A04105C0A0410880A0410C80A0410CA
:10FAE0000A00000010170020E00A0410000B0410A8
:10FAF000180B04107CB506003000C0B2002803D0FB
:10FB0000022873D05CD384E04A4C01AA01A9491CA5
:10FB1000A08901F06EFD05002800C0B2002805D0C4
:10FB20002900C9B2474800F0FFFD48E0464800F010
:10FB3000FBFD6846027968464179444800F0F4FDCF
:10FB40006846407902281FD16846007902281BD1F7
:10FB5000012201213E4800F0E7FD00200090012332
:10FB600001220021A08901F04FFD05002800C0B24C
:10FB7000002803D0B14800F0D7FD20E0B04800F0E5
:10FB8000D3FD00F06EF91AE002220221304800F0A5
:10FB9000CBFD00200090022302220021A08901F069
:10FBA00033FD05002800C0B2002803D0A34800F0B0
:10FBB000BBFD04E0A24800F0B7FD00F052F928E0D8
:10FBC00013211C48808901F039FC05002800C0B2CF
:10FBD000002805D02900C9B29A4800F0A5FD04E02C
:10FBE000994800F0A1FD00F03CF912E0114880892D
:10FBF00001F0CBFC05002800C0B2002805D0290088
:10FC0000C9B2924800F090FD02E0914800F08CFDEE
:10FC1000FFE773BD380B0410CA1700204C0B04100B
:10FC2000900B04100000F43F000059400000F4BFA6
:10FC3000D40B041030150020C8170020300000201D
:10FC400038170020440C04106C0C04108C0C0410A9
:10FC5000AC0C0410F0B591B00700A0200D90B421B9
:10FC60000C913A00D2B2002A0DD0012A06D0022A05
:10FC700012D0042A13D0052A1BD030E00D900C912D
:10FC800004200B902BE0C820C0000D90FA20C0008B
:10FC90000C9005200B9022E000200B901FE0C82064
:10FCA00080000D900C9000200B90FA2040000E90E8
:10FCB00015E013216748808901F0C0FB0400200093
:10FCC000C0B2002805D02100C9B25E4800F02CFD6A
:10FCD00004E05D4800F028FD00F0C3F8FFE73800BD
:10FCE000C0B20028012808D9801E6DD0801E00D126
:10FCF00084E0801E00D19DE09DE0062100220FAD32
:10FD0000280000F06DFC00200A90002009900120DE
:10FD10000890002007900120069000200590002008
:10FD200004900020039000200290072001900C987E
:10FD300000900D9B13220221002005F090FE06008A
:10FD40003000C0B2002805D03100C9B2A04800F090
:10FD5000EBFC05E00B983F4988739E4800F0E4FCFB
:10FD60009D4B0F220321002005F0AEFE0500280068
:10FD7000C0B2002805D02900C9B2984800F0D4FCD0
:10FD800002E0974800F0D0FC0FAA0121012005F005
:10FD90009FFE04002000C0B2002805D02100C9B297
:10FDA000904800F0C1FC0EE08F4800F0BDFC8F4D84
:10FDB000280002F05BF93800C0B2012803D18C4959
:10FDC000280002F020F936E000220021002005F092
:10FDD0007FFE04002000C0B2002808D00B981D4907
:10FDE00088732100C9B2834800F09EFC02E082487B
:10FDF00000F09AFC7D4802F039F91CE00E9880B2C0
:10FE000000900B9B9BB20C9A92B20D9989B211484B
:10FE1000808901F0CBFB04002000C0B2002805D08F
:10FE20002100C9B2754800F07FFC02E0744800F080
:10FE30007BFC00E0FFE711B0F0BD0000E00C041017
:10FE4000E80C0410F40C0410200D0410440D0410F0
:10FE50007C0D04103015002080B5012001F003FD59
:10FE600001BD80B5012001F017FD01BD10B50400F2
:10FE70000220FFF7EFFE0020FFF7ECFE10BD10B5EB
:10FE80000200D2B2120903071B0F1400E4B20A2CBD
:10FE900003DB140037340C7002E0140030340C70B3
:10FEA0001C00E4B20A2C03DB1C0037344C7002E067
:10FEB0001C0030344C7010BD70B504000E000025DD
:10FEC0002800C0B2205C002819D02800C0B2002849
:10FED00013D02800C0B22018401E007858280CD13A
:10FEE0002800C0B2205C582807D12800C0B22118D1
:10FEF000491E3078FFF7C3FF01E06D1CE0E770BDDD
:10FF0000F7B504000E00002528003100C9B280B208
:10FF100089B2884230D2280080B2205C07002800D5
:10FF200080B2201840786946087068460078092831
:10FF30001DD1280080B23900C9B24018205C582871
:10FF400014D1280080B23900C9B240182018401ED0
:10FF5000007858280AD1280080B23900C9B2401868
:10FF60002118491E02980078FFF789FFFFE7380043
:10FF7000C0B22D186D1CC7E7F7BD80B50021402029
:10FF800001F05FFC01BD7047704780B5002005F0AF
:10FF90003DFE002802D004F0A4FE16E01948817B43
:10FFA000002902D0817B05290FD1807B002806D152
:10FFB000FFF7E9FF012004F064FF04F09CFE02203B
:10FFC000FFF748FE0120FFF745FE01BD00000000DD
:10FFD000AC0D0410F00D041088020020280E04104F
:10FFE000640E0410900E0410CC0E04104015002076
:10FFF000905F0100FC0E0410280F04104C0F041039
:020000041005E5
:10000000900F04103015002010B503F0C9F95C4CB6
:100010002100002003F090FA5A49012003F08CFAE5
:100020005948046010BDFEB504000F0016001D0005
:100030002000C0B2022803D152485349086002E0B0
:100040004F485149086001956846008C00903B007C
:10005000320092B22100C9B24B48006803F0D0FAD6
:1000600001000800C0B2002801D1002008E008000B
:10007000C0B2022802D10020C04301E00120C043E9
:10008000FEBDF3B583B017001E000A9D6846007CD4
:10009000022804D13B483C490860012403E0384869
:1000A0003949086000246846007B02280CD102A868
:1000B00000902B009BB23200390089B232480068B0
:1000C00003F07EFA010018E06846007B002805D1A5
:1000D0002D4801682000C0B203F02EFA02A801905A
:1000E000280080B2009033003A0092B26846017C4A
:1000F0002548006803F03DFA01000800C0B200285E
:1001000001D1002008E00800C0B2042802D102207A
:10011000C04301E00120C04305B0F0BD70B506004A
:100120000D00140023009BB22A00310089B216484A
:10013000006802F084FD0100002901D1002006E0E2
:10014000002902D5A4B2200001E00220C04370BD06
:1001500010B504002000C0B2022808D10A48016886
:10016000084A91420AD0006803F07EFA06E02000B7
:10017000C0B2032802D1002003F07CFA10BD0000B9
:100180009C160020AC1600203C17002001201F49BF
:1001900008600020704700B50120C0431B49096872
:1001A000012901D10021080040B200BD00B50020A6
:1001B000EFF3108172B6154A1368012B03D00122A8
:1001C000D243100001E00323136081F3108840B292
:1001D00000BD00B50020EFF3108172B60B4A136822
:1001E000032B03D00122D243100001E0012313604E
:1001F00081F3108840B200BD38B505000C00220024
:100200000349280005F095FE32BD000004050020DA
:1002100020E6041000B5BFF34F8FBC48BC4908600E
:10022000BFF34F8F00BFFDE7BA4800680005000D1F
:100230007047B8480068010B49B2484240B2704765
:100240000069704781B0D3490A6802430A600968AF
:1002500001400091009901B0704781B0CE490A6811
:1002600002430A60096801400091009901B070479B
:1002700081B0CA490A6802430A60096801400091D6
:10028000009901B0704700B5C44909680140814236
:1002900001D1012000E0002000BDC1490A680243ED
:1002A0000A607047BE490A6882430A60704780B599
:1002B00006F050F800F014F800F03CF800F09AF85E
:1002C00000F059F800F070F800F04AF800F0FEF87D
:1002D00000F022F9002005F05BFC05F00BFDFCE7C7
:1002E00038B588B018210024220002AD280000F0A3
:1002F00077F9082122006D46280000F071F90320EB
:1003000002908020400203901020059002A806F081
:100310000BF9002801D000F05DF900942020019035
:100320000021684606F006FA002801D000F052F9D4
:1003300009B030BD10B586B0182100226C462000EF
:1003400000F04EF9022000908020400105906846A0
:1003500006F0D2FA002801D000F03CF906B010BD3A
:1003600080B590489049016006F07CFB002801D0E0
:1003700000F030F901BD80B58C4800680090012084
:10038000FFF781FF002808D10120FFF786FF012039
:10039000FFF788FF0120FFF76BFFC020C00500902A
:1003A000684606F0B7FC01BD3EB5082100242200D6
:1003B0006D46280000F014F90120FFF764FF0028C3
:1003C00008D10120FFF769FF0120FFF76BFF012033
:1003D000FFF74EFF7648FFF733FF1028FAD3684641
:1003E000A02149000180210081700194684601F03C
:1003F00034FB37BDF0B585B00820FFF723FF04209C
:10040000FFF720FF01F09EFA1421002422006D4620
:10041000280000F0E5F88027BF0001223900902075
:10042000C00507F020F8634D00222900624807F05C
:100430001AF80095012501950294039469465E48D7
:1004400006F09EFE8026F6013100012007F064F8D8
:100450003100012007F094F800970195029403946D
:1004600069469020C00506F08BFE3900002007F099
:1004700053F83900002007F083F810200090019411
:10048000029469464C4806F07BFE1021012007F0DB
:1004900043F81021012007F073F88026360200226D
:1004A0003100454806F0DFFF009601950294039461
:1004B0006946414806F064FE3100012007F02CF83F
:1004C0003100012007F05CF805B0F0BD80B53B4875
:1004D0003B49016082214900416000218160016146
:1004E0004161E022D200C260802292008261182223
:1004F000C2610162416281620A21C16207F05EF855
:10050000002801D000F066F801BD00000400FA05E3
:100510000CED00E01C1E001010B586B01020FFF797
:100520009CFE2020FFF799FE264C274820600720DC
:10053000E0610420A061022020628020000260624D
:10054000C020C00360618020000320610120E060C2
:10055000200007F0C5FB002801D000F03BF80C207C
:10056000009000200190032102910390049017480D
:100570000590FFF759FE1649884205D0FFF759FE4E
:100580000490FFF751FE05906946200007F0C0FC7B
:1005900006B010BD50004048580040486000404838
:1005A00040004048F81600200000304804E60410DF
:1005B0000018006020400000000010485C0000208F
:1005C000007000411C14002000600041550500002F
:1005D000FF0F000080B572B6FFF71CFE01BD43009F
:1005E0001206130A1A43130C1A4300BF094205D01E
:1005F000830707D00270401C491EF9D170470000E4
:100600000022FFE71300103906D330B414001500A0
:1006100010393CC0FCD230BC490700D30CC000D517
:1006200004C0890002D30280801C002900D502701A
:1006300070478300850007000700830085000500E0
:100640000700030003000F00050082008100050081
:1006500070B4103A03D378C9103A78C0FBD253076C
:1006600001D318C918C001D508C908C0D20704D3DE
:100670000B880380891C801C002A01D50B7803702D
:1006800070BC70478B0701D18307E1D0124205D0BF
:100690000B78491C0370401C521EF9D170470300AF
:1006A000FFFFFFFFFFFFFFFFFFFFFFFFFFFF010057
:1006B00000000000FFFF01000000FFFFB0B505468D
:1006C000C07A1224802829D8298C172926D31448C7
:1006D000821D914222D8298A17291FD381421DD811
:1006E000A87E00281AD000F0B5FB002808D0E87ECC
:1006F000002813D0802811D8287F401E0E280DD83E
:1007000008483422294607F0B5FC07F07BFD002895
:1007100003D407F0ABFF002400E087242046B0BDDF
:10072000FA030000901400200EB4C0B5020003A824
:1007300001900020009001AB0121044878440C3066
:1007400007F0FEFF029906B0084700BF51DA020029
:1007500080B508F099FF80BD80B509F073F880BDC1
:10076000F1B50F0000203880264C200000F0C8FEB4
:1007700005002800C0B2002802D02800C0B240E026
:10078000200000F0C3FE040068460078C0070CD5C6
:10079000210089B21C4800F0BFFE05002800C0B24D
:1007A000002802D02800C0B22BE0174800F0BDFEA0
:1007B0003880210089B2154800F0AEFE06003000F6
:1007C000C0B2002802D03000C0B21AE0210089B2C5
:1007D0000F4800F0A1FE05002800C0B2002802D09A
:1007E0002800C0B20DE0210089B20A4800F094FE52
:1007F00001000800C0B2002802D00800C0B200E02A
:100800000020F2BDDC040020A8E20410CCE20410B9
:10081000F0E2041014E3041080B5022801D912207C
:1008200080BD09F033F880BDFFB581B00A9F002577
:1008300003980580049805803D806846007905216D
:100840000140002936D0634E300000F059FE694661
:10085000087068460078002802D0684600782AE0D0
:100860005D4C200000F061FE0399088020002430D8
:1008700000F05BFE04990880300000F047FE6946F6
:1008800048803D806846007A02280ED1684641883B
:1008900020006C3000F040FE694608706846007821
:1008A000002802D06846007805E04C4A0821002064
:1008B00000F003F8002005B0F0BDF8B507000E0009
:1008C0001500454800F031FE0400641C2B00320086
:1008D00092B2390089B2200080B200F014F8F2BD63
:1008E000F8B507000E0015003D4800F01EFE04009C
:1008F000641C2B00320092B2390089B2200080B211
:1009000000F001F8F2BDFBB584B015000024200012
:10091000C0B2052816D230482100C9B22422514362
:10092000401800F002FE69460880684600880028EA
:1009300006D068460088401C6946098A884201D072
:10094000641CE4E72000C0B2052801D112203FE07A
:10095000214E2000C0B2242148433018006A80880C
:100960006946898A2A0092B28918884201DA1220DF
:100970002EE02000C0B2242148433018006A00282D
:1009800001D1122024E0280080B202900698019044
:100990002000C0B2242148433018006A80686946AC
:1009A000898A4718029A01993800FFF76BFE2000E8
:1009B000C0B2242148433018006A0078800706D569
:1009C0002000C0B2242148433018006A458000202E
:1009D00007B0F0BD98040020E403002048E20410B2
:1009E00008040020F0B58BB007000E0015001C00B5
:1009F0001AA800780A9019A80078099018A8007819
:100A0000089017A80078079016A800780690694605
:100A100054200856059014A8007804901398039069
:100A200012A80078029011A8007801901098009008
:100A300023002A0092B23100C9B23800C0B208F0D7
:100A40007FFF0BB0F0BDF8B507000E0015001C00CD
:100A500023002A0092B23100C9B23800C0B209F0B6
:100A60000DF8F2BD70B506000D001400220029003B
:100A7000C9B23000C0B209F025F870BD38B5050024
:100A80000C002100C9B22800C0B209F0A1F832BDA3
:100A900080B509F0B5F802BD10B50400200080B2A1
:100AA00009F0D0F810BD38B505000C00210089B25E
:100AB0002800C0B209F0ECF831BD38B505000C00D3
:100AC0002100C9B2280009F007F932BD38B5050088
:100AD0000C002100C9B2280009F012F932BD10B58E
:100AE00004002000C0B209F097F910BD10B5040051
:100AF0002000C0B209F0B6F910BD38B505000C00F1
:100B00002100C9B22800C0B209F0D4F931BD10B536
:100B10000400200080B209F0D4F910BD38B50500FA
:100B20000C002100280009F0CDF932BD70B5060097
:100B30000D00140022002900C9B23000C0B209F033
:100B4000DBF970BD10B504002000C0B209F0FDF95A
:100B500010BD10B50400200009F008FA10BD80B5E2
:100B600009F020FA02BD10B504002000C0B209F05F
:100B700045FA10BD10B50400200080B209F064FAF7
:100B800010BD38B505000C002100280009F062FAFC
:100B900032BD38B505000C002100280009F084FAA8
:100BA00032BD10B50400200080B209F09FFA10BDDC
:100BB00010B50400200080B209F0ACFA10BD80B579
:100BC00009F012FB02BD80B509F010FB02BD80B533
:100BD00009F00EFB02BD80B509F00CFB02BD80B52B
:100BE00009F00AFB02BD80B509F008FB02BD38B56B
:100BF00005000C002100280009F01CFB32BD38B5AF
:100C000005000C002100280009F044FB32BD38B576
:100C100005000C002100280009F058FB32BD38B552
:100C200005000C002100280009F06CFB32BD38B52E
:100C300005000C002100280009F0A4FB32BD38B5E6
:100C400005000C002100280009F0E2FB32BD38B598
:100C500005000C002100280009F00AFC32BD38B55F
:100C600005000C002100280009F020FC32BD38B539
:100C700005000C002100280009F034FC32BD38B515
:100C800005000C002100280009F04AFC32BD38B5EF
:100C900005000C002100280009F058FC32BD38B5D1
:100CA00005000C002100280009F06EFC32BD38B5AB
:100CB00005000C002100280009F07CFC32BD38B58D
:100CC00005000C002100280009F090FC32BD80B521
:100CD00009F0D2FC02BD10B50400200009F006FDA9
:100CE00010BD80B509F004FD02BD10B50400200060
:100CF000C0B209F0FFFC10BD38B505000C002100A2
:100D00002800C0B209F008FD31BD38B505000C005F
:100D100021002800C0B209F017FD31BD10B5040054
:100D20002000C0B209F050FD10BD10B50400200035
:100D3000C0B209F09FFD10BD10B50400200080B2C4
:100D400009F0A0FD10BDFEB507000E0015001C0047
:100D50000A98029009980190089800902300DBB24D
:100D60002A00D2B23100C9B2380009F0A9FDFEBD97
:100D7000FEB507000E0015001C00099801900898A8
:100D8000009023002A00D2B23100C9B2380009F025
:100D9000F5FEFEBDFEB507000E0015001C0009A8FB
:100DA0000078019008A80078009023002A00D2B2B1
:100DB0003100C9B238000AF017F8FEBDF8B50700D7
:100DC0000E0015001C0023002A00D2B23100C9B267
:100DD0003800C0B20AF06AF8F1BD80B50AF0F0F848
:100DE00001BD10B5040020000AF0FEF810BD38B5B2
:100DF00005000C00210028000AF090FA32BD70B501
:100E000006000D00140022002900C9B230000AF0CB
:100E1000C5FA70BD80B50AF013FB02BD10B5040021
:100E200020000AF00FFB10BD38B505000C002100B2
:100E300028000AF083FB32BD38B505000C00210004
:100E400028000AF09CFB31BD10B5040020000AF018
:100E5000A2FB10BD80B50AF0C1FB02BDF8B50700CA
:100E60000E0015001C002300DBB22A00D2B23100B4
:100E7000C9B23800C0B20AF0B3FBF1BD10B504002E
:100E80002000C0B20AF0C8FB10BDF8B507000E0084
:100E900015001C000698009023009BB22A00310028
:100EA00038000AF0CDFBF1BD38B505000C0021007B
:100EB000C9B228000AF07AFC31BD38B505000C0033
:100EC0002100C9B228000AF047FD31BD10B5040069
:100ED0002000C0B20AF064FD10BD38B505000C005A
:100EE000210028000AF0A6FD31BD10B50400200045
:100EF00080B20AF0ADFD10BD80B50AF03DFE02BD26
:100F000038B505000C002100C9B228000AF036FEF1
:100F100031BD80B50AF05CFE01BD80B50AF074FEFB
:100F200001BD80B50AF086FE01BD10B504002000A9
:100F30000AF098FE10BD10B504002000C0B20AF0FF
:100F4000A9FE10BD10B5040020000AF0ADFE10BDD2
:100F500080B50AF0EDFF01BD70B506000D0014006C
:100F60002200D2B22900C9B23000C0B20BF002F8A0
:100F700070BD80B50BF032F802BD10B50400200042
:100F80000BF034F810BD10B5040020000BF042F84F
:100F900010BD10B5040020000BF050F810BD10B5C6
:100FA000040020000BF05EF810BD10B50400200016
:100FB0000BF082F810BD80B50BF0F8F901BDF8B563
:100FC00007000E0015001C006846007E00902300FC
:100FD000DBB22A00D2B23100C9B23800C0B20BF085
:100FE000F3F9F1BD10B504002000C0B20BF014FA03
:100FF00010BD38B505000C002100C9B228000BF067
:1010000023FA31BD70B506000D001400220029003E
:101010003000C0B20BF08CFA70BD10B50400200097
:10102000C0B20BF0A7FA10BD10B5040020000BF001
:10103000BDFA10BD38B505000C002100C9B228006A
:101040000BF0DEFA32BD38B505000C002100280097
:101050000BF004FB31BD10B5040020000BF034FB95
:1010600010BD38B505000C002100C9B228000BF0F6
:1010700053FB31BD10B5040020000BF099FB10BDEF
:1010800010B5040020000BF09AFB10BDFEB5070060
:101090000E0015001C000998019008A80078009027
:1010A0002300DBB22A00310038000BF08FFBFEBDBD
:1010B00070B506000D0014002200D2B229003000E5
:1010C0000BF07EFC70BD10B504002000C0B20BF028
:1010D000C5FC10BD38B505000C002100C9B22800C0
:1010E000C0B20BF013FD31BD70B506000D00140049
:1010F0002200D2B22900C9B230000BF073FD70BDDE
:1011000010B5040020000BF0B5FD10BDF8B50700C8
:101110000E0015001C002300DBB22A00D2B2310001
:10112000C9B238000BF0C2FDF1BD38B505000C00A6
:10113000210028000BF02AFE32BD10B5040020006B
:101140000BF070FE10BD10B504002000C0B20BF013
:101150009BFE10BD80B50BF0C9FE01BD80B50BF044
:10116000CDFE01BD80B50BF0D1FE01BD80B50BF009
:10117000D5FE01BD80B50BF0D9FE01BD80B50BF0E9
:10118000DDFE01BD10B504002000C0B20BF016FF5B
:1011900010BD10B5040020000BF024FF10BD10B5E9
:1011A000040020000BF076FF10BD10B504002000F5
:1011B00080B20BF0C9FF10BD10B5040020000CF088
:1011C00057F810BD10B504002000C0B20CF09AF81A
:1011D00010BD80B50CF0D6F802BD10B5040020009B
:1011E000C0B20CF0D9F810BD10B504002000C0B298
:1011F0000CF002F910BD70B506000D0014002200BD
:10120000290030000CF06EF970BD10B5040020000C
:101210000CF0A2F910BD38B505000C002100280023
:101220000CF0D6F931BD10B5040020000CF010FA16
:1012300010BD38B505000C002100280080B20CF06C
:101240003FFA32BD10B5040020000CF04DFA10BD7D
:1012500080B50CF009FB02BD38B505000C0021007B
:1012600028000CF003FB32BDF8B507000E00150096
:101270001C0023009BB22A0092B2310089B23800D0
:1012800080B20CF009FBF2BDF0B587B007000E008C
:1012900015001C0012A80078069011A8007805908F
:1012A00010A8007804900FA8007803900EA800788A
:1012B00002900DA8007801900CA8007800902300FF
:1012C000DBB22A00D2B23100C9B23800C0B20CF091
:1012D0006FFB07B0F0BD10B5040020000CF098FBC8
:1012E00010BD10B5040020000CF0E2FB10BD10B5DD
:1012F000040020000CF08CFC10BD10B50400200090
:101300000CF0A0FC10BD10B5040020000CF0B2FCE5
:1013100010BD10B5040020000CF0C6FC10BD10B5C7
:10132000040020000CF0D8FC10BD10B50400200013
:101330000CF0FAFC10BD10B5040020000CF022FDEA
:1013400010BD10B5040020000CF03CFD10BD10B520
:1013500004002000C0B20CF07FFD10BD10B50400E9
:1013600020000CF099FD10BD10B5040020000CF019
:10137000AFFD10BD10B5040020000CF0D7FD10BD6E
:1013800010B50400200080B20CF00AFE10BD10B5AC
:10139000040020000CF0E6FE10BD10B50400200093
:1013A0000CF0F8FE10BD10B50400200080B20CF067
:1013B00019FF10BD10B50400200080B20CF016FF1C
:1013C00010BD10B5040020000CF0D6FF10BD10B504
:1013D000040020000DF026F810BD10B50400200018
:1013E0000DF04CF810BD80B50DF080F801BD80B552
:1013F0000DF0CCF801BD10B50400200080B20DF056
:1014000029F910BD10B50400200080B20DF034F9A8
:1014100010BD10B50400200080B20DF04FF910BDD2
:1014200010B50400200080B20DF06CF910BD10B5AD
:101430000400200080B20DF01FFA10BD38B5050081
:101440000C002100C9B2280080B20DF02BFA32BD89
:1014500010B504002000C0B20DF028FA10BDFEB592
:1014600007000E0015001C000AA80078029009A8C9
:101470000078019008A8007800902300DBB22A00D1
:10148000D2B23100C9B23800C0B20DF017FAFEBDB9
:1014900038B505000C002100C9B2280080B20DF05B
:1014A00051FA32BD38B505000C002100280080B289
:1014B0000DF050FA32BD38B505000C002100C9B25C
:1014C000280080B20DF052FA32BD80B50DF056FA08
:1014D00002BDF8B507000E0015001C0023002A000D
:1014E0003100C9B23800C0B20DF04DFAF2BD38B5C6
:1014F00005000C0021002800C0B20DF04EFA32BDEC
:1015000010B5040020000DF056FA10BD10B504000F
:1015100020000DF054FA10BD38B505000C00210074
:1015200089B228000DF04FFA32BD10B5040020003A
:101530000DF04DFA10BDFEB507000E0015001C00A1
:10154000099801906846008C00902300DBB22A00C5
:1015500092B2310089B2380080B20DF03CFAFEBD83
:10156000FEB507000E0015001C00099801906846A2
:10157000008C00902300DBB22A0092B2310089B2C5
:10158000380080B20DF036FAFEBD10B50400200020
:1015900080B20DF038FA10BD38B505000C002100FE
:1015A00089B2280080B20DF032FA32BDF8B50700DA
:1015B0000E0015001C006846008B009023009BB2B3
:1015C0002A0092B2310089B2380080B20DF023FABD
:1015D000F2BDF8B507000E0015001C002300DBB2B9
:1015E0002A0092B2310089B23800C0B20DF020FA60
:1015F000F2BD70B506000D00140022002900300075
:1016000080B20DF02BFA70BDF8B507000E00150082
:101610001C006846008B00902300DBB22A00D2B287
:101620003100C9B2380080B20DF021FAF2BD10B518
:101630000400200080B20DF025FA10BD38B5050079
:101640000C002100C9B2280080B20DF028FA32BD8A
:10165000F8B507000E0015001C0023002A00D2B2C6
:10166000310089B2380080B20DF028FAF2BDE0B541
:1016700001A908700122084611460DF032FA00282F
:1016800000D08CBD01A800780DF049FA8CBD1CB5C6
:10169000044668460DF060FA0020082806D0694626
:1016A000095C225C0A432254401CF6E720460DF0F8
:1016B0008BFA1CBDF1B588B072480068069071487D
:1016C0000068089901406F4801606C48006802900A
:1016D0006D48006801906A48006800906B48006897
:1016E0000490684F0298009901403868084000282B
:1016F00069D0019804990140002964D100247B4DF0
:10170000E00028580099014038680840002801D1BD
:10171000641CF4E7E000285800990140386808404C
:101720000390E0002818406803990140002904D183
:101730000020C043E10069184860554F0399E0005C
:1017400028184068084000F0D3F838600121E00014
:10175000281842683B68080098408243E000281837
:101760004260EFF31080059072B6444802683B680F
:10177000080098408243414802600226002E0DD0A6
:10178000F0002818083802683B6808009840824337
:10179000F000281808380260761EEFE7059880F3FD
:1017A00010883C48396889004058804733480068B1
:1017B0000290354800680190314800680090334835
:1017C000006804908DE70020C043314908602F4C29
:1017D00001982168014000291FD104F091FAEFF32C
:1017E000108572B62548006802902748006801906D
:1017F000234800680090029800990140386808402A
:10180000002806D1019821680140002901D104F087
:1018100078FA85F310880DF0E7F90698386009B07A
:10182000F0BDF8B504000F001500EFF3108672B696
:10183000200000F05DF8800016490D5086F31088F6
:10184000F1BD30B4EFF3108272B60C4B1C68044348
:101850001C60264BCC001C590443CD005C5182F324
:10186000108830BC7047EFF3108172B6064A1368D7
:101870000343136081F3108870470000781700203D
:1018800024050020280500207C1700208017002058
:1018900084170020CC110020FEB50400244E3068CF
:1018A000009030680021C943884201D1002502E040
:1018B0000125306885401F4F386801903C601E4804
:1018C00001682140002904D1210028000DF08DF984
:1018D000F5E700993160EFF3108172B60268A24318
:1018E000026081F3108801983860F7BDBC160020B3
:1018F00010B5010000200A00130C1B04002B02D1BC
:10190000102318001204130E1B06002B01D10830FF
:101910001202130F1B07002B01D1001D1201074BF0
:10192000140F1B5DC0181F23181AC0B210BD000091
:1019300084170020801700207C17002044ED04103D
:1019400070477047704780B50DF056F980BDFEE7CF
:1019500000B5010049B2002905D40121C206D20E0A
:1019600091408D4A116000BDC1680322914302225B
:101970000A43C2607047C16803229143C160704747
:1019800000B5C0688007800F022801D1012000E067
:10199000002000BDC16803229143C160704700B5BB
:1019A000C0688007800F032801D1012000E00020DB
:1019B00000BD0161704700697047816A8022D205CD
:1019C0000A4382627047816A744A0A4082627047A1
:1019D000816A08004000C00F7047016B8022D20569
:1019E0000A4302637047016B6C4A0A400263704706
:1019F0000A00D2B28260704741627047406A704705
:101A0000C162704700697047816A802292050A436B
:101A1000826270477047816C01220A43826470477A
:101A2000C16C01220A43C2647047C16C0800C00740
:101A3000C00F704741607047002181607047806827
:101A40007047C0687047016901220A43026170470C
:101A500001690800C007C00F7047F1B5BD48FFF726
:101A6000DFFFBC48FFF7D7FF1720FFF771FF1420F7
:101A7000FFF76EFF00984068002801D0012000E0C9
:101A80000020B54C20702078002803D10098807881
:101A9000002802D000F03AFB09E0C8204003206291
:101AA000E061B348A061B3482061B3486061009829
:101AB0004068002805D1A020C00500F089FA6060C8
:101AC00014E0251D0098406800030A210DF0E1F89C
:101AD0002860AA4E300000F07BFA6168814201D292
:101AE000606802E0300000F073FA28606420A060B3
:101AF00000252800207300980088A066A169A06EC8
:101B000080B200F0E9FB2800842160540026002701
:101B1000266767678F48FFF775FF80216050A667CB
:101B2000E76720002830C0C00838280034216054FE
:101B3000934AA16960680DF003F92063207894212D
:101B400060548C202550012090216054280093215E
:101B5000605428009121605428009221605428008C
:101B60006121605428006221605428006321605480
:101B7000A665E7658348A064656500F032FA62688F
:101B8000002312184B412000403000F0D8FB012107
:101B9000200000F02FFBF1BD00E100E0FFFFFFBFE0
:101BA000FEB5002069460870EFF31080029072B60F
:101BB000694C6120205C00280BD000F012FAA26D65
:101BC000E36D8B4205D801D3824202D2002061210D
:101BD0006054029880F3108825009135287892216E
:101BE000615C884204D328789221615C401A06E047
:101BF00028789221615C401A802149004018002811
:101C000047D028789221615C884206D328789221B7
:101C1000615C401A6946487005E028789221615C51
:101C2000401A6946487001A98C20205800F0C4FC75
:101C30008C216050019F002F0AD03E69002038732C
:101C4000B868002802D03800B96888473700F2E742
:101C5000B14E6946306800F0F3FB306068460078AA
:101C600001280FD1EFF3108072B62978491C922217
:101C7000A25C914201D1297801E02978491C2970A0
:101C800080F31088A54801786A4652788918017057
:101C9000A2E7207B002843D0A148FFF7D9FE002807
:101CA00057D00021080020739420205C002806D122
:101CB000200093300278002A01D001701CE000F06F
:101CC000ACFC26008C366946306800F0B9FB306009
:101CD0006846007801280FD1EFF3108072B629789A
:101CE000491C9222A25C914201D1297801E0297815
:101CF000491C297080F3108869462000583000F094
:101D0000F9FC25004035280000F0B0F900F069F931
:101D10006268002312184B41280000F010FB18E005
:101D20002078002815D000F05CF9220028320CCA77
:101D3000FA2676030027B6185F418F4209D801D3EF
:101D4000864206D24034200000F090F9200000F0D6
:101D5000DEFAF7BD00180060A010002010B50400E6
:101D600021009A48006800F0D1FD10BD000000007D
:101D7000C2F528008D5B0000ECEB6501FFEFFFFF73
:101D8000260300000F230510F8B586B000F0D5FD3E
:101D9000002801D1002080E0032600F022F904AAE7
:101DA00003C2083A02A800F0D8FD07005D4A61208E
:101DB000105C002803D16220105C002803D038009A
:101DC000C0B2012803D16320105C00281ED0906DA2
:101DD000D16D0090019104A830C808388420105CAF
:101DE000002100196941946E002524184D410020FE
:101DF0005234454100980199A94204D801D3A04228
:101E000001D2012049E00220060009E03800C0B2FA
:101E1000022803D03800C0B2012801D101203CE0E3
:101E200013008C331868002835D01868007B002810
:101E300031D0186803C80090019104A803C80400B9
:101E40000D00906E0021001969410024523061415B
:101E5000009C019D8D4204D801D3844201D201200F
:101E60001BE03000C0B2032813D1186800690028B5
:101E70000FD118681100403188420AD10120932106
:101E80005054002000F05EFB4248FFF7ACFD0320F9
:101E900003E0022006003000C0B207B0F0BDF5B587
:101EA00083B00F000024684604723800C0B20028D6
:101EB00001D0012000E020001A4D642168546846DA
:101EC000007C002801D0012000E02000602168543F
:101ED0008D4E2800283003C800900191039A2800F5
:101EE000283003C8101A0021009A019B801859411C
:101EF00003C6083E61202C5463202C54012062212B
:101F0000685402A9300000F0F5FB012000F01AFB34
:101F10006846007A05B0F0BD2C1100203211002077
:101F200000100060A010002070B5C024E40520005F
:101F3000FFF721FD2000FFF72DFD1648FFF743FDB9
:101F40000024AB4D61202C5462202C5463202C546F
:101F5000EFF3108672B600F044F8AA6DEB6D121A1A
:101F60008B418420285C0021121A8B4186F3108853
:101F7000002B04DC01DB012A01D2012007E0002B49
:101F800004DC01DB0F2A01D2022000E02000C0B2F5
:101F900070BD00000018006070B5EFF3108672B6D7
:101FA0007148FFF72FFD0400C025ED052100891CB5
:101FB0002800FFF7FEFC2800FFF7D6FC86F3108808
:101FC00070BD70470020B149087070471400006070
:101FD00010B50400634A8648C16920000CF0B0FEC9
:101FE00010BD80B56946824800F0E2F904BD00B535
:101FF000801A99410A2200230CF0C4FE000B0A0546
:102000001043090B00BDF2B582B00700029C002509
:10201000FFF7E7FF00900191200029000903020D5E
:10202000114300030A2200230CF0C5FE009A019B15
:102030008018594102000B00380000F080F90600BA
:10204000012000F07FFAF6B23000FEBDF8B50700BF
:1020500014001D0022002B00380000F070F906006B
:10206000012000F06FFAF6B23000F2BDF8B50600BC
:10207000874C27008C373100386800F087FA05005C
:1020800000206946087030733868A8421BD0694642
:10209000280000F0D5F9386068460078002813D091
:1020A000EFF3108072B6210091310A78521C92230E
:1020B000E35C9A4201D10A7801E00A78521C0A7066
:1020C00080F3108800E03D60F1BD1CB50020009059
:1020D0000098254C2000FFF786FC6D4801009131E7
:1020E0000A78521C9223C05C824201D1087801E038
:1020F0000878401C08702000FFF792FC2000FFF7D2
:1021000094FC009013BD0000F810002010B5C84CDE
:102110002000FFF79DFC0028F9D017212000FFF7D1
:1021200089FC334C2000103000F00EF8E06920628A
:1021300010BD000010B5BE4C2000FFF784FC20004D
:10214000FFF77AFC10BD000010B50400FFF7F2FFA6
:10215000B748FFF77DFC0028FAD0200000F006F811
:1021600010BD00003506000000180060F1B584B015
:10217000AF4C2000FFF763FC05002000FFF75FFC79
:10218000854201D1002D04D12000FFF758FC050045
:10219000F3E7A84F28120290E8B201900298784322
:1021A0000199794309124018103040110499C86010
:1021B00004980560A04800902000FFF742FC06004C
:1021C0002000FFF73EFC864201D1002E04D1200002
:1021D000FFF737FC0600F3E7B011009941430A000E
:1021E00080321212049B9A60049A566005B0F0BDCA
:1021F000A0100020F8B505000F0090480078C0B28C
:102200007D214843FA2189000CF040FD0400641C44
:10221000B84AA9691B200CF093FDB7490870B7486C
:102220000078C0B200F03FF83D216854B44E3078D9
:102230002100C9B2401800F036F838216854B1487E
:102240000078C0B22100C9B2401800F02CF8392142
:102250006854AD480078C0B200F025F83A216854BF
:10226000C6480078C0B200F01EF83B216854380020
:10227000C0B2002808D030782100C9B2401800F060
:1022800009F81B303C216854F1BD00000311002007
:10229000A0100020010068204843DB224A43000AC6
:1022A000120C8018704738B50400B5484069002109
:1022B000220000230CF066FD032200230CF062FDD7
:1022C00002000B008020C004002180185941C00E7C
:1022D0004D012843C90E32BD70B506000C00854A79
:1022E0002100300080B20CF02BFD05008020400161
:1022F000854201DBA3480500102D01DA10200500FE
:1023000028110100C9B2A048FFF772FB70BD38B5B3
:1023100005009B4C207B002806D12078002801D0A6
:10232000FFF708FF01202073FFF75BFEA268002380
:1023300012184B412000403000F001F831BDF8B5D3
:10234000040016001F00002069460870207B00284A
:1023500001D0012028E0C0C4083C01202073134DA7
:102360002100286800F0D2F8A0421BD16946200065
:1023700000F066F8286068460078002812D0EFF375
:10238000108072B67E4B190091310A78521C92254A
:102390005B5D9A4201D10A7801E00A78521C0A700A
:1023A00080F3108868460078F2BD00002C110020F0
:1023B000F2B584B00600EFF31080019072B6306F72
:1023C000716F02AA03C2083A6F48FFF71BFB04991A
:1023D00008600498006880217158401A0090C34F2B
:1023E00002A830C808383A00F16900980CF0A8FC3F
:1023F00000210019694104000D00B06FF16F8D429A
:102400000DD801D384420AD23A00F1690020C043BA
:102410000CF096FC00210019694104000D00B4671E
:10242000F567019880F310882000290005B0F0BD01
:1024300000100060F6BC080053070000CE0000202A
:10244000F8B584B006000D00340000960020287016
:10245000002C26D0207B002821D0EFF3108772B605
:10246000FFF7BFFD02000B0003CC083C801A994126
:1024700002AA03C2083A02A803C800290ADB01DC49
:10248000012807D301210A0002A803C8110000F0A7
:1024900010F801E00120287087F3108801E024691A
:1024A000D6E72878002801D0009800E0200005B089
:1024B000F0BDF8B504000F000E4A314881692000D4
:1024C0000CF03EFC212801D3060000E02026884CB9
:1024D0002000FFF797FA0500A91908312000FFF73F
:1024E0008FFA2000FFF790FA2000FFF776FA280015
:1024F000F2BD000026030000C5000020C600002039
:10250000C8000020C9000020CA000020F8B504005F
:102510000F00250000260094002D0BD00CCD083DA7
:1025200003CF083F8B4205D801D3824202D22E004E
:102530002D69F1E73D61002E01D1009700E0376180
:102540000098F2BD38B504002000C0B200280BD0BE
:102550009C4805009035297800290DD14030FFF7BF
:10256000D6FE0120287007E0964D28004030FFF786
:102570007DFD00209021685431BD0000CB0000207B
:10258000A0100020FF0F00000018006030B502000E
:10259000130000241000002B04D08B4202D01C003A
:1025A0001B69F8E7002B06D0934202D11D69280071
:1025B00001E01D69256130BDF2B584B007003C0023
:1025C000002501950097049807602E00002C19D073
:1025D000207B002812D0FFF704FD02000B0003CC83
:1025E000083C801A994102AA03C2083A02A803C80B
:1025F000002903DB01DC062800D303E001942469F1
:10260000761CE3E7002E03D001980561009401E0F9
:1026100004980560009805B0F0BD38B58AB0694CE3
:10262000207800281FD06846FFF7A0FD0299A06E11
:1026300080B2FFF751FEEFF3108572B6012034210E
:102640006054019860610298A0610098206103982D
:10265000E061200000F011F885F3108800212000CF
:10266000FFF7C8FD07E0EFF3108572B6200000F019
:1026700004F885F310880BB030BDF8B504001C4891
:10268000FFF7C0F90600276A184D2A00390080209C
:102690002058301A0CF054FB210028310CC908399D
:1026A000002180185941206761672078002812D1E5
:1026B00080202058301A216B88420CD22A00390021
:1026C0000020C0430CF03CFB226F636F0021801898
:1026D00059412067616780202650206F616F22007A
:1026E000283203C2083AE0692062F1BD35060000D5
:1026F00000180060F2B586B0060000240698047049
:10270000B07A00285CD02F4D280028300CC808383B
:10271000686800218018594104AA03C2083AEFF3FF
:10272000108772B6FFF75DFC02AA03C2083A03CE17
:10273000083E0090019104A803C8C8229202002319
:1027400012184B4100980199994210D301D8904238
:102750000DD304A803C8B9225200002312184B411C
:1027600002A803C88B4229D801D3824226D202A8EC
:1027700003C800220A3051410090019103CE083E67
:1027800000224C389141009A019B8B4211D801D311
:1027900082420ED2327A317B0B0003CE083E190002
:1027A00000F012F806990870B47201207072F0728D
:1027B00004E062202C5401200699087087F31088E9
:1027C00007B0F0BDA0100020F7B586B06846007FC6
:1027D000012813D108A80078002807D07C483821A8
:1027E000415C00913C21405C01901AE0784839211D
:1027F000415C00913C21405C019012E008A8007807
:10280000002807D072483A21415C00913C21405C8D
:10281000019006E06E483B21415C00913C21405C08
:1028200001906B4C069D03A92000FFF7C1FD281AFB
:102830000590684AA16905980CF082FA0490019805
:10284000A16E4018C8300599884223D2624F04987F
:102850003978401A0099401A0290604D0398029905
:1028600041182800FFF7C8F800212800FFF7D2F828
:10287000C026F6053000FFF77EF83000FFF78AF833
:102880002800FFF79AF82800FFF7BEF8009839787B
:10289000451818E004983D21615C401A0099401ADF
:1028A0000290C025ED050398029941182800FFF712
:1028B00080F84A48FFF787F82800FFF755F8009896
:1028C0003D21615C451803980499401888216050A7
:1028D000029841192800401D81420CD2C024E40511
:1028E0002000FFF748F82000FFF754F83B48FFF7B7
:1028F0006AF8012007E03A4AE16928000CF020FA62
:10290000842160540020C0B209B0F0BD7CB506003F
:102910000D002F4C69462000FFF74AFD03C5083D16
:102920002F4AE1690098801B0CF00AFA020003CDDF
:10293000083D0023801A99417CBD00B524489121AF
:10294000415C9222825C914204D1007B002801D13B
:10295000012000E00020C0B200BD38B504001F4DCA
:102960002800FFF735F8002805D02800FFF746F8C3
:102970002060032018E0C025ED052800FFF700F8CF
:10298000002805D02800FFF716F8206001200BE092
:102990002800FFF704F8002805D02800FFF70BF8FF
:1029A0002060022000E0002032BD80B5FFF78DFBE3
:1029B000FCF73EFC01BD81B0002000900098094862
:1029C000016801220A4302600068009001B070476C
:1029D000A010002026030000C500002000180060A1
:1029E000350600007400006010B502001368002076
:1029F000108150819081907319000878FF2806D1CA
:102A000050681C00001B001F908100201BE008780C
:102A1000FE2803D11089401C108108E008780028A6
:102A200003D15089401C508101E003200BE048880D
:102A3000C01C03240443641C1B191800401D546867
:102A4000A042D9D3002010BDF6B50200079C089D16
:102A5000200080B2002805D068464480FE2606701B
:102A60006E4600E0566850689768B84202D23078E7
:102A7000FF2801D1042036E0107B002802D000207E
:102A8000107314E05768BC467788FF1C0320384356
:102A9000401C6746381850605068060050689768B8
:102AA000B84202D23078FF2801D104201BE03078F0
:102AB0000028E1D03078FE2801D0032013E0080080
:102AC000C0B2FF2804D070780F00FFB2B842D3D153
:102AD0005068001D019F386070881880002D01D05B
:102AE000707828700020F6BDFBB584B0140000207B
:102AF0000D9908800F9801906846008F009002ABF6
:102B000003AA6846017D0498FFF79EFF0500280090
:102B1000C0B2002802D02800C0B228E020006946D8
:102B2000098980B2884201D3062020E068460089E6
:102B3000210089B2401A6946098E884205DA684642
:102B40000089210089B2461A01E06846068E039882
:102B5000210089B240180090069F32000099380089
:102B6000FDF790FD684600890D990880002007B0A8
:102B7000F0BDF7B584B00600069802906846808ADA
:102B8000AC490140684601806846808A69460988E8
:102B9000401A69468870002468460088844210DA2A
:102BA000042502980019039001AF2A000399380008
:102BB000FDF768FD019A311900200CF03BF9241D46
:102BC000EAE70020C043019068468478029869468D
:102BD0000988451801AF220029003800FDF752FD91
:102BE000019A68460088311800200CF023F907B0DC
:102BF000F0BDFBB50400089E6D46521E0327174327
:102C00007F1CFE202870684600796870B8196880BB
:102C1000009A210000200CF00DF9029A390089B2C7
:102C20002000001DFFF7A5FF099A310089B2380086
:102C300080B22018001DFFF79CFF0020FEBDF8B5F4
:102C400004000D00160067686068A168884202D21F
:102C50003878FF2801D1042020E0207B002802D111
:102C60003878FE2801D0052018E02800798880B245
:102C7000884201D3062011E00020207368460288B4
:102C80006068290089B24018011D30000CF06CF911
:102C9000002801D1002001E00020C043F2BDFCB5B6
:102CA00083B004000D0000200A9908806946898DD0
:102CB000002907D001A96A46928D4A80FE220A7037
:102CC00001AE00E066686168A268914202D2317884
:102CD000FF2901D1042030E0217B002902D1317885
:102CE000FE2901D0052028E02900728889B291428E
:102CF00001D3062021E020737088290089B2401A90
:102D00006946098A884204DA7088290089B2471A1C
:102D100001E06846078A6068290089B24018001DF2
:102D20000290039800903A0002990098FDF7AAFCDF
:102D3000009870880A990880002005B0F0BD38B569
:102D40000500FF24E4432200290000200CF072F863
:102D5000002032BD70B5040065686068A1688842D3
:102D600002D22878FF2801D1042027E02878FE2805
:102D700023D12800FFF7E3FF01000800C0B20028BC
:102D800002D00800C0B219E0BE48227814235A438A
:102D90008218237814267343C3181B895B1E138182
:102DA000227814235A438218237814267343C018B8
:102DB0004089401C5081002000E0052070BD7FB597
:102DC00005000C00B0482818C60A01A80C21FDF720
:102DD00017FC02962000C0B20390694601A80CF0CF
:102DE000D3F87FBDF8B506000F0015006805400D4B
:102DF000002806D12A00390030000CF0B5F8002870
:102E000017D0681EA1490143491CC90AC9B2300044
:102E1000FFF7D5FF0024AC420BD2200004210BF0B9
:102E200035FF80003A58311900200CF003F8241DBA
:102E3000F1E7F1BDFCFF000001210170002141809C
:102E400081807047FFB587B0109E00273C00684620
:102E5000808C0190FF200090089D009A0199280025
:102E6000FDF7BEFBFE20694608766846808C001B95
:102E7000001F69464882307800283AD006AD681CA9
:102E80000390B088029005A801906846408A00909F
:102E90000898210089B24018031D0022FF210798DD
:102EA000FFF722FE694608746846808AB08068464B
:102EB000007C002804D00A9804806846007C6EE0FC
:102EC0006846808A68800420029006A801900898CD
:102ED000210089B240180090029A01990098FDF7EC
:102EE000D1FB00986888C01C032101436418641C4E
:102EF0001FE0B088019005A800906846438A0898B2
:102F0000210089B2421871880798FFF7C8FE694608
:102F100008746846007C002802D06846007C3EE0C9
:102F20006846808A7188401A401E03210143491C6B
:102F30000C006846808A7188401A401E03210143B4
:102F4000491C6846C1826846408A6946C98A8842E7
:102F50000BD2377070886946498A4018708068467D
:102F6000808C0A990880002019E06846C08A69466A
:102F7000498A884208D10120307077806846808C69
:102F80000A99088000200AE06846C08A6946498A92
:102F9000884200D369E701203070778065E70BB085
:102FA000F0BDF1B5BC488544364F8320000168442C
:102FB00000781421484338184089002801D10020A6
:102FC0005CE008A9832000016844007800F0B4FAAE
:102FD0000600099D06A8FFF72FFF8024240106A8FC
:102FE000009001AB22000CA908A8FFF72BFF0600F8
:102FF0003000C0B2042806D03000C0B2002802D091
:103000003000C0B23AE0684680882100884203D090
:103010003000C0B20028E0D06846808800280AD07E
:10302000684682880CA92800FFF7DCFE2D193000C5
:10303000C0B20028D1D00A98401E14490143491C4F
:10304000481BC40A10482818C00A6946087003A81B
:103050000C21FDF7D5FA6846007804902000C0B234
:10306000059002A903A80BF08FFF8320000168449C
:103070000078142148433818FFF7B6FCC3498D4443
:10308000F0BD0000A81500200000FCEFFF070000C5
:10309000F8B5BF4CA544060000206946C871002061
:1030A0006946887100243079844213DAB0680C21B3
:1030B0006143405C69460871784869460979142281
:1030C000514340184089002802D001206946887188
:1030D000641CE8E768468079002801D100205AE0A6
:1030E00080273F013A00FF210AA80BF0A9FF002525
:1030F000307985422ADAB0680C216943405C694620
:103100000871B0680C21694340184068039006A913
:103110006846007900F010FA6946487168464079BF
:10312000002801D0002036E004A8FFF785FE04A89F
:10313000009002AB38000399421A92B20AA8039990
:10314000411806A8FFF77EFE6D1CD1E73A000AA9D8
:103150003068FFF747FE00243079844219DAB068FE
:103160000C216143405C694608714C486946097905
:10317000142251434018FFF737FC694648716846EE
:103180004079002803D0684640796946C871641CBC
:10319000E2E76846C0797F498D44F0BDF2B5010091
:1031A00000200300022B0FDA7B4C0C255D436419D1
:1031B000A479220014000D00E4B2EDB2AC4201D1BA
:1031C000022026E05B1CEDE70300002B20D5040065
:1031D000724D0C265E43AE193679B44216DA0C26CF
:1031E0005E43AE19B6680C276743F65D32001600E1
:1031F0000F00F6B2FFB2BE4206D10C205843281889
:10320000009D2860012004E0641CE1E75B1CDCE712
:103210000020F2BDF1B5C74885440E0080273F016C
:103220003A00FF2108A80BF00BFF002430798442FC
:1032300029DAB0680C216143405C69460871684630
:1032400000798221090169440978884219D004A9CA
:103250006846007900F070F9B0680C2161434018AD
:10326000456802A8FFF7E8FD02A8009001AB9B1C8F
:1032700038002900421A92B208A8411904A8FFF7A1
:10328000E1FD641CD2E73A0008A93068FFF7AAFD07
:103290000020C9498D44F0BDD0F7FFFFA8150020DC
:1032A000FBB582B004000320C44E31005118050064
:1032B0000D436D1C6168491DA26891420BD3CE4835
:1032C00021781422514340184089002801D00B2056
:1032D0005AE0022058E061680F003978FF2913D1C5
:1032E000A0686168401AB04203D2A0686168461ABB
:1032F000FFE7300080B2290089B26A46128D891832
:10330000091D88421CDA0FE03978FE2904D039788B
:10331000002901D0032037E061687A88D21C02437B
:10332000521C89186160C5E7B348217814225143C3
:1033300040184089002801D00B2025E0022023E01E
:103340000B9801906846008D0090049B2A0092B271
:103350006846017B6068FFF74CFC01000800C0B2C2
:10336000002802D00800C0B20EE0A34B207814223F
:1033700050431A189C462078142358436346181863
:103380000089401C1081002005B0F0BD3408000009
:10339000D8F7FFFF2C08000008E604106017002093
:1033A000FEB50025002D7AD5944F0C20684338587F
:1033B000019000260C2068433818007986426CDAA8
:1033C0000C206843381880680C217143405C04006D
:1033D0000C206843381880680C21714340184068FD
:1033E00002900C206843381880680C217143401803
:1033F00000896946488080482100C9B2142251439F
:103400004158002903D12100C9B2022901DB012062
:103410008FE00199029A89182200D2B214235A43EC
:1034200081500C21694379180979491E8E420AD1CD
:1034300001998022120189182200D2B214235A4322
:10344000821851600FE001990C226A43BA18926801
:103450000C237343D218126989182200D2B21423A4
:103460005A4382185160694649882200D2B2142317
:103470005A43821811822100C9B2142251434018C4
:10348000FFF7B2FA6946087068460078002802D053
:10349000684600784DE0761C8CE76D1C82E70025BD
:1034A000022D45DA6F480C216943411889790C00D7
:1034B00051492200D2B214235A438A58002A03D118
:1034C0002200D2B2022A01DB012032E00C226A4340
:1034D00082582300DBB214267343CA500C226A437D
:1034E00082580C236B43C3189B88D2182300DBB28D
:1034F00014267343CB185A600C226A438018008943
:103500002200D2B214235A438A1810822000C0B27B
:10351000142250430818FFF767FA69460870684696
:103520000078002802D06846007802E06D1CB7E7FA
:103530000020FEBDE0F7FFFF10B502001000C0B292
:10354000022801DB012013E02B481300DBB2142416
:103550006343C3584B601300DBB214246343C018A9
:1035600040688860012008730A70002048730020BA
:1035700010BDF8B584B004000F0016001D001E48F1
:103580002178142251434018807B002801D00A2062
:1035900010E000200390002002900B9801906846F4
:1035A000008D00902B00320092B23900C9B2200089
:1035B000FFF79AFA05B0F0BD24080000FFFF0000F5
:1035C000FEB504000F0016001D000B4821781422E0
:1035D00051434018807B002801D00A200BE00020D6
:1035E0000190089800902B009BB23200390089B2FC
:1035F0002000FFF754FBFEBDA81500206017002037
:10360000F2B582B0040016001F00089D09980190D1
:10361000280080B200903B00320092B26846017AE6
:103620002000FFF73DFE01000800C0B2002802D0D4
:103630000800C0B215E0744A2078142358431318C8
:10364000944620781422504362461018828994468A
:103650007219521E032010436246101A401F9881AF
:103660000020FEBD08E6041010B504002000FFF79E
:1036700071FB10BDF0B587B0050001A92800C0B2EC
:10368000FFF78CFD694608706846007802282FD144
:103690005D4C2800C0B21421484327582800C0B20E
:1036A0001421484320184068039058483818C00A2D
:1036B000694648700398401E55490143491CC81B80
:1036C000C60A04A80C21FCF79BFF684640780590C9
:1036D0003000C0B2069002A904A80BF055FC2800E7
:1036E000C0B2142148432018FFF77EF9002025E0DE
:1036F00068460078012820D101992800C0B2FFF760
:1037000089FD04002000C0B2002813D100260198D2
:10371000007986420EDA019880680C217143475C7B
:1037200039483900C9B2142251434018FFF75CF9F7
:10373000761CECE72000C0B200E0012007B0F0BD2D
:1037400038B5040069462000C0B2FFF727FD050028
:103750002800C0B2022804D12000C0B2FFF721FC2B
:1037600008E02800C0B2012803D10098FFF790FCC0
:1037700000E0012032BD10B500F00BF8040020007D
:1037800040B2002803D42000C0B2FFF7D9FF0020C8
:1037900010BD30B51F4801781B4A0B00DBB2142462
:1037A0006343D3185B89002B19D00B00DBB21424C0
:1037B0006343D3189B890C00E4B214256C4312199F
:1037C000128A93420BD20A00521C027000228256C7
:1037D000022A01D100220270080040B212E0491C06
:1037E0000A00D2B2022A01D1002211000A00D2B28C
:1037F0000023C35612B21BB29A42CDD100220270EE
:103800000020C04330BD0000A81500200000FCEFE0
:10381000FF070000D5170020F0B583B004464C48E0
:10382000046020460CF055F8054620460CF041F89F
:103830000646684604F0DBFC0099091A4B0B454923
:103840000A681146D831002B02D11060012000E037
:103850000020087040480068447B0021FF2C0AD0FB
:103860002C2060433D4A12681018827C002A02D046
:10387000416AC068FFE70127002E03D0002D01D167
:10388000002911E0002D15D0354A8B1A5A425A41B1
:10389000344BCD1A6B426B41334D4E1B7542754113
:1038A000002907D013431D432A4E294D04D08847D1
:1038B000002701E0274E264D28680CF006F8002866
:1038C00001D0042520E028680BF0E8FF002801D093
:1038D000012519E028680BF0E5FF002801D002253A
:1038E00012E028680BF0F9FF2946052500280BD1C6
:1038F00008680BF0F6FF002806D1154800680BF0A9
:10390000BEFF002820D000250120A84017490968E3
:103910000A6802430A6000200CF07AFAFBF79CFC6C
:1039200004F060FC20460CF085FA3468607D0128C4
:1039300008D1217C0F200840E26809090CF040FC06
:103940000020607503B0F0BD002FE9D1EDE7C0465F
:103950009417002004170020081700200C170020DF
:1039600075100510450F051081100510A0170020D7
:1039700010B50400207800280ED001280DD00228B0
:103980000CD003280CD0052809D0062809D0072818
:103990000ED0082813D013E012E011E010E00FE081
:1039A0000EE08F48FCF7C0FE01208E49087007E04A
:1039B0008D48FCF7B9FE00208A49087000E0FFE757
:1039C00010BD10B504002078002802D0012807D0CF
:1039D0000DE06088C4490880608800F03CF806E08B
:1039E0008248C1490880608800F046F8FFE710BDB2
:1039F00038B57F48FCF798FE00207A4C01006170D2
:103A000075216054002001F035F80CF007FEFDF739
:103A10005CFD7848FCF788FE0023FA229200002122
:103A20000120FDF7D6FD05002800C0B2002805D012
:103A30002900C9B29D48FCF777FE02E09C48FCF7DC
:103A400073FE9C4880216050A84898216050A84887
:103A5000A849886031BDA4490880704738B5040082
:103A6000604D6878002806D1A348FCF75DFE012070
:103A70006870A8202C5231BD10B504005948417817
:103A8000012912D17521415C0F2908D00021417014
:103A90009A48FCF749FE0120FCF7DCF814E098484E
:103AA000FCF742FE00F0DAFE0EE04178032905D172
:103AB000BE48FCF739FE00F0D1FE05E04078002852
:103AC00002D10020FCF7C6F810BD80B5B848FCF75D
:103AD0002BFE00F0C3FE01BD70B5040000F0B2FE85
:103AE000002822D021000800C0B2FF2801D11320F5
:103AF0001CE03C48827823009BB21B0A5B065B0EED
:103B00008370C17001237525455D1D43752685555C
:103B100080781500EDB2A84202D0A648037002E0FA
:103B20000020A44B1870002000E0132070BDF8B5F1
:103B300084B0070000F086FE00284ED010200390CD
:103B40000297284E341D039A02992000FCF79AFD33
:103B50000820019038001030009034001434019A8D
:103B600000992000FCF78EFD9348FCF7DDFD002452
:103B700025002800C0B210280FDA2800C0B2301883
:103B80000179B348FCF7D0FD2800C0B20F2802DA53
:103B9000B0A0FCF7C9FD6D1CEBE7AF48FCF7C4FD16
:103BA0002000C0B208280FDA2000C0B23018017D12
:103BB000A748FCF7B9FD2000C0B2072802DAA5A08B
:103BC000FCF7B2FD641CEBE7A4A0FCF7ADFD75208B
:103BD000305C022101437520315405B0F0BD000076
:103BE00020B90410F00F002050B90410FFFF0000AE
:103BF00080B9041098B90410F8B584B0070000F03B
:103C000021FE002850D0102003900297944E3400DB
:103C10001C34039A02992000FCF734FD082001901F
:103C200038001030009034002C34019A00992000A4
:103C3000FCF728FD8B48FCF777FD002425002800C1
:103C4000C0B210280FDA2800C0B23018017F8048B7
:103C5000FCF76AFD2800C0B20F2802DA7DA0FCF74D
:103C600063FD6D1CEBE77C48FCF75EFD2000C0B2F5
:103C7000082810DA2000C0B230182C21415C7448AA
:103C8000FCF752FD2000C0B2072802DA71A0FCF751
:103C90004BFD641CEAE771A0FCF746FD7520305C23
:103CA000042101437520315405B0F0BDDCB9041086
:103CB000ECB904107748051010B5040000F0C2FDFF
:103CC00000280FD020000CF051FD65487521415CA3
:103CD00008220A43752142540CF073FD010062482A
:103CE000FCF722FD10BD000098100020954805103B
:103CF000E945051018160020F8B9041010BA041090
:103D000050BA0410F8B50700554CA7865748FCF781
:103D10000BFDA31C01220021380080B2FDF798FCA6
:103D200006003000C0B2002805D03100C9B25048AA
:103D3000FCF7FAFC02E04F48FCF7F6FC4E48FCF7B3
:103D4000F3FC0121380080B2FDF778FC0500280063
:103D5000C0B2002805D02900C9B24548FCF7E4FCF0
:103D600002E04448FCF7E0FC00F06CFD002809D0BC
:103D70004248FCF7D9FC02206070414920007830AD
:103D8000FEF741F91321A820205AFDF757FB040044
:103D90002000C0B2002805D02100C9B23948FCF784
:103DA000C3FC02E03848FCF7BFFCF1BD90BA041038
:103DB000D0BA0410CB170020F8BA0410F5B58FB0B4
:103DC0000E00274C607802283FD110A800783E28CA
:103DD0003BD27078312805D13078401C10A9097881
:103DE000884200D031E020007830FEF73FF930788B
:103DF000401E6946087102A80090B31C684602790B
:103E000021001431201D0CF001FD07003800C0B264
:103E1000002803D01D48FCF787FC16E002AC25788B
:103E20002800C0B2694609790A39884202D160780F
:103E3000342800D009E02A00D2B2A11C6846808F45
:103E400000F0E0FB1248FCF76FFC11B0F0BD000081
:103E500024BB04103A0000002CBB04100A00000030
:103E6000F00F002038BB041068BB041084BB0410A2
:103E7000DCB90410ECB90410A8BB0410D8BB0410C2
:103E800080EE3600F0BB04101CBC041064BC0410AF
:103E900078BC0410F7B58CB006001D00159C0DA869
:103EA0000078002823D0012800D1B1E1022800D1F8
:103EB000D0E1032800D10DE2042800D172E11028DE
:103EC00000D19AE0112800D167E2202800D125E234
:103ED0003F2800D128E1602800D1B5E2B02828D0E1
:103EE000BF2800D1E3E0F02800D1F8E268E30EA893
:103EF0000078FF281CD00DA80178C248FCF714FCFC
:103F000010202100C9B26854BF48C18E2200D2B22D
:103F1000AA185170C08E80B2000A2100C9B2691877
:103F200088702000C0B2285CC0B200092418A41C0C
:103F300056E3B07869460872F0786946C872052081
:103F40000590301D04900AA80190059A04990198E3
:103F5000FCF798FB0198707A69468872B07A6946D6
:103F60004872F07A317B09020143684681810DA8CD
:103F70000178A648FCF7D8FB68468089019068461E
:103F8000407A00906846837A0AAA6846C17A6846F1
:103F9000007A00F0B7FF07003800C0B2002812D046
:103FA0000EA80078FF280ED000202100C9B2685466
:103FB0002000C0B2281847702000C0B2285CC0B2F0
:103FC00000092418A41C3800C0B2002814D10EA87F
:103FD0000078FF2810D001202100C9B2685468463B
:103FE000007A2100C9B2691848702000C0B2285C6C
:103FF000C0B200092418A41CF2E20DA80178C5483B
:10400000FCF792FB0EA80078FF2800D1E8E2B07818
:104010006946087068460078002810D0002021000A
:10402000C9B2685406202100C9B26918487020003E
:10403000C0B2285CC0B200092418A41CD0E200AAB7
:10404000521C2000C0B22818811C6846007801F07C
:104050002DF807003800C0B200280ED00020210043
:10406000C9B268542000C0B2281847702000C0B2FE
:10407000285CC0B200092418A41C3800C0B2002873
:1040800014D16846407800010E2101432000C0B2DF
:104090002954684600782100C9B269184870200088
:1040A000C0B2285CC0B200092418A41C98E20DA874
:1040B00001789948FCF738FBB11C14A80078401E21
:1040C000C0B200F0A6FF07003800C0B2002812D02E
:1040D0000EA80078FF280ED000202100C9B2685435
:1040E0002000C0B2281847702000C0B2285CC0B2BF
:1040F00000092418A41C3800C0B2002813D10EA84F
:104100000078FF280FD00F202100C9B2685400208A
:104110002100C9B2691848702000C0B2285CC0B242
:1041200000092418A41C5BE20DA80178BA48FCF72A
:10413000FBFA3179B278F0780002104380B200F0D7
:1041400086FF07003800C0B2002812D00EA8007801
:10415000FF280ED000202100C9B268542000C0B250
:10416000281847702000C0B2285CC0B2000924188B
:10417000A41C3800C0B2002813D10EA80078FF2874
:104180000FD00F202100C9B2685400202100C9B20D
:10419000691848702000C0B2285CC0B20009241819
:1041A000A41C1DE20DA801789C48FCF7BDFA9C48B0
:1041B0000078002825D09B480078002817D09A481E
:1041C000FCF7B2FA1048831C01220021808EFDF713
:1041D0003FFA07003800C0B2002805D03900C9B244
:1041E0009248FCF7A1FA02E09148FCF79DFA914849
:1041F000FCF79AFA02200449487064218E48FDF7C2
:1042000002FFEDE19CBC0410F00F0020BCBC0410C8
:104210000DA801788948FCF787FA0EA80078FF28D6
:1042200017D010202100C9B268548548C18E2200E1
:10423000D2B2AA185170C08E80B2000A2100C9B251
:10424000691888702000C0B2285CC0B20009241828
:10425000A41CC5E10DA801787A48FCF765FA01F0C5
:10426000D7F807003800C0B2002812D00EA8007896
:10427000FF280ED000202100C9B268542000C0B22F
:10428000281847702000C0B2285CC0B2000924186A
:10429000A41C3800C0B200281BD10EA80078FF284B
:1042A00017D010202100C9B268546548C18E220081
:1042B000D2B2AA185170C08E80B2000A2100C9B2D1
:1042C000691888702000C0B2285CC0B200092418A8
:1042D000A41C85E10DA80178C848FCF725FA01F077
:1042E000B1F807003800C0B2002812D00EA800783C
:1042F000FF280ED000202100C9B268542000C0B2AF
:10430000281847702000C0B2285CC0B200092418E9
:10431000A41C65E1E4BC041010BD04100DA80178D4
:10432000B748FCF701FAF178B07800F09AFE070080
:104330003800C0B2002812D00EA80078FF280ED096
:1043400000202100C9B268542000C0B2281847706C
:104350002000C0B2285CC0B200092418A41C380098
:10436000C0B2002818D10EA80078FF2814D0112060
:104370002100C9B26854B0782100C9B269184870E8
:10438000F0782100C9B2691888702000C0B2285C9A
:10439000C0B200092418A41C22E10DA80178CC4861
:1043A000FCF7C2F9B07801F071F807003800C0B22C
:1043B000002812D00EA80078FF280ED0002021007F
:1043C000C9B268542000C0B2281847702000C0B29B
:1043D000285CC0B200092418A41C3800C0B2002810
:1043E00019D10EA80078FF2815D011202100C9B2DC
:1043F0006854B0782100C9B26918487001F060F8BB
:104400002100C9B2691888702000C0B2285CC0B20F
:1044100000092418A41CE3E038BD041060BD04109A
:10442000C9170020CB17002084BB0410DCB904108E
:10443000ECB90410D8BB0410181600208CBD041071
:10444000F00F0020BCBD04100DA80178C348FCF794
:104450006BF93079717909020143B079000408439E
:10446000F179090601430191019AF178B07800F0E1
:104470004FFF07003800C0B2002812D00EA8007805
:10448000FF280ED000202100C9B268542000C0B21D
:10449000281847702000C0B2285CC0B20009241858
:1044A000A41C3800C0B2002818D10EA80078FF283C
:1044B00014D011202100C9B26854B0782100C9B2CB
:1044C00069184870F0782100C9B269188870200016
:1044D000C0B2285CC0B200092418A41C80E00DA85A
:1044E0000178D748FCF720F9B07869460873F0786E
:1044F0006946C87305200690301D059008A80190F4
:10450000069A05990198FCF7BDF80198707A6946FA
:104510008873B07A69464873F07A317B09020143A7
:1045200068460182707BB17B09020143F07B000485
:104530000843317C090601430791079802906846B9
:10454000008A01906846407B00906846837B08AAF9
:104550006846C17B6846007B00F0ECFD0700380030
:10456000C0B2002812D00EA80078FF280ED000207C
:104570002100C9B268542000C0B22818477020003A
:10458000C0B2285CC0B200092418A41C3800C0B214
:10459000002814D10EA80078FF2810D00120210097
:1045A000C9B268546846007B2100C9B269184870D6
:1045B0002000C0B2285CC0B200092418A41C0FE07F
:1045C00000202100C9B2685402202100C9B2691834
:1045D00048702000C0B2285CC0B200092418A41C96
:1045E0002000C0B20FB0F0BD10B50400CE48FDF7FA
:1045F0003DFD0120FBF77EFA10BD0000E8BD041070
:1046000014BE0410F7B590B00027FF433D0002260A
:10461000119800784006400E6946C8726846C07A14
:10462000CB498978884250D11198441C119812A91D
:1046300009784018401E84422FD22078C0B2000969
:10464000401C694648726078694608726D1C68466D
:10465000007ABF49C978884203D06846007AFF28AB
:1046600016D16846007AFF2800D02F0020786946CE
:1046700088723000C0B201906846407A009003AB67
:104680006846027A6846817A2000FFF703FC06003C
:104690006846407A2018441CC8E7380040B2002819
:1046A00013D403A8711E0170342141703300DBB2B2
:1046B00003AA3900C9B210A8008800F00BF86846B8
:1046C000807A012801D100F089F913B0F0BD000013
:1046D00040BE0410F5B585B00F001D009C4C2600AF
:1046E000383628000A3030703120392160542000DB
:1046F0003A300090069B2A00D2B221002C312000D3
:104700001C300CF08DF86946087302963820205C46
:10471000401CC0B201903800C0B20090A378A278CB
:104720006846818AA08E0CF087F806003000C0B27F
:1047300000280DD03800C0B20190A07800906846E3
:10474000838AA28E3100C9B2A348FBF7EDFF02E0D5
:10475000C648FBF7E9FF07B0F0BD00006CBE0410CF
:10476000F3B58FB00600002007003178C9B20909FF
:10477000491C6A46917271786A461172744D694695
:10478000097AEA78914203D16946097AFF2910D162
:1047900003A93A00D2B2885406203A00D2B28A184D
:1047A00050703800C0B2085CC0B200093C18A41CAC
:1047B0002AE0AF490978002914D0B44909780029C2
:1047C00010D003A93A00D2B2885401203A00D2B2E4
:1047D0008A1850703800C0B2085CC0B200093C189A
:1047E000A41C11E03078694648723800C0B20190CC
:1047F0006846807A009003AB6846027A6846417A40
:104800003000FFF747FB04002000C0B2002814D09E
:1048100003A800906846047100980178AB48FBF744
:1048200083FFA8202A5A694604200BF04FFF6846F0
:10483000407A012801D100F0D1F811B0F0BD00009C
:104840009CBE041000B557484178012902D0407839
:10485000032801D1012000E0002000BD10B53C4C30
:10486000042060700020FBF7F5F999492000903092
:10487000FDF7C9FB10BD38B50400354D6878022836
:1048800007D1C148FBF750FFA88EFCF7D0FEFFF719
:10489000E5FF31BDF1B582B02D4C6078042816D10A
:1048A000002528006070B948FBF73EFFFCF70DFEBD
:1048B00010260095271D009A31003800FBF790FE66
:1048C000082714342A0039002000FBF789FEF7BDC1
:1048D00038B5040020007F4980B2884215D01C4DB5
:1048E000AC86687802281DD1A949AA480078FCF74F
:1048F000FEFD002816D103206870A748FBF714FFBF
:1049000028007830FDF7B2FB0CE0114D68780428E0
:1049100008D103206870A948FBF706FF28009030F3
:10492000FDF7A4FB31BD000018160020A448407814
:10493000704700B50200A2484378022B02DA00203B
:10494000C04304E083781370C0780870002000BD75
:10495000F00F00201FB50400002069460870FFF723
:10496000E5FF032805D10021200080B2FCF790FD6F
:1049700014E001AB6A4601210020FCF7AAFD68465D
:104980000078002805D10121200080B2FCF780FDCD
:1049900004E00021200080B2FCF77AFD1FBD8848AA
:1049A000C08E7047F00F002000B501008448C28E11
:1049B000D2B20A4201D0012005E0C28E0B00DBB268
:1049C0001A43C286002000BD7D49CA8E0300DBB2B7
:1049D0009A43CA8670470000CCBE0410FEB5FCF7AF
:1049E00074FD1020029000250195754E341D019A2A
:1049F00002992000FBF7F4FD0824009537001437D6
:104A0000009A21003800FBF7EBFDFF20F070757075
:104A10006C48FBF789FE0020FBF71CF9F7BDFEB5DB
:104A20001020029000250195654E34001C34019A37
:104A300002992000FBF7D4FD0824009537002C379D
:104A4000009A21003800FBF7CBFDFF20B070214811
:104A5000B0862800F08675203554002000F00AF852
:104A6000FFF7BCFFF7BD58480078704758BF0410E7
:104A7000D317002010B50400534804702000C0B2C2
:104A8000002802D00120FFF78FFF10BDCA170020B9
:104A900070B505000C004D4E3088132814DA2878C4
:104AA0000BF0E8FF28780D2806D10020484932880D
:104AB0008854FAF7CBFB07E030880100491C3180AD
:104AC0002978434A80B2115470BD000098BF041089
:104AD00080EE3600FFFF000010B53D4C04223D493A
:104AE00020000BF0E9FF002810D13B48FBF71CFE2B
:104AF0003A48FBF719FE3A48FBF716FE3948FBF730
:104B000013FE3948FBF710FE00203BE0072237492F
:104B100020000BF0D1FF002807D10BF052FE01005E
:104B20003348FBF701FE00202CE009223149200028
:104B30000BF0C2FF002807D12F48FBF7F5FD01203D
:104B4000FFF732FF00201DE006222C4920000BF069
:104B5000B3FF002806D12A48FBF7E6FDFFF77EFEEB
:104B600000200FE00922274920000BF0A5FF0028B4
:104B700007D12548FBF7D8FD002000F038FD0020C4
:104B800000E0012010BD0000B4BF0410D8BF041025
:104B900010170020C8170020FCBF041080B5FFF7D5
:104BA0009BFF002803D11948FBF7BEFD02E018481F
:104BB000FBF7BAFD00200549088001BD34C0041090
:104BC000F00F002070C0041066100020C0170020F5
:104BD00088160020C0C00410C8C00410F0C0041023
:104BE00018C1041048C104107CC10410B8C10410DD
:104BF000C0C10410E4C10410F0C1041014C20410B8
:104C00001CC2041048C2041054C2041084C2041010
:104C10008CC2041000B50178002902D0012904D00B
:104C200007E041880C4A118003E00C490A4A1180D0
:104C3000FFE700BDE0B50948074908800BF0ABFF6E
:104C400007480090072069460871694600200BF06C
:104C5000CAFF07BD00000000BC170020FFFF0000D6
:104C6000B40200201FB504009A48FBF75DFD0BF06D
:104C7000F4FF0CF0F9F8FF20009087235B00C822B6
:104C8000C82195480CF0A8F92000C0B2002822D015
:104C9000FF200CF0A5FA002001902F200090502357
:104CA000992200218D480CF07BFE002001901E20EF
:104CB00000901D235C22002189480CF071FE002029
:104CC000029003200190002000903223C322322161
:104CD00005200CF093FB0CF074F98248FBF724FDDF
:104CE0001FBD80B50BF0B9FF0CF0BEF80CF002F957
:104CF0000CF067F901BD80B57B48FBF715FD0BF0A3
:104D0000ACFF0CF0B1F874480CF02DF90CF059F927
:104D10007448FBF709FD01BD70B588B006000D00B1
:104D2000300080B2FA218900884203DA2800C0B23C
:104D3000642801DB012038E06C4CFF200090E08803
:104D400003009BB25B0864339BB2C8226420E188F5
:104D500089B24908411A89B21C200CF0AFFA32001E
:104D600092B2634905A80CF07BFE2A00D2B26149D9
:104D700002A80CF075FE00200190FF200090230097
:104D800005AA6420E18889B24908411A89B21C2029
:104D90000CF0BEFD00200190FF200090564B02AAAF
:104DA0005021A5200CF0B4FD002008B070BD30B536
:104DB00085B005000B21002202AC2000FBF710FC9F
:104DC00028000CF06DFE0B2801D30A2002E0280019
:104DD0000CF066FE0200290002A80CF069FE474CA8
:104DE000FF200090E3885B1D9BB2B92200210020C8
:104DF0000CF064FA00200190FF200090230002AA2A
:104E0000052105200CF084FD002005B030BD3EB525
:104E100004002000C0B2032801DB012030E0FF20A5
:104E20000090C823AA22832164200CF047FA2000B6
:104E3000C0B2002823D03248002101912100C9B21C
:104E4000C9004118C91E097889B200912100C9B270
:104E5000C9004118091F0B789BB2C8212200D2B2A9
:104E6000D2008218D21E12788A1A92B264212500CA
:104E7000EDB2ED004019083800680CF091FD0020FB
:104E80003EBD1CB50400FF2000900723C82200216E
:104E9000C1200CF013FA2000C0B2012802D0022871
:104EA0000BD015E000200190012000900023032288
:104EB0000421C5200CF058FB0AE0012001900120DC
:104EC0000090002303220421C5200CF04DFBFFE7D6
:104ED00013BD0000D0C60410D04E002014E9041009
:104EE00018C70410E8C60410F0C604109802002089
:104EF00008C7041010C70410C8030020A002002037
:104F0000B8030020FBB584B016000C9F6846808E65
:104F1000002801D0012400E000246846808E80B281
:104F20004008694608816846007C002834D1784DE5
:104F3000002028706846017C7648FBF7F5FB684640
:104F4000007D0200D2B29209D2B26846017D724859
:104F5000FBF7EAFB3078019070780090B378F27834
:104F600031796E48FBF7E0FB6846017E6C48FBF741
:104F7000DBFB3900C9B26B48FBF7D6FB68460389F7
:104F80002200D2B26846818E6748FBF7CDFB6846A7
:104F90000089002802D122E0062038E06846007E21
:104FA000002803D03800C0B2002801D106202EE02E
:104FB0006846007E400002280FDB5C486946097E97
:104FC0004900814209DA3900C9B24900022904DBEB
:104FD0003900C9B24900814218DB062017E02000E1
:104FE000C0B2002809D128780CF054FE5048FBF7D5
:104FF0009BFB0420FFF7E8FC08E028780CF039FE62
:10500000B848FBF791FB0420FFF7CEFC002007B067
:10501000F0BDF3B581B00C240026B34D2F00320053
:1050200021003800FBF7DCFA684600790C2801D330
:105030000B2401E068460479029800902200009950
:105040002800FBF71FFBFAF798FF0020FEBD38B5DC
:1050500005000C00A54885838477FAF78EFF0020B1
:1050600032BD38B505000C00A14804702200D2B250
:105070002900C9B29F48FBF757FB2800C0B200289F
:1050800004D000209C49087006200EE02000C0B229
:10509000032804DB002098490870042005E0FAF793
:1050A0006CFF012094490870002032BDF1B582B038
:1050B0000F0015000020009001006A4691802870C2
:1050C0008E4C200002F092FE0321200002F0E1FE4F
:1050D000002804D08A48FBF727FB0A2017E02000AD
:1050E00002F010FF00900098E12109014843C449F3
:1050F00009F0CFFD060030003870300080B2000AA1
:10510000787002202870200002F09CFE0020FEBD76
:10511000D217002094C20410A8C20410D0C20410F8
:1051200000C304102CC3041058C30410FF01000076
:105130009CC30410FBB584B014000D9E0E9D684600
:10514000007C002801D00620B2E0FFF728FC000711
:1051500006D5002D02D1A348FCF788FF0020A7E068
:105160000BF02FFB03900398281A029003996548CF
:10517000FBF7DAFA29006448FBF7D6FA029863498C
:10518000884201D30C2093E0029800280FD1300010
:1051900080B201900CA8007800906846037E22003F
:1051A0006846017D6846007CFFF7ACFE7FE09548CD
:1051B000FBF7BAFA6846017C9348FBF7B5FA6846F4
:1051C000017D9248FBF7B0FA20780190607800905A
:1051D000A378E27821799848FBF7A6FA6846017E21
:1051E0009648FBF7A1FA0CA801789548FBF79CFAC2
:1051F000300080B2002801D0012200E000223300FC
:105200009BB25B089BB2D2B2310089B29C48FBF7DB
:105210008BFA0820FFF7C8FB002821D16846007CE4
:10522000984908706846007D9749087005200190EC
:105230000094A24F019A00993800FBF723FA6846C0
:10524000007EA14908700CA80078A0490870A04809
:105250000680A048056002996248FCF7D4FE26E06B
:105260009C480068854220D19B48FBF75DFA684660
:10527000007C844908706846007D834908700520D9
:10528000019000948D4F019A00993800FBF7FAF9CC
:105290006846007E8C4908700CA800788B4908701D
:1052A0008B4806808B48056001E00B2000E0002061
:1052B00007B0F0BD1CB504000820FFF785FB874848
:1052C000FBF732FA8248008801908048007800900D
:1052D0007D480378794A6C4801786A480078FFF77E
:1052E00011FE13BDA8C30410A003002094030020E6
:1052F000B5030020B0C304102A0600201C140020AF
:10530000D8C30410F0C304100CC40410014031F7DA
:10531000F7B504000D002000C0B2002801D006201F
:105320005FE02800C0B2032801DB042059E0FFF74A
:1053300036FBC00607D50298002802D12948FCF7A1
:1053400095FE00204DE00BF03CFA07000298C01BD0
:1053500000903900A748FBF7E7F90299A648FBF748
:10536000E3F90098A549884201D30C2039E0009860
:10537000002806D12900C9B22000C0B2FFF771FE93
:105380002EE02048FBF7D0F92100C9B29C48FBF77A
:10539000CBF92900C9B29B48FBF7C6F91020FFF7EB
:1053A00003FB00280BD198480470984805700298B8
:1053B0009749086000999748FCF725FE10E0944E45
:1053C00002983168884209D14348FBF7ADF98E480D
:1053D00004708E4805700298306001E00B2000E0F8
:1053E0000020FEBD6802002010B504001020FFF769
:1053F000EBFA8648017884480078FFF732FE10BD4A
:10540000FFFF000020C4041094C2041048C404101C
:1054100080B5FFF728FB002806D10120FFF7D4FA5A
:105420007D48FBF781F905E00120FFF7BDFA7B48D5
:10543000FBF77AF9002002BDD0C2041000C30410AB
:105440002CC3041080B5FFF771FA022804D10020A4
:105450007349087003200EE0FFF768FA012803D0B3
:10546000FFF764FA032805D101206D490870012077
:10547000FAF740FB002002BD694800787047000041
:1054800058C30410CC170020CD17002010B504001D
:105490002100C9B26348FBF747F92000C0B20028D9
:1054A00001D0062008E060480078002801D10520DE
:1054B00002E0FAF762FD002010BD0000281700206E
:1054C0005A48007870470000CE170020CF17002000
:1054D000C21700204417002060C4041098C40410B0
:1054E000F8B5C6B006A8524980225200FBF7B0F8C2
:1054F00000252800694688752F004E48FBF714F9EF
:105500004D4C21000C3120000CF0F0FC002809D09B
:105510004A4E3000FFF74BFC01200700310020000D
:105520000CF03CFD464E042221001C31300009F0F5
:105530001BFD002809D0A17FA08BFFF7EDFB012008
:10554000070069468875E06930602020205C2121D1
:10555000615C88420BD02120205CFFF758FC0120C1
:105560000700694688752120205C20216054222094
:10557000205C002803D00120070022202554380099
:10558000C0B2002801D0FFF7B6FB6846807D002836
:105590002BD0FF20694648756946087505A905A8FE
:1055A000401CFFF7C6F906A80CF07AFA25494A68AC
:1055B0000492096803912021615C0291A17E01910E
:1055C000218B009169460B7D69464A7D1E4906ACD8
:1055D00020180CF045FA06A91CA0FBF7A5F81CA0A2
:1055E000FBF7A2F806A80CF044FD47B0F0BD0E4949
:1055F00008707047F0C304100CC40410014031F768
:10560000C0C40410D8C40410D0170020D117002043
:105610004817002050020020F0C4041034C50410C4
:10562000D317002074C504102A060020B4030020FC
:10563000D0C504109CC5041094030020A0030020D2
:10564000AC03002018170020B0C50410257300001B
:105650000A000000010042221201D21E004207D0BF
:1056600002D4521E0018FCD5C10A40051205891843
:10567000704700000100EED54042F446FFF7EBFF13
:105680000122D20711436047F0B50E005E400125AC
:10569000ED072E40B446AE0ADF184C18F44208D28B
:1056A000F7420ED2640D01D07F0D12D10020614669
:1056B000F0BD05D1F74201D87F0D05D10020C143CF
:1056C000F0BDFBD1640DF9D00020C1434905490864
:1056D0008FE0E419C902DB0229432B43DB0A460DA4
:1056E000C00231438E4630B487B295B27D432E0C52
:1056F000ADB2140C7C43A419260C240425439CB29F
:105700007C43A419190C7943270CC919A4B20F04BE
:105710003C43090C000C97B247432E0CBE1935438D
:10572000ADB2170C4743360CBF19A6B2BF193E04E1
:105730003543240C3E0C36199FB24743BF19BCB207
:105740003E0C89191F0C47437F183E043443390C23
:10575000704680B297B247432E0CBE193543ADB2A6
:10576000170C4743360CBF19A6B2BF193E04354388
:10577000240C3E0C36199FB24743BF19BCB23E0CF5
:1057800089191F0C47437F183E043443390C774670
:105790003F0C90B278432E0C80190604ADB22E4314
:1057A000050CA0B22D18120C7A435019020C80B2CD
:1057B000240CA4189AB27A43121914042043120C30
:1057C00089181B0C7B43C91830BCEF0A394203D13E
:1057D000B61940414941641E6F12BF0DE41B0BDB3B
:1057E000FF19BC4211DA240500274208AE41784176
:1057F000614166463143F0BD641C05D1401C6141E6
:10580000CF0201D34908F4E750E75DE730B4012443
:1058100064054D00EC420BD85D00EC4208D80C004A
:105820001C4364000443144304D28B4200D18242DF
:1058300030BC7047FCD09942FAD19042F8E7FEE7BD
:10584000F4464A1805D200F00FF801D58017400839
:10585000604700F009F80121C907884200D9080013
:10586000404260474A1812D2400DC9020843012144
:10587000C9070843520D40210901521A521C06D48F
:1058800052421F3201D4D0407047C01770470020E9
:105890007047F0B40125ED070F005F404FD48B42F5
:1058A00000D1824205D98446100062468C46190018
:1058B0006346DF184C18640D7F0D3AD0661C7605E0
:1058C00037D0E61B352E34DCDB022B43DB0A0C0D14
:1058D000C9022943C912202E0DDB1700203E06D035
:1058E0001F00F741F3405F400026012A7741C018AE
:1058F00071410DD217E01700F741F2405740F341D4
:105900005A40B340F3405A400026801859410AD308
:10591000A21C52050FD0C207012F72411700400888
:10592000CB0718434908641C24054208AF41704165
:105930006141F0BC7047641C21050020F9E76B4011
:1059400010E06B40ABE7F742F3D1E943F1E72442C3
:10595000EFD100200021ECE7F0B40125ED070F00A6
:105960005F40EED40C00871A9C4105D2C01BA141B8
:10597000D219634169406B40AE0ADF184C18F442FB
:10598000E1D2640D7F0DE2D0E61B362ED1DCDB02C6
:105990002B43DB0AA4460C0DC9022943C90A012E78
:1059A00028DC04D1D6075208DF073A435B08EF0A28
:1059B00076429041994114D039423BD1B6194041C9
:1059C0004941761C394204D1761C001849413942BC
:1059D000FAD0B9436746B74208D9A41B240521432E
:1059E000A7E70042EAD13642E8D1A2E7E40AE1079C
:1059F00000209EE7202E0BDD203E1F00F340F741E4
:105A00005F40012A002257417E42984191410BE0BC
:105A10001700F741F2405740F3415A40B340F3407A
:105A20005A407E42904199410A0303D2641EB6193E
:105A3000404149410027641E24054208AE41784197
:105A40006141F0BC7047FEE7C37882784178007806
:105A50001B021A4309021204084310437047F0B5B1
:105A600093B01F4615460E4612901C9C08461146E0
:105A700022460CF02BFB002824D122980D901FAB5E
:105A80000DCB11901E980F901D980E901B980C90A6
:105A90001A9919981097189F089209930D9A0A92CB
:105AA0000097019002910C98039004940E98059031
:105AB0000F98069011980790129831462A46109B2D
:105AC000FAF790FF13B0F0BD80B5FAF7BCFF80BDC8
:105AD00080B5FAF7C7FF80BD00B5010049B20029C3
:105AE00005D40121C206D20E9140BE4A116000BD0C
:105AF000F0B5020052B2002A17D41822BA4B0400A3
:105B000064B2A408A4001C59FF25C6001640B54085
:105B1000AC438D01EDB2C6003240954025430200F2
:105B200052B2920892009D501BE00F22AF4B1824F6
:105B300005006DB21540083DAD08AE0005006DB220
:105B40002A40083A920892009A58FF25C700274039
:105B5000BD40AA438D01EDB2C7003C40A5401543AE
:105B60009D51F0BD00B5A24909680140814201D1B3
:105B7000012000E0002000BDEFF31081012282F33C
:105B80001088026820231343036081F31088704754
:105B900038B584B004000020FBF7D2FE00F055F8C1
:105BA00000F058F8684693491022FAF751FD69460B
:105BB00000200CF00AF900F091F80CF0C7FA002868
:105BC00001D0FAF707FD0CF026FB00F09BF98A4D97
:105BD000E868800002D58948FAF7A6FDE868C000A9
:105BE00002D58748FAF7A0FD0120FFF73BF80CF03B
:105BF0000FFA84480CF03DFAF9F732FB0CF096FBF3
:105C00000020FBF79EFE002005B030BD00B501006E
:105C1000080080B2002808D17B480A0092B22823ED
:105C20005343C0182022805C00E00020C0B200BDB9
:105C300010B503248020C001FFF794FF002801D095
:105C4000022004002000C0B210BD80B500200BF07F
:105C5000C6FF01BD38B500256B4C2800207001211E
:105C600000200CF028F800218020C0000CF01BFC64
:105C7000664A00210820FBF7D4FD2800C0B20028A6
:105C800013D163482900C9B2282251436118086121
:105C90002800C0B22821484320182900C9B2282270
:105CA00051436118C8616D1CE7E731BD38B5040088
:105CB000656928780CF061F82021685420202A5C5E
:105CC0002978491C5348FAF72FFD2878002804D179
:105CD00000210820FBF7B5FDFFE731BD80B54E4838
:105CE000FFF74AFF01210820FFF702FF0820FFF716
:105CF000F3FE01BD80B50020C043FBF7DBFC01BD16
:105D00007047F8B590B0002004002100C9B20A29FC
:105D100007DA01A92200D2B29200885000BF641CA9
:105D2000F3E70CF055FC002845D0FFF781FF6946EA
:105D30000870C0B200283ED0FCF726F8070000F03B
:105D4000EFF80600380069460978C0B2884201D2EF
:105D50003D0001E06846057830002900C0B2C9B2B4
:105D6000884201D23500FFE72800C0B2002805D0E4
:105D700002280DD003D3032813D01AE01BE0012121
:105D800001200CF0D9FA012101200CF0ECFA10E00E
:105D9000002101200CF0D0FA012101200CF0E3FADF
:105DA00007E0002101200CF0C7FA002101200CF0CF
:105DB000DAFA0CF0EFFA11B0F0BD10B50400124899
:105DC00000212200D2B228235A4382182023D15422
:105DD00012492200D2B228235A4380180830FCF717
:105DE00012F910BD00E100E000E400E01CED00E06D
:105DF00054004048601004100400002000100410FB
:105E00001C10041038100410581500208BFF0410CB
:105E1000AD5C05104810041000400041DC05000096
:105E200010B50400600502D50020FFF7C6FF10BDC5
:105E300038B505000C0020008021C90080B28842DE
:105E400002D10020FFF7B9FF31BDFEE70268A94B80
:105E500013400A021A43026070470268A54B1340C0
:105E60000A021A4302607047026804239A438B00B7
:105E7000134303607047016802220A4302607047BF
:105E80000168802252030A43026070470168802241
:105E900012030A43026070470168802292020A439B
:105EA0000260704741680800C003C00F704770B5BA
:105EB00000238B4207DA1468A24D8600AC51121DF4
:105EC000401C5B1CF5E770BD10B59E4B84001B1990
:105ED000012905DB14681C60121D1B1D491EF7E714
:105EE00000241C601B1D1C6010BD10B5954B840068
:105EF0001B19012905DB1C6814601B1D121D491E9E
:105F0000F7E710BD10B5FAF741F99A4C2000FFF7FA
:105F1000B7FF2000FFF7BAFF2000FFF7BDFF10BD5D
:105F200080B5FAF738F9002801D1032000E00120FC
:105F300002BDF5B581B00F00FAF738F9002802D09C
:105F40000120C0436FE002988B49086000242000C4
:105F5000082807DA019982008958AD4A8300D15098
:105F6000401CF5E72000102806DA81007958834AA2
:105F70008300D150401CF6E7380000F0C2F9002839
:105F80000CD003207E49086001207E4908603A0059
:105F900020323900019800F0F7F843E0784D2C608A
:105FA000784E01203060AF4A39009A4800F036F947
:105FB00028680128FCD100F0C7F8002806D1346019
:105FC0002C60FAF706F90220C0432CE092480090BA
:105FD000A44A00998F4800F021F928680228FCD1D2
:105FE00000F0B2F8002806D134602C60FAF7F1F81E
:105FF0000220C04317E00099604800F037F9286894
:106000000328FCD100F087F8002806D134602C600A
:10601000FAF7DFF80220C04305E0009A57497C48B0
:1060200000F0B2F80020FEBD38B504000025554848
:10603000056053480560FAF7CCF88B490C60082DD1
:1060400007DA7348AA008058AA008A1810646D1CE9
:10605000F5E70020C043484A1268904731BD38B583
:1060600048480168012943D1454C2168002908D0DE
:10607000012909D002290AD003290BD00E291FD0EB
:1060800033E00120206033E00220206030E0032074
:1060900020602DE00020082807DA5D498200895839
:1060A000714A8300D150401CF5E76F480100403130
:1060B000203000F014F90E202060FFF7D0FF17E029
:1060C000002505602560FAF784F8082D07DA5048A6
:1060D000A90040586449AA0088506D1CF5E7624940
:1060E0000020254A1268904702E0A020FFF79CFF9D
:1060F00031BD0000FFC0FFFF10B50400FFF7AFFF88
:106100000CF076FA10BD10B50400A068FFF78CFF04
:106110000CF06EFA10BDE0B508220021684608F0C8
:106120008FFF6A460221B8208000FFF7DEFE00984C
:106130007E49884201D1012000E00020C0B20EBD9E
:106140000000000000043048E0B508220021684645
:1061500008F076FF6A460221A6208000FFF7C5FE00
:1061600000987349884201D1012000E00020C0B2AC
:106170000EBD00000000304858170020A01300207A
:106180005417002050170020F8B507000E00150026
:10619000654C22212000FFF759FE01212000FFF766
:1061A00063FE644A02210020FFF781FE624A022159
:1061B0000220FFF77CFE614A02210420FFF777FEF0
:1061C0005F4A08210620FFF77FFE264A08211C208F
:1061D000FFF77AFE5B4A08213220FFF775FE3A008E
:1061E00008214820FFF770FE320008215E20FFF7EB
:1061F0006BFE2A0008217420FFF766FE2000FFF7DF
:1062000051FE0028FAD12000FFF735FEF1BD000055
:10621000F8150020C4E30410C0130020F8B50700EF
:106220000E001500404C0C212000FFF716FE3A002E
:1062300002210220FFF73BFE32000821C820400067
:10624000FFF742FE2A00082185208000FFF73CFE70
:106250002000FFF727FE0028FAD12000FFF70BFEF1
:10626000F1BD0000E4E304104C12002070B50600FC
:106270000D002D4C28212000FFF7E8FD2E4A0221B9
:106280000220FFF714FE2D4A02210420FFF70FFE23
:106290002B4A08210620FFF717FE2B4A08211C2055
:1062A000FFF712FE320008215E20FFF70DFE2A00E4
:1062B00008217420FFF708FE224A08213220FFF748
:1062C00003FE224A08214820FFF7FEFD2000FFF7C9
:1062D000E9FD0028FAD12000FFF7CDFD70BD38B5EB
:1062E00005000C00002D04D02A0008215E20FFF7D5
:1062F000FCFD002C04D0220008217420FFF7F5FDDE
:1063000031BD00B501000022102A0ADA10489300BE
:10631000C0589300CB58984201D0002002E0521C94
:10632000F2E7012000BD0000000030480DD600005B
:106330006A910000CCE30410D4E30410DCE3041001
:1063400024E4041004E40410E4E3041044E404101E
:1063500084E3041010B5002403200CF04BF900284E
:1063600002D00120040001E00CF0B6F92000C0B218
:1063700010BD0148006870473805002060490A6870
:1063800082430A605F490A6882430A6070475E4838
:106390000168802252020A43026070475A4801682D
:1063A0005A4A0A4002607047574801680800800353
:1063B000C00F704756490A68564B134002021A43F1
:1063C0000A600A68802313430B60704750490A68CB
:1063D00070239A4302430A6070474F4801680422C1
:1063E00091430160016802229143016070474A486D
:1063F000016802220A430260016804220A43026023
:1064000070474148016808004005C00F7047000010
:1064100080B53D4800688003FBD53F4801680222F3
:106420000A430260002100910099062904DA00BFA6
:106430000099491C0091F7E7016804220A430260B1
:1064400001BD35490A68354B134003430B60704763
:106450002D48016810220A43026070472A480168EB
:1064600010229143016070472748016808008006A8
:10647000C00F70472448016840220A4302607047F9
:106480002148016840229143016070471E4801681D
:1064900008004006C00F704721490A6860239A43EC
:1064A00002430A6070471848016804220A430260E8
:1064B00070471548016804229143016070471248F3
:1064C000016808000007C00F70470F48016880226C
:1064D00092010A43026070470B480168114A0A4062
:1064E000026070470848016808004004C00F704708
:1064F00009490A68E0239A4302430A607047000092
:10650000280050482C00504800004048FFFFFEFF84
:1065100098004048FFC0FFFF08004048FF7FFEFF93
:106520000C004048FFDFFFFF38B50400002C01D10C
:106530000120FDE02078C00626D5A068002802D101
:10654000FFF74BFF01E0FFF752FFA06804280DD1D1
:106550000CF0ACF90500FFF754FF012814D10CF042
:10656000A5F9401B6528F6D30320E1E00CF09EF965
:106570000500FFF746FF012806D00CF097F9401BF5
:106580006528F6D30320D3E02078C0072ED520203D
:10659000FFF710FF3020FFF719FF606880214902E4
:1065A000884202D1FFF7F3FE01E0FFF7F7FE6068D3
:1065B00000280DD00CF07AF90500FFF7F5FE002851
:1065C00014D10CF073F9401B6528F6D30320AFE01B
:1065D0000CF06CF90500FFF7E7FE002806D00CF080
:1065E00065F9401B6528F6D30320A1E02078400719
:1065F0002ED5206900281BD0FFF75BFFFFF75FFF58
:106600000028FBD1FFF72AFF80204002FFF719FF87
:10661000FFF749FF0CF04AF90500FFF750FF00288B
:1066200016D10CF043F9401B0328F6D303207FE07A
:10663000FFF73FFF0CF03AF90500FFF740FF002895
:1066400006D00CF033F9401B0328F6D303206FE08B
:10665000207880073DD5FFF72CFFFFF7FFFEFFF7FF
:1066600003FF0028FBD1C0208001FFF787FE8020B8
:106670000002FFF7E6FE2020FFF70EFFE06810287B
:1066800002D1FFF7E5FE01E0FFF7E8FEE068002831
:106690000FD00CF00BF90500FFF7E6FE002818D12B
:1066A0000CF004F9401BFF21F6318842F4D303209B
:1066B0003EE00CF0FBF80500FFF7D6FE002808D0FE
:1066C0000CF0F4F8401BFF21F6318842F4D303208C
:1066D0002EE0207800072AD56069402802D1FFF714
:1066E000C9FE01E0FFF7CCFE606900280FD00CF076
:1066F000DDF80500FFF7CAFE002818D10CF0D6F827
:10670000401BFF21F6318842F4D3032010E00CF047
:10671000CDF80500FFF7BAFE002808D00CF0C6F847
:10672000401BFF21F6318842F4D3032000E0002013
:1067300032BD0000F2B582B00400002C01D101206E
:106740007DE03025ED43404E3068284002990143FA
:106750003160206802280CD1FFF73FFEFFF751FEA1
:10676000002801D101206AE0FFF7B6FE6068FFF75C
:10677000BFFE206800281FD1FFF743FE002801D18B
:1067800001205CE0FFF710FE002801D1012056E057
:10679000FFF79BFE0CF08AF80090FFF7A3FE00289D
:1067A00007D10CF083F80099401A0328F5D3032091
:1067B00045E06068FFF79CFE2068012814D1FFF7D0
:1067C00027FEFFF71EFE002801D0012037E0FFF76B
:1067D000EBFD002801D1012031E01C480168E022D6
:1067E000914362680A430260302702983168394059
:1067F000884214D0306805400298284330600CF07D
:1068000055F80090306838400299884207D00CF063
:106810004DF80099401A0328F4D303200FE000201C
:1068200001900198062804DA00BF0198401C0190ED
:10683000F7E70CF011F9FFF79CFD0BF0DBFEFEBD56
:1068400003480068704700000410004008004048FA
:106850003C0500207648016808008003C00F70479F
:106860007448016808000007C00F704771490A6842
:10687000714B134003430B6070476E480168C020A2
:106880004002084070476D490A6804239A43024356
:106890000A607047694800680421084070476549EC
:1068A0000A68674B134003430B60704761480068F8
:1068B00080214901084070475E490A68614B1340D6
:1068C00003430B6070475B480068802189010840E2
:1068D000704758490A685C4B134003430B6070478C
:1068E00054480168C02000040840704750480168BF
:1068F00008004004C00F704710B504002078C0079E
:1069000002D52069FFF7BFFF2078800702D56069B4
:10691000FFF7C5FF2078000702D56068FFF7D9FFB1
:106920002078C00602D5E068FFF7C6FF207A80060F
:1069300002D5A068FFF79AFF002010BD70B50600D1
:1069400000253000012808D0022813D0082820D0C4
:10695000102842D020284DD067E0FFF79BFF002889
:1069600002D0042803D004E03848050001E038488C
:1069700005005AE0FFF79AFF002804D08021490162
:10698000884203D004E03348050001E032480500A6
:106990004BE0FFF765FF002805D0FFF75BFF0028FD
:1069A00007D1002042E0FFF7A1FF002801D100201D
:1069B0003CE0FFF795FF0400002C01D124480500BE
:1069C0008020C003844201D12048050080200004BB
:1069D000844201D12148050027E0FFF774FF8021A0
:1069E0008901884203D180200002050001E0184897
:1069F00005001AE0FFF741FF80210902884208D014
:106A000080214902884208D0C0214902884208D02A
:106A10000AE080200002050006E0FA20C00105001F
:106A200002E00F480500FFE7FFE7280070BD000007
:106A30000000404808004048FF7FFEFF60004048DB
:106A4000FFEFFFFFFFDFFFFFFFFF3FFF0048E80111
:106A50000024F40000127A0000093D000090D003E9
:106A6000127A0000F8B5040000252F00002C2ED06B
:106A70002079002802D120000BF034FE0BF016FF25
:106A80000090022020710126206800683040002814
:106A90000AD1206806600BF009FF0099401A0E49E0
:106AA0008842F0D3032007003800C0B2002809D183
:106AB00020688068D0214903014320688160A56077
:106AC000267106E00420A0600320207101E001206F
:106AD00007003800C0B2F2BDE9030000F8B50400B9
:106AE000200000F03EF8050020680668206847682E
:106AF00080204003064207D0074205D0A16801224A
:106B00000A43A2602168886080200003064207D003
:106B1000074205D0A16802220A43A260216888606A
:106B2000242D0AD12068F8210901405810498842D3
:106B300003D0A06808210143A160A068002802D00A
:106B40002000FFF7E0FA80208002064208D00742CA
:106B500006D021688860012020712000FFF7CCFA60
:106B6000F1BD00680068000A8006800E70470000D2
:106B70000DD600005C490A680860704710B45B4994
:106B80000A685B4B13400202FF24240214401C439A
:106B90000C6010BC704710B454490A68554B134040
:106BA0000204FF24240414401C430C6010BC7047F2
:106BB0004E490A681202120A030613430B6070471B
:106BC0004D490A68FF239A43C3B213430B607047D1
:106BD00010B449490A68464B13400202FF242402BC
:106BE00014401C430C6010BC704710B442490A6842
:106BF000404B13400204FF24240414401C430C6047
:106C000010BC70473C490A681202120A030613437B
:106C10000B60704739490A68FF239A43C3B2134394
:106C20000B60704710B435490A68314B13400202BB
:106C3000FF24240214401C430C6010BC704710B4A5
:106C40002E490A682B4B13400204FF2424041440ED
:106C50001C430C6010BC704710B428490A68284BCC
:106C600013400206FC24A40514401C430C6010BC15
:106C7000704724490A68FF239A43C3B213430B6049
:106C800070472148016804220A43026070471E4889
:106C90000168802212040A43026070471A480168A2
:106CA000802292050A4302607047174801688022DB
:106CB000D2050A430260704714490A687F239A4349
:106CC00043065B0E13430B607047C1680322914378
:106CD000C1607047C16803229143C1607047816AF7
:106CE0000B4A0A4082627047C0000020C4000020A6
:106CF000FF00FFFFFFFF00FFC8000020CC000020C6
:106D0000FFFFFFC0D0000020D4000020D8000020EA
:106D1000FFFFFFBFF1B586B0E14CE2480068E249F1
:106D2000884219D10F21E1480268120A0A400492F0
:106D30000268170B0F400268120C114003910721E3
:106D40000268120D0A4002920068000E0140019193
:106D50000120694608700AE0082004900727039084
:106D6000002003210291019101216A461170002047
:106D7000E54908700698002802D006980BF0C5FC7B
:106D8000C025ED052800FFF7A0FF2800FFF7A2FFB0
:106D9000C748FFF7A4FF0F20C64909680F22914397
:106DA000039A02400A43C3490A60C3490968F022B2
:106DB00091433A01F02313400B43BF490B60BE4996
:106DC00009680F229143049A10400843BA490860A9
:106DD000BA4D28680721884302994907490F0143A2
:106DE00029602868382188430199C90038220A405F
:106DF00002432A605520C5490968FF229143014397
:106E0000C24A1160C2490968FF22914366220A43BF
:106E1000BF490A60C7490968FF2291430843C54931
:106E20000860C5480068FF2188431D210143C2480E
:106E30000160C2480068FF21884359210143BF48CF
:106E40000160BF480068FF21884332210143BC48EC
:106E500001600126BB4800683043BA490860BA485F
:106E600000687F2188431F210143B7480160B7486C
:106E700000683F21884309210143B4480160402054
:106E8000FFF77CFE3F20FFF786FE0920FFF790FE0C
:106E90005A20FFF7AAFE3220FFF7B4FE5A20FFF770
:106EA0008FFE3220FFF794FE1020FFF7C8FE10205F
:106EB000FFF7D2FE0420FFF7DCFE1420FFF7AAFE46
:106EC0000520FFF7AFFEFFF7DCFEFFF7E0FEFFF760
:106ED000E5FE0020FFF7F0FE00210800320003006D
:106EE000DBB2E254401C5E220300DBB2E254401CE1
:106EF000704A12680300DBB2E254401C3200030007
:106F0000DBB2E254401C5D220300DBB2E254401CC1
:106F1000694A12680300DBB2E254401C32000300ED
:106F2000DBB2E254401C52220300DBB2E254401CAC
:106F30002A680300DBB2E254401C32000300DBB2DB
:106F4000E254401C12220300DBB2E254401C6F4AA0
:106F500012680300DBB2E254401C32000300DBB2D3
:106F6000E254401C15220300DBB2E254401C684A84
:106F700012680300DBB2E254401C32000300DBB2B3
:106F8000E254401C1A220300DBB2E254401C694A5E
:106F900012680300DBB2E254401C32000300DBB293
:106FA000E254401C22220300DBB2E254401C624A3D
:106FB00012680300DBB2E254401C32000300DBB273
:106FC000E254401C21220300DBB2E254401C5B4A25
:106FD00012680300DBB2E254401C32000300DBB253
:106FE000E254401C23220300DBB2E254401C544A0A
:106FF00012680300DBB2E254401C32000300DBB233
:10700000E254401C1B220300DBB2E254401C4D4AF8
:1070100012680300DBB2E254401C32000300DBB212
:10702000E254401C90220300DBB2E254401C464A6A
:1070300012680300DBB2E254401C32000300DBB2F2
:10704000E254401C91220300DBB2E254401C3F4A50
:1070500012680300DBB2E254401C0A000300DBB2FA
:10706000E254401C05003A4A0D4810605060100080
:107070000C30906001601068FFF77CFD35480660B9
:10708000FFF713FE344908680860344A1368334335
:107090001360334A13681E431660096807B0F0BDD9
:1070A00064140020F81E0010CCECBCFCE81E00109C
:1070B00000180060781600607416006048160060C2
:1070C00070B528480168284802681002FF2424028D
:1070D0000440CBB2234325480468002B01D00C2C7C
:1070E00001D37F200EE00620604377381F2B02D3A8
:1070F000801D5B08FAE7FF25A2355D431C4EAD19E4
:10710000AD0A401940B270BDC400002048150060AF
:107110005415006070B5174804680F4E3568356027
:10712000FAF750FF28002043F8F786F8FAF749FFEE
:10713000306870BD681500608815006084150060B7
:107140008C1500606C1500604017006044170060EB
:107150005414002010140060040000604418006003
:1071600040180060A4160060A8160060AC1600600D
:10717000A04600001C00006080B50BF069FD01BD59
:10718000FEB500230C68DC40002C00D1E4E00124B3
:107190000D6826009E402E400296029D002D00D1D3
:1071A000D8E003254E682E40012E03D04E682E40B5
:1071B000022E1CD18768BC461E0077002E00BE4000
:1071C0006746B743BC46CF681E007600B7406646A8
:1071D00037430197019E8660476826009E40B7436B
:1071E0004E68360926409E403E43320042604E685B
:1071F0002E40032E10D0C768BC461E0077002E001C
:10720000BE406746B743BC468F681E007600B74055
:10721000664637433A00C2604E682E40022E20D1A7
:10722000DE08B6008619366A0196019E00960F2781
:10723000BC461E00B7001C263E406746B740009E75
:10724000BE4300960F69BC461E00B7001C263E4098
:107250006746B740009E37433A00DE08B6008619FD
:1072600032620768BC461E0077002E00BE406746AB
:10727000B7434E6835401E007600B5403D432A00B6
:1072800002604D68C026B6022E40002E62D04D68C6
:107290006D0315D58C4D2E689027FF05B84206D199
:1072A00022009A40964322009A40324307E022008F
:1072B0009A401204964322009A40120432432A60F4
:1072C0004D68ED0215D5814D2E689027FF05B84217
:1072D00006D122009A40964322009A40324307E0AA
:1072E00022009A401204964322009A40120432432C
:1072F0002A604D686D0215D5754D2E689027FF05E3
:10730000B84206D122009A40964322009A40324366
:1073100007E022009A401204964322009A40120489
:1073200032432A604D68ED0314D56A4D2E689027CC
:10733000FF05B84206D122009A40964322009A40A7
:10734000324306E022009A40120496439C402204F5
:1073500032432A605B1C15E7F7BDFEB500230C0025
:10736000DC40002C71D0012425009D400D40029589
:10737000029D002D67D0574D2F689026F605B0422C
:1073800003D122009A40974303E022009A4012045E
:1073900097432F604C4A1568B04203D127009F40A5
:1073A000BD4303E027009F403F04BD431560474AAB
:1073B0001768B04203D125009D40AF4303E025008C
:1073C0009D402D04AF431760414D2A68B04203D160
:1073D00026009E40B24303E026009E403604B2439E
:1073E0002A6003250668B4461E0076002F00B740C9
:1073F000664637430760DE08B60087190197DE0846
:10740000B6008619366A00960F27BC461E00B700E4
:107410001C263E406746B740009EBE43019F3E6229
:10742000C768BC461E0077002E00BE406746B743C3
:10743000C76046689C40A643466084681E0076008C
:10744000B540AC4384605B1C89E7F7BD00B5020022
:1074500010690B009BB21840002801D0012000E009
:107460000020C0B200BD00B51300DBB2002B03D07A
:107470000B009BB2836102E00B009BB2836200BDF4
:1074800038B505000C009020C005854205D1124991
:107490000968220092B2114003E00F490A682104F2
:1074A000114000290ED0854204D1200080B20A4943
:1074B000086002E0200408490860210089B2280021
:1074C000FEF7B6FC31BD00000C000040100000408B
:1074D00014000040180000401C00004010B50200DD
:1074E0000020002A02D0012A09D011E02F4B1C688D
:1074F0000C431C602E4B1C688C431C600AE02D4B17
:107500001C680C431C602C4B1C688C431C6001E005
:1075100001231800C0B210BD10B502000020002ADF
:1075200002D0012A05D009E0204B1C688C431C6066
:1075300006E0204B1C688C431C6001E0012318000E
:10754000C0B210BD10B502000020002A02D0012AEE
:1075500009D011E0164B1C680C431C60134B1C68CF
:107560008C431C600AE0144B1C680C431C60114BDC
:107570001C688C431C6001E001231800C0B210BDE0
:1075800010B502000020002A02D0012A05D009E02F
:10759000074B1C688C431C6006E0074B1C688C433F
:1075A0001C6001E001231800C0B210BD200050484B
:1075B00024005048280050482C005048F8B50400DA
:1075C000002C01D101207EE0606A002807D16068AC
:1075D00082214900884205D00020E06102E00020BD
:1075E000206160610025A5625D20205C002805D136
:1075F00028005C21605420000BF009F902200100F2
:107600005D22A154216809684022914322681160DB
:10761000E168A04A914201D3290001E0802149019B
:10762000F0221201E368934205D0E368E026F600F9
:10763000B34200D0A5620123666882277F003740ED
:10764000BC46A768842636023E4067463E4327690B
:107650003840304366691E400643A0698027BF005A
:1076600038403043277F38263E4006432020205CA8
:10767000802738403043A66A8027BF013E4006433A
:1076800020680660A069060C042006402420205CC7
:107690001027384030433426A65D08273E40064375
:1076A000E0680240324380204001084010432268D5
:1076B00050602068C069784A02402068C26125662F
:1076C0005D2023540020F2BDF6B583B004001F00F6
:1076D0000BF0ECF802906846008A694608805D204D
:1076E000205C012801D00220D1E00398002803D0BB
:1076F0006846008A002801D10120C8E05C20205C97
:10770000012801D10220C2E0012630005C21605432
:1077100003205D216054002525660398A063684618
:10772000008AA0876846008AE087256428004421F3
:1077300060522800462160522565E564A0688021DA
:10774000090288420CD120680068402188432168E2
:107750000860206800688021C90101432068016039
:107760004020216809680140002904D12168096886
:10777000084321680860E0684649884234D360685D
:10778000002803D068460088012809D1A06B008832
:107790002168C860A06B801CA063E08F401EE0875A
:1077A000E08F002855D02068806880070AD5A06B3C
:1077B00000882168C860A06B801CA063E08F401E19
:1077C000E087EDE70BF072F80299401AB84203D354
:1077D0000020C043874201D1002FE1D15D20265413
:1077E0005C202554032052E06068002803D06846DE
:1077F0000088012809D1A06B007821680873A06B6C
:10780000401CA063E08F401EE087E08F002820D05E
:107810002068806880070AD5A06B0078216808730B
:10782000A06B401CA063E08F401EE087EDE70BF0EB
:107830003DF80299401AB84203D30020C043874262
:1078400001D1002FE1D15D2026545C202554032076
:107850001DE0029A3900200000F008F9002801D04C
:1078600020202066A068002807D101952068C06804
:10787000019020688068019001985D2026545C206A
:107880002554206E002801D0012000E0002005B022
:10789000F0BD000001070000FFF7FFFFFFB581B05A
:1078A00004000A9F049D0BF001F8281AC5190AF07C
:1078B000FDFF06006B4800684001000D6843009022
:1078C00020688068029901400298814201D101201C
:1078D00000E000206946097B884247D004980021D7
:1078E000C9438842ECD00AF0E1FF801BA84201D2D4
:1078F000002D32D120684068E0218843216848602B
:1079000060688221490088420FD1A0688021090265
:10791000884204D0A0688021C900884205D120682F
:107920000068402188432168086080208001A16AA6
:1079300081420AD1216809684B4A0A4021680A60DD
:107940002168096808432168086001205D216054AE
:1079500000205C216054032009E00098002801D138
:10796000002005000098401E0090A9E7002005B007
:10797000F0BDFFB583B004000025280069460870FB
:10798000069E0AF093FF301A0C9946180AF08EFFF3
:10799000070020680C3002903248006823214843D9
:1079A000000D70430190206880680499014005989B
:1079B000814253D00498C021C900884208D105985B
:1079C000002805D10298007869460870684600785A
:1079D00006980021C9438842E5D00AF067FFC01B22
:1079E000B04201D2002E31D120684068E0218843A6
:1079F0002168486060688221490088420FD1A068F0
:107A000080210902884204D0A0688021C9008842F0
:107A100005D12068006840218843216808608020E3
:107A20008001A16A81420AD1216809680E4A0A4090
:107A300021680A60216809680843216808600120FC
:107A40005D2160545C202554032008E00198002843
:107A500000D12E000198401E0190A4E7002007B03D
:107A6000F0BD00003C050020FFDFFFFF7CB50400F7
:107A70000E001500009533000022C02149012000AE
:107A8000FFF777FF002805D0206E202101432166F3
:107A900003201FE000953300002280212000FFF723
:107AA000FDFE002805D0206E202101432166032021
:107AB00010E0009533000022C021C9002000FFF72C
:107AC00058FF002805D0206E2021014321660320A5
:107AD00000E0002076BDFEE74268754B13400B4383
:107AE0004360704741688022D2020A434260704777
:107AF0004168704A0A4042607047416880229202A1
:107B00000A434260704741686B4A0A4042607047CE
:107B100042686A4B13400B43436070474268684BAE
:107B200013400B434360704742683C239A434B1E0B
:107B30009B00134343607047416801220A4342603F
:107B4000704741680122914341607047816820225B
:107B50000A4382607047816808008006C00F704742
:107B6000816804220A4382607047816802220A43C6
:107B70008260704781680800C007C00F7047816845
:107B800001220A438260704781680122914381602B
:107B9000704781680800C007C00F704770B48E4CF2
:107BA00043690325665CB540AB43645C1500A540A2
:107BB0001D43456170BC704710B4C3693F24A343A3
:107BC0001343CC001C43C46110BC704730B40300A5
:107BD00020338C0904252C401B191C680F258D406F
:107BE000AC4315008D4025431D6030BC7047F0B498
:107BF000040028348D00641925682E0D36051F03F6
:107C0000FF252D033D4035431605360D2E432660D6
:107C1000F0BC704710B5002A06D1836B3024A34313
:107C20000C011C4384630EE0022A06D1836B6B4C6B
:107C30001C408B022343836305E0836B684C1C402C
:107C40000B042343836310BD10B5002A06D1836B58
:107C50000C24A3438C001C4384630EE0022A06D14B
:107C6000836B604C1C400B022343836305E0836BF2
:107C70005D4C1C408B032343836310BD10B5002A69
:107C800005D1836B0324A3430B4383630EE0022AD5
:107C900006D1836BC024A3438C011C43846305E09D
:107CA000836B674C1C400B032343836310BD0000B0
:107CB000FFFFF7FFFFFFFBFFFFFFFDFFFF7FFFFF62
:107CC000FFE71FFF406C80B27047C164704700B58A
:107CD000C06C0840884201D1012000E0002000BDB6
:107CE00070B5040000263500002C01D1012071E0A0
:107CF000206B002805D120000AF0B8FF66632C2015
:107D000026542068FFF727FF002802D12068FFF7DC
:107D10001DFF1026206B3040002854D12068FFF74B
:107D200029FF00284FD1206B7449014002200843ED
:107D3000206361692068FFF7F1FE21692068FFF781
:107D4000CBFE207A012803D12068FFF7F5FE02E080
:107D50002068FFF7F6FE616A2068FFF7D9FE206A07
:107D6000002806D12068FFF7C3FE2068FFF7CBFE8E
:107D700019E0206A012806D12068FFF7B3FE2068C9
:107D8000FFF7C1FE0FE0206A022806D12068FFF746
:107D9000AFFE2068FFF7B1FE05E02068FFF7A2FE06
:107DA0002068FFF7AAFEE269A1692068FFF704FFD7
:107DB000E1682068FFF7B8FE206B022188430121AB
:107DC0000143216304E0206B064326630120050084
:107DD0002800C0B270BD000054ED0410FFF3FFFF97
:107DE000FFFFFCFFFFFCFFFFFF3FFFFF38B5040074
:107DF0002C20205C012801D102201FE001202C2131
:107E00006054200000F017F905002800C0B20028D7
:107E100008D1206B3A49014080204000084320638C
:107E2000002060632A212068FFF74FFF00202C21EB
:107E300060542068FFF799FE2800C0B232BD0000F0
:107E4000FFCFFFFF70B504002C20205C012801D17A
:107E500002201DE0012528002C216054200000F0A4
:107E6000DDF806003000C0B200280CD1200000F080
:107E7000EEF806003000C0B2002804D1206B1F4984
:107E800001400D43256300202C2160543000C0B216
:107E900070BD70B504000D000AF008FD0600022157
:107EA0002068FFF714FF002813D10020C04385424B
:107EB000F5D00AF0FBFC801B854201D3002DEED1EA
:107EC000206B04210143216300202C2160540320F6
:107ED00013E0206B80218900014321630821206881
:107EE000FFF7F5FE002803D0206B04490140216311
:107EF0000A212068FFF7E9FE002070BDFFFEFFFFAA
:107F0000FEF9FFFF10B504002068FFF7DBFE10BD8F
:107F1000FEB505000C0000273800694608702C20CB
:107F2000285C012801D1022077E001262C202E5464
:107F30002868FFF71FFE002810D1226861682868B2
:107F4000FFF744FE20680D280ED020680C280BD0C7
:107F5000A26821682868FFF721FE05E0286B202130
:107F60000143296368460670E068032850D06069C1
:107F7000002802D06069019010E0A068002802D0BB
:107F800020680D2802D13848019007E0A068022837
:107F900002D13648019001E0354801902369019AE9
:107FA000E1682868FFF723FE2068002803280AD923
:107FB000001F03280DD9001F032810D9001F14D05B
:107FC000401E18D01DE0A268E1682868FFF756FE41
:107FD0001FE0A268E1682868FFF736FE19E0A26892
:107FE000E1682868FFF716FE13E00322E1682868BD
:107FF000FFF744FE0DE00022E1682868FFF724FE49
:1080000007E0286B2021014329636846067000E0E1
:1080100000BF2C202F5468460078FEBD38B5040000
:108020002068FFF7A7FD0500002D02D02068FFF7AC
:1080300097FD002032BD10B504002068FFF7A9FDB0
:10804000002802D12068FFF79AFD002010BD10B56E
:1080500004002068FFF79DFD002802D02068FFF78C
:1080600093FD002010BD0000FF0F0000FF0700007F
:108070005505000070B506000D001400220029000F
:1080800030000AF0F5FD70BDFEB504000D001600CD
:10809000019600952700009A01993800F8F7A0FA98
:1080A000F7BD70B506000D00140022002900300055
:1080B00006F05AFF70BD7FB504000D00160068463B
:1080C0000AF050FE68460178217041782970807866
:1080D00030707FBD38B505000C0021002800F8F78E
:1080E0008BF832BD70B506000D0014002200290087
:1080F0003000FDF71EFF70BD70B506000D001400C6
:108100002200290030000AF097F870BD10B5040075
:1081100020000AF067FE10BD70B506000D001400C7
:108120002200290030000AF07FFE70BD70B5060005
:108130000D0014002200290030000AF0A9FF70BDD4
:1081400010B5040020000AF023F810BD10B504009B
:1081500020000AF02BF810BD10B50400200040B23A
:108160000AF0E8FC10BD10B504002000C0B20AF00F
:1081700014FD10BD80B50AF02EFD02BD80B50AF0D9
:108180002CFD02BD10B504002000C0B20AF027FD8E
:1081900010BD80B5FEF794FF02BD80B50AF00AFE5F
:1081A00002BD80B5F9F71DFF04BD70B506001400CF
:1081B0001D0022002B003000F9F748FF70BD10B5FC
:1081C00004002000F9F752FF10BD70B506000D0045
:1081D00014002200D2B22900C9B23000F9F75FFEC4
:1081E000C0B270BD80B5F9F79FFEC0B202BD10B538
:1081F00004002000F9F7B2FD10BD80B5F9F7CCFE00
:1082000001BDFEE7F0B597B0E54C6720C543F8F730
:10821000E6FCE44E012802D0F07A002810D0274670
:108220002C463834F8F7DBFCF17A61437843381890
:108230004418F8F7D4FCF17A4143DB48484324184A
:108240002E34F8F7CCFC01280ED128466030318955
:10825000414328464430B27A4243501829464831B7
:10826000327B4A43801800E000200390F0890A9096
:10827000F8F7A9FC012801D0F8F7EAFFF8F7A7FC06
:108280000128119409D12C463834F8F7A8FC604332
:10829000F17A41430839099101E000200990F24840
:1082A0004C301390F8F7D4FF012815D0F8F78BFC69
:1082B000012811D02920305C00280DD12520305C08
:1082C000002809D12620305C002802D0E6484C3036
:1082D00001E0284624301390E3486C301290F8F700
:1082E000B7FF012815D0F8F76EFC012811D029201E
:1082F000305C00280DD12520305C002809D12620D3
:10830000305C002802D0D8486C3001E028463C3070
:108310001290F8F79DFF1090B07E0090F07F0F90C4
:10832000F8F75DFC0790F07F0190F8F7E5FD089005
:10833000F07F0290F8F7D5FC0027F8F74CFC0128F5
:108340003846159516974FD1707F0A2800D30A201A
:108350002C4638344443C03C0025F8F75BFD012827
:108360002F4620D1F8F73BFC01280E9503D0159B32
:108370001846543002E0159B18464830BA49E4319B
:10838000B27F4A43101835461E466036E97F3246B2
:108390008A408718F8F723FC012802D1E87A46437F
:1083A000BF192E460E9DE0191490F8F753FD0746AD
:1083B000F8F730FD04463C40F8F711FC2040012856
:1083C00008D1F07E401E03210143B07FB02242431A
:1083D000D043451A14984419F8F73AFF6043A2496C
:1083E00008182C30159D169F0690F8F7F8FB012809
:1083F000394609D10AF082FE0128394604D12220EB
:10840000305C2946143141430591F8F703FD0128FA
:10841000384621D19448D430B17E41432846483073
:10842000F27A424354180027F8F714FD012810D1BE
:10843000F8F7D5FB01280CD1159A10465830317F3A
:10844000414310466030F27E424350188438B77E74
:108450004743E019159D169F0E900AF051FE012822
:10846000384633D1F8F7BBFB012802D02F465C37E2
:1084700004E028466030F77A47430C3F2325705DBF
:1084800000240028204605D0F8F7A9FB705D404283
:1084900003218843C0192427F15D159A64324A43A9
:1084A0008518F8F798FB01280DD1F8F7D1FE0128BF
:1084B00009D1F8F7AFFC012805D1F45D002C15981F
:1084C00001D0044650342819159D169F0D90F8F7D9
:1084D00086FB0128394609D10AF014FE01283946E5
:1084E00004D128464830F17A414314390C91F8F709
:1084F00076FB01283A4608D10AF006FE01283A46E2
:1085000003D128464C30F27A42432620315C2520A4
:10851000345C63182920305C0493002B149010D035
:108520002820335C284660305843F83848432723D6
:10853000F35C54355D434C4B5B19483363431F1860
:108540001498002816970B920DD002462A20305C12
:10855000454D2B46B033434337462E46C836564327
:10856000F318483B03E02A20305C002337462826D6
:10857000BE5D7143091827263D46BE5D744324182D
:10858000601813D0159F3E464C3666433C46343443
:108590004C43A1193C465C3444430C19143C07E09D
:1085A00000FCFFFF9014002070FDFFFF0024159FCA
:1085B00003990A9E119808183946443171434018AE
:1085C000099940181399401812994118384660309B
:1085D00006460F9A96408919109A012A06D1224E12
:1085E000009A564371184526B60089192E46079DF4
:1085F000059A012D02D1019DA8400918089801286B
:1086000005D138461830029DA840411870390698A7
:10861000049D081880180E9940180D9940180C995F
:1086200040180B9940181499CD4201D03818583091
:1086300016994018C01804190AF068FD012800D1E5
:10864000E419706820180321C943F28DD21C0A4036
:10865000B38DDB1C0B409A18338EDB1C0B40D118FA
:10866000401A17B0F0BDC04690FEFFFFF0B595B0C0
:108670000120810414912E480160BFF34F8FBFF396
:108680006F8F07F0E0F8FFF7ADFD00201290C043B8
:1086900007F0C9F8F8F797FA1390F8F798FA1190DD
:1086A000F8F7D6FD1090F8F727FC0F90F8F719FBB4
:1086B000F8F791FA0E900AF021FD0D90F8F7AAFB59
:1086C0000C90F8F7C7FB0B900AF01AFD04460AF06D
:1086D00019FD0546F8F783FA06460AF015FD074628
:1086E0000AF014FDC0B2F9B208910990F0B2E9B2F3
:1086F000E2B20B9BDBB20C9CE4B20D9DEDB20E9E80
:10870000F6B2129F00970196029503940493059286
:10871000069107901398C0B21199C9B20F9AD3B2BB
:10872000109A0AF0F5FC03481499016015B0F0BDE9
:1087300080E100E000E100E00100202008437047F4
:10874000FDB5B2B03A98049102A93B2288540020AA
:108750000D9024A8401C2F900DE00498329A904769
:108760000490002801D100F0B7FE0D98401C0D9038
:108770003398401C339033980178002910D0252974
:10878000EBD100200790089009900A900B900C9074
:10879000002102240120149008201290339D05E04E
:1087A0000D9800F09BFE0800149901436D1C287879
:1087B0002028F8D023280BD02B2804D02D2804D033
:1087C000302808D00AE02143F0E708000421ECE754
:1087D00008000821E9E708001021E6E72A280FD160
:1087E000349802681068121D349B1A600F9000289C
:1087F00004D542420F920800042101436D1C12E08F
:1088000000200F90644A09E00F9B934205DA9E0016
:10881000F3185B00181830380F906D1C287803008F
:10882000303B0A2BF0D328782E2803D00020C043F9
:108830000E9027E06D1C28782A2808D1349800680B
:108840000268001D349B18600E926D1C1AE02D28E2
:1088500002D12D226D1C00E0002200200E900CE0C1
:10886000002A09D10E9B4C4EB34205DA9E00F31844
:108870005B00181830380E906D1C28780300303BD0
:108880000A2BEDD302A801872E78310040487844A6
:10889000FF30401E0AF0B6FC002801D06D1C00E03D
:1088A000002602A83A214654405C682804D1287862
:1088B00068280BD1622005E06C2807D128786C2845
:1088C00004D1712002A93A2288546D1C15A8069083
:1088D000287869460870681C339068460278100052
:1088E000253833D01C3800D1CCE1001F022800D835
:1088F000C8E1133801D100F019FD093800D1C1E1F8
:10890000801E01D100F0AFFD401E01D100F05CFDE2
:10891000401E022800D8B5E1001F01D100F054FD2F
:10892000401F00D108E1401E01D100F0FFFC401EB5
:1089300000D1F0E0C01E0ED0801E01D100F0F6FC88
:10894000C01E01D100F0F2FC00F098FD14980790D1
:10895000252015A97CE1349800680468001D34992D
:1089600008600594002C00D0C1E002A83B21405CC7
:10897000002800D1B5E00024E443064878441430D0
:108980000AF04AFC201A01D000F0A6FD00F083FD99
:10899000E863FFFF1C64FFFFCBCCCC0C01236A46CD
:1089A00002A9280000F054FE002801D000F094FD38
:1089B000641EF3D13295079D15AC002D0FD0329E69
:1089C00021780498B0470490002801D100F084FD7C
:1089D0000D98401C0D90641C6D1EF1D13296302014
:1089E000694608700A9C002C0DDD329D01236A4601
:1089F00002A9280000F02CFE002801D000F06CFD38
:108A0000641EF3D13295059C089D002D0FD0329E37
:108A100021780498B0470490002801D100F05CFD53
:108A20000D98401C0D90641C6D1EF1D132963027BC
:108A300069460F700B9C002C0DDD329D01236A46A8
:108A400002A9280000F004FE002801D000F044FD37
:108A5000641EF3D13295059808994418099D002D9C
:108A60000FD0329E21780498B0470490002801D19D
:108A700000F032FD0D98401C0D90641C6D1EF1D16C
:108A80003296684607700C9C002C0DDD329D012348
:108A90006A4602A9280000F0DBFD002801D000F0A2
:108AA0001BFD641EF3D1329502A83821405C4007BB
:108AB00000D460E62020694608700198002800DC98
:108AC00059E6019C329D01236A4602A9280000F064
:108AD000BFFD002801D000F0FFFC641EF3D13295E9
:108AE00049E61B4878446830059000F0D4FC0E9DA0
:108AF000002D03D5200008F0D3FF09E02A00002153
:108B000020000AF0ADFB002801D0001B00E0280087
:108B1000089000F0C0FC349800680268001D349989
:108B200008600020C0430021104002AA03C215A81B
:108B30000590782100F093FC02A83B21415C0029BC
:108B400008D00024E4434B487844FF30293017E72D
:108B50007C62FFFF3A21405C62286AD0682819D005
:108B60006A2845D06C2806D071284FD0742831D09F
:108B70007A2821D06FE0349800680168001D349A8B
:108B8000106000297AD10024E4433B487844FF3048
:108B90001738F5E6349800680168001D349A1060B3
:108BA000002905D10024E44333487844CA30E7E67D
:108BB0000D98088000F06FFC349800680168001D73
:108BC000349A1060002959D10024E4432A4878449B
:108BD000A630D5E6349800680168001D349A10600C
:108BE00000294BD10024E443234878448A30C7E667
:108BF000349800680268001D34990860002A13D177
:108C00000024E4431C4878446E30B9E63498006888
:108C10000268001D34990860002A05D10024E4434D
:108C2000154878445230ABE60D98C11703C200F0E6
:108C300032FC349800680168001D349A10600029E5
:108C400005D10024E4430C4878442C3098E60D9874
:108C5000087000F020FC349800680168001D349A08
:108C6000106000290AD10024E44303487844083006
:108C700086E600BF0C61FFFF2061FFFF0D980860D2
:108C800000F009FC34980068C31D07208343349822
:108C9000036003CB349D2B6002AB03C32023C80FBA
:108CA00004D007982D2115AB19540DE002A8008FB0
:108CB000204204D007982B2115AB195404E0C007BB
:108CC00004D5079815A90B54401C079015A80799BF
:108CD000401813901398059024AD02A8C0C86846A8
:108CE00000782021014368468170807861280BD08C
:108CF0000E98002801D5062005E005D16846807849
:108D0000672801D114980E9002A803C808004B00F0
:108D10005B150024E443A3420ED109030CD00320C9
:108D20000890613A1A2A03D21949794462310FE056
:108D3000184979445E310BE0A3420ED100030CD1F7
:108D400003200890613A1A2A1DD313497944483107
:108D500003221398F7F796FC9DE301AA02A803C823
:108D60000AF089FA02AA03C26846807861281CD1F9
:108D7000059830210170811C0591694609786129A7
:108D80000ED178210DE0054979441031E0E700BFAC
:108D90004060FFFF4060FFFF4460FFFF3C60FFFF5B
:108DA000582141700798801C079002A803C82246EA
:108DB000530802400B4004D1002A02D100240026AF
:108DC00052E168468078612800D099E00E9800282A
:108DD00001D5212000E0401C13901398401C2E90D8
:108DE00030003900002200230AF05AFA02A830C8E5
:108DF00002D28020000645400198001F019024A95E
:108E00000A7024A8461C2E98002832DD2E9F2000D0
:108E10002900002280235B03FCF7F8FC29D81C22E0
:108E20000AF057FA04000D00FCF70AFD2E90FF1F10
:108E3000002F09DDFCF71EFC02000B0020002900BA
:108E4000FCF78AFD04000D00F01D07212E9A002A70
:108E50000ADD491E08D4401E13071B0F03701211B0
:108E6000F5E7401E00220270491EFAD5C61D002FEC
:108E7000CDDC24A82F99711A24AA551C139A0C0032
:108E8000914200DD1400002C33D48C4205DA411CE1
:108E9000095D082901DB0F2100E00021220024AB3D
:108EA0009B1801E0641E5B1E521E1E788E42F9D094
:108EB0000F2904D1411C895C491C401C8154002AA3
:108EC00004D524AD641C0198001D0190611E10D4CE
:108ED0006A186846007813783033DEB23A2E01DB28
:108EE000C318C6331370491E521E0029F3D56946B4
:108EF00008700E98002800D4B5E0601E0E90B2E015
:108F00007F007F08019866494843664905F0BEFE28
:108F1000019007200199401A002805DD0200300069
:108F2000390000F06FFB0AE0424200205E4900F089
:108F300069FB02000B00300039000AF002FA6A46B1
:108F40009278662A02D1019A0A3200E006220E9B2C
:108F50009A18142A00DD142224AB30241C705C1CE7
:108F600002E030A803C8139A002A3CDD30AB03C3EB
:108F7000139230A803C8FCF775FC2E9006460834FF
:108F8000042530000A2105F084FE0F0030000A217C
:108F900005F07FFE06003037601E077030000A21A2
:108FA00005F077FE0F0030000A2105F072FE060082
:108FB000A41E303727706D1EE3D10834139808388B
:108FC00013900028CDDD2E98FCF744FB02000B0027
:108FD00030A803C8FCF7C0FC0022344BFCF754FB5C
:108FE00030AA03C2C5E72F98201A24A94D1C04E01B
:108FF000401E0199491E01916D1C29783029F7D036
:1090000069468978662902D10199491C06E06946BA
:109010008978652901D1149900E000210E9A54182D
:10902000A04200DA441E002C1DD4844204DA285DDC
:10903000342801DD392100E030212200681E831828
:1090400001E0641E5B1E521E1E788E42F9D0392943
:1090500002D1A95C491CA954002A04D50500641C4E
:109060000198401C0190019E13956846007869465E
:1090700048700AF0D5F9406A0078694608700E9D7C
:1090800020B2002804DC149C044878440E3013906D
:109090006846807866280BD1761C23E0445DFFFF8C
:1090A00097750000A08601000000F03F84D797412B
:1090B00068468078672846D130B20321C943884288
:1090C00047DBA84245DA761C02A8008F1299C0B28D
:1090D000084203D120B2A84200DC050030B22D1AAC
:1090E00000D5002537B2002F00DDBAE00898411CFA
:1090F00008913021059A1154002D05DC02A8008F3B
:109100001299C0B2084206D00898411C08916946DD
:109110000978059A11547842854200DA6E4236B2D7
:1091200070420B90AD1920B2854200DA2C0024B2B7
:109130000994220013990598089BC018F7F7A2FA22
:10914000281B0C90DAE068464078612818D170201E
:109150001BE020B2A84206DA02A9098F129AC9B20E
:10916000114200D105006D1E00D5002568464078EB
:10917000672802D16520694607E04520694604E07A
:1091800068464078412801D1502048700898411C19
:10919000089113990978059A11541398411C002DD0
:1091A00005DC02A8008F129AC0B2104219D00898AC
:1091B000421C08926A461278059B1A54002D10DD55
:1091C000641E20B2854200DA2C0022B20598089B6A
:1091D000C018F7F757FA24B2089800190890281B0E
:1091E0000B9005980899401869464978017031B28A
:1091F000002903D42B214170871C03E02D224270EB
:10920000871C4E42002412AD300008E00A2105F010
:109210003DFD30AA03C229703098641C6D1C00B259
:109220000028F3DC012C08DC68464078202101434B
:10923000652902D1302038707F1C002C09D13020E4
:1092400038707F1C07E0641E12A8005D3030387053
:109250007F1C002CF7DC059808994018381A0990F3
:109260004CE020B231B288421DDA22B2139905983F
:10927000089BC018F7F706FA24B20898001908905E
:10928000391B0B91002D05DC02A9098F129AC9B276
:10929000114206D069460978059A11540998401C74
:1092A00009900C952AE032B213990598089BC018D2
:1092B000F7F7E8F90898C0190890A41B002D05DC01
:1092C00002A9098F129AC9B2114205D0411C089116
:1092D00069460978059A115420B2854200DA2C00BB
:1092E00022B21398C1190598089BC018F7F7CAF95C
:1092F00024B2089800190890281B0B9002A8382166
:10930000405C14210140102900D0C4E0079808995E
:1093100040180B994018099940180C9940180F995A
:10932000884200DBB7E0081A0A90B4E002AA3A20AB
:10933000105C622808D068280ED06A2814D06C28E7
:109340001DD0712810D01AE0349801680868091DF2
:10935000349B1960C0B218E0349801680868091D90
:10936000349B196080B210E034980068C31D072058
:1093700083433498036003CB349C236006E0349825
:1093800001680868091D349B1960002102AB03C302
:10939000108F1299C0B208425BD002A803C80029FE
:1093A00001D1002855D06846007820210143782952
:1093B0004FD1079815A930220A54401C421C07922D
:1093C0006A4612780A5444E002AA3A20105C6228E5
:1093D00008D068280ED06A2814D06C281DD07128B7
:1093E00010D01AE0349801680868091D349B196090
:1093F00040B218E0349801680868091D349B196070
:1094000000B210E034980068C31D072083433498ED
:10941000036003CB349D2B6006E034980168086834
:10942000091D349B1960C11702AB03C3002902DA7E
:1094300007982D2109E0108F204202D007982B2198
:1094400003E0C00705D50798202115AA1154401C38
:10945000079015A80799401805906846017802A85A
:1094600000F03EF817E014980790349800680168FF
:10947000001D349A106015A801700CE01498079034
:10948000252015A9087068460078002803D00794A5
:109490006846007848700F980799401A0A99401A50
:1094A0000899401A0B99401A0999401A0C99401AC8
:1094B000019002A83821405C400701D5FFF77BFAF4
:1094C0002020694608700198002801DCFFF773FA34
:1094D000019C329DFFF762FA0020C04335B0F0BD19
:1094E000F2B586B0040025696F2901D1082707E08D
:1094F0000846FFF721F9782801D00A2700E0102755
:109500003C2603CC083C04AA03C26A46127E642AA5
:1095100003D06A46127E692A09D1002907DA04A815
:1095200003C800220023121A8B4104A80CC004A80F
:1095300003C800290DD100280BD1206B002808D1C9
:10954000082F3DD13820205C000739D53B2630203C
:1095500035E00294009504A830C8761E01962000DC
:1095600029003A00FB1705F026FC3032D0B23A2829
:109570000DDA00988255200029003A00FB1705F00B
:109580001AFC04000D0007D1002C05D10AE0684642
:10959000007E8218AF32ECE70298C0680099891902
:1095A0008842DAD3029C009D082F09D13820205C24
:1095B000000705D5A85D302802D0761E3020A855BA
:1095C0003C20801BA061A919E160216B884206DA6A
:1095D000081A2062208F1C490140218710E00029D1
:1095E0000ED53821615C14220A40102A08D1616B23
:1095F0006269891A226A891A081A002800DD206225
:1096000007B0F0BDF8B50026104F04000D00009221
:1096100014E0C00707D532003B0020002900FCF70A
:1096200033F804000D00009840100090300039001D
:1096300032003B00FCF728F806000F0000980028D5
:10964000E7D120002900F4BDEFFF00000000244016
:10965000F8B50024002B11D007000E0014001D00E7
:109660002178B068B847B060002809D0F06A401C83
:10967000F0620020641C6D1EF2D104002000F2BDD7
:109680000020C043F9E7FEE7F0B587B014460D4669
:10969000064669480068002E01D1062D17D0062E17
:1096A00001D1022D13D0082E01D1102D0FD0182E6C
:1096B00001D1102D0BD0282E01D1022D07D02A2E3A
:1096C00001D1022D03D02C2E09D1012D07D18019F3
:1096D00021462A46FEF7CEFC002007B0F0BD2E2E14
:1096E00007D1062D05D1617989090329EFD212200E
:1096F000F3E7D02E05D1012D03D12078F7F7F5FA45
:10970000EBE7D22E05D1012D03D1217836228154E9
:10971000E2E7D52E0AD1042D08D102A80422214661
:10972000FEF7A8FC0298F7F7D6FAD6E7F7F74BFA58
:10973000082D23D1D12E21D101281FD102A80190BB
:1097400002263F4D21463246A847A11C06AF3846A7
:109750003246A847211D05AD28463246384B98476A
:10976000A11D04AC20463246354B984723882A88F1
:10977000398801980088F7F777FDAEE7302E05D1DC
:10978000012D03D12078F7F7D0FAA6E7D32E05D123
:10979000012D03D1207809F04BFE9EE7FF2E0AD160
:1097A000042D08D102A804222146FEF763FC02988A
:1097B00009F047FE0CE0FE2E0DD1052D0BD102ADB8
:1097C000052228462146FEF755FC284609F03BFEB7
:1097D000002881D18BE72F2E05D1012D03D12078D0
:1097E00009F033FE79E7322E12D1022D10D102ADED
:1097F000022228462146FEF73DFC2888411EC90862
:10980000E02900D973E70D4909685A22885263E7B5
:109810001220332E00D060E7012D00D05DE702ADAD
:10982000012228462146FEF725FC287809F020FE73
:109830002878F7F780FB4FE79C170020A41700203B
:1098400075800510F8B50E4605461224FEF792FC09
:10985000B04217D3012D15D80B480068817A0091CA
:109860008572477A46722846FEF78CFC0024B74280
:1098700002D10098A84205D0FF207F2201210B468B
:1098800009F0FEFD2046F8BD04170020F0B585B0B4
:10989000054604A8002707701224012901D9204693
:1098A00048E00E4624480068009009F0EBFD0028CF
:1098B00040D100995C310878C00711D1C878304395
:1098C0000E46C87003A807210170002D12D0022D8A
:1098D00008D0012D20462DD104A81021017009E0E7
:1098E0000C2027E004A82021017003A9F7F716F93E
:1098F00000281FD1F7F733F900281BD100986030FA
:10990000F7F727F9002815D104980121317408438D
:10991000307009F035FE01AC204605F01DF92046F7
:1099200005F052F9F843019004480290204609F0EE
:1099300037FE384605B0F0BDA4170020FF9F002079
:10994000F0B59FB0154604461E93020912200E2A58
:1099500000D98DE02026032903D02A46324000D0CA
:1099600086E01B911DAF2046394609F029FE397863
:109970004048807E81422DD268003040AA000823F2
:1099800013401B18142048433B490968496D0F18C0
:109990007B707A1C6E070F97109107D510261E4317
:1099A00016702F0703D55026334313701E462A998D
:1099B000EB0702D001231E4316702C9E04270329B7
:1099C0000B4616900E9707D0042B1B9907D1032343
:1099D000119306E087204BE011971B9901E00027C7
:1099E00011972E9814902D9813902B9F299A1992C5
:1099F000289A279817902698159025981290032E4C
:109A00001B931A97189205D0042E169806D1032797
:109A10003E4604E00E9F109A169801E00027109A27
:109A2000115409F0EBFD1CA90896139A0992149A97
:109A30000A92119A0B920C970D9112990091019034
:109A4000159802901798039018980490199805900B
:109A50001B9806901A9807901EAA24AB2046294608
:109A600009F0E0FD002803D10F9A947401211174CC
:109A70001FB0F0BD90140020A41700207CB506464E
:109A800000090E2801D912207CBD1C46154630461F
:109A900009F07CFE002800D07CBD01A9304609F009
:109AA0008FFD0028EFD001A800781421414304481D
:109AB0000068406D40188581446000207CBDC04630
:109AC000A4170020F0B585B005463F48807E884247
:109AD00001D2122774E016460C463C480068406DDF
:109AE0000290012D019514D10394641C3546641E27
:109AF00012D0287804A909F063FD00283ED0AD1DDE
:109B000004A80178012009F0AFFE0028EFD0074635
:109B100056E00C20009004E009F000FF0090019D49
:109B2000039C28462146324609F016FF07460028C6
:109B300046D1002C24D0002C34D00394307804A9D2
:109B400009F03EFD3079002802D17088002813D03A
:109B5000022404A80778012128463A4609F04AFF62
:109B6000002D00D12C461420784302990818447423
:109B7000B61D039C641EDEE70124EAE7D3271FE03D
:109B8000029E11360024104FB87E84420AD2E2B2FF
:109B900000250121284609F02DFF3570019D14365E
:109BA000641CF1E7012D08D10098002807D1002797
:109BB0003846394609F07EFF02E009F0A3FF00278E
:109BC000384605B0F0BDC04690140020A417002010
:109BD000B0B505460022134609F0B2FF0446002D39
:109BE00006D106480068C06A00211C22FEF74CFA24
:109BF000122C01D12E20C443E0B2B0BDA417002026
:109C000010B586B001AC08A114222046F6F73AFD43
:109C10000A4800687221405A009404210122084B2E
:109C200009F0A4FF06B010BDFB349B5F80000080EC
:109C300000100000002A000010000000A4170020FF
:109C4000FFFF00001CB511480468F6F721FF8828C3
:109C500007D00C2805D05D34002808D102206070A0
:109C60001CBD052006F0D4F8F5F7F6FA1CBD00205F
:109C7000607020787F210140217001A98620487002
:109C800080200870022009F085FF1CBDA417002069
:109C9000BCB5104A14685D22A25C00280AD180205D
:109CA000104007D072342180052006F0B1F8F5F796
:109CB000D3FA0CE0DC2002420BD05D3401A9002570
:109CC0004D7002400A70022009F064FF257009F00F
:109CD00019FFBCBDA4170020012903D1018901206F
:109CE0000840704708214056042802D802A1085CA9
:109CF000704700207047C0460101000001000000CD
:109D0000F0B587B001291AD1034608331F88012610
:109D10003A077CD402910193817A03460B33046A9B
:109D2000C57FF8060493039114D40022184609F065
:109D300093FF01285DD0002802990CD067E0027AD9
:109D4000042A01D1012662E04469057C00200490C8
:109D5000039000E002992F4800680127BAB200265C
:109D6000AA421BD213195B1E1B78002B16D0A25CD3
:109D70007F1C012A01D0FF18F0E75D22825CD30727
:109D800008D192070AD5BAB2A25C03261640721E09
:109D9000964103E0BAB2A25C01261640012936D1F1
:109DA000002E24D00199098870220A40202AC9D1A6
:109DB0000026F443C06AC71F032C28D005A9002041
:109DC000887188800590FF1D07223846FEF769F9E3
:109DD0000006641C0028EFD1032C0AD8062238465E
:109DE000049C2146FEF746F90399B97103E0002669
:109DF0000DE0049C03990198008820220240403223
:109E0000402A9FD101262046324609F025FF3046E0
:109E100007B0F0BDA41700201CB51148046800204D
:109E20000146F6F72BFE01A948705D20205CC107B2
:109E30005D34002905D001A901220A70FE210840E5
:109E40002070810705D501A902220A70FD21084072
:109E50002070022001A909F09DFE09F053FE1CBDEF
:109E6000A4170020BCB511480068446DF7F7F0F95D
:109E7000002802D00E48807E00E00120C5B21134D7
:109E8000002D11D0207800280BD020460F38007804
:109E9000800706D560786A46107000200121F6F729
:109EA000E1FD14346D1EEBE7BCBDC046A4170020D5
:109EB0009014002080B5084609F0F6FE09F022FE55
:109EC00080BD7047B0B50C4605460A4800685A2167
:109ED000405A09F051FF012009F05AFF002801D033
:109EE0008620B0BD287820210143297009202070E8
:109EF0000020B0BDA417002070B588B014460D46F0
:109F00000646C00705D02846214609F055FF00281F
:109F100019D1B00701D4002015E004AA2046294633
:109F200009F05FFF002804D004A800211022FEF7EA
:109F3000ABF86E46304609F067FF04AA2846214672
:109F4000334609F071FF08B070BD10B50446C00774
:109F500004D009F08BFF002800D010BDA00701D469
:109F6000002010BD09F086FF10BDFEE7F8B50446DD
:109F700000200090C64309480068476D1237084D1D
:109F8000761CA87E864207D238781437214609F01D
:109F900075FF0028F4D0F8BD0098F8BDA417002084
:109FA00090140020F0B58DB00BA8002484800B9491
:109FB000104D114E2746A87E874218D200220A92E1
:109FC00001200890079206907F20059004920BA82C
:109FD00003900292072001900096F8B209900221A6
:109FE0002023FFF7ADFC7F1C0028E4D000E02046D2
:109FF0000DB0F0BD90140020FFFFFF00FEB5044639
:10A000000F4DA87E0F4909684E6D11360027009745
:10A01000C1B28F4212D2317801290CD101AA00209D
:10A0200010715080707810700121204609F094FC66
:10A03000002804D1A87E14367F1CE9E70098FEBDF5
:10A0400090140020A417002080B50120FFF7D6FF50
:10A0500080BDFEE7B0B5096883240022002912D034
:10A06000CD690024CC61087AC00603D4002009F031
:10A0700009FF02E0084609F03FFF012200282946B7
:10A08000ECD083240CE0D0070AD0EFF3108072B636
:10A09000044800688921425C521E425462B6002482
:10A0A000E0B2B0BD0417002080B50E4800682C2235
:10A0B000805CC007086802D109F02CFF01E009F0BC
:10A0C000B7FF002801D0832080BDEFF3108072B667
:10A0D000054800688821425C521E425462B6002046
:10A0E00080BDC0469C1700200417002070B50025D5
:10A0F000074EF07A85420AD2ECB2204609F0CCFF36
:10A10000002802D0204609F0C7FF6D1CF1E770BDA2
:10A1100090140020F8B5002420460AF093FB054671
:10A120000122304B2746009218683421405C84425B
:10A1300050D22C20285CFE21014002293ED18C20E7
:10A140002E58F0070DD0698F00200AF089FB3A28BD
:10A15000009A104630D028468C3001680122914385
:10A16000016028460AF0B7FB0028009A104623D168
:10A1700028463146F7F770F8009A002810461BD1A0
:10A18000E6B23046F6F7FEFF009A0028104613D1DB
:10A1900030460AF0A2FB009A002810460CD128464F
:10A1A0000AF09DFB009A0028104605D130460AF0BF
:10A1B00098FB009A411E88410A4B00E00020411E96
:10A1C00088413906174600D107464D2080002D18DA
:10A1D000641CA9E7380603D0112001210AF084FB92
:10A1E000F8BDC0469C17002003207047012070472F
:10A1F00001207047012070470120704770B50B4C5B
:10A2000001250422204629460AF084FB084E3060CE
:10A210000622204629460AF07DFB31680860306836
:10A220000168002088804880087070BD8C14002070
:10A2300098170020B0B50D460446087949790902FF
:10A2400008180AF079FB28796979090208180AF0D8
:10A25000B3FB28796979090208180AF0DBFB0AF0D8
:10A2600003FC28796979090208180AF0FFFB0848FD
:10A2700000683621405CC00601D40020B0BD152026
:10A28000E070A078BF210140A1708420B0BDC0461D
:10A290000417002010B5044608794A7912021218F2
:10A2A000C97806200AF004FC0748006836214056A9
:10A2B000002801D4002010BD1620E070A078BF2136
:10A2C0000140A170842010BD0417002010B5044681
:10A2D00008794A7912021218C97807200AF0E8FBB7
:10A2E000074800683B214056002801D4002010BDDB
:10A2F0001720E070A078BF210140A170842010BD1C
:10A3000004170020B0B50D460446087900281DD179
:10A310006879A979090208180AF044FC6879A979D2
:10A32000090208182A7AE9792B4609330AF05EFCFB
:10A330006879A979090208180AF072FC6879A97984
:10A3400009020818E9790AF08BFC28796979AA7959
:10A3500012025118EA790AF092FC094801683D207E
:10A360000A5C002092060AD53D31497AC90706D019
:10A370001820E070A078BF210140A1708420B0BDFA
:10A3800004170020FEB50D4604460879002823D1A5
:10A390006879A979090208180AF004FC2A7AE9798F
:10A3A0006879AB792E4615362F460F370097019600
:10A3B0001B0218182B4609330AF06BFC6879A9793F
:10A3C000090208180AF02CFC6879A9790902081812
:10A3D000E9790AF045FC28796979AA7912025118BD
:10A3E000EA790AF04CFC094801683D200A5C00202B
:10A3F00092060AD53D31897A890706D51C20E0707E
:10A40000A078BF210140A1708420FEBD0417002068
:10A4100070B50446144D28683626805D00280ED19C
:10A4200008794A79120210188A7BCB7B1B029A1892
:10A43000891D0AF055FC2868805D002812D00B4861
:10A4400001683D200A5C002092060AD53D31497A18
:10A45000C90606D51920E070A078BF210140A1707F
:10A46000842070BD002070BD9C17002004170020C0
:10A4700010B504460879491DF6F73EFC0A48016804
:10A480003D200A5C0020920604D53D310922895600
:10A49000002900D410BD1A20E070A078BF2101402F
:10A4A000A170842010BDC0460417002010B50446DA
:10A4B0000879491DF6F729FC094801683D200A5C26
:10A4C000002092060AD53D31897AC90706D01B20A3
:10A4D000E070A078BF210140A170842010BDC0466B
:10A4E00004170020B0B505460024084621460AF0AE
:10A4F00077FC002810D0094800683D21415C89069E
:10A500000AD53D30407A800706D50020E870A8784B
:10A51000BF210140A97084242046B0BD041700204B
:10A5200009490A683D21535C00219B060AD53D324A
:10A53000927A520706D51D21C1708178BF220A4048
:10A54000827084210846704704170020B0B5044685
:10A550000125084629460AF043FC0146002000294F
:10A560000FD0084909683D228A5C920609D53D3121
:10A57000897AC90605D5E570A078BF210140A17090
:10A580008420B0BD0417002009490A683D21535CAE
:10A5900000219B060AD53D32D27AD20706D01E2171
:10A5A000C1708178BF220A408270842108467047BA
:10A5B0000417002010B504464A7908791146F6F7C9
:10A5C0009CFA094801683D200A5C002092060AD5E1
:10A5D0003D31C97A890706D51F20E070A078BF21D8
:10A5E0000140A170842010BD04170020FEB50D4667
:10A5F00004460879002823D16879A9790902081846
:10A600000AF0D0FA2A7AE9796879AB792E461536BC
:10A610002F460F37009701961B0218182B46093357
:10A620000AF037FB6879A979090208180AF0F8FAE4
:10A630006879A97909020818E9790AF011FB2879E3
:10A640006979AA7912025118EA790AF018FB0948C7
:10A6500001683D200A5C002092060AD53D31897BC5
:10A66000C90706D02020E070A078BF210140A1706A
:10A670008420FEBD04170020F8B5184C01250422E3
:10A68000174E20462946B047164F38601022204604
:10A690002946B047396808600C2220462946B04751
:10A6A00039680968C860104DE98924222046B047FE
:10A6B000014638680268D06881600021082903D00B
:10A6C00000235352891CF9E7E989D18000211181C7
:10A6D000E98941800AF09EFBF8BDC0468C14002039
:10A6E00015490610B0170020901400200C20704768
:10A6F00001207047B0B50546002420460AF0A6FBAD
:10A70000002801D00C2404E0012D02D10120F6F72D
:10A710001EFE2046B0BDFEE7B0B50A4A12684223CD
:10A72000D45C7F252540D554002802D00AF0AEFB2A
:10A73000B0BD08460AF0C6FB0E2005F069FBF4F731
:10A740008BFDB0BDB417002070B51D4E3268422598
:10A75000535DDB0628D5002816D0A43219480068BE
:10A760003421405C70214143002399421CD0106881
:10A77000002807D0C0180489002C03D017240457E0
:10A78000002C12D47033F0E74920800010182024E8
:10A790002246FDF76FFC3068415D214341550E2094
:10A7A00005F036FBF4F758FD70BD0B2100220123A4
:10A7B0000AF09AFB3068415DCF220A40425570BDD5
:10A7C000B41700209C170020F8B505460120682129
:10A7D0000AF0A0FB234F3860234EF07A1424214660
:10A7E0000AF098FB01463868C162012D10D15C3037
:10A7F0000AF09AFB2225705D34210AF08BFB396840
:10A800004863705D400010210AF084FB3968886459
:10A81000F07A411C154D012228460AF07BF8396870
:10A820000862F17A022228460AF074F83D686862EC
:10A83000F17A0F4A072328460AF07AFB3868172175
:10A840000185318C172901D28620F8BD4185F17A26
:10A850004C43C06A00212246FDF716FC0AF07DFB3E
:10A86000F8BDC046AC170020901400208C140020C6
:10A8700085B90710B0B5044636250AF071FB44557A
:10A880000020B0BD70B50024204609F0DBFF05466E
:10A890000A4E30683421415C8C420DD2FF210831D0
:10A8A000695CC90703D028460AF064FB30684D2173
:10A8B00089006D18641CEDE770BDC0469C17002030
:10A8C000F0B597B0109315460C46119000260096EF
:10A8D000019601270222304639460E9233460AF08D
:10A8E000F5FB0F94E41E61426141FF20FD221442FA
:10A8F00000D03CE1002D00D139E10C9507911C9866
:10A900000168069140680890119806C8CBB21E985D
:10A910000A901D980B901191080630460D9210D0A8
:10A92000100CC1B2402900D30027581E42424241B8
:10A930001740C020014040394842484110403E463F
:10A940000D9A05930C9949078A4B1A400B9F119B4E
:10A950003B607A600A9B002B01D080221A70C90FDD
:10A960000991854909689C25495989685D228A5C55
:10A97000002A15D0002E13D00998002800D0EBE053
:10A9800001230F980328109903D10846184000D1DD
:10A99000E3E00E9801400798081800D0DCE0DCE006
:10A9A000002A4AD0002848D00D9B1693119A159280
:10A9B00014A800270770096A03C912AE0797009709
:10A9C00001960AF085FB611E8C410C990E09264008
:10A9D0000124002869D06848006840598268106ADC
:10A9E000006812A90978C9004318072018560028E2
:10A9F0000C942146079807460B9C67D519787F2051
:10AA0000084013A908702821414313685268591857
:10AA10002623C95CC90053185B685158DA0F554F9B
:10AA20003B400AC414A90A700A99083C002900D0C6
:10AA30000870002001460C9F48E006430AD00798A2
:10AA4000009010980190069802900898039005983D
:10AA5000119924E0089E119C20460D990AF09CFB58
:10AA60000106109F13D428214143434800684059F0
:10AA70008068006840182521445C0AF0B1FB41421F
:10AA80004141002C00D00121119C012964D107987B
:10AA900000900197069802900396059821460D9A1A
:10AAA000099B0AF0A9FB034657E015A80AF0D4FB5E
:10AAB000002E51D00C9414A8009013AA11980D994F
:10AAC0000B9C23460AF0EAFB00210F4623780E9DDB
:10AAD0002B43099A002A12D111930123109C234081
:10AAE0005A425A4125406B426B410F9C032C00D0C7
:10AAF0001A4600290C9B15D0002A2BD12CE0411EB0
:10AB00008841002F00D10C900C980128089923D17E
:10AB10002068069A90421FD1606848401549084253
:10AB20001AD11AE00446411E8C41002F184600D16C
:10AB3000204601280AD114A80078411E8841002A25
:10AB400000D10346002B119B06D006E06842684105
:10AB5000064201D0FE2300E0FF2301210091019372
:10AB6000022200201C4603460AF0B0FA204617B025
:10AB7000F0BDC046FFFFFF0004170020F0B58FB006
:10AB80000693089207910446002700970197022236
:10AB900001253846294604922B460AF097FA266882
:10ABA00005946268300615980A90149C099414D094
:10ABB0001446100CC1B2C0200840403847424741FB
:10ABC0003346F0B2421E50425041402900D3002586
:10ABD000074005402246099C01E033463D4680205F
:10ABE000039020707E49104608401C460A990B606D
:10ABF00048607C4B18689C210E46405880685D2157
:10AC0000415C002917D0002D15D075490898C00760
:10AC100000D0D8E001260798022800D2D4E0069898
:10AC20000068844200D0CEE0069840685040084258
:10AC300000D0C8E0C8E0002915D0002F13D00E9234
:10AC40000D94079F032F21D10CA800902046114698
:10AC5000099A0A9C23460AF021FB002861D0267835
:10AC600004980643B0E0781E87413D4330D020462B
:10AC700011460AF091FA43B2002B0799099A0598F8
:10AC800000D4137000920A9A019244E0016A03C949
:10AC900013460BAA002500950192224605930AF05F
:10ACA00017FA002842D04F4B186880598068006A14
:10ACB00000680BA90978C900411807200856002828
:10ACC00038D40999039A0A70012600210A9B50E0A2
:10ACD0001C46059F03CF083F0AF05EFA0106079D58
:10ACE00013D42168895989680968099A1070282243
:10ACF000424388182521445C0AF072FA41424141DE
:10AD0000002C00D0012101295DD1099800900A98FA
:10AD1000019038462946089A069B0AF009FB064628
:10AD200052E0089800284ED1FE264DE00DA80AF00A
:10AD300093FA48E009787F220A4009990A700CA921
:10AD40000D70282151431A6892599268136852680D
:10AD500059182623C95CC90053185B685258D90F8B
:10AD60001F4E33400A9E0CC6083E3346049E1643CF
:10AD7000F6B2089AD2070FD106990878012810D1A7
:10AD80008879C0210140402906990AD10868844287
:10AD90000A4605990BD010E0002814D5002913D1DC
:10ADA00011E008680A461968814206D1596850685E
:10ADB00048400B49084045424541FD200740784244
:10ADC0007841284300D1FF260121009101960020FF
:10ADD00002220B460AF07AF930460FB0F0BDC046A9
:10ADE000FFFFFF0004170020F0B585B01E46039258
:10ADF000049107460025009501950124022228466A
:10AE00002146029213460AF061F90320800506CF1D
:10AE10001040A3054340C8B26040C318584258418F
:10AE20003768B94203D1736853401B0232D00028FF
:10AE300017D01D4800689C23C05880685D23C35C00
:10AE4000002B10D00B9B28265E4300688019103021
:10AE500001230AF0B1FA002805D0029807433946C9
:10AE60000CE0FF210AE003988007E9430028084628
:10AE700000D5E043049A032A00D00146CDB20094E5
:10AE8000019500200222214613460AF01FF92846A8
:10AE900005B0F0BD0A9A0028084601D10298C043C7
:10AEA0009207EAD4EAE7C04604170020F0B58FB055
:10AEB000012800D080E001297ED11D4617460AF006
:10AEC0009FFA002878D000680A90002874D028786B
:10AED000012871D1687801286ED18021374C38461D
:10AEE000A04722460890AE78EC789021384606912B
:10AEF00015469047059010213846A8470D9021012E
:10AF00003846A8470490B1003846A8470390384611
:10AF10003146A8470290E100600001900796730057
:10AF200000250E9509970E98B84245D00E9800025C
:10AF30000A9A1018006D002839D07F240C952C40F7
:10AF40000B9020010D9A10182546019A5543ED00EB
:10AF5000049A57195C436400039A15190E9EF40174
:10AF6000089A1419069A7243059EB618A667FF221E
:10AF700062720B9A54650E9A5206520D0D9CA218DD
:10AF8000B26108320B96F2610022102A06D0875077
:10AF9000841865607F18ED180832F6E707980E9A56
:10AFA0005043029A10180B9A9063099F0C9D6D1CD8
:10AFB0000E98401C0E90B6E70FB0F0BD154F06106E
:10AFC00080B50AF01DFA4D21415C0068503000291F
:10AFD00009D00268526D0023D36713720122120256
:10AFE0008018491EF3E780BDF0B5B9B0044615A935
:10AFF0000AF00EFA0021002800D180E11598007AAD
:10B00000002800D17BE1A020255820460AF00DFA47
:10B01000401915990A7A012A074600D04F6DFA4364
:10B02000821807D40C6DC01B214603F032FE401C71
:10B030006043C719781B14A913AA0AF003FA1498DD
:10B04000400B414241410B91159D287A012800D0C7
:10B0500054E12E466036AB48012112910170022066
:10B060000F9028726F65A84800689C2144584834A6
:10B0700028460E301090052721463A46FCF7FAFF85
:10B0800028465C3021463A46FCF7F4FF2846143047
:10B09000099021460AF00EFA0AF028FA31784001A8
:10B0A000084330700AF02CFA7070010AB170010C7C
:10B0B000F170000E307112980AF02DFA7071010AC9
:10B0C000B171002777813781000CF0717078B17809
:10B0D000F2783379389709020818110440181906D4
:10B0E00040180890379070791190B0790D90F079F0
:10B0F0000E90347B35A9FF2048700A910C700AF03D
:10B1000011FA3497339032970C9528463C303190A1
:10B110002C97686D2B906D7A2046109904F093FD62
:10B120000D9800021199401811900E9800040D908E
:10B130002BA831A933AA0E95002D0C9D1CD0031D00
:10B14000091D101D0A9A521C23AC229425AC21948F
:10B1500027AC209429AC1F9436AC1E941D932DABC4
:10B160001C932FAB18AC0FC437A81790169516A8D0
:10B17000F5F754FE0F9A24E0002400947E20C24389
:10B180002846214623460AF0D5F9A96F01220F92DD
:10B190000A702F905D4829905D4827905D48259062
:10B1A0005D482390286D2D907289307B009408991A
:10B1B00001910294099923460AF0D1F90F9A36A910
:10B1C000087011980D9944180F929000119035AEA7
:10B1D0001198B84221D0002F129D00D0022537A827
:10B1E000C259307848490968497A00230593069581
:10B1F000002F01D0092500E00E25049531ADED1991
:10B20000039533ADED190295109D019500932346EA
:10B210000AF0D8F9761C3F1DDAE70C9DE86FC721CC
:10B22000405C0AF0C5FA044635A80078214604F0CF
:10B23000B2FD0E9F002F07D035A84078214604F0BC
:10B2400074FD28460AF0C2FA3698A87235AC0F9EF3
:10B25000002E07D036A80178207804F02AFD641C5F
:10B26000761EF5E728460AF0C0FA002F01D00B251C
:10B2700000E01B25002F01D0082600E007268824C7
:10B28000002735A812901198B84237D00D940E9629
:10B290000F952FA8C3592DA8C2592BA8C05910909B
:10B2A00029A8C55927A8C65925A8C45923A8C159F2
:10B2B000129800780495059606940791042F03D000
:10B2C0000C990F9D0E9E02E007260C990F9DF4B27B
:10B2D0000394042F00D10A25ECB20092109A019237
:10B2E0000294042F01D00D9C00E00824E2B20AF081
:10B2F0007DFA1298401C12903F1DC4E70B99084636
:10B3000039B0F0BDD8170020041700207BF00710DB
:10B3100059F00710E9C8071041F00710FEB50446C0
:10B32000007A022835D10D4627466837E06F0AF0CB
:10B330007CF879880291666D1749097800290FD148
:10B340004019F14341180BD4801B216D019103F08A
:10B35000A0FC401C029909180291019941438E19E1
:10B36000711B2046583001252A460AF07BFA0A4E06
:10B37000317801290AD1616D091A616538790AF0BD
:10B38000A9FA002030702046F5F75EFD029838805B
:10B3900000E000252846FEBDD8170020F8B50E466F
:10B3A0000446C76F480701D4002503E07520205CE0
:10B3B000107001253007009206D55119E38801224B
:10B3C00038460AF08FFAAD1CC437F00608D500984D
:10B3D0004019FB78A27AA16F49680AF091FAED1C36
:10B3E000700601D4009905E038780AF0ABFA0099AC
:10B3F00048556D1C70B2002800D4F8BDE07A0028D2
:10B4000013D0082048550F464E1928207070B01CE4
:10B4100021460E310522FCF72DFEF01D21460C3190
:10B420000222FCF727FE093500E00F4620460AF00D
:10B4300092FA0028E1D0791920460AF095FAF8BD71
:10B4400001207047F0B58FB00568416808918168A8
:10B450000A91C1680B91016907914169069181695F
:10B460000E91C169026A0992476A0397866A049637
:10B47000C26A0592006B0D90AC6F60680C90284614
:10B480000AF074FAF92128460AF09AFA2449396038
:10B49000244931603E30069E30602348059F386065
:10B4A0000E980C99016021490D980160227C284674
:10B4B00021460AF0AEFA1E49039A51601D49049ACA
:10B4C000516070601C4878600E980C9941600D982E
:10B4D000164941608C20205C079908706A202A5A1E
:10B4E00028466A308078697A089F3B68A66B00918D
:10B4F000019302961435012329460AF030F8099980
:10B5000008700AF0ABFA0A990860204624300B99BB
:10B51000086009F0F5FF206078600FB0F0BDC0460C
:10B52000A9CE07100FF1071035CC0710DFF0071078
:10B5300079CC0710E7F007103DCA071010B5437A21
:10B540000022002B19D0037A022B16D1826F1368C8
:10B550000B701C0A4C701C0C8C701B0ECB70407A4C
:10B5600008715068400A48719068400A8871D06834
:10B5700005224243100AC8710122104610BD10B5C1
:10B580000C46891CFFF7DAFF002803D032206070D8
:10B590000920207010BDBCB50446407A00281CD09C
:10B5A000A56F606DE863002068746A20205A2884C3
:10B5B000E86940680078A87401A920460AF0D6F925
:10B5C0008C20285C01990AF085F9E06FBE21405C6F
:10B5D000617A01222B460AF049FABCBD012070476E
:10B5E000B0B5012815D1012913D1012A11D1012BA0
:10B5F0000FD10AF023FB04460648C57A01200C212E
:10B6000009F088FC60600821284609F083FC616825
:10B610008860B0BD90140020B0B505460AF018FB54
:10B62000044628460AF020FBA179002905D022888B
:10B63000028062884280A28882808171B0BDFEE76C
:10B64000F0B597B01D4608920791044680880CAE6D
:10B650000AF018FB002800D1A3E0074605950996DB
:10B66000423003903D46813520890CAC20803E6BF2
:10B67000700AA080A01D39464C3105224A4B019228
:10B68000984720460B303946283104220292464B17
:10B69000984720460F303946513103220492424BDD
:10B6A0009847F869000E2076B969C907C90E0143A9
:10B6B0000695A878400108432076F5F71DFC01287F
:10B6C0000BD10698807A002807D0102012990143E8
:10B6D0000CA80176386A796A01E0B869F9690B91BA
:10B6E0000A900CAC20461A300AA9491C0622FCF725
:10B6F000C1FC03980088E082069909780329029A20
:10B7000000D00A460999223109911C9D6276F96A96
:10B71000079A891A089A5200891A059B002902D5AE
:10B720008919401CFAE70CAA13845082981C908255
:10B73000901C00220AF096F87869002826D03E2155
:10B74000415C002922D001463E312A22AA702B23D7
:10B750006B70049B2B70C46A036B0793436B806B05
:10B760000895099F3870060A7E70060CBE7009782D
:10B770003971590A7971610AB9710199079B594365
:10B78000090AF971000EF870089D06E01C20A870E7
:10B7900023206870049828702222E81C0CA9FCF76A
:10B7A00069FC17B0F0BDC04675800510F0B5A1B0BA
:10B7B0000C46054618AE08460AF056FA0746807948
:10B7C00000281DD0787900281AD06878E91C421E1C
:10B7D0000A960BAE3046FCF74DFC717E0720084000
:10B7E000707604280CD8012631468140162001428B
:10B7F00006D00BA8801C09900AF060FA002801D03E
:10B8000021B0F0BD0AF084FA08900028F8D00AF0C0
:10B8100099FAFF281ED006960790089E30464630BB
:10B8200005907C36707A0B9904910AF0ADFA05996F
:10B83000049848800798B071347038880880387947
:10B8400030727888000308994863797903290AD00F
:10B85000022009E018AB0D201870A1200A21012256
:10B860000AF0B6FACCE70620012900D800200A9990
:10B8700020310A91F178014308200843F0702046F6
:10B8800008F0E0FF4221415A426C05920BAE327E35
:10B890000492B2880392728A0192F28A0092C06C7A
:10B8A0000790B08A0AF0CEFA0290C11747184F40AD
:10B8B00007984743009801990AF0C4FAC117401845
:10B8C0004840039948434002C119049840090AF0CE
:10B8D000D1FA0899C8630799029841430598081856
:10B8E0000590A8780790707E042802D10BA8032148
:10B8F0004176002016900BAE377EF906C90F16ADC3
:10B9000029701790681C31461A310622FCF7B2FBE9
:10B910000F203840E871079A10462A3841424141C9
:10B920000A9841700699017018A80475717E4175D6
:10B93000099819900898189005981C9016981E90D0
:10B9400017981F902A2A02D10BA822301A9018A803
:10B9500000F0B2FB54E7FEE770B50D460446006800
:10B96000616809F019FC010616D4282141430B48EF
:10B9700000689C228058806800684618304609F0AC
:10B980002FFC002808D0284609F0C5FD01463046A6
:10B990002A4623460AF078FA70BDC04604170020F4
:10B9A000B0B50146204C20689C254059806800298C
:10B9B0000DD05D2100224254283001211B4A08236A
:10B9C00009F0B6FA20684059806819490165001DE0
:10B9D0000AF08CFA206840598068417A002907D023
:10B9E0000268243200231370491E28320029F9D13D
:10B9F0000C300AF07BFA20684059806814300AF055
:10BA000075FA2068405980685C2100224254014642
:10BA10005C3101230B714A800146143102460C321D
:10BA2000C2610162B0BDC04604170020F1D007100A
:10BA3000A0BB0D0010B50C4602684168104609F025
:10BA4000ABFB0121002223460AF054FA10BDFEE7A9
:10BA5000F0B587B0474F38689C22805880685C23D7
:10BA6000C15C002900D183E001930392416D0591EF
:10BA7000816D0491017A002920D0FF21059A8A4323
:10BA800000920024072501684068405D7F27074039
:10BA9000282078430818002602900599049A334616
:10BAA00009F08AFC002830D1641C324F38680399B1
:10BAB00040588068017A08358C42E4D306AE059878
:10BAC000049932460AF050FA3868039C005981689C
:10BAD0005E200A5CC96909683378DB00C918002355
:10BAE000CB717F2111403A6812599268D26912686D
:10BAF0003378DB00D218D3790B43D37139680959F5
:10BB000089680A5C521C0A542AE000983843802154
:10BB10000591084306AD04992A460AF025FA154F07
:10BB20003868039C00598068C1690A795E23C05C4B
:10BB300009682B78DB00C918CE71C043101839682A
:10BB400009598968C96909682A78D2008918CA79A7
:10BB5000024305980243CA7127200699029A11549C
:10BB6000019D0AF04BFA3868005980680021415560
:10BB700007B0F0BD0417002001207047F0B583B076
:10BB80000C46124909689C27C95989684D6889681B
:10BB90000CC802A8012600960190284609F098FAE0
:10BBA000002810D0601E8441E00108490968C95985
:10BBB0008968496802AA1278D2008918CA797F2355
:10BBC00013401818C87103B0F0BDC0460417002018
:10BBD00070B50C4802689C2152589468227A002A59
:10BBE0000ED0002207236468E55C7F262E40E654D1
:10BBF00004686458A468257A0833521CAA42F2D318
:10BC000070BDC0460417002070B5094D28689C26F9
:10BC1000805980685F24015D002905D10AF008FA87
:10BC2000286880598068015D491C015570BDC04677
:10BC30000417002080B50A4800689C21405880689D
:10BC40005F21415C002905D002465F32491E117018
:10BC5000090600D080BD283000210AF021FA80BDFD
:10BC60000417002010B502684168104609F094FAE4
:10BC700001060CD428244443002009F04CFC04495C
:10BC800009689C228958896809680919086210BDE9
:10BC900004170020034909689C228958896860229A
:10BCA0008854704704170020F0B5D9B007469D4C62
:10BCB000206803F01AFE0646206803F00AFE0BAD6A
:10BCC0000121079169804221795A298096490D9175
:10BCD000FF2211020C913946403109913C467A34D9
:10BCE000002E06923ED000283CD13E462F460B3710
:10BCF00009F0B4FE05900A94207A049003F05DFFE9
:10BD000003900EAC80200290207318A80F90059825
:10BD100021460AF0E7F900220896304621460592AE
:10BD20003B460AF06BFA012827D000282CD12E1DA3
:10BD300008357E4800680468039804F060F8221A09
:10BD40000A9988790128089F0392344622D1FA6221
:10BD5000022088710598C8700EA84189099A11803F
:10BD6000007D1BE0A079012803D10BA80021C1723E
:10BD700056E00BA80221817152E00998C088401C4E
:10BD80000BA94880089F46E00021089F38460AF02A
:10BD900081FA40E00EA8007D7F2801D00A9908733F
:10BDA0000EAE327B0F9938460AF075FA707B0BAEF7
:10BDB000F071129870710998C088401C70802846F4
:10BDC0002146049D2A460AF0B0FA7072386B796BEE
:10BDD0004018B8630E9900291BD02E460A9D687A38
:10BDE0000AF048F8F8630EA9C97B29704008039946
:10BDF000081A2C460E994118304609F06BFD02983E
:10BE0000304304F017F80BA8059981720121817164
:10BE100011E00598F8630A9C0BA8807A00280AD0E4
:10BE20000BA8418838460AF082FA0146207A002998
:10BE30001DD003F0FFFF0BA8C07A00286ED0384653
:10BE40000AF0A1FA6079800768D54120860018A819
:10BE50003146F4F7D5FB0AF00BFB05460BA88079B9
:10BE6000022808970A9408D10021022014E00AF061
:10BE700015FB207A03F0DEFF50E009F0EFFD0146EC
:10BE8000407805900BAFFC7918A83246FCF7F2F821
:10BE90000598001B811CB8790591CFB2AF42079C71
:10BEA00000D80446FCF775F906460AF009FB01467E
:10BEB0000EA8C472069A0272AF422C4600D8059CA6
:10BEC0008472711841730A99097B01730999498930
:10BED00081800BA94A7942720B9AC280C97918AA4B
:10BEE00051180E91F5F749F8AF420ED90BA98A798E
:10BEF0000EA8C272059A521B8272C97918AA5118EB
:10BF0000E2B289180E91F5F738F80BA94B790A7A45
:10BF1000487A0979009108990AF0DEFA002059B0B0
:10BF2000F0BDC04694170020000001010417002056
:10BF3000B0B50E4800689C2140584068806B00688E
:10BF4000FF2101810A4CE17F07220A400121914033
:10BF500041740C3009F0CAFF0025A17FE8B2884285
:10BF600003D209F011FF6D1CF7E7B0BD04170020E4
:10BF700090140020F8B5012829D1012927D1012AE0
:10BF800025D11348C07F009001241421114F204671
:10BF9000B847114E31689C2549594968896B08603A
:10BFA0000B48807F8C21B847316849594968896BB3
:10BFB000096808600720009908408440082120464D
:10BFC000B847316849594968896B0968C860F8BD44
:10BFD00090140020154F06100417002080B509F0BA
:10BFE0002DFE007AFF38411E884180BD80B508498A
:10BFF00009683D228A5C920603D53D31497BC9061A
:10C0000002D40AF06BFA80BD0AF0B2FA80BDC046D5
:10C010000417002080B5084909683D228A5C920611
:10C0200003D53D31497B890602D40AF0F5FA80BD7B
:10C030000AF04AFB80BDC0460417002080B50849BD
:10C0400009683D228A5C920603D53D31497B090788
:10C0500002D40AF0A1FB80BD0AF0EAFB80BDC04615
:10C06000041700207FB5044609F0E8FD0646007A73
:10C07000FF2812D0256864680AF036FC7F21415CF5
:10C08000C9070CD18169A94207D1C1696140FF206C
:10C0900000068143484248410BE0002009E0F06877
:10C0A000316903AA0123009301922A46234609F02D
:10C0B0000FF804B070BDFEE7F0B58DB00446202047
:10C0C000205C002800D1FFE0002120460AF01AFC85
:10C0D00001460220002900D056E125686168EA6B1C
:10C0E000498809023E398A4200D34DE1E06821695E
:10C0F0004018E8622646203671782846F4F79AFF01
:10C10000002800D041E10C96284651300A9028467C
:10C1100081300990C0CC3046513039460D31032270
:10C12000083CFBF7A7FF787A0B90B97AFA7A387B4C
:10C130000890388A4223F05233467A33607DD871B2
:10C1400008020B9940181104401808990906401874
:10C15000B062387A7A21FF2272540021D973062105
:10C16000B16379884902316340090B935872706B4F
:10C1700002F08FFD81B2334642339A88914200D259
:10C180009880387A1F210140397230464C30391D71
:10C19000052207460893FBF76DFFA069E169B061CE
:10C1A000F16130465430394609F084F93046214671
:10C1B000F4F749FF0B98007A089908810C984078A9
:10C1C0000B9009984678007809F0F2FA0746304655
:10C1D00003F019FDA96A304603F02CFD0A9A107885
:10C1E000517809020818917809044118304603F083
:10C1F00043FD69480068417A304603F0D6FD0021CE
:10C20000304603F04CFD29464C31304603F01BFD0F
:10C21000FF21304603F039FD304603F076FD30460D
:10C22000394603F082FD3046294603F075FD30465D
:10C2300003F032FC284603F081FB284603F089FB1B
:10C24000284603F0C8FB2846294603F0CBFB09F03B
:10C2500005FC0146284603F091FB284603F05BFBF2
:10C26000284603F09FFB2846314603F0CAFB2846C8
:10C2700003F0D5FB284603F073FB284603F0D6FBFA
:10C28000284603F0EFFB284603F0B4FB284603F0F2
:10C290008FFB0B9800280BD096200121002203F081
:10C2A00083FA0146284603F0C8FB284603F0CDFB7D
:10C2B0000C9E71782846F4F79CFE7078002836D0E2
:10C2C0002068F4F7C8FE65E009F0B8FC0546017A7D
:10C2D0000120FF2958D06A7A002A55D108460AF071
:10C2E00003FB2060204629460AF00CFB00284BD1B6
:10C2F0002046F4F799FE002846D1C0CC387A0C903D
:10C30000607B083C09F054FA234909680968F16226
:10C3100079880B9103F073FDF16A091AE068091836
:10C32000F1623978797889061DD57B211CE0216876
:10C330008220085CCA6A0B6BCC6B184D0795184DB0
:10C340000695184D0595184D0495072503950A2562
:10C35000029500936308D21A01927D22D3000D2228
:10C3600009F044FA16E00C210C9A0B9F09185009A9
:10C3700009F080FD39023E39884204D201216972F8
:10C38000F0632568B6E602202568022802D1284617
:10C390000AF036FB0DB0F0BD0417002039E9061095
:10C3A000A9BC051001D1071043F10710B0B5002456
:10C3B000044DA97FE0B2884203D200F02DF8641C3E
:10C3C000F7E7B0BD90140020F8B5012821D101296C
:10C3D0001FD1012A1DD1012B1BD10698012818D18C
:10C3E000002420460AF080FA05461435094FB87F2C
:10C3F00084420ED20126B021304608F08BFD286021
:10C40000F97E304608F086FD296848618C35641C49
:10C41000EDE7F8BD9014002070B50AF011FB04465A
:10C4200046690025B0222946FBF72EFE4821FF2051
:10C430006054AC21605466615234602D02D0605566
:10C440000C35FAE770BDFEE7FEB500296CD0044656
:10C4500051300190264681366569307809F0A8F997
:10C460000746029076783046294603F08BFC30462A
:10C47000394603F090FC284603F060FA284603F0A2
:10C4800068FA284603F0A7FA2846294603F0AAFAD4
:10C4900009F048F80146284603F070FA284603F0F0
:10C4A0003AFA284603F07EFA284603F059FA28465D
:10C4B00003F0DFFA284603F0CEFA2846314603F0AF
:10C4C000A0FA284603F096FA284603F0A8FA606915
:10C4D000AC21475C866B384603F095FB3846314605
:10C4E00003F0A8FB019A1078517809020818917896
:10C4F00009044118384603F0BFFB0C480068417A34
:10C50000384603F052FC0021384603F0C8FB4C3497
:10C510003846214603F097FB3846294603F032FCA3
:10C520003846029903F037FCFEBDC04604170020D0
:10C53000B0B500280ED0401E01240023E4B20D5DEA
:10C54000DCB2322D08D00C5D1B195B1CDDB26C1CFB
:10C55000A842F3D80020B0BD6018811C0823104603
:10C560001A46FBF787FD0120B0BD0268531C03602B
:10C5700011707047B0B50546002420460AF0B4F9A2
:10C580000D380949897F491C491E0AD02122825849
:10C590008C304823D25CAA42F6D1007840090124AD
:10C5A00084432046B0BDC04690140020F8B5212138
:10C5B000415C00291ED084682079012680220F4F1B
:10C5C0003146B847009060790621FF252A46B847D2
:10C5D000074600980743A079FE223146074B98474B
:10C5E00006463E43E079022421462A46034B9847FB
:10C5F000304300D100242046F8BDC046EB1A071096
:10C60000F8B50025002926D0044609F09BFBFF2839
:10C610001BD0064609F096FBFF2813D007460AF008
:10C620001FFAFF280BD0009008F00CF94121475465
:10C630006069AC2146544821009A42540BE03846C8
:10C640000AF02AFA30460AF027FA7F20215C80227D
:10C650000A43225402252846F8BD7047FEB5212220
:10C660008A5C002A2CD0174AD27E89680C799442C1
:10C6700000D3144645693E22AC54C06AA8620878CB
:10C6800002904F788E78C8780190487940026863AC
:10C6900088794002E862C8790002401D052102F055
:10C6A000F8FA2863380202994018310440180199B9
:10C6B00009064018A8631835204629460AF0F8F9FB
:10C6C000FEBDC0469014002070B588B0014682209F
:10C6D000085C4A69D36A526BCC6ACD6B0A4E0796E6
:10C6E0000A4E06960A4E05960A4E049607260396AB
:10C6F0000A2602966D08641B019400923E3B0D22AF
:10C7000009F074F808B070BD79D10710FDD1071099
:10C7100081D80710B5F10710F0B589B00546B020F3
:10C72000285CFF283FD00E462C46B0342846EB301C
:10C730000190FBF757FD2868017804A81B4A028185
:10C74000FF2200928272012787812A46AC32029230
:10C75000925D827333460026C67346742278C27295
:10C760008906C90F0174039399006918C96B091DE3
:10C770000491543505950AF0B9F9A7700098207016
:10C78000019806708078800701D5F4F7CAFB039CF6
:10C790006740029DE85D09F081FEFF200AF094FCED
:10C7A000285D03F047FB09B0F0BDC046FFFF000065
:10C7B00010B5002421460AF09FFC204610BD80B52C
:10C7C00001210AF099FC002080BD7047F0B593B0BC
:10C7D00010930E920F46EB21415C8A0801263146E8
:10C7E0009143199C217000253D737D607D750F90EC
:10C7F0000068394609F076FC3868002840D03A468F
:10C800000D962570B87C02283CD80B950F9F3946B1
:10C81000EB3118980A90907B144606224243D0B21E
:10C820004D786149096809681291216809F022FB75
:10C830000990460810988006000E03F0E0FA3018C0
:10C840000C942168129A5118081A12903946103126
:10C850004B20800011900A462B46002B14D01668FE
:10C860002B20305CFF2808D03468129FE41BE717A8
:10C87000E4197C40119FBC4219D3121D5B1EECE7EA
:10C8800035468DE00D9D8BE00C9A0D9B002D0CD054
:10C890000E682A20305CFF2804D030462A304078C9
:10C8A000FF280FD0091D6D1EF0E71D4678E03446C5
:10C8B0002B34129909F00EF82178FF39484248418B
:10C8C0000C9A00E00120099B38495943CB097D218E
:10C8D0000D0137462637002834D03C79907C401C27
:10C8E000C0B2FF2100220D930AF0D2FE09907C71A4
:10C8F000109878700C98C07BF8700C98807C401C65
:10C90000B8700F98806B001D012221460AF0CEFE00
:10C910002748079027480690274805902748049005
:10C92000072003900920029012980190119809990C
:10C9300043181C33009303222046314608F056FF6B
:10C940000D9B0C9A5919129830600A9BBB710B9D74
:10C950003D70F5761089B0840E9A05CAF060326198
:10C96000012B05D10F9B586D9A6D7060B26002E08B
:10C970007560B5600F9B986B001D1C4603F084F832
:10C98000109880002418FBF70CFC8C216258A36CD3
:10C99000C01A8018605079798020084303F04AFA61
:10C9A000284613B0F0BDC0460417002071020000F5
:10C9B000CD7906100DD90710EBF107101BF2071007
:10C9C000F0B589B00391054690002C180AF0A2FE3C
:10C9D000E06B02900C302968091D0622FBF74AFB28
:10C9E00004A800260682C67302218181FF27877270
:10C9F00019490181B0210191695CC1722B2403990D
:10CA0000095D81732946543105910299091D0491EC
:10CA10000AF06CF8EB202E54B22001212954019821
:10CA20002F540398065D075504462F46AC372A3429
:10CA3000EB35A878800701D5F4F773FA387809F058
:10CA40002DFD787809F02AFD30460AF03DFB20786C
:10CA500003F0F0F909B0F0BDFFFF0000F8B5009059
:10CA6000274800689C214058476808F0C9FC2549C0
:10CA70004B7FE42100247C54AA217C541921890293
:10CA80008422B950F9673D46E435EC73EC7201211C
:10CA900029736C723946AA31FF228A71EC711A4EE1
:10CAA0004E800A2B00D30A230099012900D0234687
:10CAB0002B721430009008F0D1FF38600098786035
:10CAC000F86B001D24222146FBF7DEFA287A0028A5
:10CAD00015D0386C001D0024242200922146FBF75B
:10CAE000D3FA786C001D2146009AFBF7CDFA103777
:10CAF000287A002803D002CF4E85401EF9E7F8BD02
:10CB00000417002090140020FFFF0000F8B5012852
:10CB100061D101250091F4212F4A284690472F4CDE
:10CB200021689C27C95948602826284631462A4A48
:10CB300090472168C9594968C86328463146264A42
:10CB40009047009901293DD1244C2168C959496871
:10CB5000086401262825304629461F4CA0471F4956
:10CB60000968C9594968486430462946A0471B49A5
:10CB70000968C9594968886030462946A047174A5C
:10CB800011681546C9594968C8602C213046A0472C
:10CB90002968C959496888630025114E707F0A28A1
:10CBA00000D30A20ECB2A04215D90120302108F0B0
:10CBB000B1F90A490968C9594968A2008918086188
:10CBC0006D1CEBE705490968CA5952689060C8595D
:10CBD000406800218163F8BD154F0610041700203E
:10CBE00090140020FEB517460E4604464068052105
:10CBF0000170002A06D10AF093FD400161680A78AD
:10CC000002430A70606822254570022E01D0174841
:10CC100000E01548012F00D01548022E0290019621
:10CC200001D0374600E00427FBF7BBFA064638463A
:10CC300029460AF07BFD02990818861901988000A0
:10CC40002518E86B31460AF08DFDE86B0168891BF9
:10CC50004A0A8276490CC176E96B123160680E305F
:10CC60001622FBF707FAFEBD3E0600003E04000058
:10CC70003E02000070B50446F020205C40070FD54E
:10CC80002646AD360125204629460AF07DFD31783D
:10CC9000E06800220AF00AFD204629460AF0AAFDB3
:10CCA000022120460AF070FD70BD7047F0B595B0C6
:10CCB0000546480872285FD80E46149228690C90E1
:10CCC0002E4800682C21405CC007C10E287A1390C2
:10CCD000A88A1190687E0D90A87E0E90287F1090F3
:10CCE000E87E0F90287E0B902878129002D10A934C
:10CCF0000F220BE0224800683D22825C92063BD561
:10CD00003D30807AC00637D50A9301224E20C043B9
:10CD10004140701E032303432533980883B219480A
:10CD200000684069CCB221460AF0AEFD07460028F3
:10CD30000A99149820D00C9A10186B1C0935089683
:10CD400009900D9840B20E9A52B20B9E00960F9E1B
:10CD50000196109E029603920490119805901398E4
:10CD600006900795381D129A0AF0EEFD0648786085
:10CD7000204639460AF012FE15B0F0BD9C1700207F
:10CD800004170020A0170020BDB60710F8B50C4608
:10CD90000546F020085CC00701D1FF2003E008F041
:10CDA000D1FFFF283BD02646AC363070A87A002849
:10CDB00001D00020F8BD2746EC373879400701D470
:10CDC000FF2003E008F0BEFFFF2818D07070103479
:10CDD00000250095387885420BD208F0B3FFFF2874
:10CDE00009D002CC2A22885403210AF0E5FD6D1CEB
:10CDF000F0E70098F8BD2806009804D0F8BD307818
:10CE0000FF280AD10BE03879C10703D0307809F048
:10CE100043FE3879400702D5707809F03DFE0720BF
:10CE2000F8BD7047F8B50446EFF3108072B625469A
:10CE3000EC3514480068C07B032803D1012000F0C2
:10CE400023F81AE02646AC36307809F025FE7078D3
:10CE500009F022FE00261027287886420AD2E059DF
:10CE60002A21405C09F018FEE0590AF0AFFD3F1D91
:10CE7000761CF1E720460AF0ADFD62B6E87900289D
:10CE8000FCD1F8BD08170020F8B504460AF0BCFD37
:10CE90000546154800680768002C02D028460AF0AD
:10CEA000BBFD009500260125FBF77BF9391A0AD452
:10CEB000E807304602D02A290CD20120012600259D
:10CEC0000028F1D10EE002F0B9FCF3200126009910
:10CED0000E5407E0FBF786F90026002C02D0FF2055
:10CEE00002F0A8FF3046F8BD0817002080B50620E4
:10CEF00001490AF0AFFD80BD05A1071080B50720EC
:10CF000001490AF0A7FD80BD8DA3071080B5092057
:10CF100001490AF09FFD80BDA9CF071080B5002010
:10CF200001490AF097FD80BDBD8B071080B5022036
:10CF300001490AF08FFD80BDB9890710B0B5012005
:10CF40001849194CA04703201849A0470520184943
:10CF5000A04708201749A047F4F708F9F4F70AF9A1
:10CF6000F4F7F8F8F4F7FAF8F4F7FCF80AF07AFDB9
:10CF70000AF07EFD0AF082FD0AF086FD0AF08AFDC5
:10CF80000AF093FD0AF097FD00240B4D2868342128
:10CF9000415CE0B2884203D20AF094FD641CF5E7DC
:10CFA000B0BDC04671960710557A06108D9E0710C9
:10CFB000EDAA0710CD8607109C170020B0B50446D7
:10CFC00007F040FC2C21415C0025022907D10AF022
:10CFD000B1FD002803D020460AF0B1FD05462846E1
:10CFE000B0BD7047FEB5064687680479204607F055
:10CFF00029FC054620460AF0C3FD002844D080796C
:10D00000042841D17802E96C81423DD028462C3079
:10D010000295B63539683D2212016B889B019A183A
:10D02000EB889A4200D81346184A4A43114636689C
:10D03000007802280BD116481818814207D20191B6
:10D040001249009301F025FE009B01993860288861
:10D05000F0844B2080001818091A00D2002168893A
:10D060002A8A904200D310468142029B00D808468B
:10D0700082B2A92109018A4200D80846B084012160
:10D08000204632460AF090FDFEBDC046E204000094
:10D09000BC0B0000FEB505680679304607F0D2FBF0
:10D0A000074630460AF06CFD002847D080790428F6
:10D0B00044D13C46B434A88CE18881423ED0E08023
:10D0C000002130462A463B460AF06EFD1C480068A7
:10D0D0003D21415C890631D53D30407A40062DD551
:10D0E0002689A588E0880190208802907F8F1548C6
:10D0F0000068006980212622042423460AF0C4FB2C
:10D1000000281BD0014606748573019B0373029AA5
:10D11000827207720720C8710B2088713E20487107
:10D120000C71300A4874280AC873180A4873100A28
:10D13000C872380A487280200AF030FCFEBDC04632
:10D1400004170020A0170020F0B589B00024204665
:10D1500007F078FB009001200890434800683421D4
:10D16000405C844200D37DE04D2080000594604304
:10D1700000990C182C20205CFE21014002296ED160
:10D180000121009E304607910AF03AFD0546002134
:10D19000304601910AF034FD411E8841002D089966
:10D1A000049100D104904320800020180390852032
:10D1B000400020180290872040002318089F069303
:10D1C0001C78F02626400F252540032D1FD0022D68
:10D1D0000BD0012D2BD1049800282CD01220012136
:10D1E00007F082FB069B022525E003980088029940
:10D1F0000988081A0A2343431C4800680599C9B2E4
:10D20000B03001220AF007FD069B032513E0A006BB
:10D2100011D5049800280CD00598C0B20AF062FD20
:10D22000002801D0D02626400898069B04E00198EB
:10D2300002E0D02626400898EFF3108172B61978E4
:10D240008C4203D12E431E70002102E007990F404B
:10D2500039464A1E914162B600270842B0D1059C6A
:10D26000641C7AE709B0F0BD9C1700200417002069
:10D27000F8B50468007907F0E5FAC221435AC421E1
:10D280000546415A8B4200D30B46E380C021284615
:10D29000695AC622AA5A914200D31146A180A922F6
:10D2A0001201934200D81346A3812846EB6C144D1B
:10D2B0005D432B0A0093B83008250C2D1FD0082D94
:10D2C00001D00C2600E00626A65B3D273F0103881F
:10D2D0009B01DF19B74200D83E464B239B00F31851
:10D2E000009EF61A00D200268E420F4600D837461E
:10D2F000BEB2964200D816466653AD1CDDE7F8BDB7
:10D3000071020000F8B5054607F09CFA044628466D
:10D310000AF036FC9A21665A71B200292ED52746AA
:10D320002C373978022906D1017A002900D1817978
:10D330008171457A05E0417A002900D181798171B6
:10D34000057A002D00D1C579C571042904D1008862
:10D35000012803D0042102E0490800E006219A34A4
:10D36000787D02F018FD042D00D06D08787D2946E7
:10D3700002F0DBFC2088802188432080F0B2C009C5
:10D38000F8BD704780B507F0EBFD0249016200204F
:10D3900080BDC04602000707F8B505460AF0F0FB5D
:10D3A000002827D0044607F0DBFD0646284607F094
:10D3B00049FA054600210E222046FAF765FE708CD8
:10D3C0006080308C208041270095E85D02F0FDFBF5
:10D3D0000125042801D1064601E02E46864000982A
:10D3E000C05D02F0EAFBA671042801D1054600E009
:10D3F0008540E5710020F8BDF0B587B0054607F01F
:10D4000021FA044628460AF0BBFB05469A20265A14
:10D41000B00527469A37002845D52E4800683D219B
:10D42000415C89063BD53D30407A400637D5788C43
:10D430000290F88B0390388C0490788B0590608F65
:10D440000690254800680069802126220423019364
:10D450000AF01AFA002822D00146029A0274039BAD
:10D4600083730498087305988872069808720720D9
:10D47000C8710B2088713E20487101980871100A0C
:10D480004874180AC8730498000A48730598000A7B
:10D49000C8720698000A487280200AF07FFA38881D
:10D4A0000E4901403980F00512D5E97903204A0779
:10D4B00000D50146628FAB790091590700D503462C
:10D4C000802000210AF02AFC388805490140398073
:10D4D00007B0F0BD04170020A0170020FFFD0000DA
:10D4E000FFFE0000F0B585B016460D46044602F07A
:10D4F00018FAFAF777FE0320C043C11C6846018181
:10D50000012101824173BE21615A81722746BE37D3
:10D51000BA7EC272BA7C82730E4A891A4A1E91413F
:10D52000C17301730196009509F0E0FA2046283096
:10D530000AF02AFC3C3420460AF026FC002038740D
:10D54000B87C02F077FC387E800701D5F3F7E9FC60
:10D5500005B0F0BDFCFF0000F0B587B00446FAF757
:10D5600041FE02A819490181002606820121C173EA
:10D57000FF21019104318181BE21615C81722746C6
:10D58000BE37B97EC172D125615D81732146DC3120
:10D590000291216D2831039109F0A8FA2046283024
:10D5A0000AF0F2FB20463C300AF0EEFBB87C08F0B3
:10D5B00075FF3E74605D02F03DFC01986055387E59
:10D5C000800701D5F3F7ADFC07B0F0BDFFFF000009
:10D5D00070B5044600250D70006D02F0A2F902F04E
:10D5E00036F9DB2007212154606F8560606FC560CC
:10D5F000DC20205C4006C00F616F0A7A02430A7289
:10D60000606F2146DE3109300622FAF733FD2546E8
:10D6100098352646C736F3F76FFC012808D1206DF0
:10D620003021405C636F08330021012208F062FC66
:10D63000307800210A460AF02BF87B30286020461B
:10D640000AF0B3FB0148A88370BDC046F9FF000093
:10D65000F8B50446D820FF212154B820255A0127C7
:10D660002F402646D836002F04D009F0F9F9307043
:10D67000FF2822D0B83408F065FB2076FF2813D0AD
:10D680000021E8061AD40D4608F05CFB29466076B6
:10D69000FF2813D1002F02D030780AF0BBFB207E88
:10D6A00009F0FAF9072109E00721002F06D03078A8
:10D6B0000C460AF0AFFB214600E00C210846F8BDFD
:10D6C00070B50C46054608460AF0ABFB06462046F8
:10D6D00029460AF0C1FB8019E16F884201D8002079
:10D6E00070BD452070BD0100F0B595B007460446F9
:10D6F000C4340AF096FB0F90A0780E90F86F0C904F
:10D700000026384631460AF0A7FB0B9007F00AFFC7
:10D7100005460D9008F0A2F91190217B812012900E
:10D72000009038462A4633460AF0A3FB384602F0FA
:10D7300069F99C2010903958207BFA6F414B079370
:10D74000414B0693414B0593414B049314230393A0
:10D750001F230A930293019100920E9A0C99514350
:10D760000B9B5918521C0F9B5A438B183946129D1C
:10D770002A4608F03BF8384631460AF06DFB0F9018
:10D78000FAF70FFD0E90C420395C607B3A6D00956E
:10D79000134614330AF0A8FB13A90A980871F04342
:10D7A0001390607B02F04FFA607BFF2102F06DFA6C
:10D7B000607B0C9009943D6D94200896314632466A
:10D7C00001F0F2FF0346129E009628460C990D9A2E
:10D7D0000AF04FFB607B0D903D6D96200121089C67
:10D7E000224601F0E1FF03460094019614352846D5
:10D7F0000D99119A0AF0A6FB386D02F003F9FAF7B9
:10D80000D0FCC8301099785038460AF0DBFB0998F4
:10D81000407B104907911049069110490591104924
:10D820000491062103910A2102910E490E9A521881
:10D83000019200910F9B80333946324607F0D6FFA4
:10D8400015B0F0BD71EC0710DD8E07109D8F07102D
:10D85000F58F071079EC071099920710AB7D061031
:10D8600029960710FFFFFF0F01207047B0B505464E
:10D87000002448070ED507F073FBC168688F0AF0D3
:10D8800027FC3A2801D1012404E08C2029580422E5
:10D89000914329502046B0BDF0B589B00393029260
:10D8A0000691079007F05CFB0446F3F78CF90590AE
:10D8B000F3F789F90546A92006013B4FF3F787F9ED
:10D8C000012D0897009604D101283E460AD0374E14
:10D8D00003E0012806D02920C60005F011FC01282C
:10D8E00000D108360496029D039FF3F76CF901906E
:10D8F000F3F769F90646F3F76AF9012E07D1012813
:10D900003E462F46069D079B14D0284809E0012873
:10D91000009808903E462F46069D079B0AD0292076
:10D92000C000089005F0ECFB012802D108980830EF
:10D930000890079BEFF3108072B666832783E58219
:10D94000A382FB221B2001990129114600D0014628
:10D95000059C012C089C00D0024630209A420246C9
:10D9600000D300221B2B034600D31346049AAA427D
:10D97000024600D31A46EB08292B034600D3134670
:10D98000B942014600D319461B2F024600D30A466E
:10D99000B442014600D31146F208292A00D30846B2
:10D9A00062B609B0F0BDC0469042000048080000D1
:10D9B000B0B588B0129C0694119C0594109D0495F6
:10D9C0000F9D03950E9D02950D9D01950C9D009553
:10D9D0000AF012FC012C12D1F3F7EDFA0AF08CFDDB
:10D9E000F3F7CCFB0748C17A07480068B030074A14
:10D9F000052307F09DFA0AF007FE0AF011FE08B0B1
:10DA0000B0BDC04690140020041700200DE00710A0
:10DA1000F0B585B00446AC20A072A07E81070AD480
:10DA20000521084232D0A07FE17F09020E18254669
:10DA30002035AE2707E001AD0026102228463146EA
:10DA4000FAF722FBAD272089B2B2234628332946B4
:10DA50000AF0E7FD3A2810D005460C280DD0002D1D
:10DA60000CD1A07E0121014001D00E22D743A77224
:10DA7000F822104009010143A17600250E2002F092
:10DA8000C7F9F1F7E9FB284605B0F0BDF8210840D9
:10DA9000A0760C25F7E70101020102010002010056
:10DAA0000202020102010101010102000201000063
:10DAB000F0B587B00568A97E0C24CA0600D5A2E09F
:10DAC000837946790779002E03D008060CD5832484
:10DAD00099E04E4800683222825C920704D53230C9
:10DAE000007C400700D58EE080200140A976A87A0E
:10DAF00000280DD0F12800D085E0F80708D10121D9
:10DB0000284604911C460AF0AAFD2346844229D9DE
:10DB10000593298900240B2220460AF0C9FD00281C
:10DB20000AD0049001200AF0DFFD032806D30498F0
:10DB30000AF0F4FD382466E0882464E0A021A9728C
:10DB40002875E87B2F210140E973B80703D5A87E2B
:10DB500020210143A976002E05980CD006A90AF0D1
:10DB6000E7FD0BE0A87E04990843A8762846F3F762
:10DB7000B2FB044647E006A80AF0F6FD28460AF084
:10DB80000DFE224800683521415C06AA13786A7BA5
:10DB90003530477880780091019702900127049EE4
:10DBA000304639460AF016FE284631460AF030FE65
:10DBB00000280CD015480068B121415C812400295F
:10DBC00021D0B1302A7D9740B94301701BE028462F
:10DBD0001C303C222146FAF757FA06A80078182193
:10DBE0000140E975A97BC207920F0A43AA73E97B3A
:10DBF0004007C00F0843E873304621462A460AF022
:10DC000021FEA120A872204607B0F0BDB417002065
:10DC100080B5016840684968C97A094A12683223A8
:10DC2000D25C022A04D108220A4001D1032080BD1F
:10DC3000E7221143C27D0A40C275F3F78FFB80BD16
:10DC4000B417002080B5C17C491E032911D8C046F5
:10DC50007944097949008F4401040A01A5218172A0
:10DC600080BDC17E491CC1760AF0FEFD80BD0AF070
:10DC700031FE80BD80B50146C07C401E032812D80D
:10DC8000784400794000874401050B0100200AF028
:10DC90006DFE80BDB5208872C87E401CC87680BDF0
:10DCA00008460AF017FE80BD1CB50A4909688B6B4F
:10DCB00002684068D47E0090601EC34080201843F4
:10DCC0008123034008466430E43138320AF08CFE88
:10DCD0001CBDC046B41700201CB502684068D17C4A
:10DCE000022905D003290FD1AA209072EB201CBD78
:10DCF000D17E4B1E0B4909688C6BDC40012323400D
:10DD00007F24E4431B1902E00649096800230090C0
:10DD10000846E43064314832DBB20AF065FE002088
:10DD20001CBDC046B4170020BCB50446C07C012809
:10DD300021D002281AD004281FD11048016801AD53
:10DD40000095224638322346483308466430E43191
:10DD50000AF07AFEC120A07228460AF0ABFE0849FC
:10DD600000F097FF20890AF0B1FEBCBDE07E1328C9
:10DD700001D8A42000E0AA20A072BCBDB4170020E6
:10DD800040420F001CB502684068D17C02290BD1CB
:10DD9000D17E4B1E0A4909688C6BDC40012323406D
:10DDA0007F24E4431B1902E0054909680023009021
:10DDB00008466430E4314832DBB20AF015FE1CBD7F
:10DDC000B4170020FEB5B0C80668BA203070002035
:10DDD0003860E07C02281AD0042837D11C4801683A
:10DDE00002AD009522463832234648330846E430D7
:10DDF00064310AF029FEC120307028460AF05AFE2C
:10DE0000144900F046FF20890AF060FEFEBD10486C
:10DE10000168886BE27E01920095521ED0408022FC
:10DE2000024381231340224638320846E4306431ED
:10DE30000AF0DAFD2834102228462146FAF731F993
:10DE400038600198132801D8B4203070FEBDC04658
:10DE5000B417002040420F00B0B5002814D00B4D7D
:10DE600028684221425C0823134343546430084924
:10DE700020242246FAF7FEF8286884300549224615
:10DE8000FAF7F8F80AF054FEB0BDC046B417002007
:10DE900009F4071029F4071070B50546C67D002463
:10DEA000300710D5288906F0D1FF002801D00824BA
:10DEB00009E0064800684221425C042313434354AE
:10DEC00001200643EE75204670BDC046B417002001
:10DED000B0B5044614480268643200254021284643
:10DEE0000AF034FE002803D006F0D0FF122519E016
:10DEF000E07D602102460A40602A13D020220240C1
:10DF0000635C012119408A1807D19B210840E07504
:10DF100020460AF02DFE054604E08425002901D0A4
:10DF20004006F5D42846B0BDB4170020F8B5046803
:10DF3000E57D290730D50779FE200540208906F0C8
:10DF400085FFE575002806D11449096842228B5CDB
:10DF5000FB241C408C54114C216843254E5D4231FA
:10DF6000002F08D010364E70002806D10878CF2236
:10DF700002400A7001E0761C4E700F2030400321F1
:10DF800000F087FEF1B209094018032804D306F017
:10DF90007DFF206800214155F8BDC046B417002020
:10DFA000F8B500276B4B6C4A3D4618683421405C3D
:10DFB000854200D3CDE01068A4214058002800D14C
:10DFC000B2E0C4192089002800D1ADE0A07A014652
:10DFD000D13905295DD3002800D1A5E0FE2800D164
:10DFE0008AE0A22859D0AA2800D181E0B22854D0D2
:10DFF000B42800D18AE0BA287AD0BF2800D189E0BD
:10E00000F02800D18BE0102800D090E001212046BC
:10E010000AF0E0FD002800D196E00026A6720AF082
:10E02000EFFD00284B4B4C4A7ED06020205CC0079F
:10E030007AD00AF0F1FD484A464B002874D0E079C6
:10E04000C021014040296FD1444800684F21405C05
:10E05000000769D524894248006880694822022166
:10E060000B4609F011FC3C4A3A4B00285CD00146B3
:10E070000420487208220A72CE7188718C72FF20C7
:10E08000487182200871200AC872022009F086FCBB
:10E0900048E020460AF0C4FD44E0E07D0126000788
:10E0A000304613D52046F3F75FF9002806D0122832
:10E0B00004D00E2001F0ACFEF1F7CEF8E07D602137
:10E0C0000140603948424841224B234AE17C022901
:10E0D00004D1E17B10220A4016091F4A002823D0F0
:10E0E000002E21D06020205CC00724D04B2023E0EC
:10E0F0002046F3F74CF915E060202056002813D590
:10E10000002170222046F9F7BFFF0BE020460AF0FD
:10E110002BFE07E0002120460AF037FE02E02046F1
:10E120000AF068FE0C4A0B4B70376D1C3DE7204629
:10E13000F3F733F90AE05B20C043A0720E2001F030
:10E1400067FEF1F789F801E0F120A072014B024A65
:10E15000EAE7F8BD9C170020B41700200417002040
:10E16000A017002010B50446C07D000711D5204639
:10E170000AF078FE002807D0882805D00B2100225D
:10E180000123204606F0B0FE0E2001F041FEF1F71B
:10E1900063F810BD80B502466020105CC00710D146
:10E1A000907AAF2809D0A9280CD0AC2816D0A42882
:10E1B00007D110460AF0B4FE80BD012110460AF0D6
:10E1C000E4FD80BD002011460AF0BCFE0028F8D016
:10E1D0000E2001F01DFEF1F73FF880BD1046F3F769
:10E1E0007AF880BD80B506F051FE80BDFEB5604F67
:10E1F000604C38680168002900D1B8E00AF0E3FEFD
:10E20000054600880AF0EAFE0028F2D00646386883
:10E21000B021405C00280ED00821002201233046A6
:10E2200006F062FE00280ED0FD2800D096E02846B9
:10E230000AF074FADDE76868007A05280CD12846F0
:10E2400031460AF0EDFE28460AF068FA0E2001F089
:10E25000DFFDF1F701F8CCE7B17AF12901D000290F
:10E260000AD16021725C0121114001D10B28DED15D
:10E27000002901D00128DAD1F07D000706D50296E9
:10E28000019501A8F3F7A3F8FC28CBD16020305CFE
:10E29000C00707D10296019501A8F3F79EF8FC2864
:10E2A000C0D122E06868007A042831D0032837D032
:10E2B00001281AD1B07A002803D0FB2847D0F128D2
:10E2C000B5D130890AF0D8FE024600200146234627
:10E2D0000AF0F2FE307E810702D503210843307632
:10E2E000284631460AF00EFFD9E7284631460AF0A3
:10E2F0003FFFFC2803D0862899D0842892D1F07D56
:10E30000000794D50296019501A8F3F75AF889E71A
:10E31000B07AB6288BD1284631460AF0C9FFBEE74D
:10E32000B07AB22809D0B42807D0B52800D07EE74B
:10E33000284631460AF01AFBB1E7F07C022800D0EB
:10E3400075E738684021415C032908D16FE709214E
:10E3500000220123304606F0C7FDA0E738682946B1
:10E360000BF038F80F2001F053FDF0F775FFFEBDFC
:10E37000B41700203075000070B505686968097A27
:10E38000FD240E2946D14668F07DC00642D5F07CBA
:10E3900002283FD1307B02283CD16020305CC0078E
:10E3A000B07A01D1A23800E0B238032832D801286F
:10E3B00030D030890AF060FE02460024164B204619
:10E3C00021460AF079FE154800684F21405C40065E
:10E3D00020D536896868457A11480068806902212D
:10E3E0004A22032309F050FA002813D0014686720E
:10E3F000042048720A2008720024CC71052088711C
:10E400000D73FF20487182200871300AC872022003
:10E4100009F0C4FA204670BD3075000004170020D2
:10E42000A017002080B50146006849684268127A4A
:10E430000D2A0FD00C2A15D18A7A10231343FF22FC
:10E44000B22B18D16023CB5CDB07CB7D0CD19B06B4
:10E450000CD410E08A7A10231343BB2B0AD10AF0A4
:10E46000C2FF05E0FC2206E05B0604D40AF0F8FFD8
:10E47000024600E0FF22104680BD000010B50146B4
:10E4800000684268127A931EFC22092B2BD8496837
:10E490007B441B795B009F44040A1426262626260B
:10E4A000261A8A7AA12A1BD10BF040F816E08A7A44
:10E4B000A22A17D0A42A15D0A52A11D10AF042FD0C
:10E4C0000CE08A7AA62A0BD10BF072F806E08A7A61
:10E4D000F12A01D0002A03D10BF0E4F8024602E051
:10E4E000FD2200E0FF22104610BD0000F8B52920F3
:10E4F000C1000124204D2046A847204E3060204F07
:10E50000F87A7021A8473168A42288500BF026F9C8
:10E5100028212046A8473168AC228850F87AC01CD0
:10E52000C0B2411C174D2846224606F0F3F9316867
:10E530008862F87AC01CC1B20222284606F0EAF9C5
:10E540003168C862084606F0EFFC0BF013F930683A
:10E550004221002545524021032242540A490463C6
:10E5600041638563443010212A460BF017F9284691
:10E57000F2F7EDFEF8BDC046154F0610B4170020A7
:10E58000901400208C14002007100707F8B5012014
:10E59000982106F0BFFC2B4E30602B4FF87A397B68
:10E5A00008181424214606F0B5FC3268002555638E
:10E5B000D562F97A03462F46B9420AD01D615F70D1
:10E5C0001F703268D36225467D43451914337F1C82
:10E5D000F2E7002313631C4A127B5218CDB2AA4201
:10E5E0000AD96543FF27475545192B616970336880
:10E5F0001D63491C2B46F1E79006000E411C134C8D
:10E600000122204606F086F9316808620E4DE87A4C
:10E61000297B08188006010E0222204606F07AF9AE
:10E6200034686062E87A297B08188006010E084A7F
:10E630000723204606F07CFC0BF0C8F80BF0DEF850
:10E64000F8BDC046A8170020901400208C140020AC
:10E650007D710710E0B500200090064B0146024690
:10E660000BF0D0F8002804D0072001F0D1FBF0F720
:10E67000F3FD8CBD6970071080B500200BF0F0F839
:10E680000D49098A2531490988420FD9491C00F0F2
:10E6900000FB0246422000210BF0E8F8002804D0DD
:10E6A000082001F0B5FBF0F7D7FD80BD0820002160
:10E6B00006F01AF980BDC04690140020F0B585B070
:10E6C0000F4F386840300BF003F90446200414D093
:10E6D0006D4600202870386840300AF074FC0190C4
:10E6E00006880BF0FEF8014630460BF0FFF802906A
:10E6F00028460BF00DF9641EE8E705B0F0BDC046F2
:10E70000A8170020F0B5D3B000250C950B950A95FD
:10E710000995412082000DAC20462946F9F7B4FC4A
:10E72000257110204490169009A80F902046F9F703
:10E73000EDFCDC34019401200BF0BAF906464EA83A
:10E740000C300290484D002E41D03078032839D04B
:10E750004EAF304639460BF0BDF9387C102831D128
:10E76000708804A908804EA880893D494118052970
:10E770001CD33C494118042903D3292109028842AA
:10E7800020D10DAF022404AA38462146A8473846B6
:10E790002146029AA847002005AA31460BF0C2F98B
:10E7A0000598426801883846A8470BE00DAC02275F
:10E7B00004AA204639460BF0B5FA20463946029A9B
:10E7C0000BF0B0FA30460BF0E1FA0646BBE70198D1
:10E7D000828C002A06D00DA8202101710146E0316B
:10E7E000F9F79AFC0DA84EAC04AA2146F9F79EFC55
:10E7F00005AD102601232846214632460BF0DAFAF1
:10E800001A4F3968833128463246F9F74AFC002806
:10E8100019D03868833005A91022F9F72BFC03AD15
:10E820008220288000950024114B20462146224654
:10E830000AF0E8FF4020288000950E4B2046214634
:10E8400022460AF0DFFF38685C21425CFD2313405A
:10E8500043540B2001F0DCFAF0F7FEFC53B0F0BD9E
:10E86000FFD6FFFF00D8FFFF259D0610A817002048
:10E87000C7E10710D3E10710E0B5002100910220A5
:10E880000422074B0AF0BEFF002801D0812800D1E6
:10E890008CBD0B2001F0BCFAF0F7DEFC8CBDC0464D
:10E8A0000584071080B50BF095FA80BD80B504286B
:10E8B00001D9122080BD0BF091FA80BDF0B589B06E
:10E8C0000546084628431224012836D80E9F072FF4
:10E8D00033D3102F31D80F9810282ED8B8422CD30C
:10E8E0000E461099022928D80191029003930492B0
:10E8F000F2F7F7F9012806D1049902291DD8039AE5
:10E90000012A07D919E0039A10460499084301D057
:10E91000112412E005AC019820730948E0800298A8
:10E9200060712771E270A170667025700BF066FA55
:10E93000607320460BF06CFA0446204609B0F0BD27
:10E940000707000080B5012902D80BF08BFA80BDC3
:10E95000122080BD80B5044A914201D9122080BDA9
:10E960000BF0C0FA80BDC0463F420F0080B50129C0
:10E9700002D80BF0D5FA80BD122080BD80B50BF017
:10E98000EDFA002080BD10B5144607224A43D2B2EA
:10E99000194623460BF0E6FA10BD80B594B0012865
:10E9A00006D803466A46084619460BF013FB00E0FA
:10E9B000122014B080BD80B50BF03EFB80BD80B549
:10E9C0000BF0DAFB80BD80B50BF0E0FB80BD80B5BD
:10E9D0000BF06CFC80BDBFB51C4602AB089D5D8092
:10E9E0001A80099A03920093012322460BF068FCD7
:10E9F00004B0B0BD1CB5059C0194049C00940BF0C0
:10EA0000A2FC00201CBD80B50BF0A5FC80BD80B52C
:10EA10000BF0AEFC80BDBFB501AC089D2581E38045
:10EA2000A2806180208020460BF0AEFC04B0B0BD17
:10EA3000FEB5029315460E460746012402212046E4
:10EA40000BF01CFD002800D0FEBD009701940020B3
:10EA500031462A46029B0BF01FFDFEBD80B5030A1E
:10EA60000E2B01D9022080BD0BF068FD80BD10B5D2
:10EA7000029C24042018120251181A0489180BF061
:10EA800077FD10BD10B50446012002210BF0F6FC05
:10EA9000002800D010BD20460BF067FE10BDB0B5B9
:10EAA0000C460546012002210BF0E8FC002800D0AE
:10EAB000B0BD284621460BF06DFEB0BDF8B51C4632
:10EAC00015460E460746012002210BF0D7FC002810
:10EAD00000D0F8BD384631462A4623460BF074FE76
:10EAE000F8BDB0B504460078002801D0042801D351
:10EAF000122000E000201225002A2A4600D00246FB
:10EB0000012900D81546002D07D1F2F7F5F90028A4
:10EB100003D12078FD21014021702846B0BD70B599
:10EB200094B00446F2F70EF806466D463E35684648
:10EB30000BF0A8FE00280BD1002E09D168464078C2
:10EB40000121014020462A46F1F7F0FF0646EEE794
:10EB5000F0B214B070BD0000B0B504460021082525
:10EB60002A46F9F791FA2078DF2101432170607875
:10EB7000092101436170A1782943A17011490968F5
:10EB80005C22895C890602D50F2108436070F2F788
:10EB90005FFB012807D16078122101436170A078E2
:10EBA00007210143A170F2F735F9C0B2012807D15E
:10EBB0006078E02101436170A07880210143A17059
:10EBC000B0BDC046A417002010B54621054A4E2905
:10EBD00006D04318463B1B7814686354491CF6E77B
:10EBE000002010BD04170020704738B505000C0048
:10EBF000E843F2F75FFD31BD70B5174D2868EFF3BC
:10EC0000108172B601680026066042680A434260BD
:10EC100062B62C681034206800280FD020460BF014
:10EC200045FE800029680818EFF3108272B68268EA
:10EC3000866048681043486062B6ECE72868041DA7
:10EC4000064D2068002806D020460BF02FFE8100DC
:10EC500069588847F5E770BDB81700203CEE0410EE
:10EC6000F446002804D4494200F013F840426047BB
:10EC70004042002905D45FD000F00BF840424942E1
:10EC80006047494200F005F84942604703460B439C
:10EC9000E6D40022030A8B420BD203098B4219D21D
:10ECA00043088B422ED2411A00D2014652411046EF
:10ECB0007047FF2209023FD012068B4205D3121281
:10ECC00009028B4201D31212090203098B4219D3A4
:10ECD00000E0090AC3098B4201D3CB01C01A52419B
:10ECE00083098B4201D38B01C01A524143098B42E5
:10ECF00001D34B01C01A524103098B4201D30B01CE
:10ED0000C01A5241C3088B4201D3CB00C01A5241F2
:10ED100083088B4201D38B00C01A524143088B42B7
:10ED200001D34B00C01A5241884200D3401A5241CD
:10ED3000CFD201461046704708B50BF0D9FD08BD8B
:10ED400010B5904216D98AB2030C090C0C465943EF
:10ED500080B25343444350431B191A041B0C101830
:10ED6000594180225203002312184B41520DD80200
:10ED7000104310BD4843802252031218520D104612
:10ED800010BD000030B4434351435D18010C0C002A
:10ED9000130C5C432D1980B2434392B251430024BB
:10EDA000C918644124040B04090C09195043C01804
:10EDB000694130BC704712422DD0994231D970B5AB
:10EDC00000251B4209D00C00002112E01100FFF7C2
:10EDD00060FF0A000021002370BD0942F6D0002424
:10EDE000012649186441944200D3A41A7641F8D30D
:10EDF0003100012601E0764109D2001864416D41DD
:10EE0000A41A9D41F7D2A4185D41B619F5D330007C
:10EE100022002B0070BD1B42CFD108B50BF06AFD5C
:10EE200008BD01D19042CAD202000B00002100208F
:10EE300070470000F7B5424C2078012801D102202C
:10EE400020E00120207000256560FA27BF0038000F
:10EE500000F019F806003000C0B200280FD1009869
:10EE6000002804D10299019800F033F803E00299D8
:10EE7000019800F042F8380000F005F8060025700F
:10EE80003000C0B2FEBD70B5040003F00FFD0500F8
:10EE90002D480168C9070AD40020C0438442F7D036
:10EEA00003F004FD401BA042F2D3032010E00C212C
:10EEB00002680A400C2A0AD1214A5368214E36685A
:10EEC0001E435660026811430160012000E00020EB
:10EED00070BD10B41C4A13680F241C4314601B4AF5
:10EEE00082189208D203D20B194B1A60194A11608A
:10EEF0003322194B1A6010BC704730B40A00124B11
:10EF00001C680F2525431D60104BC3189B08DB03AD
:10EF1000DB0B0F4C236013680E4C2360121D13682B
:10EF20000E4C2360121D13680D4C2360121D1368D4
:10EF30000C4C2360CC23084C236030BC704700008D
:10EF40004816002008100040101000400000FCEFA0
:10EF500018100040401000400010004044100040D5
:10EF6000481000404C100040A446521E08D30378BD
:10EF70000C78401C491CA342F7D0181B644670470C
:10EF80000020644670470000F3B581B00400204FB4
:10EF90003878012801D102202FE0012038700026A6
:10EFA0007E602068FF2808D100F028F8FA20800051
:10EFB000FFF769FF694608701CE00020C043029912
:10EFC0000860606805006068A1684018854211D239
:10EFD000280000F01FF8FA208000FFF754FF694670
:10EFE000087068460078002802D00298056001E0A9
:10EFF0006D1CE8E73E7068460078FEBD0D4801686C
:10F000000F220A43026022200B490860704700006B
:10F010004816002007490A680F2313430B60C102FA
:10F020008908C903C90B054A11601121024A116000
:10F030007047000010100040001000401810004001
:10F0400010B504000800110002002000F1F7C8FA12
:10F05000200010BD4D490A687F239A4343065B0E8A
:10F0600013430B6070474948016880220A430260DD
:10F07000704746480168802291430160704710B490
:10F080008E490A688E4B13400202964C14401C4372
:10F090000C6010BC704730B49C4A0300DBB25C24A7
:10F0A0006343D3583F24A3438C06A40E1C430300A0
:10F0B000DBB25C256B43D45030BC704710B493492D
:10F0C0000200D2B25C235A438A5840231343020001
:10F0D000D2B25C2462438B5010BC704710B48B4991
:10F0E0000200D2B25C235A438A5840239A43030059
:10F0F000DBB25C246343CA5010BC704710B4834930
:10F100000200D2B25C235A438A5880231343020080
:10F11000D2B25C2462438B5010BC704710B47B4960
:10F120000200D2B25C235A438A5880239A430300D8
:10F13000DBB25C246343CA5010BC7047A749C0B21D
:10F140005C225043095808000006C00F704730B4D5
:10F150006E4A0300DBB25C246343D358A94C1C40C5
:10F160000B02FC25AD011D4025430300DBB25C24EE
:10F170006343D55030BC70479849C0B25C225043BD
:10F180000858000A8006800E70470000C400002066
:10F1900010B492490200D2B25C235A438A588023A9
:10F1A0001B0253400200D2B25C2462438B5010BC5D
:10F1B000704710B455490200D2B25C235A438A58B2
:10F1C00080239B0313430200D2B25C2462438B5022
:10F1D00010BC704710B44D490200D2B25C235A43B0
:10F1E0008A58B24B13400200D2B25C2462438B5067
:10F1F00010BC704730B4454A0300DBB25C24634363
:10F20000D358B94C1C400B06E025ED041D402543A6
:10F210000300DBB25C246343D55030BC70476F49B8
:10F22000C0B25C2250430858000E4007400F7047A0
:10F2300030B4364A0300DBB25C246343D358BA4C83
:10F240001C40CB0680252D052B4023430400E4B24F
:10F250005C256C43135130BC7047000030B42B4A1E
:10F260000300DBB25C246343D358BC4C1C400B0747
:10F27000E025ED051D4025430300DBB25C2463431C
:10F28000D55030BC70475549C0B25C225043085835
:10F29000000F4007400F704710B4504A0300DBB224
:10F2A0005C246343D3185B680300DBB25C246343D4
:10F2B000D218516010BC704700000000D000002040
:10F2C000FF0000F010B4454A0300DBB25C24634346
:10F2D000D3189B680300DBB25C246343D2189160AF
:10F2E00010BC704700FFFF0F10B4084A0300DBB2E8
:10F2F0005C246343D3189B690300DBB25C24634343
:10F30000D218916110BC704700000000DC000020A2
:10F3100030B4324A0300DBB25C246343D318DB69A8
:10F32000FF24A343CCB21C430300DBB25C256B4338
:10F33000D218D46130BC70472849C0B25C22504317
:10F340000818C069C0B2704730B4244A0300DBB269
:10F350005C246343D318DB69DBB20C021C4303005B
:10F36000DBB25C256B43D218D46130BC70471B49BB
:10F37000C0B25C2250430818C069000A704730B41C
:10F38000164A0300DBB25C246343D3181B6A1B0CD0
:10F390001B048CB21C430300DBB25C256B43D21808
:10F3A000146230BC70470D49C0B25C22504308184B
:10F3B000006A80B2704710B408490200D2B25C23E0
:10F3C0005A438A18126A80239B0513430200D2B263
:10F3D0005C24624389180B6210BC7047DC0000207B
:10F3E00010B481490200D2B25C235A438A18126ACF
:10F3F0007E4B13400200D2B25C24624389180B6238
:10F4000010BC7047FFC0FFFF10B4774A0300DBB2A7
:10F410005C246343D3185B6A0300DBB25C24634360
:10F42000D218516210BC70476F49C0B25C22504381
:10F430000818406A704730B46B4A0300DBB25C24A2
:10F440006343D3189B6A1B0E1B060C02240A1C4341
:10F450000300DBB25C256B43D218946230BC70476A
:10F4600030B4614A0300DBB25C246343D3189B6A67
:10F470001B021B0A0C061C430300DBB25C256B431A
:10F48000D218946230BC704710B457490200D2B20F
:10F490005C235A438A18D26A802313430200D2B2F3
:10F4A0005C2462438918CB6210BC7047FFFFDFFF0A
:10F4B00010B44D490200D2B25C235A438A18D26A72
:10F4C00080239A430300DBB25C246343C918CA62F9
:10F4D00010BC70474449C0B25C2250430818C16A4E
:10F4E00008000006C00F7047FFFFFFF830B43E4A27
:10F4F0000300DBB25C246343D318DB6A1F24A343FD
:10F50000CC06E40E1C430300DBB25C256B43D2182F
:10F51000D46230BC70473449C0B25C2250430818F2
:10F52000C06AC006C00E7047FFFFFFF730B42E4A16
:10F530000300DBB25C246343D318DB6A624C1C40DB
:10F540000D02FC239B012B4023430400E4B25C2505
:10F550006C431219D36230BC70470000FFFFFF8F6D
:10F560002149C0B25C2250430818C06A000A8006D4
:10F57000800E704730B41C4A0300DBB25C24634346
:10F58000D318DB6A9BB20C041C430300DBB25C257E
:10F590006B43D218D46230BC70471349C0B25C22AE
:10F5A00050430818C06A000C704730B40E4A03007C
:10F5B000DBB25C246343D3181B6B9B0D9B058C0251
:10F5C000A40A1C430300DBB25C256B43D21814630E
:10F5D00030BC70470449C0B25C2250430818006B2D
:10F5E0008002800A70470000DC000020FFFFFFDF80
:10F5F000026801607047426801239A430B00DB07F1
:10F60000DB0F13434360704710B4426804239A43EE
:10F610008B00042423401343436010BC704710B494
:10F62000426808239A43CB000824234013434360D5
:10F6300010BC704710B4426810239A430B01102489
:10F6400023401343436010BC704710B4426820232A
:10F650009A434B01202423401343436010BC70475E
:10F66000416840220A4342607047416880220A4351
:10F67000426070474168802291434160704710B4F6
:10F680004268754B13400A028024640022401A43EA
:10F69000426010BC704710B44268704B13404A027D
:10F6A0008024A40022401A43426010BC704710B46A
:10F6B00042686B4B13408A028024E40022401A43C4
:10F6C000426010BC70470000FFC0FFFF826881608D
:10F6D000704780687047C268120D12050B031B0B40
:10F6E0001343C3607047C168802252030A43C2605B
:10F6F000704710B4C2685B4B13408A058024E40352
:10F7000022401A43C26010BC704710B4C268564B06
:10F710001340CA058024240422401A43C26010BC4E
:10F72000704710B4C268514B13400A068024640429
:10F7300022401A43C26010BC7047C1688022920404
:10F740000A43C2607047C1688022D2040A43C26083
:10F750007047C1688022D2050A43C2607047C16801
:10F76000802212060A43C260704747490A68474B25
:10F770001340474A02401A430A60704710B4454993
:10F780000A6808239A43C3000824234013430B60EC
:10F7900010BC70473F490A6801239A430300DB0706
:10F7A000DB0F13430B60704770B5040020000D00A1
:10F7B000EDB2012D02D10625AD1C0EE00D00EDB21B
:10F7C000002D02D10425AD1C07E00D00EDB2022D85
:10F7D00002D102252D1D00E000250E00F6B2012EFB
:10F7E00003D00E00F6B2022E09D11600F6B2012E99
:10F7F00002D19B26330013E03D26330010E00E00BB
:10F80000F6B2002E03D00E00F6B2032E08D1160079
:10F81000F6B2012E02D19926330001E03B263300D7
:10F82000C01A401B70BD10B504002000FFF79DFFFB
:10F8300010BD80B50120FFF7A1FF01BD80B50120FB
:10F84000FFF7A8FF01BD80B5FFF713FC01BD80B530
:10F85000FFF709FC01BD0000FFFEFFFFFFFDFFFFFA
:10F86000FFFBFFFFFFFFBFFFFFFF7FFFFFFFFFFE6D
:10F8700010B504002000C0B2FFF7ECFB10BD010082
:10F880000548084070470000040000604F00020077
:10F89000B0FFFDFF1800006030DFC9008021C90300
:10F8A000084070470100002070478021C9050840CA
:10F8B00070478021890408407047802189010840F1
:10F8C00070478021C90208407047802149020840E2
:10F8D00070478021890308407047802189000840D3
:10F8E00070478021090108407047802109060840BF
:10F8F00070478021C9040840704740210840704784
:10F90000802149040840704710B504000021200000
:10F91000FFF785FE10BD10B504002000FFF7AAFE1A
:10F9200010BD10B5040000212000FFF764FE10BDDB
:10F9300010B504002000FFF7CCFE10BDF8B50400A0
:10F94000102500262700320029003800F0F748FE75
:10F95000F1BD10B5040001212000FFF776FE10BDB7
:10F9600010B5040001212000FFF764FE10BD10B5A2
:10F97000040001212000FFF752FE10BD38B505003C
:10F980000C0021002800FFF7A1FE31BD10B50400D6
:10F990002000FFF76AFE10BD10B504002000FFF73D
:10F9A000D8FE10BD10B504002000FFF7C6FE10BD44
:10F9B00010B504002000FFF7D2FE10BD10B5040002
:10F9C0002000FFF7C0FE10BD10B50400012120008B
:10F9D000FFF7A7FE10BD10B5040001212000FFF7BE
:10F9E00013FE10BD38B505000C0021002800FFF7FC
:10F9F000FFFD31BD10B5040000212000FFF73FFEE0
:10FA000010BD704710B5040001212000FFF737FE3C
:10FA100010BD10B504002000FFF722FE10BD10B588
:10FA2000040001212000FFF7E6FD10BD10B5040021
:10FA300001212000FFF72FFE10BD38B505000C0096
:10FA400021002800FFF747FE31BD10B5040020005B
:10FA5000FFF749FE10BD10B5040001212000FFF79B
:10FA600054FE10BD10B5040001212000FFF741FE37
:10FA700010BD10B5040001212000FFF718FE012180
:10FA80002000FFF708FE10BD38B505000C0020036C
:10FA9000000BFFF7F4FA31BD10B50400012120007E
:10FAA000C0B2FFF7C5FB10BD38B505000C00002C37
:10FAB00004D02800C0B2FFF701FB03E02800C0B269
:10FAC000FFF70CFB31BD10B504002000C0B2FFF7FA
:10FAD00081FB2000C0B2FFF783FC10BD10B504000D
:10FAE0002000C0B2FFF765FB2000C0B2FFF763FC47
:10FAF00010BD10B504002000C0B2FFF795FC10BD8A
:10FB000038B505000C002800C0B2FFF746FD207094
:10FB10002800C0B2FFF741FD000A60702800C0B2A3
:10FB2000FFF758FDA0702800C0B2FFF753FD000A90
:10FB3000E0702800C0B2FFF74DFD000C207131BD10
:10FB40003B49C0B25C2250430818383070473849EE
:10FB5000C0B25C22504308184030704710B5040012
:10FB60002000C0B2FFF7FCFCC0B210BD10B504000D
:10FB70002000C0B2FFF7E2FAC0B210BD10B5040019
:10FB80002000C0B2FFF7F8FAC0B210BD38B50500CA
:10FB90000C002800C0B2FFF7EAFB20602800C0B2CA
:10FBA000FFF701FC21680006084320602800C0B26E
:10FBB000FFF7F9FB000A606031BD10B504002000BA
:10FBC000C0B2FFF760FBC0B210BD10B5040020004A
:10FBD000C0B2FFF724FBC0B210BD38B5040020004E
:10FBE000C0B2FFF798FC05002000C0B2FFF772FC1E
:10FBF000002805D02800C0B21F2801D12020050010
:10FC00002800C0B232BDF8B504005C2600250848C3
:10FC10002100C9B25C22514347182A003100380044
:10FC2000F0F7DEFC01212000C0B2FFF73DFFF1BD7F
:10FC3000DC00002038B505000C0021002800C0B20F
:10FC4000FFF7E2FB31BDF8B504000D0028786978B4
:10FC50000F02074339002000C0B2FFF78BFCA878E1
:10FC6000E97809020143287906040E433100200097
:10FC7000C0B2FFF79AFCF1BD38B505000C002100B9
:10FC80002800C0B2FFF7D7FB31BD38B504000D0026
:10FC90002900C9B22000C0B2FFF7E2FB31BD38B580
:10FCA00004000D002900C9B22000C0B2FFF73EFCDD
:10FCB00031BD38B504000D002900C9B22000C0B222
:10FCC000FFF745FA31BD70B504000D00296820002A
:10FCD000C0B2FFF739FB6868000229680E0E0643C0
:10FCE00031002000C0B2FFF74AFB70BD38B50500F7
:10FCF0002800C0B2FFF757FB8024240204432100F0
:10FD00002800C0B2FFF73BFB31BD10B50400200056
:10FD1000C0B2FFF703FA10BD38B505000C00210092
:10FD20002800C0B2FFF7CEFA31BD38B504000D008F
:10FD30002900C9B22000C0B2FFF790FA31BD38B532
:10FD400004000D0029682000C0B2FFF7CDFA6968F1
:10FD50002000C0B2FFF7DCFA31BD38B5050028003D
:10FD6000C0B2FFF7E9FA8024044321002800C0B2A2
:10FD7000FFF7CEFA31BD10B504002000C0B2FFF786
:10FD8000BDF910BD38B505000C0021002800C0B237
:10FD9000FFF782FA31BD38B504000D002900C9B261
:10FDA0002000C0B2FFF726FA31BD38B504000D00BF
:10FDB0002800C0B2202806D12000C0B2FFF764FBA3
:10FDC0001F20050003E02000C0B2FFF771FB2900EF
:10FDD000C9B22000C0B2FFF789FB31BD38B50400BD
:10FDE0000D002900C9B22000C0B2FFF754F931BD9F
:10FDF00010B504002000C0B2FFF7CAF910BD00B56D
:10FE0000C0B2042801D19D2000E01220C0B200BD84
:10FE10001F21014001228A40EFF3108172B604498C
:10FE20000968400980000B5813430B5062B67047B5
:10FE3000B8170020F0B5B3B00746DC4800680B9057
:10FE400001200190099000210B988173D848036824
:10FE50000A911972FF20089002309882187CF021D4
:10FE600001400A0988181874598AD140C907D14934
:10FE700009680791059306D00020FFF7C9FFEFF747
:10FE8000EBF9059B187C0F2102910840187496210C
:10FE9000099841430B981291816001200490C0435E
:10FEA00079B2814210DC7F2007402C257D43079CDE
:10FEB00060190A906659F8F774F9301ABE4940186B
:10FEC00000D5EFE0384604E0F8B2FF280ED000215C
:10FED0000A912C2141430798401801210175817C2A
:10FEE000082902D11230042101700897F8F759F956
:10FEF00012990C18AF480768283700252846AF49E3
:10FF0000CA7A95423AD23E46163E31780A07520FD7
:10FF10001ED004213170394628390968CA43A21815
:10FF200029D4611A38461C3800683A460C3A1268DF
:10FF30009047394618390A8812180A803946143908
:10FF40000A7880187F2800D37F200870317801203C
:10FF50008906890F0FD03968002906D038461C3829
:10FF6000006888473078012804D000203070394676
:10FF70001539087001202C376D1CC0E70028B5D159
:10FF80008C4800680346123300242146A24209D05F
:10FF90001D78042D03D1CDB213AE7455491C2C33FA
:10FFA000641CF3E70A0674D0CAB20E9200220692CD
:10FFB0000C46039216460D910E9A96426ED01296FA
:10FFC0001094E3B200272C463E46BB420DD013AA44
:10FFD000D25D2C2555434559002F02D0F243AA1873
:10FFE00001D53C462E467F1CEFE7129D4A1BD2B23C
:10FFF000511E13AA535CE4B2175D575413550F9169
:020000041006E4
:10000000CBB2D35C002D2ED01D461199CAB213ACD1
:10001000A45C2C277C430259911B04196368C918FE
:1000200095314AD4D1430C9A511849D46F43C11920
:100030008A7D0B7D9340497D012632468A409A4253
:1000400000D81346A17D277D8F40617D8E40BE4242
:100050000F9D00D837469F422B460D99109C00D328
:10006000119B129E11E00D990E9A012A01D10222D4
:100070000692109C129E0F9D2C225A438358821880
:1000800052689A1896320C922B46641E761C119375
:1000900092E700200B99486088732DE0039A16467A
:1000A000069B13E06019807C102800D10AE7202805
:1000B00000D107E700243D4621E0963E049B04E082
:1000C0000D98401E119000263346039A1198C0B235
:1000D00013A90D5C0B9842608373FF2D0CD02C206C
:1000E000684307990918D8B201280A9105D1086810
:1000F000301A0B99486000E0FF25019C089FFFF72C
:1001000098FB2A480068FF2D2FD0119712940446BF
:1001100008200A9FB8740AF0EEFB65733A6AF86823
:10012000796890473E680B9426602846FFF7A0FB4D
:10013000FFF78DFB1298002823D0F87CC10901221B
:100140003046F8F742F800281DD009984000099081
:100150001028119F00D276E60AF0CFFBA1200621DD
:100160000022134605F034FE09E00446F8F73AF899
:10017000FFF769FB0020E073FF200002A0810499D3
:100180000FE0F8F73AF8049B0B990B73F87CC873EF
:10019000059AD660117C029C21400001081819467E
:1001A000107403480068017233B0F0BD08170020D6
:1001B000041700200C170020D4FEFFFF901400202D
:1001C00070470000F1B58CB0002637000C99087814
:1001D0004A781206120C104380B2A349401A11D07B
:1001E000801E00D1EDE10B3800D1EDE1083800D1DF
:1001F000E4E1C01E6AD0401E00D1F8E0401E00D1EC
:10020000C0E1FEE10C98801C017842781206120CC5
:10021000114306ADA981017942791206120C1143EE
:10022000E9818179C2791206120C11432972010009
:10023000083107910C99891C0391039A117953791C
:100240001B061B0C1943894A89B253895B1C9942CE
:1002500015D1012007008648F0F766FA03988179E6
:10026000C2791206120C1143C9B203980830F4F790
:1002700077FA0520287006A8F3F77AFB25E00399A2
:1002800008794B791B061B0C184380B25189891CD5
:1002900088421AD1012007000398007A002802D072
:1002A000012809D011E0D948F0F73EFA072028705C
:1002B00006A8F3F75DFB08E0D548F0F735FA06200D
:1002C000287006A8F3F754FBFFE79AE10C98801C0E
:1002D0000290029908794A791206120C1043634D74
:1002E00080B2A989491C884217D1012007000298D1
:1002F000027941790906090C0A43029908784B787A
:100300001B061B0C1843C3490191052100910023D2
:1003100092B2042180B2F1F723F9029908794A795F
:100320001206120C104380B2E989491C884217D189
:10033000012007000298027941790906090C0A4355
:10034000029908784B781B061B0C1843B24901919F
:1003500001210091002392B2042180B2F1F700F94B
:10036000029908794A791206120C104380B2298A40
:10037000491C884217D1012007000298027941796F
:100380000906090C0A43029908784B781B061B0CD6
:100390001843CB49019105210091002392B2042119
:1003A00080B2F1F7DDF8029908794A791206120C49
:1003B000104380B2698A491C884217D10120070086
:1003C0000298027941790906090C0A4302990878D2
:1003D0004B781B061B0C1843BA490191012100916F
:1003E000002392B2042180B2F1F7BAF809E10C9827
:1003F000801C040035006179A0790006000C0143DF
:100400001A4889B24288521C914233D10120070018
:10041000607AA17A0E020643310089B2AA48F0F749
:1004200083F9300080B2F3F757FB050020790128EB
:1004300000D0A6E06279A0790006000C0243217882
:1004400060780006000C014368460182002001909C
:10045000002000902B00DBB292B204216846008A93
:10046000F1F77EF88DE000BF010C0000601600205F
:1004700028B504106179A2791206120C114389B2D1
:100480008288521C91421FD10120070020000930B0
:10049000F3F74DFB35002079012872D16279A079FC
:1004A0000006000C0243207861780906090C084315
:1004B00000210191002100912B00DBB292B20421B6
:1004C00080B2F1F74DF85CE06179A2791206120C66
:1004D000114389B2C288521C91421FD101200700EA
:1004E00020000930F3F788FB35002079012848D136
:1004F0006279A0790006000C024320786178090631
:10050000090C084300210191002100912B00DBB26E
:1005100092B2042180B2F1F723F832E06179A27936
:100520001206120C114389B20089401C814228D165
:1005300001200700607AA17A09020143E07A0004F1
:100540000843217B0906014304910498F3F7B4FBA7
:1005500035002079012814D16279A0790006000CB9
:100560000243207861780906090C084300210191B3
:10057000002100912B00DBB292B2042180B2F0F78F
:10058000EFFF3EE00C98801C059009250598027944
:1005900041790906090C0A43059908784B781B062E
:1005A0001B0C184300210191002100912B00DBB2AC
:1005B00092B2042180B2F0F7D3FF22E00C98801CA5
:1005C0001FE00C98801C1CE081260C98801C009079
:1005D000009908784A781206120C1043042180B260
:1005E000F0F7DAFF05002800C0B2002805D0290086
:1005F000C9B25248F0F798F802E05148F0F794F881
:10060000FFE73800C0B20DB0F0BD000038B50410EF
:1006100094B504105C03002028060020F8B51227CA
:1006200048480AF06BF906003100C9B24648F0F7B5
:100630007BF8464C2000F0F763FF05002800C0B2AD
:10064000002805D02900C9B24148F0F76DF802E052
:100650004048F0F769F8404E2000F0F757FF30802F
:100660003E4C2000F0F761FF708020002430F0F74E
:100670005CFFB08020004830F0F757FFF08020008A
:100680006C30F0F752FF308120009030F0F74DFFD2
:1006900070812000B430F0F748FFB0812000D830DE
:1006A000F0F743FFF0812000FC30F0F73EFF30828E
:1006B000902040002018F0F738FF7082F1BD000054
:1006C0006403002029060020F0B50410F5B583B0BE
:1006D0000D0012246846007B04282BD128791128AC
:1006E00001D22E7900E01126286802901C4F3200BA
:1006F00002993800EFF7C6FF28680190287980B288
:100700000090002314484289521C92B2042168468A
:10071000008AF0F710FF04002000C0B2002805D0C6
:100720002100C9B20F48EFF7FFFF02E00E48EFF7D4
:10073000FBFFFFE72000C0B205B0F0BD0CB604100F
:100740004CB60410C50106107CB60410F8B80410AD
:10075000A8B60410F0B6041060160020B4B7041058
:100760007416002024B7041070B7041038B50400C4
:10077000224D2C60F1F735FC2A00083203C2083AFA
:100780001F48A86110352800F1F770FC1D492800AA
:10079000F1F739FC31BDD0B5F1F723FC06000F00AD
:1007A000164C200008300CC8083830003900F1F72A
:1007B0001EFC22681218226023000833C0C3083BC5
:1007C000D0BDD0B5F1F70DFC06000F000B4C20009A
:1007D00008300CC8083830003900F1F708FC020076
:1007E0000B0020688018D0BD10B50400FFF7D3FFC0
:1007F00004490548F1F707FC10BD0000D0150020A2
:10080000E90706109F15FFFFE01500201CB5FF2A21
:1008100004D0049C00940AF0C9F81CBD12201CBD31
:100820001CB554087A2C01D912201CBD049C0094DC
:100830000AF0EAF81CBD0000F0B593B01C4617465C
:100840001191129001200221109009F017FE00284A
:1008500021D119980F900026834A844B1298314673
:1008600098470E9405467F243846314622467F4BF2
:1008700098470D9707462F430E9D2846314622463E
:100880007A4CA047234604463C430F98FB2231464E
:100890009847204301D013B0F0BD0C96129805F094
:1008A000F1F900280DD0189F7C1C466933462C3383
:1008B0000ECB62438A18D94351183E3903D4122013
:1008C000E9E74220E7E70B97129018360D9831467A
:1008D0000AF0E0F80446284631460AF0DBF8014603
:1008E0000C20002CD7D000290F9ED4D0129A10468D
:1008F000813001785469A08F32460AF0DFF8014652
:10090000206BC04308183E3001D44520C3E71A9C31
:100910000D9BAB4208D10B9800900196029412985F
:10092000119A0AF0D9F8B6E7039112984169442068
:100930000791095A119881420C9A08D246204C4AD4
:10094000119B9342A7D100290C9A0F9EA3D1089422
:10095000129842300990079804463F3405464435C2
:100960000A95059424784C3006901198471C1192F2
:10097000049709980588BAB2462095424AD80A9A3F
:10098000937808D10E9D0D9A954243D2E2B2AA42C5
:100990003D460CD93EE00D9A93423BD3E2B20E9E07
:1009A000B24203D90D9A964234D26D1C0F9E8AB280
:1009B000ADB2954202D10E9883422ED011980028F4
:1009C00002D0462022461DE0069F384629460E9E4C
:1009D00032460AF0EBF8002800D05CE70F98009050
:1009E000089801903846294632460B9B0AF0F2F8E7
:1009F0000C90FF2836D005980278002010991191AC
:100A00000F9E049FD1B2E3B28B4203D00A980188B3
:100A10001446AEE7079C0C9F15E0079C1198002830
:100A20000C9F06D0F8B20C21414360185221FF23DD
:100A300043540B98009001960898029012980399DD
:100A40000E9B0AF049F8002800D124E711990029EB
:100A500000D120E7F9B20C224A43A1185222FF2309
:100A60008B5418E7072016E7FF0E0000EB1A07105B
:100A7000FFFF000080B50D49794430310C4A7A44BB
:100A80002E32914203D00B4900BF00BF02BD694620
:100A900008700122012001F0C9F9012802D168463D
:100AA000007802BD0020C04302BD00BF54F5F9EF3D
:100AB00050F5F9EF40050020F8B5002A1CD00400DD
:100AC0000D00160020780AF0A4F8070028780AF034
:100AD000A0F8874207D1207800280DD0641C6D1C37
:100AE000761EEFD108E0FFB2C0B2874202D20020EA
:100AF000C043F2BD0120F2BD0020F2BDFEB50400EE
:100B00000025207861780906090C084380B2434922
:100B1000401A0AD0801E1DD00B381DD0083817D0BF
:100B2000C01E03D0401E12D032E031E0A01C009065
:100B3000009908794A791206120C104380B238499C
:100B40004988491C884201D10120050020E01FE0AE
:100B5000A01C1DE0A01C1BE08127A01C0190019996
:100B600008784A781206120C1043042180B2F0F77C
:100B700013FD06003000C0B2002805D03100C9B214
:100B80002848EFF7D1FD02E02748EFF7CDFDFFE75A
:100B90002800C0B2FEBD70B51226244809F0AEFE92
:100BA000234C2000F0F7ACFC05002800C0B2002860
:100BB00005D02900C9B21F48EFF7B6FD02E01E4874
:100BC000EFF7B2FD164E2000F0F7A0FC30801B4876
:100BD000F0F7ABFC70802800C0B2002802D01848A3
:100BE000EFF7A2FD70BDF1B582B00C00002568469C
:100BF000007A00280ED12079072801D2267900E05A
:100C00000726206800900F4F320000993800EFF758
:100C100039FDFFE72800C0B2FEBD0000010C000056
:100C200040170020CCB304100CB40410FD0A0610C9
:100C300000B504103CB4041084B40410DCB40410F7
:100C4000B8B404102017002001B5FA239B0001223C
:100C500069460D48F6F738FD01BD10B50B4C002272
:100C600020212000F6F7FFFB01228021890090203F
:100C7000C005F6F7F8FB01228021C9012000F6F734
:100C8000F2FB002010BD00005C00002000001048B6
:100C900038B5964D8024E401012221002800F6F7A2
:100CA000E2FBC82009F0BEFF002221002800F6F771
:100CB000DAFB022009F0B6FF012221002800F6F736
:100CC000D2FBC82009F0AEFF31BD70B5060000228E
:100CD00020218648F6F7C7FB9025ED058024A40067
:100CE000002221002800F6F7BEFB3000C0B2FFF75B
:100CF000ABFF012221002800F6F7B5FB70BD70B5EF
:100D00000600012220217948F6F7ADFB9025ED057C
:100D10008024A400002221002800F6F7A4FB300064
:100D2000C0B2FFF791FF012221002800F6F79BFBDC
:100D300070BD80B510216D48F6F788FB012803D1FE
:100D40000A2009F06FFFF5E701BD80B52220FFF70B
:100D5000BCFFC720FFF7D3FF2020FFF7B6FFFFF748
:100D6000E8FF01BD38B504003220FFF7AEFF0025D3
:100D70002800C0B2992806DA2800C0B2205CFFF72C
:100D8000BEFF6D1CF4E7FFF7D4FF31BD10B50400C2
:100D90002000FFF7E7FF3F20FFF797FF9920205C37
:100DA000FFF7ADFF0320FFF790FF9A20205CFFF7CD
:100DB000A6FF0420FFF789FF9B20205CFFF79FFF21
:100DC0009C20205CFFF79BFF9D20205CFFF797FF96
:100DD0002C20FFF77AFF9E20205CFFF790FF10BDCC
:100DE000F8B504000D0017001E004420FFF76DFF4A
:100DF000200080B2C008C0B2FFF781FF380080B287
:100E0000C008C0B2FFF77BFF4520FFF75EFF280058
:100E1000C0B2FFF774FF280080B2000AC0B2FFF72B
:100E20006EFF3000C0B2FFF76AFF300080B2000AE8
:100E3000C0B2FFF764FFF1BD38B505000C004E20CD
:100E4000FFF743FF2800C0B2FFF759FF4F20FFF71D
:100E50003CFF2000C0B2FFF752FF200080B2000A22
:100E6000C0B2FFF74CFF31BD80B5FFF711FFFFF7B0
:100E700060FF1220FFF729FFFFF75BFF0120FFF75C
:100E800024FFC720FFF73BFF0020FFF738FF0120BA
:100E9000FFF735FF1120FFF718FF0120FFF72FFFA5
:100EA0000023C722C7210020FFF79AFF3C20FFF74D
:100EB0000CFF0120FFF723FF1820FFF706FF80201B
:100EC000FFF71DFF2220FFF700FFB120FFF717FFFC
:100ED0002020FFF7FAFEC7210020FFF7ADFFFFF744
:100EE00028FF0348FFF752FF01BD00000000104833
:100EF000BC020020F8B51924C820694608802420C7
:100F0000FFF7E3FE00273D0028006946098880B20C
:100F100088420DD23E003000210080B289B2884262
:100F200004D2FF20FFF7EBFE761CF4E76D1CEBE725
:100F30002620FFF7CAFE3D0028006946098880B2D6
:100F400088420DD23E003000210080B289B2884232
:100F500004D2FF20FFF7D3FE761CF4E76D1CEBE70D
:100F6000FFF7F3FEF1BDF1B582B01924C820694640
:100F70000880002701972420FFF7A7FE3D002800E6
:100F80006946098880B2884218D23E0030002100AC
:100F900080B289B288420FD2300080B2290089B273
:100FA000220092B251434018019002980199405C8E
:100FB000FFF7A5FE761CE9E76D1CE0E7FFF7C5FE2D
:100FC000F7BD80B51020FFF780FE0120FFF797FEE8
:100FD000642009F027FE01BDF0B5059C7F4D002679
:100FE0002E60286029816A81AC810227EF824F0739
:100FF00003D10F00BFB2FF0803E00F00BFB2FF082C
:101000007F1C6F82AA82EB812E821E00B6B2002E58
:1010100003D01E00B6B2B42E02D1A980EA8001E04E
:10102000AA80E980F0BDF3B581B013006B4CA088B5
:1010300069468988884204D3E088694609898842DC
:1010400000D2C8E0E089002806D05A3809D05A38C2
:101050000FD05A3819D020E0684681886846028946
:101060001CE0208969460989411A491E6846828820
:1010700014E0914821896A469288891A0918628980
:101080006D462D89521B121808E068460189608957
:101090006A469288821A521E00E09CE0208A00284C
:1010A00005D0022808D003D3032809D010E010E0AF
:1010B0002089411A491E0CE06089821A521E08E0FC
:1010C0007D482589691A09186589AA1A121800E04D
:1010D00081E020890D00ADB2A84204D360891500DB
:1010E000ADB2A84200D276E0E08A022822D1080000
:1010F00080B2C00880B21500ADB2668A754345194A
:101100002068405D1E00B6B2002E09D180260F0077
:101110007F077F0FF6B2FE40B043246860555AE067
:1011200080260F007F077F0FF6B2FE40064320683F
:10113000465550E0E08A042826D1080080B2800895
:1011400080B21500ADB2668A754345199B079B0FA7
:101150002068465D06200096C027BC460E0077003A
:1011600006003E406746FFB2F740009EBE43B446CD
:101170001E00B6B2B6010F007F003840064160463F
:1011800006432068465526E0E08A072823D1080058
:1011900080B2400880B21500ADB2668A7543451929
:1011A0002068465D04200096F027BC460E00B7007C
:1011B00006003E406746FFB2F740009EBE43B4467D
:1011C0001E00B6B236010F00BF003840064160462F
:1011D000064320684655F7BD000000003016002089
:1011E000F0B50100334AD08A02281AD1002003004A
:1011F0001C00958AA4B2AC425BD204002500568A3A
:10120000ADB2B5420BD22500ADB21E00B6B2578AC0
:101210007E43AD190E0017687E55641CEEE75B1C1B
:10122000E6E7D08A042823D100231C002000958AF9
:1012300080B2A8423DD21D002800568A80B2B0423A
:1012400014D2280080B22600B6B2578A7E43801995
:101250000E00B7010E0036013E430F00BF003743BA
:101260000E003E4317683E546D1CE5E7641CDDE745
:10127000D08A07281DD1002003001C00958AA4B243
:10128000AC4216D204002500568AADB2B5420ED249
:101290002500ADB21E00B6B2578A7E43AD190E00CE
:1012A00037010E003E4317687E55641CEBE75B1C5C
:1012B000E3E7F0BD30160020FFFF0000FBB517008C
:1012C000089E6846858828006946098980B2884258
:1012D00014D26846008804002000390080B289B228
:1012E000884209D2320092B2290089B2200080B22D
:1012F000FFF799FE641CEFE76D1CE4E7F7BDF5B559
:1013000081B00F001E00944CA088694689888842ED
:1013100004D3E088390089B288420CD2A28868469A
:1013200081888E48EFF700FAE288390089B28C484C
:10133000EFF7FAF961E008A8007801283BD1002511
:10134000280000B23100C9B24900491E884254DA6F
:1013500000200400200000B23100C9B24900491E3B
:10136000884226DA68468088290009B24018310090
:10137000C9B2401A002809D4380080B2210009B24D
:1013800040183100C9B2401A002800D511E0684663
:10139000028938193100C9B2411A89B26846808879
:1013A00040193300DBB2C01A80B2FFF73CFE641C68
:1013B000D0E76D1CC4E7002528003100C9B200B297
:1013C00009B2884219DA0020040020003100C9B2B5
:1013D00000B209B288420EDA624869460A893919B0
:1013E000091889B26B469B885B19181880B2FFF701
:1013F0001AFE641CE9E76D1CDEE7F7BDFFB585B09A
:10140000554881886A46928A91420ED3C1886A46BD
:10141000128B914209D381886A46928B914204D300
:10142000C0886946098C884200D292E06846808A6A
:101430006946C8806846008B694688806846808B0C
:101440006946898A401A002806D46846808B694616
:10145000898A401A039005E06846808A6946898B2C
:10146000401A03906846008C6946098B401A01288F
:1014700006DA6846008C6946098B401A029005E03E
:101480006846008B6946098C401A02906846808A3B
:101490006946898B884201D2012701E00027FF437A
:1014A0006846008B6946098C884201D2012601E01A
:1014B0000026F64303980299441800256D1C10A8D5
:1014C0000078012814D12800C0B20321FDF7DEFB0B
:1014D00000290DD1012000900FA80378FF22684653
:1014E00081886846C088FFF70AFF002005000BE0EE
:1014F000012000900FA803786846028F6846818813
:101500006846C088FFF7FBFE6000029988420DDB49
:101510006846C0886946898B88421AD00298241888
:101520006846C088390040186946C8800398610041
:101530008842C3DB684680886946098C884208D0A7
:1015400003982418684680883100401869468880CE
:10155000B4E709B0F0BD00003016002038E30410F5
:101560005CE30410FFFF0000FFB581B0A448818850
:101570006A469288914204D369460989C0888142AB
:1015800000D33AE10025684687893FB203206946C7
:1015900089894900441A0BA80078012800D096E0F8
:1015A0003800290000B209B2884200DA25E12E0095
:1015B0003800310000B209B2884279DB0120009086
:1015C00001236846028A68460089811989B2684603
:1015D0008088401980B2FFF792FE0120009001231D
:1015E0006846028A68460089811989B268468088FF
:1015F000401B80B2FFF783FE012000900123684664
:10160000028A68460089411989B268468088801B31
:1016100080B2FFF774FE0120009001236846028A21
:1016200068460089411B89B268468088801B80B269
:10163000FFF765FE0120009001236846028A684694
:101640000089811B89B268468088401B80B2FFF701
:1016500056FE0120009001236846028A68460089F0
:10166000811B89B268468088401980B2FFF747FE27
:101670000120009001236846028A68460089411BC8
:1016800089B268468088801980B2FFF738FE012051
:10169000009001236846028A68460089411989B290
:1016A00068468088801980B2FFF729FE761C7FE7A4
:1016B000200000B2002803D5A8002418A41D04E0CF
:1016C000E81B800024180A347F1E6D1C68E7380070
:1016D000290000B209B2884200DA8EE001200090B1
:1016E0000AA803786846028A68460089C11989B247
:1016F00068468088401980B2FFF701FE0120009003
:101700000AA803786846028A68460089C11989B226
:1017100068468088401B80B2FFF7F1FD01200090F1
:101720000AA803786846028A68460089411989B286
:1017300068468088C01B80B2FFF7E1FD0120009061
:101740000AA803786846028A68460089411B89B264
:1017500068468088C01B80B2FFF7D1FD0120009051
:101760000AA803786846028A68460089C11B89B2C4
:1017700068468088401B80B2FFF7C1FD01200090C1
:101780000AA803786846028A68460089C11B89B2A4
:1017900068468088401980B2FFF7B1FD01200090B3
:1017A0000AA803786846028A68460089411B89B204
:1017B00068468088C01980B2FFF7A1FD0120009023
:1017C0000AA803786846028A68460089411989B2E6
:1017D00068468088C01980B2FFF791FD200000B2F2
:1017E000002803D5A8002418A41D04E0E81B8000ED
:1017F00024180A347F1E6D1C69E705B0F0BD000097
:1018000030160020FFB581B0644881886A4692880E
:10181000914204D3C08869460989884200D275E0A4
:101820000727049880883900084201D0012000E091
:1018300000206946097B2039049AD2885143049AD2
:10184000928892B2D20892B2101841430091049843
:10185000006800994418002630000499C98880B2B5
:10186000884253D20020050028000499898880B25C
:10187000884243D26846808DFF2815D12178802286
:101880002B0038001840D2B2C24011422ED0684618
:10189000028D68460089811989B26846808840199E
:1018A00080B2FFF7C0FB21E0217880222B003800B6
:1018B0001840D2B2C24011420CD06846028D684630
:1018C0000089811989B268468088401980B2FFF783
:1018D000AAFB0BE06846828D68460089811989B2AF
:1018E00068468088401980B2FFF79DFB280080B2CF
:1018F0003840072800D1641C6D1CB5E70498808827
:101900003900084200D0641C761CA5E705B0F0BD84
:10191000F3B583B016001F00684684896846058ABF
:101920001E48808869468989884205D31B48C0883B
:101930006946098A884200D22EE0307800282BD0F0
:1019400016488188220092B2BB88D218914204DAEC
:10195000694689890C00F9886D18C088290089B208
:10196000FA888918884205DA684680890400684642
:10197000008A05006846008D01906846808D0090C1
:101980003B003278290089B2200080B2FFF73AFF8D
:10199000761CB8882418D0E705B0F0BD30160020BA
:1019A000FFB581B007266846008A304205D16846F7
:1019B000008A0700BFB2FF0805E06846008A0700FA
:1019C000BFB2FF087F1C002528006946098D80B240
:1019D000884242D20020040020006946098A80B271
:1019E000884238D20199280080B23A0092B250431E
:1019F000220092B2D2108018085C694608700BA8C9
:101A0000007800280DD068460078210031408840D9
:101A1000C0110100C907C90F01204840694648703C
:101A20000AE068460078210031408840C01101007A
:101A3000C907C90F684641706846427892B2684645
:101A40008089291889B268460089201880B2FFF77A
:101A5000EAFA641CC0E76D1CB6E705B0F0BD0000F3
:101A60000CB418B583B004000A0006A802900194D3
:101A70000020009002AB01A9084878441E30F6F718
:101A80005FFE0021019A1170002801D40198001B0B
:101A900004B0019910BC03B0084700BFCFAAFFFFF4
:101AA000431C0178401C0942FBD1C01A704700005A
:101AB00071B58B0709D0521E28D30B780370401CD8
:101AC0001B421FD0491C8B07F5D1121F3ED3274C58
:101AD000E50140C9331BB3432B4209D1830716D11B
:101AE00040C0121F32D340C9331BB3432B42F7D03F
:101AF000121DFF231E4205D00670401C360A521EDE
:101B00001E42F9D111000022EEF770FD71BDDB42DB
:101B100016D0401E4670360A4680360C0671001DEF
:101B2000121F06D340C9331BB3432B42F2D0401CD3
:101B3000DEE7401C0AE040C9331BB3432B42D7D138
:101B40000680360C4680001D121FF4D2121D0BD0E9
:101B50000B780370521E07D0401C491C1B42F7D162
:101B60000370401C521EFBD171BD00000101010138
:101B70008C4801680800C006C00F704702001000C2
:101B8000001D03688B431000001D036010680843AC
:101B90001060704702688A430260704781B08249D2
:101BA0000A6802430A60096801400091009901B087
:101BB000704781B07D490A6802430A6009680140A4
:101BC0000091009901B0704781B095490A680243BD
:101BD0000A60096801400091009901B0704778B52A
:101BE00085B006003000C0B200281AD10820FFF7E7
:101BF000D5FF6F4D3000C0B24000285A0090012040
:101C000001900290022003906A4C69463000C0B2F5
:101C100080002058F5F7B4FAFFF7AAFF002803D197
:101C200019E00120C04322E03000C0B280002058FB
:101C30009021C905884203D100997A48FFF7AAFF8D
:101C40003000C0B2800020587749884203D1009903
:101C50008448FFF79FFF01223000C0B24000295A9C
:101C60003000C0B280002058F5F7FDFB002006B020
:101C700070BD10B5040000224D482100C9B24900D2
:101C8000415A4C482300DBB29B00C058F5F7EBFBF0
:101C9000002010BD10B50400012245482100C9B242
:101CA0004900415A43482300DBB29B00C058F5F776
:101CB000DAFB002010BDF0B585B005000E00002451
:101CC00027002800C0B2002802D10420FFF766FFD9
:101CD0007A482900C9B24900405A00900294022073
:101CE00003903000C0B2002808D1019469467448BE
:101CF0002A00D2B292008058F5F742FA3000C0B202
:101D000001281BD180204000FFF753FF8220C00331
:101D1000019069466A482A00D2B292008058F5F7CD
:101D20002FFA684C002200212800C0B2205608F08B
:101D3000F8FF2800C0B2205608F0FDFFFFF718FF9B
:101D4000002817D05E4C2800C0B280002058902197
:101D5000C905884203D100993248FFF71BFF2800CC
:101D6000C0B2800020583049884203D100993D48D4
:101D7000FFF710FF380005B0F0BD10B504004F4864
:101D80002100C9B24900415A4D482200D2B2920006
:101D90008058F5F75BFB002801D1002000E001200E
:101DA00010BD00000000504850004048540040481A
:101DB000240600202C05002038B505000C00210069
:101DC00089B22800F5F75CFB31BDF8B506000F00BD
:101DD0000024002F03D10120C04304001EE03A4D2F
:101DE0003A483100C9B2890040583100C9B2942242
:101DF000514368503000C0B294214843281800F085
:101E000033F839003000C0B294225043281808F04B
:101E1000B3FF002802D00320C04304002000F2BD1D
:101E2000580040482000504800001048F8B507000E
:101E30000E0015000024AC4211D2FA239B000122AF
:101E4000311900912048844621480178942041436B
:101E500060464018009908F0EDFF641CEBE728008D
:101E6000F2BD00002800504830B585B004000420C1
:101E7000FFF794FE0820FFF791FE8020C000FFF7D7
:101E8000A3FE02200090019003900125029504908A
:101E900069469020C005F5F773F90095002004907D
:101EA00069460C48F5F76CF9FFF762FE002803D08D
:101EB00000990948FFF762FE05B030BD26060020F4
:101EC000300500202D0600203811002034050020A8
:101ED000D7170020000010482800504802780B78DF
:101EE000002A4CD0401C491C9A4248D18A07F5D19F
:101EF000820727D170B4284CE50104C808C9161B15
:101F000096432E4208D19A42F7D070BC12BA1BBA3F
:101F10009A4280414041704770BC12BA1BBA100E01
:101F20000BD0FF21100C084208D0100A084206D03E
:101F3000D01A01D08041404170471B0A1B0A1B0A7E
:101F4000C01A704703781A0613D043781B041A444A
:101F500012D083781B021A4413D0C3781B421A4450
:101F600015D008C9001D1BBA9A42EBD080414041F0
:101F700070470A78981A70470B88120C5BBAD01A0F
:101F800070470B68120A1BBA1B0AD01A70470B68FD
:101F90001BBAD01AEAD170470101010131B48B0795
:101FA00007D00B780370002B20D0401C491C8B07F6
:101FB000F7D1164CE501830722D104C9131B9343C3
:101FC0002B4205D104C004C9131B93432B42F9D003
:101FD000FF231A42027009D0120A1A42427005D039
:101FE000120A1A42827001D0120AC27031BC7047C4
:101FF0000270120A4270120A8270120AC270001D28
:1020000004C9131B93432B42F2D0E1E70101010104
:1020100038B50324250009F014FA002009F0DCF992
:10202000002804D02800451EC0B20028F5D10020A9
:1020300009F06CFA002009F071FA09F09BFB002806
:1020400010D01D48E12101704021417081700521AF
:10205000C17009F045FB002804D02000441EC0B226
:102060000028F6D11549002009F034FA09F0F1F9F9
:1020700031BD70B506000324114D12492800FFF749
:102080008DFF310028005030FFF788FF0EA1F020AF
:1020900040002818FFF782FF09F0D3F9280009F063
:1020A0003CFD002804D02000441EC0B20028F5D119
:1020B00009F0CFF970BD0000DC16002018170020D1
:1020C000300600207010041000000000431E022B98
:1020D00009D300280CD0032809D10120014049422E
:1020E000122008407047002A01D110467047122084
:1020F0007047000081B035490A6802430A600968E8
:1021000001400091009901B070470168012291439C
:102110000160704702682E4B13400A021A430260A6
:1021200070470068000A80B2704741680800C00725
:10213000C00F7047416808004007C00F70474168F2
:102140000800C006C00F70478068704738B580200F
:10215000C002FFF7CFFF00241E4D2800FFF7E1FF6C
:10216000A04204D021002800FFF7D4FFF4E72800A4
:10217000FFF7CBFF2800FFF7D8FF0028FAD128008F
:10218000FFF7D8FF002801D0012000E0002032BD79
:1021900038B504000F4D2800FFF7D1FF0028F9D013
:1021A0002800FFF7D1FF2080002032BD38B50400A1
:1021B000084D2800FFF7C3FF0028F9D02800FFF7DB
:1021C000C3FF2060002032BD0000000050004048E6
:1021D000FF0000FF0000604881B033490A680243F5
:1021E0000A60096801400091009901B0704700B58C
:1021F0002D4909680140814201D1012000E0002001
:1022000000BD2A490A6802430A60704727490A68E4
:1022100082430A60704780B50120FFF7E8FF00287D
:1022200008D10120FFF7EDFF0120FFF7EFFF0120AC
:10223000FFF7D2FF002002BDF8B504000F00150023
:102240001B4E3078401C3070307869460870386812
:1022500018490860786818490860B8681749086024
:10226000F8681749086020681649086060681649D0
:102270000860A06815490860E0681549086000F02A
:1022800031F81448006828601348006868601348F3
:102290000068A86012480068E860684600783178F5
:1022A0008842D1D10020F2BD600040484000404843
:1022B000D4170020280000602C000060300000606F
:1022C00034000060380000603C00006040000060A6
:1022D00044000060480000604C0000605000006056
:1022E000540000601CB5642069460870C024E405F1
:1022F000200000F011F868460078401E694608701A
:10230000200000F00EF8002803D06846007800286E
:10231000F1D16846007816BD816D01220A438265BD
:102320007047C16D0800C007C00F704700202949E1
:10233000086029490860704710B5EFF3108272B643
:102340000B00DBB2002B06D0012B09D1214B1C68FE
:1023500004431C6004E01F4B1C6884431C60FFE7BF
:1023600082F3108810BD10B5EFF3108272B60B0027
:10237000DBB2002B06D0012B09D1174B1C6804439C
:102380001C6004E0144B1C6884431C60FFE782F36C
:10239000108810BD38B5EFF3108472B60D48006890
:1023A000002805D00D4D28688047686880470EE0FA
:1023B00009480068002805D0084DA8688047E868EB
:1023C000804704E0054D286980476869804784F3A9
:1023D000108831BD64170020681700202CED041010
:1023E0006A480168802252000A43026070476648CA
:1023F000006881B26648006800040843704781B2F3
:10240000614A1160010C624A1160704761480168BD
:1024100008004005C00F704710B55F4C20680421CC
:1024200088432060FFF7F2FF0028FBD020680221DC
:102430008843206010BD5848016808000007C00F9D
:102440007047544801681022914301607047514819
:10245000016808008006C00F70474E4801680422DA
:102460009143016070474B48016808000007C00FA6
:10247000704781B049490A6802430A60096801400F
:102480000091009901B0704700B5444909680140C6
:10249000814201D1012000E0002000BD3F490A68CF
:1024A00082430A60704710B501290AD13C4A13687B
:1024B00084B21C4314603B4A1368040C1C43146030
:1024C00009E0374A136884B2A3431360354A13689E
:1024D000040CA3431360344A136884B21C43146091
:1024E000324A1368040C1C43146010BD10B5FFF78A
:1024F0007EFF04002000FFF782FF200010BD2C4863
:10250000016804229143016030BF704738B5040070
:1025100000252068002803D1FFF793FFFFF79DFFF8
:102520000120FFF7B1FF002804D1012005000120A0
:10253000FFF79FFF1F480168890008D41E490968FA
:10254000490004D40168802212060A430260280070
:10255000C0B2002802D00120FFF7A0FFFFF740FF24
:10256000FFF769FF002801D0FFF756FF2068002819
:1025700007D1FFF76CFF0028FBD1FFF774FF00289D
:10258000F7D1002032BD0000100050480400504830
:10259000380050480000404808004048600040486B
:1025A0000C00504834005048080050483000504853
:1025B00010ED00E0281800603018006010B5FFF73B
:1025C00095FF0400002C02D02000F3F729FC10BD79
:1025D00080B509F047FC002804D104480068C07A9F
:1025E000002801D0002080BD032080BD04170020FA
:1025F00070470000F8B505000024154E307800281B
:1026000020D0F4F71DF90700FA2080003178FCF79C
:1026100040FB01003800FCF73CFB08F097FB00286A
:102620000DD1042D08D2002229000020C04308F05B
:1026300078FB0848056007E00120040004E0012061
:10264000040001E0012004002000C0B2F2BD00BF80
:102650002E0600203805002081B08B490A6802430D
:102660000A60096801400091009901B0704781B08B
:1026700086490A6802430A6009680140009100998E
:1026800001B0704781B082490A6802430A60096854
:1026900001400091009901B0704781B07D490A68FE
:1026A00002430A60096801400091009901B0704737
:1026B00000B5784909680140814201D1012000E05C
:1026C000002000BD74490A6802430A6070477249DD
:1026D0000A6882430A60704780B580204000FFF797
:1026E000C6FF01BD10B5040020686C4988420BD1BB
:1026F00080204002FFF7B0FF002201210D2008F0EA
:1027000010FB0D2008F017FB10BD38B586B0040093
:10271000182100226D462800EDF762FF2068C021D5
:10272000C90588422AD101200090042004906846FF
:10273000F4F7E2F8002801D0EDF74CFF0120FFF795
:10274000B7FF002808D10120FFF7BCFF0120FFF7E9
:10275000BEFF0120FFF7A1FFEFF7F4F800220021F0
:10276000122008F0DEFA122008F0E5FA002200211B
:10277000192008F0D6FA192008F0DDFA07B030BDAC
:1027800078B585B006001421002422006D4628008B
:10279000EDF726FF30684249884236D18020C000DC
:1027A000FFF770FF0820FFF757FF0420FFF754FFE3
:1027B000012000900225019502900394049469463B
:1027C0003848F4F7DDFC01210120F4F787FE0121F0
:1027D0000120F4F7D5FE0095019502940394049529
:1027E00069469020C005F4F7CBFC02210020F4F7E5
:1027F00093FE02210020F4F7C3FE002201210820ED
:1028000008F08FFA082008F096FA06B070BDF0B50F
:1028100085B007001421002422006D462800EDF742
:10282000DFFE3868204988422CD18020C001FFF7A4
:1028300029FF0820009002250195029403950420A9
:10284000049069461748F4F79BFC08210120F4F72F
:1028500063FE08210120F4F793FE802636010096DE
:102860000195029403950320049069469020C005C9
:10287000F4F786FC31000020F4F74EFE3100002012
:10288000F4F77EFE05B0F0BD5000404854004048CB
:102890005800404860004048400040480000304830
:1028A00000400041000010480070004101480068ED
:1028B000704700BF8C170020F0B5020052B2002A0A
:1028C00017D41822714B040064B2A408A4001C5948
:1028D000FF25C6001640B540AC438D01EDB2C600E1
:1028E000324095402543020052B2920892009D501A
:1028F0001BE00F22664B182405006DB21540083D01
:10290000AD08AE0005006DB22A40083A9208920068
:102910009A58FF25C7002740BD40AA438D01EDB25C
:10292000C7003C40A54015439D51F0BD00B5BFF325
:102930004F8F584858490860BFF34F8F00BFFDE7DD
:10294000F8B55648006800280FD15548006800289F
:1029500003D154480068002807D0012052498860FC
:1029600009F0A4FAFFF7E2FFFCE750485049016084
:1029700000684D49086120204E490A6802430A60F8
:102980000A68402313430B600A68802313430B60DB
:102990000A68494B13400B60484909684907FBD551
:1029A00047490A6830239A4302430A600A68454B44
:1029B00013400B600A6880235B0013430B6042499D
:1029C0000968424A914239D01F210E0008210C00AB
:1029D0000A21009103210F003D490A681E239A43F2
:1029E000630013430B600A68012313430B600A68FA
:1029F000384B134032061A430A600A6880231B04CE
:102A000013430B6034490B68344A1A40009B9B0106
:102A1000F025AD001D4015430D600A6810430860A5
:102A200008682F4A0240F802E0239B010340134349
:102A30000B6008688022D20002430A60002528004B
:102A4000C0B2202806DA0321280040B2FFF734FF85
:102A50006D1CF4E762B6F1BD00B522490868420872
:102A60001000C007C00F0968090A4907490F020092
:102A7000D2B2002A05D01C4A4B1EDA401B4B1A600A
:102A800003E01B4ACA40194B1A6000BD00E400E095
:102A90001CED00E00400FA050CED00E09400404855
:102AA00010005048380050480400002008ED00E0B5
:102AB0000000041004005048FFFEFFFF14005048BF
:102AC0001C005048FFFBFFFFF81E0010CCECBCFCC4
:102AD0000C004048FFFFFFC0940050483FFCFFFF40
:102AE000FFC7FFFF080040480048E8013C05002000
:102AF0000090D0035748016808004007C00F704796
:102B0000554800688021C9000840704752490A684A
:102B1000544B134003430B6070474F480168080053
:102B20008005C00F70474C490A680F239A4302433F
:102B30000A60704730B5010048480278002A01D089
:102B4000474A00E0484A0078002801D0212300E0ED
:102B50002023002004001D00E4B2EDB2AC4208D2F4
:102B60000400E4B214570D006DB2AC4201DA401C0F
:102B7000F0E70C000500EDB2555764B2AC4203DA41
:102B80000400E4B2022C05D204001D00E4B2EDB250
:102B9000AC4200D1401EC0B230BD10B501002F487C
:102BA0000278002A01D02E4A00E02F4A007800283F
:102BB00001D0212300E020230800C0B2002805D066
:102BC00008001C00C0B2E4B2A04201D37F2001E0A3
:102BD000C9B2505610BD202070471F20704710B555
:102BE00004002000C0B2002806D01C48017800294B
:102BF00008D10121017005E018480178012901D1AF
:102C000000210170FFF789FF002805D1FFF778FF49
:102C10008021C900884200D119E080208000FFF7A0
:102C200075FFFFF767FF0028FBD12000C0B2002826
:102C300003D00E20FFF777FF02E00420FFF773FFB9
:102C40000020FFF763FFFFF755FF0028FBD010BD02
:102C500070470000140050481C005048D617002050
:102C600080E60410FFFDFFFF60E6041070470000DF
:102C70008B0707D0521E22D30B78491C0370401CCF
:102C80008B07F7D1830730D0DB4219D0401E121FCB
:102C900008D308C943701B0A43801B0C0371001D35
:102CA000121FF6D2D20707D30B88437001D08A785F
:102CB000C2701B0A8370704701D00B784370704755
:102CC000121F06D308C903801B0C4380001D121F6E
:102CD000F8D2D20705D30B88038005D08B78837098
:102CE000704701D00B780370704770B4103A03D36B
:102CF00078C978C0103AFBD2530701D318C918C05D
:102D000001D508C908C0D20704D30B880380801CF2
:102D1000891C002A01D50B78037070BC7047000035
:102D20008020C00500680007000F70478020C005A4
:102D3000006800090007000F7047264800687047C8
:102D40002548006880B2704780B523480068400C71
:102D50008007800F00900098002801D1012000908A
:102D6000009802BD38B50400FF202070FFF7E5FF92
:102D700005001A48854201D106202070FFF7D6FFD2
:102D80006070FFF7CDFFA070FFF7D7FF6060FFF71F
:102D9000D7FF401C8000A060FFF7D6FF002805D0B9
:102DA000FFF7D2FF401C8003E06002E0C020C001BA
:102DB000E06031BD00B50A4800688107890F08004E
:102DC000C0B2022801D1012000E00020C0B200BD45
:102DD00000000000040000401410004041200302E5
:102DE000B016006010B5040007D002230022A168CD
:102DF00009F074F8010003D00CE06120400110BD1F
:102E0000002010222261024683001B19401C5A61D7
:102E10000428F9DB606A102801D0024810BD08467A
:102E200010BD00001D0C0000F7B500258AB00E464D
:102E30000446002804D0002E06D10C98002803DD9B
:102E4000612040010DB0F0BD0C98002804DB102873
:102E500004DA2079800601D48C48F3E72079410711
:102E600001D4810702D58948401CEBE74021084383
:102E700020712046143008901CE0002081004A197F
:102E80009219537817781B023B4397785BBA1B045F
:102E90003F02D2783B4313430A195269401C534006
:102EA00004AA53500428E9DBA26804A8089909F091
:102EB00067F8009D0C992846103000908842DCDBB2
:102EC000207980061ED400291CDD002081004A19CB
:102ED0009219537817781B023B4397785BBA1B040F
:102EE0003F02D2783B4313430A195269401C5340B6
:102EF00004AA53500428E9DBA26804A8089909F041
:102F00003FF8C0E0002000900190029003906946D5
:102F10000846A26809F034F800998722C80F504388
:102F2000019A4900D20F114300910199029A490078
:102F3000D20F114301910299039A4900D20F114314
:102F4000029103990C9A49004140284610300391A0
:102F500090421AD1002081004A1993195A781F789B
:102F600012023A439F7852BA12043F023A43DB7886
:102F70006F461A430B195B697F58401C7B405A40CF
:102F800004AB5A500428E6DB74E0009A8723D00F84
:102F90005843019B5200DB0F1A430092019A029B97
:102FA0005200DB0F1A430192029ACB0F52001A43D0
:102FB00002924A00424003920C9A0020531BDA17F7
:102FC0009C46920F62449210964616E081004A1980
:102FD00093195A781F7812023A439F7852BA120412
:102FE0003F023A43DB786F461A430B195B697F58FF
:102FF0007B405A4004AB5A50401C8645E6DC8100B9
:103000000A196B4652695B5867465A4004AB5A50DE
:103010007F1A00224B19BC469E460BE073469B1854
:10302000F35CD7001825ED1BAB4004AD6F587B4017
:103030006B50521C9445F1DC002A09D0D6001822AE
:1030400004AB961B5D588022B24055405D5005E0B0
:1030500004AA53580125ED076B40535004AB6A4650
:1030600005E081000D196D69565875405D50401C92
:103070000428F6DBA2681846089908F081FF207939
:103080000421084320710020DCE600001D0C000034
:10309000F8B516460F46040009D0002E07D0254685
:1030A0008035E86D401E102804D31348F8BD612018
:1030B0004001F8BD2079400604D400221146204684
:1030C000FFF7B2FE20790221084320710020182169
:1030D0000CE0C217920F121892089200121983077F
:1030E0005269DB0ECB1ADA403A54401CEA6D824238
:1030F000EFDC00203260F8BD1F0C0000002070479C
:103100000020704700207047002070470020704763
:10311000F0B58FB009930B920A91089008F088FFE0
:1031200001243821204601F0F5FE3349C97A3422C2
:103130008154324E30600027077030684770306825
:1031400087703068E121C1700520C0013168888036
:10315000302008850EAD0DA90CAA2846F4F7ABFF68
:103160000C9800022978090101430D9800030843D7
:10317000001D316848851821204601F0CBFE20490A
:103180000860077508F05AFF1C9806901B9C059470
:103190001A98049019980390189802901798019023
:1031A000159D009508980A990B9A099BEEF76CF803
:1031B000EDF78DFD1D9F012C01D1EDF714FD08F0F9
:1031C00047FF012F01D108F09FFF30682C21405CA0
:1031D000C0070ED1012C06D11698EDF79FFDEEF732
:1031E00002F9EEF704F90A980B992A46234608F0EB
:1031F0008DFF0FB0F0BDC046901400209C1700203A
:10320000B8170020C9B202788A4203D0401C002AB5
:10321000F9D100207047000080B5002801D100BF1F
:1032200007A006490B68002B03D0222200219847F3
:1032300001E008F0CBFF222002BD00009017002023
:10324000636F6E73747261696E742068616E646C12
:1032500065723A20626164206D6573736167650011
:10326000C9B2521E05D30378401C8B42F9D1401ECF
:1032700070470020704710B5144600F002F8226035
:1032800010BD4A0053155B1C08D0520D06D0032315
:103290001B02FE3AD21A1305C91A70470022704762
:1032A00030B4012464054D00EC420BD85D00EC42C3
:1032B00008D80C001C4364000443144304D2994210
:1032C00000D1904230BC7047FCD08B42FAD1824290
:1032D000F8E7124217D40023DB435B0D9C464B00FA
:1032E0005B0D06D0634504D09B18634502D21205DE
:1032F000891870476246090D11430905002000B581
:1033000000BF00BF00BD52424B005B0DF1D05B1C03
:103310005B05EED25B0D934102D91205891A704705
:103320000BD10B031B13C90FC907821C002043419B
:103330001343E4D912051143E1E7C90FC90700207F
:10334000DDE7F0B40E005E400125ED072E40B446E7
:10335000AE0ADF184C18F4423BD2F74241D2640D5A
:1033600043D07F0D38D0E41BC902DB0229432B4335
:10337000CF0ADB0A0600B61A9F4104D2641EB619B2
:103380007F41B6185F416812800D241800188442EE
:1033900022DCE80C0021B6197F41B61A9F4102D207
:1033A000B6185F413F1C40414941F4D3241C21DD44
:1033B0002405B6197F41B61A9F4105D33743C60786
:1033C00037430026012F7041614166463143F0BC0E
:1033D0007047FCD1F74205D20020C1434905490896
:1033E000F3E704D00020C143F1E77F0DFAD00020BD
:1033F0006146ECE72442FAD1401C61410F03F6D349
:103400000020E2E7FFE741381A288041C00F7047EB
:10341000010041391A2900D2203070470248704714
:103420000248704700000000C00500208805002009
:1034300010B54442444101F0E3FF4E2144540020C2
:1034400010BD002070470020704710B50446EDF70E
:10345000C2FB012808D1601E062807D804F0D4FA60
:10346000EF214454002010BD112010BD122010BDCA
:10347000024909686C2288547047C046A41700208E
:1034800070470000F0B595B03948006800900BA86F
:1034900008F0A1FE002831D001AF06240025354BED
:1034A000384621462A4698477879C02101437971E8
:1034B0000BAE30462030304B39462246984707AC99
:1034C0001027204639462A462A4B9847304621463F
:1034D0003A46294B984703AC204639462A46254BA5
:1034E00098473046103021463A46234B984730469D
:1034F00008F07EFE002803D1054603E0002501E028
:103500000E20C5431D4C22682E3200260627304669
:10351000394605F01BFB0BA9002801D0203101E042
:1035200021682E31009860303A46F4F7A3FD2268F6
:1035300008321021304605F009FB002805D020682C
:1035400008300BA91022F4F795FD226818320020EC
:10355000102105F0FBFA002806D00BA910312068D5
:1035600018301022F4F786FDE8B215B0F0BDC04661
:10357000A41700209D970610758005109C17002049
:10358000064800685C21415C8906890F04D05C30E4
:10359000C17802220A43C2707047C046A4170020B7
:1035A00010B53621054A3E2906D04318363B1B7814
:1035B00014686354491CF6E7002010BD041700206E
:1035C00070B502460B48847E0B480068456D103587
:1035D000002003469C4208D02E78002E08D0AE78FA
:1035E000964204D014355B1CF4E7234600E001202A
:1035F0000B7070BD90140020A417002008480068CC
:103600005C21415CCA0606D4890606D45C30C178C8
:103610000120084070470120704703207047C046D2
:10362000A4170020F0B589B0009316460F46044653
:1036300001200225294606F021FF002806D101A815
:103640000470200912240E2802D9204609B0F0BDCA
:10365000EDF7C5FA002801D1F8075CD101A8478031
:10366000F80604D4F8070ED13807EED411E0132F72
:1036700013D008203A468243152A0AD038462843F8
:10368000122806D0E1E73D4008203A460240501992
:10369000DBD1B80601D5B807D7D1274601AC201D2C
:1036A000314608F0B1FD08342046009908F0ACFD21
:1036B0000298202801D23846C8E7039920293A46C3
:1036C00027D3884225D80E9801A90873400720D037
:1036D0000F9801AC6073EDF772FA617B8142EAD812
:1036E000109801A988730128E5D8129C119901ADA1
:1036F00028460F300622F4F7BDFC6C75032CDAD88F
:10370000149C1B9D13987F2807D11F480068407A9E
:1037100005E010469AE7112098E7F4F71DFD01AE89
:10372000B075F4F720FD2870F475FD2121401120BB
:1037300001298BD11699159A01AB99765A760029F1
:1037400084D0032982D81A98199901AAD0761176C3
:103750000429B0D80428AED801A8012C03D0408891
:1037600010210140A7D1179801A908770F28A2D8E6
:10377000189801A948770128384600D966E701A8BA
:1037800008F04CFD62E7C04604170020FEB5029326
:1037900014460F46054601F033FE06463048854282
:1037A00001D11F2007E00120022106F067FE00285A
:1037B00000D0FEBD2B481221A04201D20846FEBD1A
:1037C0000191284608F012FE000231680E182046CA
:1037D0003146EDF72EFD0028EBD1CE20315C3820AC
:1037E000305C042F12D1002938D00028019A1BD058
:1037F0001B48854218D1F08D002815D0B820305ACA
:103800001021014021431046D3D10FE03546383511
:10381000002911D0032F09D102202870F48600203E
:10382000B08602993163FEBD1046FEBDB636304605
:1038300008F0F8FD0020FEBD374628370028029A20
:1038400005D03968A120029A08F0FCFD029A3A607E
:1038500001202870F4850020B085FEBD0198FEBDD2
:10386000FCFF000072060000F8B5284A927E12257F
:103870008A4225D9002800D1014614224A4324480F
:103880000068436D99184C78A006C60F0020002EE2
:1038900002D01027274014D1002E02D10826344030
:1038A0000FD19E5C4C688889214608F005FE1949B5
:1038B000884208D00019817848070BD4D42000E052
:1038C0002846C0B2F8BD032E2846FAD8F1001248A7
:1038D000C840F6E7032E2846F3D8C0467E44367922
:1038E0007600B74401060D010320014005D10846CA
:1038F000E7E703200140012906D02B20C043E0E781
:10390000032001400229F8D10020DAE790140020BA
:10391000A4170020FFFF000000D4D400BCB50D4D5B
:1039200028685F21405C800701D40C240FE06C46BE
:10393000204608F0D9FD2046EDF70BF90446002893
:1039400005D12868663069460622F4F793FB2046C5
:10395000BCBDC046A4170020FEB514460D46064661
:103960000120022106F08AFD00280BD11221012E30
:1039700007D81F48807EA84203D3002E04D0002D14
:1039800002D10846C0B2FEBD01910027304628434F
:10399000394607D10022009230462946134608F0E6
:1039A000CDFD0146FBB2AB420846EBD202970621A1
:1039B00008465843225C17090E2F16D85B1CDFB24D
:1039C000AF4204D24F43E75D9742F7D10DE0201894
:1039D0004388007900903046294608F0AFFD029FE9
:1039E0007F1C00210028DDD0CCE70198CAE7C04643
:1039F0009014002070B50346002900D10A462948DA
:103A00000068416D012B0CD114235343CA5C012A79
:103A100033D0022A3ED1CA189478042020439070F3
:103A20003AE014235343C9188E1C8978890721D59D
:103A30000024214602F034FB1B4800684E21405C04
:103A4000C00717D01948006880694422022529461A
:103A50002B4603F019FF00280CD001468571C47174
:103A60000472FF20487182200871042048722846A1
:103A700003F094FF0020307070BDC9184A788B782D
:103A8000134302221A438A7000210122084B04F0DA
:103A9000C2F870BDC8188078C9184A7802438A7085
:103AA00070BDC046A417002004170020A0170020F6
:103AB00020BF0200B0B502461048006805465A35DE
:103AC000002908D1A97889060024890F14D06979C2
:103AD00002230B4010D0002A01D0094B03E07D21C6
:103AE000C9002B884B4301242146224604F093F859
:103AF0006879FD21014069712046B0BDA4170020FE
:103B0000307500007CB50D4C25685C20285C800673
:103B1000800F12D05C35E878022630400DD101A824
:103B2000694608F075FE6978014306D1E8783043AC
:103B3000E8702068012102F0B3FA7CBDA4170020D0
:103B4000FEB51D4614460F4606460120022106F02A
:103B500095FC002800D0FEBD6846002181724772A6
:103B600006720195009408F08BFEFEBD10B58AB078
:103B700001AC638122810922A271A180608020466C
:103B80000C300C991422F4F775FA204608F074FFF3
:103B90000AB010BDF8B5002916D00E4605460978C2
:103BA0000024C80720461FD188070FD448070FD428
:103BB00008070FD4C8060FD488060FD448060FD4C0
:103BC00008060FD507200FE012243CE001200BE08F
:103BD000022009E0032007E0042005E0052003E0BF
:103BE000062001E00020C0433070184800684E21D4
:103BF0004056002827D516482818032101430D31C7
:103C0000880883B21348006880690221472203F0C4
:103C10003BFE002816D00746001D2946324608F014
:103C200091FF0420787207203872E81C010AF971AC
:103C3000B871FF207871822038710220394603F074
:103C4000ADFE00E007242046F8BDC0460417002062
:103C5000FDFF0300A0170020FEB500920291074669
:103C600010480068C46A002601961C2E0DD0A519C4
:103C7000062228463946F4F714FA000603D1A8793B
:103C80000299884204D0F61DEFE7019C2046FEBD54
:103C9000012400980028F9D0002107222846F4F7D3
:103CA000F3F9F3E7A4170020F8B5044668460025A9
:103CB0000570EDF7CDFA002805D06D46204629465F
:103CC000FFF77EFC2D78EDF7C3FA002802D02648D6
:103CD000837E00E0012314267543244F3868416D2C
:103CE0004C19A57802222A4002D0A41C0025257078
:103CF0001131DBB2002B0AD00C78002C04D00C461A
:103D00000F3C2478A40726D45B1E1431F2E7002A66
:103D100021D00024214602F0C3F9154800684E2145
:103D2000405CC00717D01348006880694422022510
:103D300029462B4603F0A8FD00280CD001468571CA
:103D4000C4710472FF2048718220087104204872F7
:103D5000284603F023FE6846007846433868406DE5
:103D6000801900214174F8BD90140020A417002090
:103D700004170020A017002080B5411E0909E02982
:103D800003D808F0EDFE002080BD122080BD0000A9
:103D900010B5044608F00CFF002801D00C2010BD1F
:103DA000044800689C21405880685D2144540020EC
:103DB00010BDC04604170020E0B5022801D3FF283B
:103DC0000DD1002200926B4618700192581C0622F9
:103DD000F4F750F90199009808F00AFF8CBD122001
:103DE0008CBDB0B594B014466A4606F0F3F80546AB
:103DF000002805D169461E3110222046F4F73AF911
:103E0000284614B0B0BD0000E0B5034601A901206A
:103E100008806A460020108002480068183008F0C8
:103E200023FF8CBD9C170020F0B58BB0012801D971
:103E3000122016E01C46164601AD2870681C0622AA
:103E4000094B9847E81D102731463A46064B9847DC
:103E50002846173021463A46034B9847284608F033
:103E600017FF0BB0F0BDC0467580051080B509F096
:103E700061F880BD80B509F077F880BD80B509F0A4
:103E800081F880BDBCB50C4605464888001F4880B7
:103E9000084605F026FD011F02290CD806281AD075
:103EA00005281DD0042811D10420A08128462146D0
:103EB00009F0A4F818E03F2808D020385F2805D87A
:103EC00068460570019409F0D3F80DE028462146B4
:103ED00009F0D5F80EE02846214609F0D5F803E0B0
:103EE0002846214609F006F9002803D06188091DFB
:103EF0006180BCBD0020BCBDB0B504460188022075
:103F000009F012FA0546002802D1204604F006FC0A
:103F10002846B0BDF0B5C3B00446008809F028FAC1
:103F200000287CD00546207A0327074028692A46C6
:103F30000C32022F039208D100282FD0118884263A
:103F4000042954D30121029131E000284AD0668827
:103F5000002E26D00021019104A80290204632466E
:103F6000029B09F021FA286940680090204609F078
:103F700024FA0146009809F025FAA98928693246F1
:103F8000029B09F025FAA8898019A88181B22869C5
:103F900009F027FA039A0198608002E02C6160889A
:103FA000A881108804281BD32869002602960021C6
:103FB000019109F020FA001D81B2AA898A4216D81F
:103FC00012D1296948800120FFF75CFF00282DD01D
:103FD00028698426A04226D10198A881286122E080
:103FE000002618E0002602E00298002813D0A878E6
:103FF00010210143A9704220012102222B4601F029
:10400000E7FE2869002806D004F088FB002028611C
:10401000039900200880002E05D1012F03D12046EE
:1040200004F07CFB0026304643B0F0BD0198EEE77B
:10403000F0B585B004468778781E032104910843C3
:104040000930800883B2207A0390208802901148BA
:104050000068806902253E22294603F015FC0028ED
:1040600014D00646009701940498039A0240301D2C
:10407000002702993B4609F0CEF9357128463146B2
:1040800003F08CFC204604F049FB00E0072738468B
:1040900005B0F0BDA0170020F0B58DB004460CA807
:1040A00000270780204600F0CDFBFF2112310B9046
:1040B000405C0028069400D183E0204609F0C2F954
:1040C000204609F0C7F90646204600F0BBFB04462F
:1040D000358809F0C4F9290709D5032807D100213B
:1040E000204609F0C2F930880821884330800698BC
:1040F00009F0CCF9002800D12EE10B9806462C36A9
:10410000394609F0D4F98578059040780890012166
:10411000069C204604913A4609F0CFF909902046C2
:1041200039463A4609F0C9F9034607963078841EA5
:10413000611E204688410A952A2D00D968E0032196
:104140000A9A5143A14A51184978089A914200D0DD
:104150005EE00A992A2900D95AE00A994900C04626
:104160007944898849008F44540054002A0054003F
:104170000E030E032A002A0054002A0054002A00CD
:104180002A002A000E03530053002A002A002A00A6
:1041900015031503210360032503530019031903B5
:1041A00029032A002A001D032D031D0333031103D5
:1041B0001103110337033D0341034C0352030498D9
:1041C00027E0204600F03EFB05462D20285C002815
:1041D00000D19BE00A902F462C372E46D836786DBA
:1041E0003C465434797D0B91002801D009F07EF9CA
:1041F000204600F099FE03CE09F098F97448006853
:104200002C21405CC007C10E6C8F48D105224DE0C7
:1042100038460999194300D09EE000287DD00598C2
:10422000C6780124069F3846214609F093F9059087
:104230003846214609F096F90A9D049028460396CF
:1042400031463A460994234609F094F9411E8841C3
:104250000599491B4A424A4102430498001F4542BE
:104260004541154000243846214609F073F90646B9
:104270000798007807903846214609F073F90746F9
:1042800001284ED10798811E481E81410A98044694
:10429000089A09F097F9002844D0012542E04D48DA
:1042A00000683622805CC0061DD515226F20C043F1
:1042B0004140494800680069CEB20223314603F00C
:1042C000E3FA00280FD0014604720A988872002091
:1042D000C8710420887105224A710871200A487249
:1042E000304603F05BFB284609F0DEF9069C2046C9
:1042F00003F0E8FB204609F0F1F92046ECF78DFECB
:10430000002803D0012038700B9878750CA84178EC
:10431000022900D032E2012033E2069809F046FA81
:1043200017E00A9C039904227A402046664016430F
:1043300074427441042F099E00D026460023069A39
:1043400009F018F9002800D12646012E04D0002DCE
:1043500002D10B9809F042FA00200590C043069F55
:10436000012800D1FFE10A90401C0B90384609F06B
:104370003CFA002817D0384609F06CF8054600884A
:10438000800700D5EDE1384600F05CFAB224065D06
:10439000002E08D0384600F055FA099009F05FF871
:1043A000002800D1E1E00B98C6B23846314609F04A
:1043B000D9F8054605280896099016D87D442D7928
:1043C0006D00AF440B14446599B7C04658F307100D
:1043D0009C17002004170020A0170020384609F081
:1043E00004FA0446401E844180E12C467EE10A988E
:1043F000002800D1DFE0384609F048F8002800D155
:10440000D7E001253846294609F0ACF8044638467D
:1044100009F0F2F9042C03D12C46002800D165E103
:10442000002101243846224609F0EEF9002800D187
:1044300053E10021384609F0DDFA002800D152E1AD
:104440000021384609F0DDFA002871D143E13846F1
:1044500000F0F8F904463846314609F0D9FA0078F8
:10446000C7060794204608F0FAFF0224002F00D464
:104470009DE0002800D09AE00127069D284631469D
:104480003A4609F01AF8002800D1B6E02F462DE18F
:10449000384600F0D7F9054608F0E1FF032800D0C0
:1044A000EDE03846314609F0BAFA09F0C0FA0446A0
:1044B00000263846089932463346A0470246384619
:1044C000089909F0C1FA28463146089C08F0CDFF4A
:1044D0003846214609F08EFA00286AD0384621462F
:1044E00009F08FFA002860D13846214609F032F8E9
:1044F000FF2868D00424F9E0384608F0C7FF0424F8
:10450000002800D1F2E003223846314609F07CF958
:1045100000285AD03846314609F06CFA002800D1FC
:10452000BBE03846314609F06CFA002800D1B6E00D
:104530000524D8E0384600F085F9044609F08DFAE4
:10454000012832D13846314609F069FA09F06FFA8C
:104550000028079400D194E00546204609F082FA2D
:10456000012800D18FE007228EE001210A910998ED
:1045700008F09DFFB24901807106490C891C4180F9
:104580002888022101432980384600F05BF9059D07
:10459000055509980A9C214608F067FF0422384611
:1045A00021462B4609F063FADBE005249EE0069FD6
:1045B0009CE001249AE001243846214609F01AFAC9
:1045C000002800D192E0022490E02646384609F007
:1045D00013F904460B9841424141384608F0C2FFA6
:1045E000002C64D0384600F02DF9002108F05FFF60
:1045F000384609F053FA344678E00497FF222846FB
:10460000314609F053FA00282F466FD1384631461B
:1046100009F005FA09F00BFA04460798049D2946AB
:1046200008F045FF03460622384631460393A0476B
:104630003846314609F0DEF900282C4656D0384677
:10464000314609F0E5F90178EF220A400270FF22B5
:104650003846314609F0F8F901240798214608F058
:1046600004FF039A50780821801CC0B20091019089
:104670000292002021462246234609F02EFA032406
:1046800034E0052405E00822002338463146A847D7
:104690000124079809F022FA28E0012423E0384693
:1046A000314608F057FFFF2815D004241BE00428EA
:1046B00004D00B99002995D0012893D1384608F0F1
:1046C000C9FE01880424214301801520FBF7A0FBCB
:1046D000EAF7C2FD0AE0022405E0384600F0B2F82D
:1046E000002108F0E4FE384609F0D8F9384608F011
:1046F000B1FE06460088C00627D5384600F0A2F86D
:10470000054608F0ACFE0794044600210122384615
:1047100008F0D3FE2043079C17D137880124284690
:10472000214608F0C4FE464901807909069F090226
:10473000C91D418030880821014310208143318008
:1047400028462146079C08F090FE0998A04204D014
:1047500038460899224609F0CBF90CA80A99401866
:1047600044700B98FCE50CA802780120022A08D0BE
:104770000CA94978022904D0032A02D0C91E484254
:1047800048410DB0F0BD6042604142E51C46FEF775
:10479000B9FC46E01C46ECF716FA42E01C46FEF770
:1047A000AFFC3EE01D4609F0ACF922E01C46ECF7F8
:1047B0000EFA36E01D46ECF70AFA1AE01C46ECF752
:1047C00029FB27E0654265411C4609F09AF931E072
:1047D0001C4609F096F924E0654265411C4609F043
:1047E00092F927E01D4609F08EF902E01D46FEF71A
:1047F0008BFC2B46411E8841611E8C4104402046A3
:1048000007E5654265411C46FEF77EFC12E01C464A
:10481000ECF720FB23460028384600D1F9E4ECF7FA
:10482000DAF92346411E8841F3E4654265411C469E
:10483000ECF7CDF92346411E88412840E9E4C04603
:10484000030200004D2189004143044800689C2276
:104850008058C06B406840187047C046041700205D
:1048600070B50446084609F051F900281CD00646E8
:104870002C363178032907D1972149004018007858
:10488000000701D41A2424E03079012109F0B2F89C
:1048900000280DD0002C09D13079012109F05CF9F4
:1048A000032803D1002414E0022412E03A2410E08B
:1048B00030790125294609F053F9447430792946A5
:1048C00009F057F93079032200242946234609F0DC
:1048D000CEF8204670BD00207047002070470020B1
:1048E00070470020704700001F22024001239340C0
:1048F000EFF3108272B68900054A12685118400918
:104900008000081881681943816062B67047C0460C
:10491000B817002070B5144605464C430068401E89
:10492000032101434E1C002130462246F3F7ACFB25
:1049300030192860304670BDF8B5044609F026F9F4
:104940001C480068466B002E32D0374636693889DD
:10495000A042F8D100257A89E8B2032804D821467C
:1049600009F022F96D1CF6E72046114609F02CF9F2
:104970007989204609F03EF9002038810D48006809
:10498000426BBA4205D011461269BA42FBD11031CE
:1049900001E0014634313A690A607989042903D17A
:1049A000C16A3961C762CEE7016B39610763CAE743
:1049B000F8BDC046A817002010B504F00FFB002872
:1049C00025D00446008904F057FB0246012000214F
:1049D0000F4B04F071FB208909F010F96020205C76
:1049E000C007A07A04D16030C0B2512804D307E0D8
:1049F0005030C0B2402803D80221204609F018F9EF
:104A0000FE20A0720E20FBF703FAEAF725FC10BD8A
:104A100030750000F8B5044609F02EF90546104837
:104A2000C07A85421BD20F4E3068294601F038FB10
:104A300014276F433068C06A0025C553C019006948
:104A4000002809D003F06AFE3068C06AC019056109
:104A50003068C06AC0198581204609F025F9F8BD83
:104A600090140020AC17002070470000F8B50E48E5
:104A7000006806683078401E30700C49098A25317C
:104A80004F097C1C000606D100252846214609F066
:104A90000DF97580BC1C0120214609F007F9B0888A
:104AA000001BB080F8BDC04698170020901400206D
:104AB000F8B50E460546104604F090FA002856D088
:104AC00004460746002E0BD00020B872083401229D
:104AD000062D32D139891546062E0ED005220DE05D
:104AE000F97A01200843F872F97C891E022910D84E
:104AF000F97D090708D5042107E0042202200023DC
:104B000009F0E4F82A4618E00221F9221040401882
:104B1000F872B87AAD2805D0AE2805D0BC2827D1C8
:104B2000BF2002E0AF2000E0F020B87208340E2071
:104B3000FBF76EF9EAF790FB00226020385CC007B3
:104B40000BD1B87EC10605D5EF210140B97641B23F
:104B5000002918D4002A19D109E0387EFC2101402F
:104B6000397603210140481E81410A430ED1F8BD28
:104B7000062DDBD1F128D9D1398902200022134634
:104B800009F0A4F8D2E76F210840B876208804F035
:104B900073FA024601200021014B04F08DFAF8BDA2
:104BA00030750000F8B50F48006805682878411C8A
:104BB00029700D4F398A25314E09741C002809D1FE
:104BC0000020214609F0BEF8388A25304009401CF3
:104BD0006880B41C0120214609F0B4F8A8880019A7
:104BE000A880F8BD9817002090140020F0B589B077
:104BF000049315460591074606AE08AC304621469B
:104C000009F0E0F8227800200095049901910290C3
:104C100038460599334609F0F9F809B0F0BD0000AF
:104C2000F8B504460D4E3068C56A2969C1622F88FF
:104C3000002114222846F3F727FA04206881172060
:104C4000E8802C812F803068416B456329612046C4
:104C500009F05CF9204609F05DF9F8BDA8170020BD
:104C6000B0B50C460546002008F082FB002805D0B0
:104C7000012181800580614261418170B0BD80B5B4
:104C8000002A03D00846EBF742FF80BDEBF70BFF8D
:104C900080BDF0B589B004931746059106460E9C79
:104CA000204609F03BF90F9D002808D007A80622EE
:104CB0002146F3F7DFF906A80122027005E007A8F4
:104CC00006AC214609F07EF82278009704980190FE
:104CD000029507AB3046059909F098F809B0F0BD88
:104CE000F0B589B015460E4604F078F9002870D06A
:104CF0000446807ABC2806D1278908A800210180B3
:104D00002646283656E027463037E17D090709D484
:104D10002046283008223146F3F7ACF93D70280AC6
:104D20007870A07A2189029108A900220A8026467B
:104D30002836BC283DD025461C35F1280FD1E07D12
:104D4000000736D407AA01922846314609F0F2F846
:104D5000022201983946F3F7A4F9002821D03846F9
:104D60003146224609F01CF900281AD0029D284637
:104D700009F026F9207E80070CD0284604F07CF943
:104D8000024601200021154B04F096F9207EFC21FB
:104D900001402176022003220023294608F096FFD5
:104DA00017E00D480068083008AA2946334607F086
:104DB0005BFF029F03AD002110222846F3F764F940
:104DC000227C28463146F3F755F93846294609F042
:104DD00005F909B0F0BDC0469C17002030750000F1
:104DE00080B50B4A12685D23D25C930605D4D306C6
:104DF0009B0F04D0EBF761FE80BD012080BD1B231B
:104E00001A4202D0EBF762FE80BD002080BDC04692
:104E1000A4170020F0B581B00546408886240028FC
:104E200010D0AE68002E0DD000246C602C80274678
:104E300034602846314609F0E0F824367F1C688843
:104E40008742F5D3204601B0F0BD000070B50D4992
:104E500009683422895C70224A430B490B68A433E9
:104E600000210C46A2420AD01D682D19EE7DF607DE
:104E700002D02D89854201D17034F3E70121084623
:104E800070BDC0469C170020B4170020B0B50C4D73
:104E900028684224005D9021084200D0B0BD09F08E
:104EA000C7F8002805D00D20FAF7B2FFEAF7D4F9C9
:104EB000B0BD2868015D80220A430255B0BDC046DE
:104EC000B417002080B50146064800684222825C83
:104ED000120704D464304022F3F7CCF880BD03F00D
:104EE00027FE80BDB4170020F8B51F4613460C46B8
:104EF000054605221946234609F0B6F80646002F56
:104F000001D1882E04D001222846214609F0C6F896
:104F10003046F8BD80B50A4601460248FFF7FAFC64
:104F200080BDC0468C1400200021016040607047A5
:104F300010B5122400280ED0002A0CD00B2B0AD852
:104F400041700370036A5954491E4B1CFAD3026125
:104F500000240475C061204610BD00207047000089
:104F6000034800689C214058C06B00687047C046E9
:104F700004170020F0B589B0044691204000255A5E
:104F8000E76CFF260836F3F70CF9A15DFE220A4014
:104F9000A2553521090146187D4368003018EFF30A
:104FA000108172B6616CC943401800D489E0832037
:104FB000400020180890304609F0A0F8002804D0DE
:104FC00041490968C97B032971D10697049020469D
:104FD00031300790204642300590606C801B0027DE
:104FE00008214AB2002A0CD4CBB22A469A409042F9
:104FF00002D301269E40BF19821A00D31046491ED3
:10500000EFE70899888B4743059A1088C01B1080EA
:10501000BEB2079D287C097801290FD11746FAF7FF
:1050200068FD3F882A7C002300930190029321466B
:10503000E03110463A4600F092FA10E0FAF78EFDA1
:105040002521081A089047432878381880B209F0BB
:105050006FF828700899081880B209F069F80146BD
:105060002F46287CFAF7BAFE06984643606C801BF0
:105070006064608D314609F06BF8A26C824204D9FD
:10508000121A0D2A00D80D22A264049D606E8019A8
:105090006066606F51000918606C821A387C09F0F4
:1050A00061F8002D0DD1387CFAF7C4FE09E0089AAA
:1050B00050780121014351701320FAF7A9FEEAF755
:1050C000CBF862B609B0F0BD0817002070470000A9
:1050D000F0B587B0044608060D9D52D00195FF201B
:1050E00015468543012605930C9B1F4600963740C5
:1050F00003977E421640F2B252190692254D059F43
:105100003A462A401E469D07ED173D40049003068F
:105110002B409B18022030400290481E0590C8B2D8
:1051200041080026C8B2C200A018456802980028AD
:1051300001D118480540A0580246049FBA43039F76
:10514000002F01D1384600E0C0B282180698904284
:1051500001D1AB4218D0AB4203D804D1069890429B
:1051600001D94E1C01E0481E05900598801BC0B275
:10517000401CC2B2510889198242D3D00020019D3F
:1051800004E00021084601E0019D0098297007B065
:10519000F0BDC046FFFFFF00F0B583B00B460246EE
:1051A0000E4C20689C25405981684868896802AE89
:1051B000012700970196FFF78BFF00280BD020688E
:1051C00040598068406802A90978C9004018C1792F
:1051D0007F20084000E0802003B0F0BD04170020CD
:1051E000026841688368C068114319430143481E3F
:1051F000814108467047000070B584B015460A46E4
:105200000446002B07D00A9882421FD10B986840B1
:1052100000021BD11BE0099808990123002902D044
:1052200006461E4004D1002911D1022108400ED0AB
:10523000084800689C214158C868096903AE00937A
:1052400001962B46FFF744FF002800D1FF2420469B
:1052500004B070BD0417002010B50F4909689C22E6
:105260008A5893685C229C5C002C00D010BD9C3155
:1052700004685C65FF231B06406898430B689B68C5
:10528000986508688068012181541020FAF7C0FDF4
:10529000E9F7E2FF10BDC04604170020F0B589B061
:1052A00008910790214800689C2106914058806829
:1052B0005D21415C0024002935D0017A002932D0DB
:1052C000029203930E990191002604274168CA199E
:1052D000121F12680592C959049149004D0E2821E8
:1052E00069430068401801240799089A234600F092
:1052F00063F800280BD1761C0C48006806994058CA
:105300008068017A08378E42E0D300240BE00298CF
:105310000570FF200006049BD90F83430398059A6C
:105320000CC001980170204609B0F0BD04170020A0
:10533000F0B585B01D4650C80B981D4F33463B4015
:1053400004604360032901D120462DE0E0B20390C0
:10535000D00713D12A6800209442024604D16A681B
:105360003A409B1A5A425A41039BFF2B00D02046D9
:10537000FD23194218D0002A15D015E00D48006809
:105380009C214158C868096904AA0123009301922D
:1053900022463346FFF79CFE002804D00398FF28DE
:1053A000D2D1002000E0FF20C0B205B0F0BDC04661
:1053B000FFFFFF0004170020F0B589B00C4601463E
:1053C00000680F1DE0CF0543354300203D4313D057
:1053D0000890079006900490039002900190074D6A
:1053E0002A40059205A801AA08F0C6FE01982840A7
:1053F000210A411A4842484109B0F0BDFFFFFF00B1
:10540000024800689C2140587047C046041700209D
:1054100010B50C4608F0B4FE002804D02068C06F18
:10542000411E884110BD002010BDB0B50446C58D99
:10543000FB20E0850021204602F00EFDE58580304E
:10544000B0BD0000B0B50C46154941430D0A1549E1
:1054500088420DD301201070144A002128460B46C3
:10546000F9F790FC681A40084018000A10490CE04F
:10547000002111700C4A28460B46F9F783FC681A84
:105480004008401800091D21C943414320604819C4
:1054900000022721C90040180149F9F7FAFBB0BD05
:1054A000710200001F890100121111114F1BE8B495
:1054B000D4FEFFFF70B50D460446401C0026252291
:1054C0003146F2F7E1FD3046252E0CD2072131405E
:1054D000F208AA5CCA40D10703D0C1B261184E706D
:1054E000401C761CF0E7207070BD000080B50348BA
:1054F0000068008B08F052FE80BDC04604170020F3
:1055000010B5012000F007F8044608F057FE002807
:10551000F7D0204610BDE0B501A8F2F717FE0198BC
:105520008CBD0000024800688C2140587047C0467E
:10553000041700207FB515460A46044603A80290CA
:10554000089E01960093012021462B4608F086FE16
:10555000002E02D07321039A625404B070BDF0B5DE
:105560008BB0059317460D4609A9FAF7C9FA119CA5
:1055700010980690002818D00495129E00250698D1
:10558000A84210D00498039009A8029008A801909E
:1055900007A80090EBB220463946059A08F020FF94
:1055A00070556D1CEBE730780AE0039509A802906E
:1055B00000220192009220463946134608F010FF5F
:1055C0000BB0F0BDF0B58DB009920A900120169E87
:1055D0003446044002220394002C089000D0104668
:1055E0003240039F00D007460192320908981040CC
:1055F0000890F5087007C00F0C90B00717980B9033
:1056000042D00B9800281FD113980690129805904D
:1056100000930A9C204607920291FAF7F4FA20467A
:105620000999FAF707FB20460099FAF725FB20466F
:105630000299FAF7BAFB20460599FAF730FB2046A3
:105640000699FAF700FB079A74080398002813D00C
:105650000C98002804D10A980792FAF756FB079A8B
:105660000B98002808D10A980792FAF715FAFF213B
:105670000A98FAF70AFB079A0C98204204D00A9875
:105680001446FAF778FB224618980990159C14984E
:1056900006900820064008988019059015430120BF
:1056A00002900540079500250497BD427ED0681EF4
:1056B0002E4686410C9846400B98002802D0002EBA
:1056C0003ED15FE0AF00E059FAF738F9E059FAF758
:1056D00040F9E059FAF77FF9E0590146FAF782F903
:1056E0000698C159E059FAF749F9E059FAF713F960
:1056F000E059FAF757F9E0590A99FAF782F9E719E8
:105700000998032809D00998012801D1002E04D155
:105710000998022804D1002E02D13868FAF77FF9DF
:105720003868FAF71DF93868002E1ED0FAF7A1F98B
:105730003868FAF790F939680A98FAF723FB049F5A
:105740000798002830D00898002801D0029801E07E
:105750000298401B03990029294600D00146C8B28F
:1057600080002058FAF74EF91EE0FAF75FF9386822
:10577000FAF778F93868FAF71BF939680A98FAF7EE
:10578000CBFA049F059800280ED001200899002923
:1057900000D1401B01990029294600D00146C8B21A
:1057A00080002058FAF726F96D1C7EE70DB0F0BD99
:1057B000801EC0B2032801D3002002E0C1000248CD
:1057C000C840C0B27047C0460104060010B5846FDF
:1057D000C06FC721405CE1683E3908F061FE0146B8
:1057E0008C20205CFAF751FA10BD7047F0B588B0F4
:1057F00007932C2747431A480668F019847C012C2C
:105800002BD103461233149D0695139D0595129DC9
:105810000395119D0295049110990F9D0E9C009483
:1058200001920D9A079C44608260009AF2511F22F7
:10583000154045751140817501210175019AC274A9
:1058400001820299C1610399016205994162069939
:1058500081620499C1600220187008B0F0BDC04692
:105860000C1700207CB50446002601966846067099
:105870001648814200D90126814207D9002A03D067
:1058800000221146164610E0114A89184B1E0022CC
:10589000834209D201AA6D46084611462A46FFF7FF
:1058A000D1FD2A78019901E011461046217053017B
:1058B000C904C90E5918002A01D10A4601E0402244
:1058C0000A43002E00D10A4662707CBDAE5B0F0019
:1058D00052A4F0FF2C2242430148006881507047D7
:1058E0000C170020B630002A00D10388807D0B7091
:1058F0000F2212021A4000038018000A48707047F5
:105900007CB5154604465E1E00208029024608D359
:1059100001AB6A4608461946FFF794FD0098C2019C
:1059200001983F210D401543257060701F21090427
:1059300000020840022E00D3022671054018000C18
:10594000A0707CBD10B5F2F70EFC044608F0B2FD65
:10595000201840B210BD80B5C06FBE21405C08F079
:10596000B5FD411E884180BD70470000F8B50C466A
:10597000876FB97CB868FE68009171430D183220BA
:10598000294608F0A5FD002C04D04108691AFA6BDD
:105990008918216009494E43330A7A7C5200FC6918
:1059A0006468A2185278009C121B521C5A43D23AC7
:1059B00000D200224143480A1018F8BD71020000CD
:1059C000F8B50D4607466D203B5CF86FC721445C77
:1059D000B9880A20224608F093FDC0B201213A4658
:1059E00008F0ECFD0646002D07D100253846294673
:1059F00008F025FE002800D00578032C01D01422E1
:105A000000E000227019401CC1B2204601F040FEA7
:105A1000F8BD70B5012A1DD10646C06FC721445C90
:105A2000B088402101438B20002522462B4608F0F8
:105A300067FDC0B20121324608F0C0FD0838C1B28E
:105A4000032C00D0142520462A4601F021FE0246F0
:105A50003E3201E0C8684243104670BD024800680B
:105A6000902140587047C04604170020F0B58BB015
:105A70001D4600906E48077F8F4200D30F46E869AD
:105A800009902846223007900020002A06460890F8
:105A90000590044645D1079802784378FF20584086
:105AA000104000220346DC0705D1D4B2BC4202D22A
:105AB0005B08521CF7E7D3B20893002B0ED0EB7DA6
:105AC0007F241C40AB7D1B195E1CF3B200248B426B
:105AD00000D326468B420CD205940CE0E97D7F2052
:105AE0000140491C4AB2002A00DA0146E975002447
:105AF0009BE0012305930028344601D02B7D9C18A0
:105B0000621A0492D2B206923246F6B2069BB342B1
:105B1000164600D8049AE3B28B4200D31446089A82
:105B2000D0406E752C750AAB18703819421ED0B271
:105B30008842104600D3501A0696F6B2E4B2B44238
:105B400000D81046C2B28A4200D3481E069A821A72
:105B5000521C0192D6B2F21B00240296BE4200D221
:105B60002246801AA87501220495284608F074FD83
:105B70000A98079908704C7003970898381A07908C
:105B8000099FE6B20798B04214DDF00039680818A2
:105B9000089AA218D5B2EA0089180822F2F76AFA20
:105BA0007000796808186A0089180222F2F762FA10
:105BB000641CE6E7E0B2C400049D039FBE4209D224
:105BC00009980068001900210822F2F75DFA0834EC
:105BD000761CF3E70298874200D3019F15480068BE
:105BE0003D21415C8906059C069E1CD53D30407BCD
:105BF000400618D5104800684069A1213D220223C3
:105C000001F042FE00280ED00146877246720098CD
:105C100008722720C871042088713E224A710871D9
:105C2000A12001F0BBFE8020E87520460BB0F0BD3E
:105C30009014002004170020A017002003480068DB
:105C40009C2140584068806B006870470417002012
:105C5000044800689C2140584068806B0068406898
:105C60007047C04604170020054909689C228958DE
:105C70004968896B096849688968C00008187047D5
:105C8000041700200B4909689C2289584968896BD0
:105C9000096809688C39084A927F521C521E05D047
:105CA000D623CB5A8C318342F8D100E0002108463C
:105CB0007047C0460417002090140020B0B5417A08
:105CC000827A12025118C27A12048918007B0006E7
:105CD0000D180024204600F007FE4A300A49897F4B
:105CE0000A4AA1420AD00388934204D00346223BC9
:105CF0001B68AB4202D08C30641CF2E78C4201D3AB
:105D00000020B0BD0120B0BD90140020FFFF0000B6
:105D10000A4800689C2140584068806B0068006811
:105D20000749897F491C491E06D08222825C8C303B
:105D3000FF2AF8D18C3870470020704704170020E4
:105D40009014002010B50E480168283100200D4A3B
:105D5000D37A98420BD2EFF3108372B60B46163B00
:105D60001C78002C05D062B62C31401CF0E7FF20D7
:105D700004E000220A600121197062B6C0B210BDB1
:105D80000C17002090140020F8B5054600F0ACFD7B
:105D90000446476900268C223146F2F775F97C20CB
:105DA000FF2121544020084A225220467C3045726F
:105DB0006761817121464031044A4A81F143A16201
:105DC0007F218172F8BDC046FF0F0000FFFF000079
:105DD000F8B50446C0062DD415460F460093184862
:105DE00000686107C90E40180069511E03220A436A
:105DF000093291088BB24022214601F045FD00286E
:105E00001AD00646C57287720C3000992A46F2F7FE
:105E100031F90027777206203072281D010AF171CE
:105E2000B071FF207071822030712046314601F040
:105E3000B5FD02E0862700E007273846F8BDC046DA
:105E4000A017002010B50246401AC317C4185C40C2
:105E50000123DB039C4207D9891A994202DD0448D9
:105E6000401A10BD0149401810BDC0460100FFFF97
:105E7000FFFF000080B54007000F024A105A08F0EB
:105E800027FB80BD7CE10710F0B58DB001AC0DC4DF
:105E9000154801400818401C0C9000240B940A94EB
:105EA0000994089408AD0CAE0327284631463A46BB
:105EB000F2F7E0F8079406940594049404AC28469D
:105EC00001992246029B08F057F9039D681C214660
:105ED0003A46F2F7CFF8281D31463A46F2F7CAF8AB
:105EE000012028700DB0F0BDFFFF3F0000210171BF
:105EF00070470000F0B585B004060026002C2DD4B4
:105F00000392049328254543164800689C22805834
:105F1000806800680190441902910029274601D049
:105F2000274610373846FFF75BF92421615C0029CA
:105F300014D0002812D00298002804D001984019EB
:105F4000016A039C04E0039C2046FFF7E4FA014643
:105F500038462246049BFFF797FF0126304605B0DE
:105F6000F0BDC04604170020F0B587B00B460546CB
:105F7000214E30689C27C0598068C06906A90492E8
:105F8000009201910024294605931A46234608F001
:105F900098FB002815D10395002008F0D5FB0028B8
:105FA00002D1012008F0D0FB3068C0598068C06978
:105FB00006A9049A0092019100230399059A08F01A
:105FC00080FB3068C0598068C2691179002911D0FE
:105FD00012680723D356002B08D513787F251D4060
:105FE00028236B430568EB1827255C550832641C91
:105FF000A142EED107B0F0BD04170020B0B50B4CA4
:1060000020689C2540598068C269016AC1610262AA
:10601000086811681279D200F2F72CF8206840590C
:106020008068C169006A00790871B0BD041700205A
:10603000F0B581B0194C20689C25405980686021DA
:10604000415C002921D0017A002919D000260727B8
:10605000009501684068C05D7F22024028205043BF
:1060600025460C180020FFF756FA20622C46009DAA
:10607000206840598068017A0837761C8E42E8D340
:1060800008F0B4FB206840598068036D2830002177
:10609000012201F0C0FD01B0F0BDC0460417002090
:1060A000F8B505461220002D1BD00C466A788A42AE
:1060B00017D92B6A195DA14201D10020F8BD1746FE
:1060C0003E46DF5D974201D0A742F9D100209742BA
:1060D00005D09955964202D1284608F0D5FB296A89
:1060E0000C55F8BDF0B585B00C46C77804908278A1
:1060F0000025CD81FF2008747F21A182E0743C49F6
:10610000A16025603F210A40D31C6373002A03D09D
:10611000FA0704D00A2203E00025656065E0042246
:10612000BB0700D5921D7B0701D4164605E0049BF2
:106130009B5C9B092374012616433A07039511D5EE
:106140002C4A049B0191995D02919B195B781D0972
:10615000E574039D1B0202995B18019923811A4083
:106160006281B61CFA061CD5049B9A579B195D7870
:1061700002959B785506ED0FA5731140E1735909FF
:10618000A174D906C90C029BC918002A03DA1A485F
:106190004843400A02E08A3048434009039D20609A
:1061A000F61CB80609D5049881192046163012222B
:1061B000F1F760FF012060751236780603D5049868
:1061C000805D2075761C606800280FD0617B891B7C
:1061D0000A060AD0CAB2257BAA4200D80D46EAB206
:1061E000F1B2049B5918F1F745FF257305B0F0BDD6
:1061F0000000FF0FFF0F0000C3F50000F8B50546D3
:10620000C07F01271F702C4640347F35002A009143
:1062100002D16A78012A0CD1CA7CFF2A04D08242BA
:1062200004D12878400714D4002419E00124002761
:1062300014E026880024164A964211D04A89B242B8
:106240000ED0C97C002481420AD001202746044692
:1062500004E0488921880024814201D1002018707F
:106260001E46FCF74DFF002F10D001280ED12878D4
:1062700000070BD50098007CFF2800D10420697925
:10628000C140C80702D00020307002242046F8BD6B
:10629000FF0F00007047F0B585B00090002A42D093
:1062A0000C46009801464A31049106467F36571E37
:1062B00001464C31029144300190012000250396A3
:1062C000C0B2205C2C281AD0282824D10120B0721A
:1062D000E8B23E460719F91D02220198F1F7CAFEFD
:1062E000B91C3746039E05220298F1F7C3FE049AB3
:1062F0009079410931711F21014091710BE0307893
:10630000000708D4E8B2201833790099CA6A0499C2
:10631000098808F0CDFAE8B2205C2818451CE9B2DB
:10632000481C8F42CCD805B0F0BD00207047F8B5AE
:106330000D460446066B4E4331462A4608F0B9FA2C
:10634000002700281DD02046314608F0C3FA002857
:1063500017D02046423022467A32FF2111700021A8
:106360009171E16A8919E16203885B190380E06B2E
:106370004008091A107AFFF7ADFA204608F0BFFA74
:1063800001273846F8BDF0B58DB007467F20385C50
:1063900000076AD53C4648343D467C35FFF74EFC45
:1063A000FF210190018107A8002606736979817396
:1063B000E979C173029461884181E978F7220A4042
:1063C000EA70F97F01743C7E4473396B490AC180DD
:1063D000384619300790EAF73DFD0128304631462E
:1063E00032460AD178693E21465CC16A026B406B35
:1063F000052353431A0A490A400A07AB1A75D97490
:1064000098745E742878FF2821D0FEF71BFA0546A1
:10641000EAF772FD012811D1B869F96903AA00925F
:1064200004AA05ABFEF73AFF002807D00220059921
:10643000014307A8417305A8401C0790698F07A86E
:106440008180029909880181EAF79DFD0DE001989C
:106450000C3008F070FAE87B002803D002200443D7
:1064600007A8447307A8EAF794FD0DB0F0BD00003B
:1064700080B5EAF7EFFC002809D0074800683D2105
:10648000415C890603D53D30407BC00601D4F7202E
:1064900080BDF42080BDC04604170020FF280BD02B
:1064A0002C214143054800684018817C082901D00F
:1064B000102100E0202181747047C0460C17002095
:1064C000044800685E21405E0D2141434031C811FF
:1064D0007047C0460417002070470000F0B585B033
:1064E000214909683D228A5C92063BD53D31897A73
:1064F000490637D501680491847AC17A0191417ABD
:106500000291417B0391057B8788601E0321014333
:106510000D31880883B2154800684069A1212922FD
:1065200001F0B2F900281DD0064607728473019865
:106530007073029830730398F072B572380A7072F3
:1065400030460F3004992246F1F794FD0F20F07188
:106550000834B4713E20707104203071A12031469E
:1065600001F01CFA05B0F0BD04170020A0170020B0
:10657000F0B587B0264909683D228A5C920645D568
:106580003D31497BC90641D501680691847AC17ABB
:106590000491017A0591C788417A0191417B02916A
:1065A000017B03918588601E032101431131880816
:1065B00083B2184800684069A1213B2201F064F9C8
:1065C000002823D00646477305724474049830743B
:1065D0000598F073019830730298F0720398B072C6
:1065E000380AB073280A7072304612300699224673
:1065F000F1F740FD2520F0710B34B4713E2070712D
:1066000004203071A120314601F0C8F907B0F0BD77
:1066100004170020A0170020F0B587B028490968AA
:106620003D228A5C920649D53D310B2289560029CC
:1066300044D5C17B0691C1880491817B0591016895
:106640000391417B0191017C0291468904898788ED
:10665000007B00901B480068006980212E220623E1
:1066600001F012F9002829D005464673C47247721A
:10667000019828740298E87300982872300AA87369
:10668000200A2873380AA872284611300622039976
:10669000F1F7F0FC0499080A687629760698A8763E
:1066A0000598E8751820E8711420A8713E206871DB
:1066B000042028718020294601F070F907B0F0BD50
:1066C00004170020A0170020F0B58BB030490968EE
:1066D0003D228A5C920658D53D31497B890654D5C6
:1066E000017D0691C17C0791817C0891417C0991D3
:1066F000C17B0A91C1880491817B05910168039156
:10670000417B0191017C0291478905898688007B44
:10671000009020480068006980213C22072301F096
:10672000B3F8002831D004464773C5724672019809
:1067300020740298E07300982072380AA073280A27
:106740002073300AA0722046113006220399F1F717
:1067500091FC0499080A607621760698A07707983C
:106760006077089820770998E0760A98A0760598CF
:10677000E0752620E0711820A0713E206071042091
:1067800020718020214601F009F90BB0F0BDC04610
:1067900004170020A0170020F0B585B02249096831
:1067A0003D228A5C92063CD53D31897A890638D5EE
:1067B000C17B0491C688817B039101680291417B72
:1067C0000091017C01914789057B184800680069A8
:1067D00080212822052301F057F8002821D0044603
:1067E0004772009820730198E0722572380AA072EF
:1067F00020460D3006220299F1F73CFC300A607504
:1068000026750498A0750398E0740E20E07110209E
:10681000A0713E206071042020718020214601F08B
:10682000BDF805B0F0BDC04604170020A017002039
:10683000F0B589B02A4909683D228A5C92064CD598
:106840003D31497B090748D5017D0491C17C059103
:10685000817C0691417C0791C17B0891C788817B2F
:10686000039101680291417B0091017C019146896D
:10687000057B1C480068006980213A22062301F04C
:1068800003F8002829D00446467200982073019826
:10689000E0722572300AA07220460D30062202995D
:1068A000F1F7E8FB380A607527750498A07605981B
:1068B0006076069820760798E0750898A07503988A
:1068C000E0742420E0711420A0713E206071042047
:1068D00020718020214601F061F809B0F0BDC0466A
:1068E00004170020A01700208C21414304480068B1
:1068F0009C2280584068806B006800684018704790
:1069000004170020F0B585B004462020205C002844
:106910001AD061684888022506286CD34002226894
:10692000526B824267D90B780120820349780E02AC
:1069300032401F273F023740FB18890641D4002A06
:1069400059D11E21594341E0266837467F37207EC2
:106950008207D20F3A730125284020767F20305CD1
:10696000C00708D1A069B169814244D1E069F169E9
:10697000814211D03FE0A0690290E0690390CB68AA
:10698000096904A80322009201901846029A039B09
:10699000FEF79EFB00282ED0387B00280BD0FFF797
:1069A0005DF800210122326271622136011D06224A
:1069B0003046F1F75FFB6068FFF780F900281AD1D5
:1069C000A7E74B26B1005943002A03D10029054609
:1069D00007D110E020462030007800280BD0F003CB
:1069E00009184B208000090208180C300349F8F7F9
:1069F00050F9E0600025284605B0F0BD71020000A6
:106A000010B50446EFF3108072B68220205C2C2172
:106A100041430A4A12685118897C012905D100F0C6
:106A20003BF8204607F088FF05E08234FFF736FD8B
:106A3000207807F0E1FF62B610BDC0460C170020B9
:106A40008C214143054800689C2280584068806B37
:106A500000680068401840697047C046041700206D
:106A600010B500242046FDF7EDFE0A4909683422DE
:106A7000895C2C30A14207D00278002A06D04D2232
:106A800092008018641CF5E7FF2401E001210170E9
:106A9000E0B210BD9C170020FF2806D02C214143F6
:106AA0000248006840180021418270470C170020FE
:106AB000F0B51F22024020239E1A0023DC43254606
:106AC000F540401E4009C0B2042B0DD0002A2746D5
:106AD00000D02F469842264600D13E46984200D22A
:106AE000002640C15B1CEFE7F0BD0000F0B5ADB083
:106AF0000546C07AFDF7A6FE0646FEF731FA1F905E
:106B00002C682220215C1F22179211402154607DA5
:106B10001090A07B2090E07B0C90207C1890607CF3
:106B20001A90A07C1C90E07C1390207D1690A07D94
:106B30000890E07D0E90207E1590607E0990A07EEA
:106B40001190E07E0A90207F1490607F0F90207853
:106B50001D902046223040781990A87BF9F735F82F
:106B6000229000F0DDFD0B9094203058002303604C
:106B7000902030580360A8203352422033522D20F9
:106B800033544520800033501121090173542121D1
:106B9000C9007F2272542F2107227254882173501A
:106BA0008C2173503146A8310B8121918B723018A2
:106BB0001E930D904360012737852395A87B4121C3
:106BC0007054199A17980240E87A31211B92725436
:106BD00030211291705409980002159940181590AF
:106BE00080B24102F1640F990902149A8918149134
:106BF00089B2090303220F92920242437266B16680
:106C0000139800021C994018169909044018169010
:106C100070650A9800021199401811903087FF257D
:106C20000A95123507F018FF1C977755239F708738
:106C30007D204004F06630678320400033180C98B4
:106C40000002209940181899090440181A99090659
:106C500040181A9032462C321E3418940B98012892
:106C60002092139306D1387C012803D120201D994E
:106C7000084004D1387BFE21014002291BD10120AC
:106C80001870B87B189C2146F8F7DDFF3546E035D3
:106C900028462146FEF70EFC2098407D00220092F7
:106CA0001A990191029229461B921346FEF757FC4E
:106CB000209A1E9001E01E9818709F200D998877E9
:106CC000F8488883F8484883106E1C9988431066FA
:106CD000F87AEAF782FA2920C500A9200701E9F726
:106CE00072FF012818D11F9880891B280FD1229884
:106CF000042808D11F98408AB84208D11B20219946
:106D00000882888110E01F98008AA84204D0209A47
:106D1000106E0421014311661B202199088288818D
:106D20002298042800D02F460E9800020E90219938
:106D30008F824F820F831B20C882C881CF838F83AD
:106D40001F9D688B4883239FF87A07F0B7FEF87A77
:106D500007F0B5FEF87A07F0B3FE2846314607F093
:106D6000B0FEF87A07F0B8FEF87AEAF787F830460E
:106D700007F0C0FEF87A07F0DBFE2298F9F73FF83B
:106D8000397BCA4A12681768032904D002290BD13B
:106D9000381A3E3812E00E21229D284600F0C6FC2B
:106DA000381A3E38239F0BE02399497B381A002973
:106DB00001D0903002E0812149004018239F229D9C
:106DC0001D9B08995A060E9C6118042D0F9C07D034
:106DD0003D7BFE232B40022B00D11C931C9C1D9B52
:106DE000DB090E93D20F0F9261184D0229183C68EF
:106DF000787B00282AD01D911998470907F0A8FE32
:106E000019901C97384607F0A9FE0321209A1170AB
:106E1000109949027163199940187085F16C1F9A95
:106E20005268914200D31146316580B2294607F07D
:106E30008FF90D304100726B8A18A41C1F94022137
:106E400010910F9C239F994B1D9D1BE00D46022125
:106E50002098017000207085229A042A00D01146E3
:106E600089007118896DF26C8A42904B00D30A46F2
:106E70003265109909026D1808341F94852110910C
:106E80000E9C1C907564B06424A8002181801D9123
:106E9000249118683D21415C8906199206D53D3040
:106EA000817BC90705D1807A800702D427461F9CC1
:106EB00036E078680168FE230B4024AA022B00D03C
:106EC0001F92CDB2797B00290CD024A90E9A002AFA
:106ED00016D039684A7BC023134024AA402B0ED019
:106EE00011460DE024A90F9A002A09D03A68D179F9
:106EF000C0230B4024A9402B02D1911C00E0083193
:106F0000BA7A26AB9A753A899A821F9A2792289163
:106F1000FE2D03D003210D402F4600E00127441C25
:106F200021991D9D0D6301203840129A88544D63AC
:106F300008463030401C06222146F1F79BF826A86F
:106F4000857607761C99C175149941821199018241
:106F500015998181718FC181239F797B4176269418
:106F600007F004FEF87B002803D0B97A708F07F091
:106F700033FF13980178708F07F06CFF2199086B2D
:106F8000496B07F093FF7C7BBF7B3846F8F725FE03
:106F900021903846F8F737FE3846229D2946F8F703
:106FA000FAFE38462946F8F7C0FE38461899F8F731
:106FB0004AFE38461A99F8F73DFE38461E99F8F70A
:106FC0000DFF38461B99F8F76AFE38461699F8F710
:106FD00053FE38463146F8F7D5FE35461435384667
:106FE0002946F8F799FE38462199F8F7DEFEFCF7B6
:106FF00087F8002802D13846F8F74EFD3846002CB5
:1070000002D0F8F782FE01E0F8F7B5FE34462834E6
:10701000E9F7D9FD012801D10A980CE0E9F7FAFE59
:1070200001280A9807D006F06CFD012801D01798B6
:1070300001E01D98C043C1B23846F8F726FE30463D
:1070400021463A4607F046FF002128463A4607F017
:1070500041FF3046F8F70DFD2846F8F7E7FC239886
:10706000817B2291407C344644341CCC20998D781D
:10707000CF780F4907910F4906910F4905910F49A4
:10708000049103970295D11A01910094002801D030
:107090000C4C00E00A4C199B109A22983146A047EC
:1070A0002DB0F0BDFF040000FBF700000417002026
:1070B000B5EE0710D9BA0710EDEE071077EF0710FD
:1070C000A1AA0710ED570610F8B5044600F09CFC85
:1070D000054606461036EC3500272878874209D247
:1070E00030682A21405CA04201D0FFF7D7F9361D55
:1070F0007F1CF2E7F8BD0000F0B5A1B00F460446D2
:107100000BA800210170F320205C2546E8350028FB
:10711000099508910A9700D1C2E0E9722165F1F75B
:1071200061F8E878EF210140E970B8002718F1F71D
:1071300038F88C217A58B96C411A52182646CC433B
:10714000336D1C1947D46424E443201A0A9CA4001C
:10715000351994242C59069024180795ED6F64195D
:1071600039D48424079D2859D5430590451932D434
:1071700030469C304568002D08D0069C2C1904949C
:1071800004680395049D2C19039D24D43446059E60
:10719000B21A591A8A4200D30A46002D0A9F06D015
:1071A00006994B1901685818451C954200D315469D
:1071B000002D18D0E019AC21405CF8F7A6FD079827
:1071C000806869496943090AF8F75EFCF8F73FFBF4
:1071D000F1F713F811E08C373A6030460A9F3A46CF
:1071E00007F0D2FE3446B80020188068F8F717FC84
:1071F000E019AC21405CF8F71DFE099D0BA8E97869
:10720000C90700D14DE10078002800D149E120688C
:10721000079000780F260640301F43424341002765
:10722000204639463A4607F079FF002800D038E179
:10723000254618ACE776A782696DA86D199005916F
:107240001891F0F7A6FF0690FFF73AF9069908188B
:1072500006906076072E66D107998E7828460D46EF
:107260000A9907F09CFF18AA10760EA8C07C107728
:10727000139890760D981B900C981A90A878800916
:10728000D075A978490004230B401818D0753F2306
:107290003340D9436C78611891751A1D3B46ECE078
:1072A0000794F64C2068F8F720FB06462068F8F7AC
:1072B00024FBF3490968D822895C002909D00028F9
:1072C00009D0E878010754D407983946E9F7C9FE90
:1072D00059E0079C23E7002E58D0F0F75EFF687254
:1072E000F8F7B5FA079C206802780BAB00211970FB
:1072F0006165A165A972EB78F7241C40EC700D91D3
:107300000C910F2616400122012E14464FD0072E55
:107310004CD1C0788107CC0FC00748D1002008901D
:10732000002C4FD15FE018A8FF21017701210176E1
:107330007F2181761B971A97062E3B46079D00D921
:107340009DE0B00001A10A589746C0466D73061033
:10735000437406105B7406107F7406106174061087
:107360007F7406106D7406107102000018AA1320B5
:107370007EE0E72108401030E870B800079908184F
:107380008068F8F7CEFAF8F762FA8AE0E878C10682
:10739000079C03D5204607F017FFE878400700D583
:1073A000BDE60020E06608902067B8E60C4608922B
:1073B000079807F032FF002C0AD00121002808911D
:1073C000084605D10CA9079807F071FF411E8841B6
:1073D000012808D1079C20467430E9F7E0FDA87227
:1073E000002800D1D0E00BA8002404700CA8E97894
:1073F000CA0616D40078072E00D09DE002220A406B
:1074000000D099E000F086F90BA80899009101904E
:107410000EA90CAA079C20463B46E9F737FE064614
:1074200026E100F077F9042E00D01FE1079E3046D8
:1074300007F08DFFF466346734460BA8012606700A
:1074400016E118AA1520D0750D991B910C991A9167
:1074500069780C3991750E220FE018AA102007E008
:10746000099801781820084318AA01E018AA1220E8
:10747000D0756978891F91750822AC181C94099AF7
:10748000D27892070FD4089A002A02D118AAFF23B3
:107490001370099A1070C9B2C3B218A80022E9F794
:1074A00035FE21B0F0BD0CAA1278FE2A2FD1744807
:1074B00000683D21415C890618AE0029F1D53D30B8
:1074C000807A4007EDD5704800684069A1211D22EF
:1074D000062300F0D9F90028E3D00446731C079A6C
:1074E00008320121069840B2009101920290201DBD
:1074F000059AD2B207F04FFF0B20E0711220A07165
:107500003E20607104202071A1202146A2E0CFB26C
:107510001F2FC6D80599C9B2FE2903D118A9012287
:1075200005920A7001072DD4C0B203220146114012
:10753000032943D100224EE0490728D4062E02D069
:10754000002E00D089E03C460799C919AA22895C1F
:10755000012701293E4611D1FD283E460ED00126C5
:1075600000210798324606910B4607F02BFF0128B1
:1075700004D1E87808210143E970069E0BA8077042
:10758000274674E0042226E000F0C4F81EE0002E36
:10759000079C01D0012E17D1FD2815D000262046CA
:1075A00031463246334607F00DFF01280ED1B800B0
:1075B000201880681430F8F7B4F959E0052101402B
:1075C000052905D1012206E0F0F70CFE01264FE067
:1075D000800700D5022209922A4800682C21405CCD
:1075E000C007C10E18A80A90002901D109220CE099
:1075F000234800683D22825C920600D451E71A4677
:107600003D30407A800700D44BE74E20C0434140D4
:10761000781E032303431D33980883B21A48006879
:107620004069C9B20D4600F02FF9002800D138E7B3
:1076300006460A98431C069840B2009001970294AF
:10764000301D0599CAB2099907F048FF0F487060CC
:107650002846314600F0A2F923E700F05BF8701EDF
:10766000012803D80BA80126067000E00126079C1C
:1076700007F04BFF002E00D051E5BFE59417002026
:10768000041700209C170020A017002035B6071013
:1076900080B507F03BFF00022721C90040180249CE
:1076A000F7F7F7FA80BDC04671020000FEB5174635
:1076B0000C46054616480068417A032000902E4685
:1076C0001436204632462B4600F00EFC002F0AD01E
:1076D00001A91F2008710020C04301902046F8F73F
:1076E000B2FAFF2104E027212046F8F7E2FA25212B
:1076F0002046F8F7CAFA2046F8F7CEF93046214678
:10770000F8F77FF928462146F8F77BF9FEBDC04619
:107710000417002080B5F0F765FDF8F78FF880BDFD
:1077200080B5FDF76DFE4E21405C80BD042805D07C
:10773000012806D1FF20A430074A04E0044A054886
:1077400001E0064A064841438818000A7047C046CF
:10775000E9260100381A000006120000C6200000C9
:107760004703000010B5027F437F1B029A180AD01E
:1077700052020468A318E4436118002903D403608B
:10778000891A9B18F9E710BDF0B585B005460129A7
:1077900005D88800281887680497143703E0AF6B72
:1077A000381D0490183768680390942000263146ED
:1077B0003246F7F7F9FF0346032400943846314672
:1077C000039A00F056FB2D68962001213246F7F708
:1077D000EBFF034600960194049C204631462A465E
:1077E00000F0B0FB2046F8F7E9F82046F8F717F963
:1077F00005B0F0BDF0B58BB00E4604464018AC2580
:107800000A90405D09908800271807F09FFE0890B5
:10781000F86FBA6C144B0793002E01D0144B00E0A4
:10782000124B0693002E01D0134B00E0114B059331
:10783000002E01D0124B00E0104B012606210090D3
:1078400001920291039604930E4808990B180322A3
:1078500009982146FDF7CAFF0A98415DB86C07F008
:107860007BFE0BB0F0BDC046D5790610B1C7051040
:10787000BFC7051039F207102FF2071051F2071099
:1078800043F207102D040000FEB515460C460646CF
:10789000080614D402AA01AF304619463B4607F049
:1078A0006AFE002821D0600638D402988178FC2234
:1078B0000A40827001990180718001272FE0EFF367
:1078C000108072B602AA01AF304619463B4607F057
:1078D00052FE00280BD002998A78FC2313408B704B
:1078E000019A0A807280012702E0002703E0002746
:1078F00062B6002813D1EFF3108072B6A0060AD446
:1079000010480068016808220A4302600020F8F766
:107910007FFAE7F7A1FC62B600260AE00027029E84
:10792000F570A00060210140B07803220240501899
:10793000B070002F04D00020F8F76AFAE7F78CFC4B
:107940003046FEBDA017002070B50446827201814A
:107950000120207120460B3006250F4E19462A467D
:10796000B0470A9820760998E082089860750798D1
:1079700020750698E0740598A074049860742046F9
:1079800019300B992A46B0472046243020620C9AC1
:10799000E2770D99B04770BD7580051080B540063F
:1079A00005D48878FC220240901C887080BD08466F
:1079B00007F01EFE80BD00002C22424302480068F2
:1079C0008018C1747047C0460C1700202B21FF227D
:1079D0004254704710B5EB2100224254AC21094BB0
:1079E00043520346EB331A720246AC32FF21117147
:1079F00010305A78002A04D008C82A241955521E7B
:107A0000F8E710BDFFFF0000024800689C214058C5
:107A1000406870470417002070B50446AC20205C15
:107A2000FEF73CFDE9F714FC012812D12046AC30EA
:107A30002546EC354078FEF731FD103400262878D5
:107A4000864206D201CC2A21405CFEF727FD761C37
:107A5000F5E770BDB0B50C468500FDF781FA80688A
:107A60004451B0BD80B50A200021FFF7F3FF80BD6F
:107A700080B50B200021FFF7EDFF80BD80B50C2005
:107A80000021FFF7E7FF80BD80B50D200021FFF743
:107A9000E1FF80BD10B50E2000242146FFF7DAFF7C
:107AA00010202146FFF7D6FF10BD80B51120002120
:107AB000FFF7D0FF80BD80B512200021FFF7CAFF7D
:107AC00080BD0000F8B5382646430090FCF7BAFEAA
:107AD0000546164800689C214258D26B926892195C
:107AE000A023EA504058C06BC06880192E46A036CB
:107AF0007060AE27B02F0FD03846AE38E919091F95
:107B000000240C70C1B2009805F082FF0470FF20C1
:107B1000E855F4747F1CEDE70024B474009805F078
:107B200099FC048002486887F8BDC046041700200D
:107B3000FFFF0000B321415C01200840704770B591
:107B40000446FCF77FFE064601252046294605F03F
:107B500051FF012803D1304607F066FD0EE03046A4
:107B600007F068FD01252046294606F002F80222AA
:107B7000204629462B4605F07AFF0025284670BD91
:107B800010B50446E9F723F8012809D10E20604317
:107B9000044909689C228958C96B4969081810BDB5
:107BA000002010BD04170020F8B51C4615460E46EF
:107BB0001F46B437FFF7E4FF002802D000880228F0
:107BC00001D0012000E00320A98C0B4A8918C14094
:107BD0000A480818C00881B23888884200D308468D
:107BE000002E02D0E98C814200D3014679802046E4
:107BF00007F026FDF8BDC04688FEFFFFB5FF070071
:107C0000002901D0022100E0032188228258CA40C5
:107C1000012010407047F0B585B0122600285ED0D4
:107C20001F460D46044643788B4258D920780521DB
:107C3000090381408F4252D804920293F0F7B1FABF
:107C400002462378206A405DA8420CD004980028A0
:107C500045D020460391294604931646FEF720FAA4
:107C600003993246049B332078430E46010A0818D4
:107C7000010C08187107D20851184218581DC0B2DB
:107C8000C24001956800616A04920A52F0F789FACD
:107C9000C00803906278206A17463B46C75D97424A
:107CA0000DD07D00666A755B2678761D0399F140DC
:107CB0006D1A2DB2049E711A09B28D42EDDDC15CC0
:107CC000019A8154206AC2540298834206D10498D2
:107CD00001B2204607F006FD064600E000263046C9
:107CE00005B0F0BD70B50546012105F083FE0446E0
:107CF000012804D112200121FCF7F6FD0AE001263B
:107D00002846314605F035FF082200232846314633
:107D100005F0ADFE6042604170BD0000F8B504465C
:107D2000C0062CD40F46164800683D21415C8906E8
:107D300025D53D30807A000721D51E4615461148CD
:107D400000686107C90E40180069272203232146F5
:107D5000FFF79AFD002812D0014606984D7208736D
:107D6000CE720F720C20C871062088713E204871B7
:107D700004200871280A88722046FFF70FFEF8BD1C
:107D800004170020A017002010B5017C022909D19A
:107D90000124047401688268C3680CC0A12004F047
:107DA00051FB00E00024204610BDFEB50446C7206C
:107DB000205CFDF7FDFC0546D126A05D2946F7F7BE
:107DC000EAFFA05D2946F7F7B0FFA05DF7F7D3FF04
:107DD000D420215CA05DF7F76CFFF7F738FDDB20BE
:107DE000205C2546B8352646DB36062801D0052816
:107DF00002D127463C3701E0274628372046E8F7DE
:107E0000F0FF02462988307800940197002307F09C
:107E100090FCFEBD80B5FCF715FD2C2100224254DC
:107E200080BDFF2168310246C232D278042A0B4657
:107E300000D0B323032A01D0194600E0F331C22257
:107E4000805C012202408307DB0F9A184007C00FB5
:107E500010184843BB307047F8B50A460146002069
:107E60000090019002907E23DB4306F0F7F904B006
:107E700080BDF8B51E4617460D460446F7F75EFD71
:107E80002046F7F766FD2046F7F7A5FD2046214678
:107E9000F7F7A8FD20463946F7F770FD2046314632
:107EA000F7F7CBFD069F002E02D02046F7F7CDFD59
:107EB0002046F7F730FD2046F7F774FD2046F7F728
:107EC000D8FD2046812F09D12946F7F79AFD204693
:107ED000F7F7A5FD2046F7F7BEFDF8BDF7F7C2FDA1
:107EE0002046F7F787FDF8BDF8B51D4616460F4644
:107EF0000446F7F788FE11492046F7F79BFE104924
:107F00002046F7F7B9FE20463946F7F74EFF2046E0
:107F10003146F7F737FF20462946F7F7FDFE06986A
:107F2000812803D12046F7F726FFF8BD2046F7F752
:107F3000ECFE01212046F7F7B2FEF8BDD6BE898ED1
:107F400055555500F8B51E4617460D460446F7F739
:107F5000F5FC2046F7F7FDFC2046F7F73CFD2046F0
:107F60002146F7F73FFD20463946F7F707FD204643
:107F70003146F7F762FD079F002E02D02046F7F743
:107F800064FD2046F7F73EFD2046F7F7C4FC204687
:107F9000F7F708FD2046F7F765FD2046F7F708FDDF
:107FA0002046F7F743FD812F07D120462946F7F7F2
:107FB00028FD2046F7F7B5FCF8BD2046F7F72FFD62
:107FC000F8BD0000F0B589B00446D920002525543D
:107FD0000120049007F090FC08A90880206D03950B
:107FE0004586204640300290204694300590204639
:107FF000B43006902046D43007903227324E522FAC
:108000000AD008A807F080FC3040216DCA5B101828
:10801000C9194880BF1CF2E72046FFF702FF019014
:10802000E56F069EB77C3846214607F07DFC039A33
:10803000B281791C31800221079BD971A2850299F6
:108040000A807D43019949190818C830059D686068
:10805000A9684018E860B07B049A02408107C90F04
:1080600051184007C00F0818401EB07707F068FC91
:1080700007990870F288A9682868002A02D1F37E5F
:10808000012B03D088421CDA00281AD0B07E0028C9
:1080900017D0002A01D03C2100E043210B480068A2
:1080A0002C23C05C0001C043A1230343B12018402E
:1080B000337A9A1AD3B2B27A07F054FC204607F00A
:1080C0008BFC09B0F0BDC046FF0F00009C170020DC
:1080D000F0B585B0049105F019FD002808D00446DC
:1080E0009720400020180078800603D41A257EE0EF
:1080F00002257CE004A8012107F084FC0546002845
:1081000075D12046B430018804AA12888A4206D16B
:10811000C08804A94988814201D1002567E0303434
:108120002478049D2046FCF78DFB0746012120465C
:1081300005F060FC002801D03A2558E00295280C93
:1081400003903D46BE35FCF70BFF0190408B00903D
:108150000121204605F004FD0646E8F738FD012818
:108160002AD1FF20303038180078000716D4214F6C
:108170000837FAF7C5FF0128384600D01D48039993
:10818000884200D80390FAF7BBFF012800D0194FAE
:10819000009BBB42019811D33B460FE02046FFF7FE
:1081A000EFFC002808D08079042805D1A92000011F
:1081B0000399814200D803900198009B039AF280B2
:1081C0000299B1807380008B3080288829803083A9
:1081D00068886A80708301262046314605F0C9FC14
:1081E00006220025204631462B4605F040FC284655
:1081F00005B0F0BD48080000F0B591B006931446F4
:108200000D910B90B848C17A0C91017F0991C17E04
:108210000A91817E0891C77F0125E8212846FCF755
:1082200079FEB24E306058212846FCF773FE316863
:108230009C2207928850384607F008FC07213940F5
:10824000069807F013FC1C98009019AB0ECB0D9804
:1082500006910D9307F05AFC012C00D008950020E0
:10826000012C00D00A90012CA04F00D00990179A41
:108270000D980128059218D129209B49085C411EC0
:108280008841104301D0302500E020250C9E304667
:108290002946FCF73FFE396894228850304629462B
:1082A000FCF738FE3968982288502C260C98314605
:1082B000FCF730FE3968A422885041208200012C4E
:1082C00002940AD11146203101201446FCF722FE07
:1082D00039688C228850214638E0252182480C914B
:1082E000415C104620300029019201D0014600E097
:1082F000442126277C4AD25D002A00D00146292548
:10830000794A525D002A00D001460B9A012A00D119
:1083100001460120FCF7FEFD744909688C22885053
:108320000B980128019C214610D06F48405D002821
:1083300021460BD16C48C05D0028214606D16A4811
:108340000C99405C002800D02646314618980B90C6
:10835000169803900126664D3046A847634F39684A
:108360009022885010213046A8473968A0220492F4
:10837000885004213046A8473968A8228850342103
:108380000C963046A8473968AC2288500898C7B286
:10839000211F3846A8470546029C012C05D15C21C7
:1083A0003846FCF7B7FD024600E000223846294671
:1083B00007F03CFC10AB0998D8700A9898700D9E95
:1083C0005E700B9818702046059D29463A46E8F7DE
:1083D000F5FC039F38462146E8F77CFE38462146E7
:1083E0002A46E8F7B9FD384621462A463346E8F7DB
:1083F00035FD00963E46384621462A460B9BE8F757
:10840000DEFD07F055FC012C07D1012D05D107F049
:1084100050FC012E01D107F04DFC0D980128334F7F
:1084200001D107F048FC07F047FC06983146224688
:108430002B4607F042FC2C4EF07A411C2D4D28466D
:108440000C9AFCF767FA3968D0228850F17A022238
:108450002846FCF75FFA39680A46A0325063049850
:10846000085878605068B8602046E8F72CFEE8F7B6
:108470006FFD07F023FC07F03BFCE8F7AEFC07F0CC
:1084800059FC07F059FCEFF779FE396800248C722B
:1084900048722046EFF776FE07F086FC3868406E9B
:1084A00007F08EFC3868079D40590C30FDF71EFD23
:1084B0003E460C9F3846E8F709FD30684159402296
:1084C0008C54094A128B02831F200F90E0430E90B8
:1084D00048310EA8052207F074FC30684059F902B3
:1084E0005422815211B0F0BD9014002004170020D6
:1084F000154F06108C140020FEB53E4C20689C25BC
:108500004059C06B0368362100265E543A494969D8
:108510000A0C192A01D3192109045960196000694C
:108520000293986007F056FC20684059C06B0768BA
:10853000E8F749FB012801D01B2000E0FB20B882AE
:10854000E8F741FB04462920C0000090A92005015E
:10855000E8F73DFB012C019507D10128274D009C30
:108560000CD0274DFAF7CCFD05E00128009C05D082
:10857000FAF7C6FD2546012800D10835FD82E8F747
:1085800022FB012801D01B2000E0FB203883E8F704
:108590001AFB0546E8F71BFB012D07D10128019DB9
:1085A00016490DD0FAF7ACFD154906E00128019DEA
:1085B000294605D0FAF7A4FD2146012800D108314B
:1085C000FC831B20B8837D823C82FC81B881798347
:1085D000E8F7FFFD029807F00BFC0A4C20683421F5
:1085E000415CF0B2884203D205F078F8761CF5E7DA
:1085F000FEBDC046041700209014002090420000E9
:10860000480800009C170020034800688821034A9E
:10861000425000207047C0460417002000000303AA
:1086200070477CB51C460D46064601A802803046C0
:1086300007F0E8FB0146320A02200E2A0ED8FF2975
:108640000CD0304607F0FAFB002801D00C207CBD8E
:1086500001AA30462946234607F0F2FB7CBD10B53F
:10866000C37A5C07A20F09D0012213405A425A4133
:10867000037C0320102B09D0034608E0DA070AD157
:10868000807A0122F12809D0134608E00423002C47
:1086900005D4034603E00223002200E00223002A5F
:1086A00001D1184600E00120002900D0184610BD75
:1086B000B0B50D460446411E8841511E1F220A4393
:1086C000213291B207F010FC002806D085800168A5
:1086D0008160002C03D1402103E00020B0BD7F2148
:1086E000C9430173001DB0BD10B50B490A68B12123
:1086F000535CB1320021032905D001248C401C4277
:1087000003D0491CF7E7032103E0002801D02343ED
:108710001370C8B210BDC046B417002080B5017AEE
:108720008A0901219143001F07F018FC80BD000059
:1087300010B501220228104600D800208000094B05
:108740001B6830241C5D144020183033DA78D207BF
:10875000D20E80189A7853081343DA07120F801844
:10876000087010BDB41700200B49096830228A5CDC
:108770000123134030314A78D207520FD218CB78F8
:10878000DB07DB0ED21889784B080B43D907090F9A
:10879000511801707047C046B4170020B0B50446A8
:1087A0000B480068AC2140584578801CA11C06226B
:1087B000EFF777FC01460020002900D0B0BD6178BA
:1087C0008D42FBD1617B012001436173B0BDC04686
:1087D000B417002010B507244480446821720B4967
:1087E00009684024095D44686172012111404268B2
:1087F00091724168CB724168029A0A734168039A88
:108800004A7340680499817310BDC046B4170020B4
:1088100070B50D460646062007F0B4FB0446002856
:1088200003D02846FFF77AFF08E0308900F024FCE7
:1088300002460020024B014600F03EFC204670BD7F
:108840003075000080B5127D1201002900D0083279
:10885000D1B2044A12685318B4330421072204F039
:10886000A3FD80BDB4170020B0B588B004460189CF
:1088700000201522FFF71CFF002829D00546E07DC7
:10888000000706D42146383104AA204607F0B6FB7B
:1088900005E004A8019000946846E8F73AFD11202D
:1088A00068806868032101720521102204AB284604
:1088B00004F08EFD20462946FFF7AAFF002807D1C5
:1088C0002046483004A91022EFF7D4FBA520A0725F
:1088D00008B0B0BD70B588B00446FFF75FFF01284F
:1088E00024D10025012207AB2046294607F02CFCA5
:1088F000022206AB2046294607F026FC1A480068EB
:10890000079A02AE0096E43001462B4600F06CF860
:10891000069810223146EFF7C4FB002806D0042148
:10892000002201232046FCF7DFFA1AE0607B0321D6
:108930000140012906D10C48006844300021102272
:10894000EFF7A2FB6020205CC00701D0492000E0C7
:108950005620C043A0720E20F7F75AFAE6F77CFCC7
:10896000002008B070BDC046B4170020F0B589B033
:108970000C4607460989002515222846FFF798FE70
:10898000002813D00646002F06D0234628330521A1
:108990001022384604F008FDE07D000708D4214687
:1089A000483105AA204607F0F1FB07E0882019E0CE
:1089B00005A80290019401A8E8F7BDFC1120708081
:1089C0007068032101720521102205AB304604F0C6
:1089D000FFFC20463146FFF71BFF002802D1B620DE
:1089E000A072284609B0F0BDF0B59DB00293039285
:1089F000019101460CAD20270124124E28463A462B
:108A00002346B0472846203001993A462346B047CE
:108A1000374640200299295408AE1022029230466F
:108A200003992346B847412104AF284632463B46C6
:108A300007F052FC22983946029A2346014CA0477F
:108A40001DB0F0BDB59D0610F0B59FB00193029228
:108A5000009101460BAD20270124154E28463A46C9
:108A60002346B0472846203000993A462346B0476F
:108A70003746284640301026019932462346B847EB
:108A800007AF3846029932462346094EB047502177
:108A900003AE28463A46334607F01EFC0C362498AF
:108AA000042231462346024CA0471FB0F0BDC04609
:108AB000B59D06100178427812025118827812048E
:108AC0008918C0780006081870470000B0B50D4638
:108AD0000446154800684F21405C800623D51348A2
:108AE00000688069022149220323FEF7CDFE002899
:108AF00019D0014605738472042048720920087257
:108B00000020C87108208871FF20487182200871F8
:108B1000280EC873280C8873280A4873200AC87264
:108B20000220FEF73BFFB0BD04170020A017002075
:108B300080B504480068683003492022EFF79AFAAC
:108B400080BDC04604170020D9F3071070B5034656
:108B50000120002909D0002426462546965D9E4224
:108B600004D16D1CEEB28E42F8D370BD204670BDAC
:108B7000F8B504460189002545222846FFF798FDEF
:108B8000002814D006464120708070680C210172C4
:108B90000F4F3B68643305214022304604F018FC37
:108BA00020463146FFF734FE002802D0F8BD812070
:108BB000F8BDE07D20210143E17539684222895CDE
:108BC000090702D524210843E0752846F8BDC046B0
:108BD000B417002070B594B00E4604464178801C4E
:108BE0006A4601F0F7F90546002E05D0002D03D1A5
:108BF0006846214607F08EFB284614B070BD000081
:108C0000044800685C21415C30200840411E8841D6
:108C10007047C046A417002080B507F0BDFB80BD9B
:108C2000F0B589B0044608A80026068021891522DF
:108C30003046FFF73DFD00282DD005466020205C22
:108C4000C0060BD42746603720461C300221002284
:108C500000F0A4FD3878102101433970A07AD13892
:108C6000042875D878440079400087440219384EAA
:108C700060003C48006821461C31083008AA04AE58
:108C8000334603F0F1FF6868062101721120688005
:108C9000227C052158E00E200021FBF725FE5FE035
:108CA00004AE0821029100223046019600F076FDC4
:108CB00020461C3008AF31463A4605F03BF90B2000
:108CC00068806868072606720521022228463B460E
:108CD00004F07EFB28463146029A019B36E01120C3
:108CE000688068680821017204A800211022EFF74B
:108CF000CBF9FFF785FF002802D004A8FBF784F822
:108D00000521102204AB284620E003A8067004AE1B
:108D1000314607F045FB0820688068680921017228
:108D2000686803994172062128460A460DE0112021
:108D3000688068680A21017220461C3004AE314602
:108D400007F046FB052110222846334604F040FB7D
:108D500020462946FFF75CFD002801D1DD20A072E6
:108D600009B0F0BD9C17002010B504464830102112
:108D7000002200F013FDE07D000702D4B520A072B0
:108D800010BD2046E8F7BFFA10BD80B5012911D10A
:108D9000427C530705D0C37D1B071DD506231A400F
:108DA0001AD16022835C01221A40002906D0002AD1
:108DB00019D103E0002900D080BD0022817CCB07BF
:108DC00004D0C37D1B0701D4D12109E08B0706D451
:108DD000490708D5D52103E0D021817280BDD32178
:108DE0008172002A02D007F001FB80BDFFF718FF57
:108DF00080BD000070B50446807B032101402589B9
:108E000003290AD1204607F006FB002805D00821D7
:108E10000022204605F042F970BD284600F02CF9EA
:108E20000246012000210E4B00F046F9E07C0328A9
:108E300002D1002007F07AFB2046183000260422D9
:108E40003146EFF721F92046314604F0F1FEF120DA
:108E5000A072022029463246334604F037FF70BD27
:108E600030750000F0B595B004462C4E30684225B0
:108E7000415D30220A400021302A16D10691492155
:108E80008F00C11907A82022EFF7F4F83068415D80
:108E9000CF220A4042556020205CC00707D10FA8AE
:108EA000009014A911AA13AB06E0084633E011A8FC
:108EB000009013A90FAA14AB204607F045FB14A895
:108EC000037813A800783168224628320492C91921
:108ED00003910FA90291019011A800902146383109
:108EE0002246483207A807F045FB4D208000316834
:108EF0000A180121204607F0ABFB00280BD12046C1
:108F000060300078C00703D1204607F05BFC02E028
:108F1000BB20A072069815B0F0BDC046B417002063
:108F200010B5044638301021002200F037FCE07DF7
:108F3000000703D42046FFF797FC10BD2046E8F752
:108F4000DCF910BDF8B50C46074609890025152245
:108F50002846FFF7ADFB00282FD00646002F06D08D
:108F60002346283305211022384604F01DFA2046F6
:108F70004830214628311022EFF793F8002809D114
:108F8000E07C022806D10821012320463246FBF767
:108F9000ABFFF8BD11207080706804210172234678
:108FA000383305211022304604F012FA20463146AB
:108FB000FFF72EFC002802D0F8BD8820F8BDA620BF
:108FC000A0722846F8BD01460068C2690A60002AFE
:108FD00000D149600021C16170470000F0B5014631
:108FE0000020002917D00C4A12683423D35C702269
:108FF0005A436F23DD43094B1B68A4332C4670345E
:10900000A24208D01E6875197827ED5B4D402D05EA
:109010002546F4D13019F0BD9C170020B41700206C
:10902000B0B50C466021615C01220A40A37A406819
:10903000417A02D19F2B02D8B0BDB02B14D3F02BB4
:1090400015D9F12B0ED10F290CD1254659350F21F9
:109050000122204605F022F829785A34204607F0EC
:10906000E1FBB0BD002AE7D0207E8007E4D00122DA
:10907000204605F013F8B0BDB0B50D49096834229B
:10908000895C002811D00B4A1268A4320023DCB29C
:109090008C420AD2702565431468641924894440BF
:1090A000240501D05B1CF2E71946C8B2B0BDC0462A
:1090B0009C170020B417002010B5002906D0862484
:1090C00001291BD1022A19D8002100E0032101281F
:1090D0000AD0002811D18818C1B2094800680830A8
:1090E0000122FEF798FD06E08818C1B20448006826
:1090F0000830FCF7D5FF044600E00024204610BDF0
:10910000B4170020F8B50C46074601252846FFF79E
:10911000EBFA022801D93820F8BD0646384607F098
:1091200093FB002810D0014610480068B122825CF1
:10913000002A03D0B130B540AA43027000220123B7
:109140002046FBF7D1FEF8BD2675012138462246A0
:10915000FFF778FB204607F09BFB002801D000209A
:10916000F8BD204607F0D8FBF8BDC046B417002074
:10917000F0B585B007464068057AA81F042823D8B3
:109180000C46887A8626D0281FD120465930019077
:109190002089FFF771FF02460020444B02900146F0
:1091A000FFF78AFF062D05D0092D11D0082D34D0E8
:1091B000072D3DD1E07D000707D4607CC00704D0B7
:1091C000062D44D128342CE08426304605B0F0BD6D
:1091D000607C8007F9D503AB00269E8003960621AC
:1091E00038460A4607F036FC002845D07868407AB1
:1091F000019D287023465A33062138460A4604F05A
:10920000D3F82878012803D1A8798009032845D309
:10921000617C2020084360742FE0607C8007D4D5F7
:109220003834052110223846234604F0BDF833E0D7
:10923000607C4007C9D523464833052110223846B3
:1092400004F0B2F8607C40210143617417E0786853
:10925000407AA0777868807AE07723462033072128
:109260000822384604F0A0F8607C80210143617434
:109270004007800F10D102E0607C4007A5D4019820
:10928000C079C00705D1002620463146FFF77DFD95
:109290009BE72046FFF7AEFD029E96E708210022DD
:1092A00001232046FBF720FE06468EE730750000BE
:1092B000F0B58BB00D4606460024029409891522AC
:1092C0002046FFF7F5F9002820D007462B46383313
:1092D0000521102230461E4604F066F8E87D00079E
:1092E00016D40094344603AE28462146324606F092
:1092F0004DFF29462831102230462646009CEEF7C5
:10930000D0FE01A9BC220A7002900CE088245BE028
:1093100001A80A9002A8099003A80890079507A839
:10932000E8F70FF80298002806D004210123284608
:109330003A46FBF7D9FD1BE01120788078680421BC
:1093400001722B46483305211022384604F040F8BC
:1093500028463946FFF75CFA002809D10198A8721F
:109360001B4800683521405C297C814200D9287463
:109370000298002828D1E87D000725D407A80024FA
:1093800010222146EEF780FEE87C03280DD002284B
:1093900012D10F480068806B07A90870020A4A7052
:1093A000020C8A70000EC87006E00948016844315A
:1093B00007A81022EEF75EFE29464831283507A897
:1093C00032462B4607F04FFB20460BB0F0BDC0469F
:1093D000B41700200268CA61002A02D10A461C3272
:1093E000426001607047F0B58BB00E460521102534
:1093F00007AF2A463B4603F0D7FF002103AC029695
:1094000030460191224607F023F9064638462146A8
:109410002A46EEF746FE002E15D1002813D1602013
:10942000029C205CC00715D1207C2A1A2018283005
:109430000021EEF729FEA07E02210143A1762046FD
:10944000E7F749FF0AE00B21002201230298FBF70E
:109450004BFD03E0204607F0B5F901980BB0F0BDD5
:10946000F8B52F4F3B6842241A57002A20D40091A8
:10947000E4330521402203F097FF39680846643041
:10948000E43120252A46EEF70CFE064638686430A3
:1094900024492A46EEF705FE002E0BD1002809D0FC
:1094A00008210025012300982A46FBF71DFD07E04F
:1094B0003A2505E03868015DB022114202D0382516
:1094C0002846F8BDE43007F0E7FA1F28E8D0054643
:1094D000122823D0002DF3D13868015D10220A43F1
:1094E0000255009BD97DC0220A43DA75E4300D494C
:1094F0002022EEF7D6FD00250028E1D14120800092
:109500003968081808492022EEF7CBFD0028D7D18A
:10951000009AD07D04210143D175D1E70B21C0E72A
:10952000B417002009F4071029F407107CB50C4685
:10953000054607F089F90146002823D1E07D0007A0
:1095400001D4A42608E0019400956846E7F7CFFE11
:109550000146002816D1A226A07BFE210140A1735E
:10956000E07BFB210140E173012128462246FFF701
:1095700069F9204607F0B6FA204607F0FFFA0146DF
:10958000002809D0882901D188207CBD0022012330
:109590002046FBF7A9FC7CBDE07C022804D1E07BDF
:1095A000C00601D45D20C643A67200207CBD000029
:1095B000F0B58DB00C460D464835052110222B46DE
:1095C00003F0F2FEE07D000706D409AA20462946F2
:1095D00006F014FD00270AE009A80690059405A8E6
:1095E000E7F79DFE0746EB2801D1002754E0264609
:1095F000283609A810223146EEF753FD002806D080
:109600000421002220461346FBF76EFC43E0244A67
:1096100010683521405C217C814200D92074E07DB6
:10962000000715D4174605A800211022EEF72CFDDF
:10963000E07C032810D0022814D13868806B05A97B
:109640000870020A4A70020C8A70000EC87009E0A5
:109650002046E7F76AFE1FE03968443105A810226A
:10966000EEF708FD2246383205A801AF29463B46F1
:1096700007F0F9F9002110223046EEF705FD227CB3
:1096800030463946EEF7F6FCA07E02210143A17672
:109690002046E7F720FE074638460DB0F0BDC0462D
:1096A000B4170020FEB50C46897A6031C9B2512941
:1096B00038D34068467A274800683221405C022847
:1096C0000AD10820304007D103210022012320467F
:1096D000FBF70AFC064626E0A07E80210143A17626
:1096E0002089FFF7C9FC024600251B4B2846294666
:1096F000FFF7E2FCA07A0227F12807D1700705D511
:10970000E07A062101404D424D4103271F200640CB
:109710006675204607F0BCF8002806D02801A17D18
:109720000143A17500263046FEBD01A887710026C1
:10973000467105710194E7F7D4FD0028F3D0A17EAE
:109740007F220A40A276882801D18826EBE70821EB
:10975000BBE7C046B41700203075000080B5032079
:109760000821FBF7D7FB02490968A822885080BD71
:10977000B417002080B50648C17A06480068083052
:10978000C91CC9B2044A0723FBF7D2FB80BDC046FF
:1097900090140020B41700206DE107107CB50C4632
:1097A00005460020C6B2A6420ED2002006F0A4F85C
:1097B000A85501A90870000A69460870711CA142E9
:1097C00000D26854B01CEDE77CBD000010B5084C19
:1097D00020684030FBF7A8FB20683830FBF7A4FB7B
:1097E000044805493C22EEF745FC07F067FA10BD36
:1097F000A8170020E013002094EE041080B507F0B5
:109800006FFA80BDF0B585B00493019202910746CE
:1098100002203840039001243C401048056834354C
:109820000A9E2D68002D16D0002F0CD0002C03D0DE
:109830002889029988420CD10398002803D06889AE
:109840000199884205D128463146049A904700285C
:1098500002D11035E5E7002005B0F0BDA8170020C3
:1098600080B5411E884107F063FA80BDF8B5044613
:10987000C00625D416460D46144800686107C90E77
:10988000401800695D2203232146FDF7FDFF0028F3
:1098900018D00146067385720C2048721620087293
:1098A0000027CF7106208871FF204871822008713F
:1098B000300A4873280AC8722046FEF76FF802E0A3
:1098C000862700E007273846F8BDC046A0170020CD
:1098D00000210068002802D01C30491CF9E788B23A
:1098E000704780B5022103F086FD80BD074A1268EB
:1098F00034321268002A07D01389834202D1538977
:109900008B4201D01032F4E710467047A8170020B0
:10991000F0B585B004460078002807D1606807F0EC
:109920001BFA6070A568E86800283CD06578284676
:1099300007F018FA0E2808D880005B49095800295A
:1099400003D020468847074607E0A068C368002187
:109950000622284607F040FA86276168002919D0B8
:10996000882F03D0842F0CD0072F10D14F480068C8
:10997000403007F045FA0920F6F74AFAE5F76CFCA3
:1099800008E04A480068383007F03AFA09E008462B
:10999000FEF7C4FE862F01D0002F02D1A06807F089
:1099A00036FA05B0F0BD6768384607F0D5F90646C7
:1099B00007F0D8F97988EA880423029300239142BA
:1099C0003ED80E283CD801934200344B9A5A344B6F
:1099D000C340DB0705D180239A439142019B03D00A
:1099E0002EE09142019B2BD3411E032901D307286E
:1099F0000DD104A903AA029238460F4607F023FAB4
:109A00003B8802980088834218D8002B16D06668DD
:109A1000304607F0A1F9074635883046FFF761FF69
:109A200001462846FFF762FF05461E2F1DD0402045
:109A300038401AD1162F1BD1718826E001200290E0
:109A400086271E2E89D04020304086D101930521E3
:109A5000284607F00BFAE86000281DD00346304680
:109A60000199029A07F0B8F977E70020E8605DE70E
:109A7000384607F077F90E2800D96DE7400009490C
:109A8000095AE888814200D30146284607F0EEF9DA
:109A9000E860002800D049E788275EE73206051015
:109AA000CC4F00009E060510E0130020A8170020F0
:109AB00080B507F0EBF90549884205D0C00004499C
:109AC0000968496E081880BD002080BDFFFF0000B6
:109AD000A817002080B510220A740278042A0DD835
:109AE0007A441279520097440A1612020200406822
:109AF000031D142208461946EEF7BCFA80BD052264
:109B0000D2024068007D012809D18A8180BD0520EC
:109B1000C002C01C04E00520C002801C00E0501CF4
:109B2000888180BDF0B585B00D460978042911D82B
:109B30001446C0467944097949008F44020D4A69A8
:109B40007E00734E306801467031C166686807F068
:109B5000B5F957E08626D3E06D4F3868014670317D
:109B6000C1666B6801206E490026324607F0BBF9DA
:109B700001A90880002800D1ADE007F0BDF907F089
:109B8000CDF902A9009108803868C06E01A90227AA
:109B90003A46EEF76FFA5E480068C06E801C009986
:109BA0003A46EEF767FA5A48006868270421C1531D
:109BB00069680A7C102A00D091E0C06E0C31001D4B
:109BC0000222EEF757FA52480068C15B891CC15364
:109BD00085E04F4E306801467031C166696809788A
:109BE0007022815469884A1C03A90A8071300222BC
:109BF000EEF740FA3068C16E6868001DC91C07F0B6
:109C00005DF9C01C3168682288526831216076E0B5
:109C100069680A7D102A32D13F4A521C0B8A93424E
:109C20002DD13B480168683121600068682110220D
:109C3000425201468331C16661E069688969002941
:109C400045D0334E31686831216069680A7D102A39
:109C50003FD10A8A2F4B9A423BD1316868220224B5
:109C60008C520A467032CA66294607F062F904A986
:109C700008803068C06E2246EEF7FCF93FE0096AC2
:109C8000002924D0224E31686831216069680A7D3C
:109C9000102A27D10A8A204B9A4223D131686822A0
:109CA00001238B520A467032CA6607F04FF9FF282B
:109CB00029D06968096A8B681849C97A49084A1C19
:109CC000042107F055F931687022885417E0842682
:109CD00016E0886907E0386868210022425268303F
:109CE00020600DE0086A0178890701D5022100E0B3
:109CF0000421415A806832686823D152D066002618
:109D0000304605B0F0BD3068702100264654F7E7B4
:109D1000A817002002290000292B00009014002021
:109D2000FFFF0000F0B585B003920C460121090247
:109D3000411804910290E0300190200423D004984F
:109D40000088102807D1102202980199EEF7E4F953
:109D500000200499088010210D1AA9B2A2B29142E4
:109D600000D32546AFB202990818E030039E314671
:109D70003A46EEF77FF90499088828180880641B92
:109D8000F6190396D9E705B0F0BD000080B507F0DD
:109D900003F90749096860228A5A401C80B2904240
:109DA00003D2496EC000081880BD002080BDC046A7
:109DB000A8170020F0B5002A0BD00024E543002BA3
:109DC000264600D056190F5D87556D1E641CA242B1
:109DD000F5D1F0BD80B507F0F3F880BD10B50446AD
:109DE00007F016F9002801D00C2010BD02480068C9
:109DF00040214454002010BDB417002003480068DF
:109E00005F21415C012008407047C046A417002034
:109E100010B5044607F0FCF86178012903D1002849
:109E200005D1024604E000280FD00C2216E00C22D7
:109E30000B4909684023CB5C032B01D16E22D2432E
:109E4000032B0BD0002802D008E005480168303110
:109E5000102208462146EEF70DF90022D0B210BDBF
:109E6000B4170020BCB50D46FFF7B8F8002805D0A0
:109E70000446817D080703D48620BCBD0220BCBDFA
:109E8000002D0DD06020205CC00717D1684600224D
:109E900082714271090901710094E7F722FA10E01A
:109EA000218900200622FEF703FC002817D0024675
:109EB000052101232046FBF717F802E0204606F0B3
:109EC0002BFD002800D0BCBDA07DF7210140A1756D
:109ED0000E20F5F79DFFE5F7BFF90020BCBD8820F7
:109EE000BCBD000010B50C46FFF778F8002810D074
:109EF000C17C02290FD1094909688C63C17B1022FA
:109F00000A43C2730E20F5F783FFE5F7A5F9002099
:109F100010BD022010BD0C2010BDC046B41700209B
:109F200010B50C46FFF75AF8002807D0817AC129EE
:109F300006D1002C06D0BA21817208E0022010BDA3
:109F40000C2010BD0C2100220123FAF7CDFF0E20BA
:109F5000F5F75EFFE5F780F9002010BD80B507F04A
:109F60007DF880BDF0B597B01C460192029107467E
:109F700000261E7007F078F83546BD4207D2002E45
:109F800005D103A807F076F806466D1CF5E7002E0C
:109F9000019E02D0002017B0F0BD03AF3E37002570
:109FA00003A807F067F80028F4D1E8B2C01DB0425A
:109FB000F0D803A84078012101400298415540198A
:109FC000401C06223946EEF755F82078401C2070D8
:109FD000ED1DE5E7FEB5144606460125029101296F
:109FE00005D17079C0210140402900D1002507F03A
:109FF0003BF820463E30019027461E37204607F0AA
:10A0000039F8002815D1002D0BD0607801210140CE
:10A0100002988142F2D1062201983146EEF741F8CA
:10A0200003E03046394607F037F80028E6D1002033
:10A03000FEBDB320FEBD0000FEB5044607F03EF8AD
:10A040000C25002825D01226002C23D0207D401E70
:10A0500001281FD8207C80281ED010281AD1A08962
:10A06000012188430321C902884215D10120FFF74D
:10A070001FFD002810D00178002907D141680A7C13
:10A08000102A03D18989A2898A4202D0FFF77EFE75
:10A09000EFE72E463046FEBD002007F01FF80028EF
:10A0A00006D04168C98A002904D04088401804E0DD
:10A0B000012002E007F028F8401C82B2002630465A
:10A0C0003146234607F030F8002820D0F743E18AD4
:10A0D000491E0291009001947F1C217E8F4218D26C
:10A0E000E18A002904D0029A11043AD0521E029249
:10A0F000351D401C019CE1698B5982B20120002171
:10A1000007F012F800282E46E6D187262EE0872693
:10A11000C0E7184800685C21425C022313434354A3
:10A120000A20F5F775FEE5F797F8606A0026002823
:10A13000B0D02020205C0028ACD0214620310291F4
:10A1400000252F460195854200990CD2606AC019FE
:10A1500000F01CF8002808D12437029800786D1C04
:10A16000F1E7122602E0019E94E70646009807F008
:10A170001BF88FE7A817002080B50346012002498D
:10A18000002206F0B0FE80BDFFFF0000FEB50E46C7
:10A19000044606F093FF002866D01225002C64D0F8
:10A1A000207D802813D010285FD1208A3C49884226
:10A1B0000DD1206A002858D082883A49C97A4908C6
:10A1C000491C8A4251D380680021EDF75DFFA078D9
:10A1D0002421084203D06078C01F092845D83046A2
:10A1E00006F08AFE002840D00646007800283CD1C0
:10A1F000207E811C304607F001F80546002834D146
:10A20000304606F08BFE054606F076FE0146681CD9
:10A2100086B2022738463246234606F085FFB04212
:10A2200025D1304606F068FE0146A81C82B2032004
:10A23000234606F079FF002829D001970296E069AD
:10A24000002816D0207E002813D0002637468742EB
:10A250000FD2E0698019029906F0EAFF002818D1B0
:10A260001C36207E7F1CF2E70C252846FEBD872584
:10A27000FBE70D4800685C21425C019B1A43425495
:10A280000A20F5F7C5FDE4F7E7FF0025EDE7872590
:10A2900001E00546029E304607F052F8E5E7C04669
:10A2A000292B000090140020A817002080B5034639
:10A2B00001200249022206F016FE80BDFFFF0000C9
:10A2C000F0B585B004911224002839D01D461646F9
:10A2D0000746022B0AD3022E32D000210422384630
:10A2E00007F058F8812801D10C2429E00A98022EA1
:10A2F0000390029501960FD26D1C06466D1E17D075
:10A300003288083610233846049907F071F804465D
:10A310000398002CF2D013E0022E11D102882023E2
:10A320003846049907F064F804460398002C07D1D6
:10A33000009038460499019A029B07F09DF8044664
:10A34000204605B0F0BD1CB5059C0194049C00940A
:10A3500007F060F91CBD80B58AB001A901228A719D
:10A3600004228A804880084602F086FB0AB080BD3D
:10A37000FEB501AA918050801E201070104607F093
:10A380009DF906B080BD0000F0B587B00189049149
:10A39000C18805918488468807880020069006A910
:10A3A000384607F03BFB054600285AD10396029435
:10A3B00006988078C00751D10024102220463946E3
:10A3C000FEF776F900284BD007462A48039A911FDA
:10A3D00089B2122581423DD2029E062E3AD3801DBB
:10A3E000864237D2B24235D8059A91087C2931D8B5
:10A3F000511C7143049B9A0091422BD80A2B29D3FC
:10A40000834227D2019478681221017278680699F4
:10A410000979417206210825174C38462A46A0477B
:10A4200038462946039AA0470A213846324625462F
:10A43000A0470C2438462146059AA8470E213846E5
:10A44000049AA8477C800520394605F09BFD00282A
:10A450000AD081253846FEF761F902E00C2500E0BC
:10A460008825284607B0F0BD0699122007F0EBFAC0
:10A47000019DF6E77B0C000051370710054A126872
:10A480003523D35C034201D00C2070473532117064
:10A49000002070479C170020F0B585B01C46039241
:10A4A0000F460025234A244E00902946B0473346E4
:10A4B0000646FF22F43201973846049529461F4686
:10A4C0009847E8210294214000D01221039B0E43BB
:10A4D00006430125AA030A2118463C46B847074609
:10A4E00037430A9E032230460499A04738431CD1C3
:10A4F000029C172C01D10C2017E00B98002802D0E9
:10A50000FBF7A6FB08E0009803F000FB00280ED044
:10A510003021405CFBF7A8FB467104710399418030
:10A5200001990180801D0570049805B0F0BD0220DE
:10A53000FBE7C046FF0E0000EB1A0710B0B514464B
:10A540000D4605F05FFC40B200280FD4C0B2FDF705
:10A5500017FB82790321530700D50A462A70C07978
:10A56000420700D5084620700020B0BD0220B0BDD3
:10A57000F0B58BB00E46054680B203F0C7FA00284E
:10A5800011D00446FF2030302018007809210842FD
:10A590000BD0303420780127394603F02BFA0028FD
:10A5A00006D03A2002E0022000E01A200BB0F0BDF5
:10A5B000310AF30705D1CAB21120072AF6D8002ABA
:10A5C000F4D0320CB007069007D41E46D3B2112047
:10A5D000072BEBD8002B3346E8D02D0C022D01D9E8
:10A5E0001120E3E704930720014008AB02931970A0
:10A5F0000390024007AE32702478FAF7B1FC0146AE
:10A600000698002801D50E46233606912046FAF713
:10A6100019F9059001942046FDF7B2FA34780499AF
:10A620000029029901D0069922310A788270C470FB
:10A6300003990D4000D005800425E107294600D08C
:10A64000394606920222A30700D511460492C67924
:10A65000B14200D10C46069AD30700D03D4693077D
:10A6600000D5049D039404908779BD42059A00D1DA
:10A67000069514462C34B14217D1BD4215D10320A2
:10A68000710700D50646528F0096790700D5074618
:10A69000022000213B46FDF741FB032F57D10498D0
:10A6A000008801284FD004214EE0B6320121019DDF
:10A6B00028460591164603F053FA07463088F8817C
:10A6C00009A805710997E6F777FD2078032825D1B9
:10A6D000059D049B9A790420042A0146039C069E4A
:10A6E0000BD07107014608D4012A2A46294600D01A
:10A6F0003146C907114600D10221DA790097042AB0
:10A700002A4601D0204082080123019D284607F0F7
:10A71000A3F92846314607F0E7F904E00020387431
:10A72000039C069E019D3C75FE74002078740124F4
:10A730002846214603F01DFA0722284621462346D3
:10A7400003F095F90FE00621607DF5F724FB032E59
:10A7500009D104980088012801D0042100E00621D5
:10A76000607DF5F7E2FA002020E780B5010A0E29A6
:10A7700001D9122080BDFBF785FA002808D07F217F
:10A78000425C202313434354FCF73AF9002080BD78
:10A79000422080BD10B50C460146020A12200E2A46
:10A7A0000FD8032C0DD80846FBF76CFA002809D007
:10A7B0007F21425CF9231340A207520F9A1842549A
:10A7C000002010BD422010BDF0B589B0049315469D
:10A7D0000E460027294A0390394607F086F90446B9
:10A7E000012180220295284607F07FF9054625437E
:10A7F0002349304607F081F9284301D009B0F0BD64
:10A800000196029E049C039807F07BF9002806D06D
:10A810003E21425C0C23B24203D21846EEE74220AE
:10A82000ECE731460093039005463E3526460C463C
:10A83000BC420DD0F05D00217F2207F056F90028C0
:10A84000DCD1F05D7F1C29788842F1D30098D5E7F0
:10A850000198039DA887204605AC3146224607F0A3
:10A8600059F9EFF3108072B61835102228462146A8
:10A87000EDF700FC62B60020C0E7C046FF0E000006
:10A88000BFFF0000B0B50446074D2878002803D16B
:10A8900006F0EAFB01202870204606F0EBFB0028BA
:10A8A00001D000212970B0BDDB170020EFF310812B
:10A8B00072B601684A420A40514001600348504361
:10A8C000C00E03A1085C62B67047C046DF3A65045B
:10A8D00000010206030B0710040E0C150817111ACD
:10A8E0001F050A0F0D1416191E0913181D121C1B23
:10A8F00070470000704700207047704700B50100A6
:10A900002948027A022A02D10020C04306E0027AD6
:10A9100092008150027A521C0272002000BDF2B5F2
:10A9200082B00400002635002078042802D0207868
:10A9300082282FD1601C01902078042802D1019830
:10A94000871C01E0601CC71C01980078FF2821D1FA
:10A950000097009908784A781206120C104380B2CA
:10A96000FC2109020140C0200001814212D10E49A0
:10A9700030000A7AC0B290420CD200983200D2B2B3
:10A9800092008958884705002800C0B2012801D0EC
:10A99000761CECE72800C0B2002802D12000E4F7C2
:10A9A000D9FCF7BD00000000EC160020F0B5CBB0DC
:10A9B0000A2A24D31F4616460D46509905910121B7
:10A9C0000691090207AC04902046E5F719FE47AA54
:10A9D00003923846294607F0C1F8781D751F2146B5
:10A9E0002A4605F0EEF9A8B200940190059802906D
:10A9F000044A04980399069B07F0BEF800E08620FD
:10AA00004BB0F0BD2F060020F0B5CFB01E46144667
:10AA10000F4605460120010209A8E5F7F1FD002CCB
:10AA200033D0549808900795002528460695FAF7E4
:10AA300072FD05964DAE3070010EF170010CB170D3
:10AA4000000A70702846FAF766FD3071049449AD2B
:10AA5000304639462A4607F081F809AF059800A923
:10AA600091C10B4A01230798294607F0ADF805224A
:10AA7000089C20463146EDF7FDFA601D04990A1D39
:10AA80003946EDF7F7FA069800E012204FB0F0BD16
:10AA90002F060020202801D2002209E0602801D3DF
:10AAA000032200E00222402800D201221F23184086
:10AAB00092008958C14001200840704780B50B467C
:10AAC000400601D5032000E001208018C1B2002219
:10AAD0001846FCF7DDFD80BDF0B58FB01D4617466A
:10AAE0000D91064644690E944C34204611461A4690
:10AAF00000F05CF800284ED10A940B950996149C3E
:10AB00000E9AD06A116B6143126C80184618F0439C
:10AB10000C90EDF746FB054604F018FD40190C9922
:10AB200041184620323136D508960C940E9D2946A0
:10AB300044310A88BA422ED18B7839460B9A934217
:10AB40000A9F28D12C46AC351698159B009301908E
:10AB500038460C9B00F03EF86870FF281AD0287821
:10AB6000616B0E4A07920E4A06920E4A05920E4AF1
:10AB700004920A2203920292089C019400918D2271
:10AB800009990D9BFAF732FE2978204604F0E4FC7F
:10AB9000002000E007200FB0F0BDC046BDD1071077
:10ABA0006BF1071011D8071093F10710B0B55F23B0
:10ABB000DB43002B0AD0C4186425655B8D4203D1AA
:10ABC0006625645D944203D00C33F2E70020B0BDEB
:10ABD0000C20B0BDFCB5009201910025089F079A9A
:10ABE0002C46602D06D04619B179FF2904D00C35CA
:10ABF000641CF6E7FF240AE0EFF3108172B64751B8
:10AC00003272F3710098B0710198B08062B6E0B210
:10AC1000FCBD10B50400F8F701FC01002000896AB2
:10AC2000884710BD70B50400F7F740FE0500260008
:10AC30000020C043864202D0044800783618F7F757
:10AC400035FE401BB042FAD370BD00BF2E06002077
:10AC500000B5010049B2002905D40121C206D20E77
:10AC600091403D4A116000BDF0B5020052B2002A89
:10AC700017D41822394B040064B2A408A4001C594C
:10AC8000FF25C6001640B540AC438D01EDB2C600AD
:10AC9000324095402543020052B2920892009D50E6
:10ACA0001BE00F222E4B182405006DB21540083D05
:10ACB000AD08AE0005006DB22A40083A9208920035
:10ACC0009A58FF25C7002740BD40AA438D01EDB229
:10ACD000C7003C40A54015439D51F0BD00B5BFF3F2
:10ACE0004F8F204820490860BFF34F8F00BFFDE71A
:10ACF00010B50400601E80214904884201D3012060
:10AD00000EE0601E1949086003210020C043FFF7D0
:10AD1000ABFF002016490860072016490860002094
:10AD200010BD70B505000C0016002100280040B2CF
:10AD3000FFF79AFF70BD10B50400200040B2FFF786
:10AD400087FF10BD80B5FFF7C9FF01BD10B5040036
:10AD50002000FFF7CDFF10BD00E100E000E400E0BF
:10AD60001CED00E00400FA050CED00E014E000E04A
:10AD700018E000E010E000E038B505000C002068A5
:10AD800068606068A8600820205EE8600A20205E95
:10AD900028610C2068610C20205EA86180200002E0
:10ADA000E861002028626862280000F001F832BDE6
:10ADB00010B50400002C01D1012037E0A069002863
:10ADC000FFD188202058002805D10020842160541C
:10ADD0002000F7F7D5FC2420882160502068006807
:10ADE0000121884321680860A06A002802D0200061
:10ADF00000F072F9200000F092F8012801D1012042
:10AE000014E0206840680A490140206841602068D9
:10AE100080682A21884321688860206800680121B1
:10AE2000014320680160200000F0CEF910BD000051
:10AE3000FFB7FFFFFEB582B004000F008820205846
:10AE4000202869D1002F03D068468089002801D1CD
:10AE5000012062E080256D01A068A84207D1206929
:10AE6000002804D13800C00701D5012055E0002694
:10AE700090202650212088216050F7F717FD01907F
:10AE80006846808954216052684680895621605204
:10AE9000A068A84205D12069002802D135003E00F3
:10AEA00000E03D005620205A002821D00498009050
:10AEB000019B00228021200000F002FA002804D02B
:10AEC000202088216050032027E0002D06D1308803
:10AED000C005C00D21688862B61C03E0287821688F
:10AEE00088626D1C5620205A401E56216052D9E7B8
:10AEF00004980090019B00224021200000F0E0F91E
:10AF0000002804D0202088216050032005E0202064
:10AF100088216050002000E0022005B0F0BDF8B5A7
:10AF200084B004000026300069460870A2482168F9
:10AF30008142FFD0A16822690A4363691343E16932
:10AF40001943226812689D4B13400B43226813601B
:10AF5000226852689A4B1340E2681A4323685A6089
:10AF6000A26903922268824203D00399226A0A43AB
:10AF7000039221688968934A0A4003991143226821
:10AF800091602168C96A0F229143626A0A4321686D
:10AF9000CA622168814245D11020EBF7CFFC050041
:10AFA000002D00D18DE0BB4F2800616A4900795A1D
:10AFB000F3F76FFE029002986168032251438842C2
:10AFC00004D3606800030299884203D201206946D5
:10AFD000087076E02800616A4900795AF3F759FE53
:10AFE000020000231B02100E034312026068400897
:10AFF00000218018594162680023F3F7DCFE0190BC
:10B000000198C0218900884208D301988021490312
:10B01000884203D201982168C86052E00120694645
:10B0200008704EE0E0698021090288422AD19A4DD9
:10B0300028009849626A5200895AF3F72AFE4000B4
:10B040006168490840186168F3F723FE0190019890
:10B05000102813D301988021490288420ED2019909
:10B060008E480840019949084907490F014368463D
:10B070004180684640882168C86022E00120694616
:10B0800008701EE0844D28008249626A5200895A85
:10B09000F3F7FFFD6168490840186168F3F7F9FDAF
:10B0A00001900198102809D3019880214902884213
:10B0B00004D2019880B22168C86002E0012069468C
:10B0C000087001206A216052682160526667A66795
:10B0D0006846007805B0F0BD00B52821415C09073D
:10B0E00007D5016849686E4A0A40816B11430268BE
:10B0F00051602821415CC90707D501684968694A40
:10B100000A40C16A1143026851602821415C8907E5
:10B1100007D501684968644A0A40016B1143026817
:10B1200051602821415C490707D5016849685F4A99
:10B130000A40416B1143026851602821415CC906F5
:10B1400007D5016889685A4A0A40C16B11430268F1
:10B1500091602821415C890607D501688968554AB4
:10B160000A40016C1143026891602821415C490644
:10B1700014D501684968504A0A40416C114302687D
:10B180005160416C80225203914207D101684968A5
:10B190004A4A0A40816C1143026851602821415C8F
:10B1A000090607D5016849686C4A0A40C16C114319
:10B1B0000268516000BD000000500041F369FFCFFC
:10B1C000FFCFFFFFFFF4FF117CB5050000249020A6
:10B1D0002C50F7F76BFB06002868006800071ED5A7
:10B1E0005F4800903300002280218903280000F08E
:10B1F00067F8002813D0EFF31080012181F3108845
:10B2000029680968802291432A68116080F31088B8
:10B2100020208821685084202C54032039E028689D
:10B22000006840072BD54E48009033000022802153
:10B23000C903280000F044F8002820D0EFF3108064
:10B24000012181F3108829680968464A0A40296863
:10B250000A6080F31088EFF31080012181F31088D9
:10B2600029688968012291432A68916080F31088D7
:10B2700020208C21685084202C54032009E02020B9
:10B28000882168508C216850EC662C6784202C54EF
:10B29000002076BD60ED04100024F400F0FF0000F3
:10B2A000FF7FFFFFFFFFFDFFFFFFFEFFFFFFFBFF35
:10B2B000FFEFFFFFFFDFFFFFFFFFEFFFFFFF9FFF3E
:10B2C000FEB504000F00089D2068C0693840B842F0
:10B2D00001D1012000E000206946097988423BD174
:10B2E0000020C0438542EFD0F7F7E0FA0299401AF8
:10B2F000854201D3002D01D103202EE02068006893
:10B300004007E1D5802FDFD0402FDDD00826206810
:10B31000C069304000280BD020680662200000F091
:10B3200023F890202650002084216054012014E04E
:10B33000802000012168C96901400029C4D021682A
:10B340000862200000F010F82020902160500020BA
:10B3500084216054032000E00020FEBDFFFFF7FFC2
:10B36000FFFFFF01DFFEFFFF00B5EFF310810122B9
:10B3700082F3108802681268154B1340026813604C
:10B3800081F31088EFF31081012282F310880268A4
:10B390009268104B13400268936081F31088C16E6D
:10B3A00001290CD1EFF31081012282F31088026889
:10B3B000126810239A4303681A6081F310882021D1
:10B3C0008C2281500021C166416700BD0000000051
:10B3D000DFFEFFFFFEFFFFEFF8B586B00700414834
:10B3E00000904148019041480290414804904148F2
:10B3F000039041480590414C6946200006F0FEFB51
:10B400000500002D02D00020C04318E03C4E3D480E
:10B4100030603068006800280DD02000316809686D
:10B4200088470100002904D0002030600020C0437C
:10B4300005E0002003E0002030600020C04307B09A
:10B44000F0BD80B50122802109022F48ECF70BF8EE
:10B4500001BD80B50022802109022B48ECF703F8DA
:10B4600001BDF1B50E0015001C00254F386840697C
:10B47000002802D10020C04308E023009BB22A002C
:10B4800092B231001D483F687F69B847F2BDF1B5FF
:10B490000E0015001C001A4F38688069002802D180
:10B4A0000020C04308E023009BB22A0092B2310082
:10B4B00012483F68BF69B847F2BD1CB50400694631
:10B4C0000E4806F0A1FC69460878401C4988491CD2
:10B4D000484316BD38B505000C002100074806F0AA
:10B4E0005DFC32BDBF570710175807104B580710A7
:10B4F000BD58071071580710AD28061080150020A0
:10B500005C170020080500200000104810B504005A
:10B51000014806F0A6FC10BD8015002000B5010012
:10B520000800C0B2052801DB012015E00800C0B208
:10B53000042803D10A201B4A10800AE00800C0B288
:10B54000032803D10C20174A108002E00020154A7E
:10B55000108015480170002000BD70B505000C007A
:10B560000120060010490978002912D002290AD0CA
:10B5700003D304290DD00CD311E02100280080B2A0
:10B5800006F0D3FC0BE02100280080B206F0ECFCB2
:10B5900005E02100280080B200F064F8FFE780B2E7
:10B5A00070BD0000C61700202C060020F5B583B042
:10B5B0000D00FE206946087006F02EFD290089B2B4
:10B5C000FF2901DB042100E00221734E401A401ED6
:10B5D000F168471A280080B2874201D202203FE07A
:10B5E00000F0C8F8002801D0012039E001A8694620
:10B5F000097B0170290089B2FF2909DBFF21417015
:10B6000029022A0092B2120A0A434280042402E06C
:10B61000290041700224F6682200D2B2310001A84C
:10B6200006F0E8FC002801D0012019E02000C0B29B
:10B6300036182A0092B23100049806F0DBFC00288C
:10B6400001D001200CE0280080B236180122310020
:10B65000684606F0CFFC002801D0012000E0002061
:10B6600005B0F0BD38B505000C002200290089B2F4
:10B670000320FFF79BFF32BD38B5050004220021EF
:10B68000280006F0B7FC0400A878002807D1002C99
:10B6900005D104220421281D06F0ACFC0400002C76
:10B6A00001D0012000E0002032BD70B50600764CCC
:10B6B00004222188300006F08BFC0500B0780028B9
:10B6C00008D1002D06D104222188091D301D06F065
:10B6D0007FFC0500002D01D0012000E0002070BD9E
:10B6E000F8B584B000250395684C01A82178017055
:10B6F00061784170A1788170E178C17021000C31CE
:10B70000614A13881B1D0B60A378002B08D1E388C6
:10B710009BB21B0A8371E388C371108808300860EC
:10B7200001A8FFF7A9FF0600300080B2002802D070
:10B73000300080B21AE00320694608700122E168F7
:10B74000684606F057FC0700002F01D001200DE0ED
:10B75000684605700122E168491C684606F04AFC0B
:10B760000100002901D0012000E0002005B0F0BD5B
:10B7700000000000FEB5084C270008370026300006
:10B78000387001A8FFF791FF0500280080B200285B
:10B7900004D0280080B276E0DC16002001A80178F1
:10B7A000E12904D00178E22901D005206BE0FC21D9
:10B7B00042780A40402A05D042781140102901D031
:10B7C000052060E0817800290ED1A670A11D827944
:10B7D0000A80E2881202C3791A430A80E6882A495D
:10B7E00009880831E16007E08178A170E680A678D9
:10B7F00025490988091DE16001782170417861704F
:10B80000C078E0700422E168684606F0E1FB002899
:10B8100038D1E068B04235D268460178032910D1AA
:10B820004078002802D10120387008E003206178B8
:10B830000200114201D0387001E00220387000206F
:10B8400021E00178FD2905D00178012902D0017895
:10B8500002290ED14178FF2905D1E16840880818F6
:10B86000001DE060CEE7E16840780818801CE060C9
:10B87000C8E70078FE2801D1052004E0E068401CFC
:10B88000E060BFE70520FEBDC6170020DC160020E3
:10B89000F4B58AB007000C000020060004903800C0
:10B8A00000F05AF9694608726846007A002806D006
:10B8B00038005030F6F7F4F805006D1C09E0380048
:10B8C000F6F7EEF8050038005030F6F7E9F82D18D5
:10B8D0006D1CF0204000385C002848D0F02040006B
:10B8E0003818F6F7DDF8C01C0490049828180830C2
:10B8F000039080204000854202D30399C91C039124
:10B900000499814202D30399C91C0391039981428E
:10B9100016D3C120A055761C0220A055761C039892
:10B92000000EA055761C0398000CA055761C0398B9
:10B93000000AA055761C0398A055761C019609E0D4
:10B94000D120A055761C0220A055761C0398A05546
:10B95000761C0196022005907AA000900198261886
:10B96000059A00993000E4F78DFE019EB61C8120F7
:10B97000A055FF2D03D8A05D10210143A155F02053
:10B980004000385C002803D1A05D40210143A1554F
:10B99000761C3000012631002154401CFF2D0ED9A9
:10B9A000290E2154401C2900090C2154401C290A4D
:10B9B0002154401C29002154401C019003E029001F
:10B9C0002154401C019006965FA005900198201814
:10B9D0000090069A05990098E4F754FE00980198A3
:10B9E000401C6946097A2154401C01906846007A3F
:10B9F000002815D13800F6F753F8069005970198FE
:10BA000020180090069A05990098E4F73BFE0098EC
:10BA1000019900913800F6F743F800990818019051
:10BA200038005030F6F73CF806903800503005905A
:10BA3000019820180090069A05990098E4F722FED4
:10BA400000980199009138005030F6F729F80099D4
:10BA50000818F0214900795C002959D00499FF2980
:10BA600016D941212154401C31002154401C049915
:10BA7000090E2154401C0499090C2154401C0499BE
:10BA8000090A2154401C04992154401C019009E0EA
:10BA900051212154401C31002154401C049921544F
:10BAA000401C0190099629A0089001982618099A2F
:10BAB00008993000E4F7E6FD0198401C02210A00D5
:10BAC0002254401C0190079121A00690019826184D
:10BAD000079A06993000E4F7D5FD0198801C019083
:10BAE000F02040003818F5F7DBFF0590F02040000B
:10BAF0003818009001982618059A00993000E4F74C
:10BB0000C1FD019EF02040003818F5F7C9FF30183C
:10BB100001000A9A11800BB0F0BD7CB5050001262A
:10BB20000020694608800B4C6A4621002800FFF778
:10BB3000AFFE210068460088FFF70FFD80B276BD9A
:10BB40000000000053700000550000005400000089
:10BB5000656E0000A009002010B504000B229E496C
:10BB60002000F3F701FA002801D1012032E10C2274
:10BB70009A492000F3F7F8F9002801D1022029E1C1
:10BB8000072297492000F3F7EFF9002801D103209D
:10BB900020E1082293492000F3F7E6F9002801D1BB
:10BBA000042017E1042290492000F3F7DDF9002872
:10BBB00001D105200EE107228C492000F3F7D4F9CA
:10BBC000002801D1062005E11A2289492000F3F757
:10BBD000CBF9002801D10720FCE00A22854920008A
:10BBE000F3F7C2F9002801D10820F3E007228249C7
:10BBF0002000F3F7B9F9002801D10920EAE0072273
:10BC00007E492000F3F7B0F9002801D10A20E1E0D5
:10BC100006227B492000F3F7A7F9002801D10B2069
:10BC2000D8E0062277492000F3F79EF9002801D1D9
:10BC30000C20CFE0062274492000F3F795F9002884
:10BC400001D10D20C6E0062270492000F3F78CF9DF
:10BC5000002801D10E20BDE005226D492000F3F738
:10BC600083F9002801D10F20B4E00922694920009E
:10BC7000F3F77AF9002801D11020ABE005226649DC
:10BC80002000F3F771F9002801D11120A2E007226A
:10BC900062492000F3F768F9002801D1122099E0E9
:10BCA00004225F492000F3F75FF9002801D1132037
:10BCB00090E004225B492000F3F756F9002801D1F7
:10BCC000142087E0042258492000F3F74DF900289A
:10BCD00001D115207EE0052254492000F3F744F9F4
:10BCE000002801D1162075E0052251492000F3F704
:10BCF0003BF9002801D117206CE008224D492000B3
:10BD0000F3F732F9002801D1182063E00A224A49EA
:10BD10002000F3F729F9002801D119205AE009225F
:10BD200046492000F3F720F9002801D11A2051E0FC
:10BD30000A2243492000F3F717F9002801D11B20FC
:10BD400048E00B223F492000F3F70EF9002801D10B
:10BD50001C203FE007223C492000F3F705F90028AA
:10BD600001D11D2036E00B2238492000F3F7FCF802
:10BD7000002801D11E202DE00B2235492000F3F7C9
:10BD8000F3F8002801D11F2024E00C2231492000C3
:10BD9000F3F7EAF8002801D120201BE00C222E49FD
:10BDA0002000F3F7E1F8002801D1212012E0082259
:10BDB0002A492000F3F7D8F8002801D1222009E011
:10BDC000082227492000F3F7CFF8002801D12320CB
:10BDD00000E0002010BD00BF64E4041074E404100F
:10BDE00084E4041090E404109CE40410A4E404101F
:10BDF000B0E40410CCE40410D8E40410E4E404102B
:10BE0000F0E40410F8E4041000E5041008E5041060
:10BE100010E5041018E5041024E504102CE50410C6
:10BE200038E5041040E5041048E5041050E504101E
:10BE300058E5041060E504106CE5041078E5041082
:10BE400084E5041090E50410A0E50410ACE50410AE
:10BE5000BCE50410CCE50410DCE50410ECE50410AE
:10BE6000F8E5041003480068016800690843411EB2
:10BE700088417047B8170020EFF31482EFF309816F
:10BE8000002080F31488BFF36F8FF0B543464C4613
:10BE900055465E466746F8B40F4CEFF3088363607F
:10BEA00006B4BFF34F8F30BF00BF00BF0A4C6468B9
:10BEB00084F3088882B003BCF8BC9846A146AA4621
:10BEC000B346BC46F0BC04BC80F3098881F31488F7
:10BED000BFF36F8F1047000004000020F0B500286A
:10BEE00007D0002905D05B079C0F002A04D1012C44
:10BEF00002D061204001F0BD436A102B03D0182B03
:10BF000001D0202B05D1012C05D005696D1E102D07
:10BF100001D31A48F0BD102B02D01848801EF0BD86
:10BF2000C2600379F9252B400371012C20D0002336
:10BF30001C469D002D185B1C6C61042BF9DB002353
:10BF400013E0DC17A40FE418A408A40025182E465B
:10BF50001436B4461C1BD65CE40018276D693C1BE4
:10BF6000A640354366465B1C356004699C42E8DCAC
:10BF70000279D20700D181600020F0BD1F0C0000C3
:10BF8000F6B58DB0070009A8009005AE01AD002000
:10BF9000102807DA0E99095C009A4342D218D1732F
:10BFA000401CF5E70024042C1FDA6042800038189A
:10BFB000C068A1007054604280003818C068000A50
:10BFC000A10071184870604280003818C068000CE9
:10BFD000A10071188870604280003818C068000E97
:10BFE000A1007118C870641CDDE701AA09A905A8A1
:10BFF000F6F722F90020042817DA81006918C978B9
:10C0000009068200AA18927812040A43810069186E
:10C0100049780B0213438100695C19430D9A43422E
:10C020009B00D218D160401CE5E70FB0F0BD0000C6
:10C0300001484168016070478C1400200348006883
:10C0400000218160C160016101607047B817002064
:10C05000F8B501201C21294A9047294F3860294D05
:10C06000A88D401E03263043401C8008C01C0424B9
:10C070002146224A904739684860E88D401E304387
:10C08000401C8008C01C21461C4DA8472A46396820
:10C0900088601C4D288E401E3043401C8008C01C08
:10C0A000214690473968C86005F0BCFF386842688F
:10C0B00000211180518083681980D180AF8D7F1E4F
:10C0C00037437F1CBF0897805980D980EF8D7F1E32
:10C0D00037437F1CBF089F80C76839800261436176
:10C0E000F9802A8E521E3243521C9208BA807980FF
:10C0F00087612246EBF7C8FFF8BDC046154F061012
:10C10000A01700209014002070470000FEB51F46C5
:10C11000019202910546012478212046F8F7FAFEA3
:10C12000E12189005A228152244E3060012D17D11D
:10C1300001200621F8F7EEFE014630688163012FE9
:10C140000ED101250E2728463946F8F7E3FE31685F
:10C15000C86428463946F8F7DDFE014630680165B7
:10C16000029901290BD10198012805D11C20012138
:10C17000F8F7D0FE3168C8621148847E01E00021E2
:10C18000C16214212046F8F7C5FE316848650D4CA0
:10C19000042101222046F8F7BDFB3168086203251F
:10C1A000022220462946F8F7B5FB31684862064A64
:10C1B000072308462946F8F7BBFEFEBDA41700205A
:10C1C000901400208C14002025B6071080B50120A3
:10C1D00005F032FF01BDE0B50346262000900221A4
:10C1E00000200246E3F74DFF002800D081208CBDDF
:10C1F000E0B501460023009302202622E3F713FF57
:10C20000002800D081208CBD8A7812044B781B0254
:10C210009A1809785118016070470000F0B5C3B052
:10C220000446F9F7EDF80546207803AF00F0DEF894
:10C230006C4988422DD0020229688D18CE22AA5C52
:10C240000C26012A00D1CAE06288D30605D5030274
:10C25000CB18DB8D1F2B00D9C1E0029608231646B0
:10C260009E43152E04D10302CB18DB8D002B78D111
:10C2700000020818016D002923D0496D0029029E93
:10C2800078D0097A002975D033210A426DD0122660
:10C29000A5E005F0DBFEFF2865D0000229680D1837
:10C2A0002078BE2168528C20002129504C2029542E
:10C2B00038202954E9632964A962E96228468C3050
:10C2C0004160207BC22168542F46C237607D787060
:10C2D000A07DB870607E3871207FB872237EFD2209
:10C2E000134004200321012B034600D00B46E67DBA
:10C2F000032E00D03346FB70E37E1340012B00D0A9
:10C300000846A17E032900D0084678712846B63039
:10C3100000F088F8A06800028021685060680190F1
:10C32000A07B0090627B6388617F2E468036002070
:10C3300070600290B060F97233873A750098787532
:10C3400001980002E867A07B3071284685300F34E1
:10C3500006222146EBF78EFE308F000701D52248DA
:10C36000E867029E3BE0072639E0C721415CA37ED7
:10C370008B4234D139468031C237C38D03AE029629
:10C38000F3850A87227B3A70627E3A71A2681202B4
:10C390000A60227EFD263240042103230193012AF4
:10C3A0000B4600D0019BE27D032A00D01346FB70B0
:10C3B000E27E3240012A00D00199A27E032A00D0F9
:10C3C0001146797100211791616809022291C08D8F
:10C3D0000299E4F72EFF002800D172E74526304687
:10C3E00043B0F0BDFFFF0000DC05000070B504465F
:10C3F000F9F706F84D21415C094D0022BE23914218
:10C400000BD00668F65AA642164600D02E460125E5
:10C410002D025B19521C3546F1E7A8B270BDC0462B
:10C42000FFFF000010B50446002003F065FA044940
:10C4300001402088401A424242414A40228010BDB9
:10C44000FF0F0000F8B50446C0062DD416460D4671
:10C45000184800686107C90E40180069412204238A
:10C460002146FBF711FA002820D001460A30067158
:10C47000057000274F7210220A72CF710A228A714A
:10C48000FF224A7182220A71320EC271320C82710D
:10C49000320A42712A0EC2702A0C82702A0A427035
:10C4A0002046FBF77BFA02E0862700E007273846A4
:10C4B000F8BDC046A0170020B0B50A4A03280FD324
:10C4C00000239DB24C5D022C03D16D186D78012DB7
:10C4D00005D01B195B1C9CB28442F2D300E01A46C3
:10C4E00090B2B0BDFFFF0000F0B587B0009003AE82
:10C4F0003046F7F789FC0027384603F0FDF9010ABA
:10C5000002AD69703F2404404034384603F0F4F92A
:10C51000AC70287001AF304629463A4605F0ABFDB5
:10C520000326009C204639463246EBF7A3FDE01C6B
:10C5300029463246EBF79EFD07B0F0BDF0B58FB04F
:10C540000E9317460D4606460543F8F759FF044675
:10C55000002D07D03846FFF749FFA749884218D178
:10C5600042204AE025464D35002637460E9628786B
:10C5700086420CD22068C019CE21415C012901D12C
:10C5800005F097FD012000023F18761CEFE70E989A
:10C5900033E0010222685418CE21615C012E24D1BF
:10C5A00000021518D620285C01273840002926D023
:10C5B00000280AD08C202858A96F2A468C3252684D
:10C5C00005C1686FA96F6967A8679420285800267D
:10C5D000002808D094357D2044010E984443EBF7A1
:10C5E000E0FD20182860304607E00020012904D132
:10C5F0000546204605F05DFD28460FB0F0BD002839
:10C6000007D08C202858002803D1902028580028D3
:10C6100006D0B820285AC10704D0E98DF52901D9E0
:10C620001220EAE7122301461A461940022903D1D3
:10C630004221695A002940D000070FD56D48BE211C
:10C64000695A814201D00E9800E08020802801D9EB
:10C650001046D2E70E9000281046CED01498BA218A
:10C6600068527D2671010E9A51439422A9500028E8
:10C6700001D0CF216F54BC2168522046E4F7D3FD8E
:10C680000028BAD12946D631284664302A46543289
:10C690006A67A8672B4678330978C9070D930ED1CE
:10C6A00000210160A96655480168204665300622D0
:10C6B000EBF7E0FC0D98006808E00C209DE78C216A
:10C6C00069582A468C32526806C008382946943187
:10C6D0000E91842169582A46843252688160C26072
:10C6E000204605F008FD00280C9602D0E4F715FC62
:10C6F00006E02846743001680D9B1A6802601960D4
:10C700000E992646CE362846B8300D900868002887
:10C7100005D0EBF746FD0E9A1168081810603770C7
:10C72000C420295CD027E85D81220E9200922E461B
:10C73000143622463346FBF7D7FBE85D2521F3F795
:10C74000A4FA2F46D0370D980088C00603D420469F
:10C75000E4F778FD42E0EBF724FD9C210B91685053
:10C76000F8F7E0FE0990F9F779F90A90387808901F
:10C77000942000210D910A46F3F716F803460E980F
:10C78000009020460899099AFBF773FB38780990C6
:10C79000962001210D9AF3F707F803460D980090B3
:10C7A0000E980190304609990A9AFBF7CBFBE96F86
:10C7B0000B982A583878124B0793124B0693124B5A
:10C7C0000593124B0493142303931F2300AE0EC64C
:10C7D0000C99CB0021460E9AF9F708F89C242959A8
:10C7E0003878F9F777F82859397802F0B5FE002043
:10C7F00003E7C046FCFF0000FFFF00009C1700207D
:10C80000B3E107104566071005690710916A071024
:10C81000F8B5054600260670012400910C701648F4
:10C820000068476D05F083FC002801D01348847E22
:10C83000E1B211373046324600290FD03B78002B49
:10C8400009D0022B00D101203A460F3A1378012279
:10C850009B0700D516461437491EEDE7012A01D182
:10C8600001212970012802D0F0B2012802D1002054
:10C8700000990870D0B2F8BDA417002090140020D1
:10C88000F0B58BB00446FBF7BFF823460646EB2015
:10C89000345C01221440197A3546E93530460029C6
:10C8A00017D01227012900D0DEE0997A01290892D9
:10C8B00000D002215A7A914200D2D5E0079019683F
:10C8C000002913D05868002810D0C001814210D32D
:10C8D000CAE00027002C00D1C6E0E4F72EFC28793E
:10C8E000800700D4C0E0E4F71CFBBDE0022A00D1C1
:10C8F000BAE006932879022103910843032809D15D
:10C9000009A8059005F018FC059801F007FB002820
:10C9100000D1A9E0002C0BD106980799E4F705FC9B
:10C920000746002800D09FE03046B43005F00EFCEA
:10C9300037465C373046AC300290069903C9C904CB
:10C94000049100030590EBF72CFCA978C90751D19D
:10C950000899029AD171518000213963019179635C
:10C960000699497A059A7A64002A3A4601D1059FC8
:10C970000497049B936429707D21C9004118079F87
:10C98000B964F9649163D163059B002B00D119460A
:10C9900011643846059205F0DFFB059A34480168BA
:10C9A00034480068019BFB653B662B791370DB07FD
:10C9B00001D0563001460491501C06220592EBF737
:10C9C00059FBF86D396E7866B9667868801C0499F1
:10C9D000059AEBF74FFB2879800701D5E4F79DFA1C
:10C9E0001036E878002818D002CE2B22FF238B5473
:10C9F000401EF7E7059B002B00D11846EFF310818E
:10CA000072B6069A517A38647B64002B049800D180
:10CA10001846B864297062B609E0A878069A917A37
:10CA2000012901D10399084308990843A8700027F8
:10CA3000002C19D1E879C00710D00025079C2046AA
:10CA40002946FAF7A1FE02980178A0682A46FAF76B
:10CA50002DFE20462946FAF7CDFE069A907A002848
:10CA600002D10798E4F74CFB38460BB0F0BDC04646
:10CA70009C17002004170020F8B506462E482F49C1
:10CA800001602F4F3D682C6D002C07D0B188708855
:10CA900005F076FB002803D00C2537E0882535E02B
:10CAA00028465030216A0160002900D1686520467F
:10CAB00020300090242220463146EBF7DBFA01209B
:10CAC0002070204605F06EFB05460C2816D0122D6E
:10CAD00014D0812D12D0862D10D0A079012807D135
:10CAE000B1887088FCF702FF818804220A438280A3
:10CAF000882D0DD1B0791138022809D2002020628A
:10CB00003868406D04603868009941652846F8BD72
:10CB1000002525623868C06C04602078FC21014043
:10CB2000881C207038680099C1640C20F3F770F9F4
:10CB3000E2F792FBEAE7C0461C06002001730710EB
:10CB4000A817002010B51378837153788C1E0472D7
:10CB5000C3710930911CE2B2EBF78CFA10BD0000F2
:10CB6000F0B581B0114E31689C27C9598A68146D9F
:10CB70007D21CD00454328320021104605F0EAFB17
:10CB800001463068C0598068056500290BD42A1B0E
:10CB90008B18012B05DB283000210122FBF73BF825
:10CBA00001E0F9F745FA01B0F0BDC04604170020D6
:10CBB000F0B581B00D4800689C21405880685D2127
:10CBC000475C0025284605F0E1FB0446284605F0B1
:10CBD00003FC0646E4F7CDF9002F04D034430443A8
:10CBE000601E84412546284601B0F0BD0417002090
:10CBF000F0B587B00C4605460691059001263046F3
:10CC000005F0C4FB0746304605F0E6FB38431DD16E
:10CC1000E8B2FF2805D10590FF2109060C400694D3
:10CC20000546104800689C21405803A9019104A9B9
:10CC300000910C3001232946224601F042FD0028D4
:10CC400006D005A80121E4F75BF905E00C2006E019
:10CC500003A80078002801D0002000E0072007B0DA
:10CC6000F0BDC04604170020BFB50D786C46257096
:10CC7000497861701178A1705178E17000210391B9
:10CC80000291019121461A4605F0BEFBBFBD00008E
:10CC9000F0B58DB00446FFF78BFF002801D00C24BF
:10CCA000ECE000220B9220780BA9087008920C92FD
:10CCB000481C611C0622EBF7DDF99D4E30689C276D
:10CCC000C05980680C9A0B9909AD01950AAB009385
:10CCD000001D0123049301F0F4FC29780029079733
:10CCE00000D1AFE03068C059806841680AAA127864
:10CCF000D2008918C9797F270F402821794300681D
:10CD00004518E61D102228463146EBF7CAF91734BC
:10CD1000002807D0102228463146EBF7ABF9272030
:10CD2000FF21295406951035102228462146EBF79D
:10CD3000B8F9002809D0102228462146EBF79AF9C5
:10CD40000020F8F7E8FB069908620597079B089C06
:10CD5000774D2868C0588168C8690279002A00D1D7
:10CD60008CE02822029257430968C919069127319D
:10CD70000391002707263C466D4D00688019C11EAF
:10CD80000A68C01F0168002306980893F8F714FB8F
:10CD9000079B002847D02868C0588268D06901687E
:10CDA0001C468B577F201840002B20D4089905F093
:10CDB0004DFB2868005980685E21425C521E425437
:10CDC000C06901790068089B8355881A2968095948
:10CDD0008968C96909688A5D0243802010431A4640
:10CDE0008855286800598068C069016807E0029B7F
:10CDF0005843126810182722FF238354089A2346A9
:10CE0000039807708819C01F02702868005980684D
:10CE1000C06900688019C01F0178059A11438022FB
:10CE20000A430270049C2868C0588068C069017970
:10CE300008367F1C8F42A0D3002C01D0F9F7DEF812
:10CE4000089C1BE0002818D0394800680799405812
:10CE500081680868497A002913D0024624320023E9
:10CE600005932646089C1378002B0CD02832059B8E
:10CE70005B1C05939942F6D105E0072420460DB0CE
:10CE8000F0BD2646089C0599CAB22821029103925A
:10CE9000514347180A980690F11D102538462A4636
:10CEA000EBF7E8F838461030173631462A46EBF7EC
:10CEB000E1F800263046F8F72EFB2721FF223B46FB
:10CEC0007A5426270699D9550121998418620B981E
:10CED0000C9905F0F7FA0028059802D080200599F2
:10CEE0000843134D2968079BC958896849680AAAED
:10CEF0001278D2008918CA790243CA712868C058CA
:10CF00008268107A002811D006CAD21D029C1378BC
:10CF10007F251D4065434B19DE550832761CB04213
:10CF2000F5D1034D079B039F089C12E7039F10E771
:10CF300004170020B0B50124204605F027FA054665
:10CF4000204605F049FA28430AD1064800689C218A
:10CF500040580C30F8F7CAFFE3F7DBFF0020B0BD04
:10CF60000C20B0BD0417002010B5FFF721FE0028EB
:10CF700001D00C2403E000242046E3F7A7FF20465D
:10CF800010BD0000F8B50C460646FFF72FFA05461F
:10CF9000184885422BD000942C02F8F731FA076824
:10CFA0003819BE214652B821405CC00707D028027C
:10CFB0003818CE21405C012801D10C2518E00E481C
:10CFC000006856300626009C21463246EBF752F8A0
:10CFD000280238188C210122425001468C3100254C
:10CFE0004D608D3021463246EBF744F800E01225C3
:10CFF0002846F8BDFFFF000004170020BCB50C4612
:10D00000002813D025882046FCF76BFC01462846F3
:10D01000FCF76CFC002809D06088002806D0A189A4
:10D020001F2908D801A8018060680AE02046FBF7A4
:10D0300075FB0020BCBD606801AD2A4605F056FABC
:10D04000298840180079C10704D11B2808D01D2861
:10D0500006D009E01E2803D302210843232803D168
:10D06000204605F053FABCBD204605F033FBBCBD9D
:10D0700080B54168007800F002F8002080BD80B5DE
:10D080000846FBF74BFB80BDB0B50C46054608884B
:10D09000FBF7A4FF002825D0002D0FD0012D21D1B2
:10D0A000608841281ED812480068214603F0A8FE77
:10D0B0000F20F2F7ADFEE2F7CFF816E06168097ACB
:10D0C0000B2909D1017E03220A40012A0AD1FC2240
:10D0D0001140891C017605E08A1FD2B2042A01D8CA
:10D0E00005F05EFB2046FBF719FB0020B0BDC046F3
:10D0F000B4170020F0B585B00C4606460F883846B8
:10D1000000F0BAFD05468048C17A8D4206D214204F
:10D1100068437E4A1268D26A101802906268107AD8
:10D120000023012E1CD0002E3CD11E468D4212D26F
:10D1300019280BD8012181407948014206D0734853
:10D1400000680122774B2946FAF765FD029A90782C
:10D15000FD21014091702046FBF7E0FA3046D0E017
:10D160008D4200D3C8E0567A13281DD801210091C2
:10D170008140674A114217D0012821D01421634A07
:10D180001268D26A13283ED0122800D0B4E001936E
:10D190000846684310188378DF0766D146712088F7
:10D1A00000229DE01846ACE0019305F022FB002828
:10D1B00000D191E003A80571039405F01CFB93E0F6
:10D1C0000127284639463246019305F017FB019B9B
:10D1D000002800D090E026884E48006880694221EF
:10D1E00052220323FAF750FB019B002800D183E071
:10D1F00005463146061D3046224605F02FFBF80253
:10D200000A30082158E0694350188078C00773D16C
:10D21000132128463246019305F0F0FA019B0028BD
:10D220006AD10821204600F0E6F8019B06463A48FC
:10D2300000684F21405C80075ED52788354800682C
:10D24000806942214C220323FAF71EFB019B002830
:10D2500052D0054606738772300A6873380AE8723E
:10D260002E1D0098C002062126E05807019B43D4DA
:10D27000694352181220314605F014FB019B2648E1
:10D2800000684F21405CC00736D0278821480068DD
:10D29000806942214D220523FAF7F6FA019B002806
:10D2A0002AD00546061D30463946224605F002FBC7
:10D2B0000098C002801C0F21FF22727082223270FF
:10D2C000020A6A7228720020E871A9714220294678
:10D2D000FAF764FB019B0FE0029846710022384682
:10D2E0003146134605F01EFB019B122809D8012187
:10D2F00081400A4A114204D020461C46FBF70EFA30
:10D30000204605B0F0BDC04690140020AC170020A8
:10D3100002000C00A01700200417002005000400E4
:10D320004000940230750000B0B50446C00616D423
:10D330000D460D4800686107C90E401800690222B9
:10D3400021461346FAF7A0FA00280AD001460748FA
:10D3500048600D812046FAF721FB0020B0BD8620F1
:10D36000B0BD0720B0BDC046A017002073EE071067
:10D3700070B50B49C97A14224A43143209490B6823
:10D3800000210D460C461434A24206D0DE6A755BBD
:10D3900085422546F7D131191439084670BDC0467B
:10D3A00090140020AC17002010B514460A464068BF
:10D3B0001946234605F014FB10BD011F00220A6028
:10D3C00040687047024600680028FBD11160704732
:10D3D00010B514460A4640681946234605F039FB45
:10D3E00010BD80B50A46017A8B0901219943406836
:10D3F00005F06AFB80BDE0B5022201ABFFF7D4FF68
:10D40000002801D0002004E001A801784078000243
:10D41000401880B28CBDB0B51446049AC2704170F9
:10D42000150A05710F252D020D40A107890C491918
:10D430009B03C918090A8170431D05980021FFF755
:10D44000B3FFB0BD80B500F005F8018801220A43A2
:10D45000028080BD80B5F7F7F5F9B03080BD94212A
:10D460004058018803200840704780B594228058B6
:10D47000028803239A430280194002880A430280EB
:10D480001520F2F7C5FCE1F7E7FE80BD10B5F7F710
:10D49000D9F9044605F054FB002806D02046FFF7D2
:10D4A000DEFFC01E411E884110BD002010BD890056
:10D4B000401890214058801C7047F8B51446074624
:10D4C0004E424E41314600F095FA002500280BD01F
:10D4D0003846314600F09CFA022C05D80078611CD1
:10D4E000C9B2C840012505402846F8BD10B504461C
:10D4F000007AF721014021720A48006800699021F2
:10D5000000220123FAF7C0F9002804D00146446044
:10D510009020FAF743FA044800688921425C521CC3
:10D52000425410BDA017002004170020F8B50A4689
:10D530000146074800689C23C058C06B006802ABD6
:10D54000019303AB00932430012305F0FFFA8FBD54
:10D550000417002010B50C46F7F774F90019AE2136
:10D56000405C10BD10B50C46F7F76CF90019AA2104
:10D57000405C10BDB0B50C4605461046194600F09B
:10D580004EFA014601200D2D02D1012900D1B0BD76
:10D590000022112D01D0072D10D12A2C04D80323ED
:10D5A0006343074DEB5C00E01623994206D103214B
:10D5B0006143034B591889780029E8D11046B0BD62
:10D5C00058F30710B0B500232A2863D80324444336
:10D5D000344D2C19647894425CD12A285AD88000A2
:10D5E00001A210588746C04697D6061097D6061057
:10D5F00095D6061097D6061095D6061095D6061025
:10D6000095D6061095D6061097D6061095D6061014
:10D6100097D6061095D606109BD6061095D60610FE
:10D620009FD6061095D6061095D6061095D60610EC
:10D630009BD6061095D606109BD6061095D60610DA
:10D640009BD6061095D6061095D6061095D60610D0
:10D650009BD6061095D606109BD606109BD60610B4
:10D6600095D6061097D6061095D6061095D60610B4
:10D670009BD606109BD6061095D606109BD6061094
:10D680009BD606109BD606109BD606109BD606107E
:10D690009BD6061019460846B0BD0121FBE748425B
:10D6A0004141F8E758F3071010B5044687204000C1
:10D6B000205C01280ED020463030017806480068F2
:10D6C000B030F8F7EDFC85204000002121522018F1
:10D6D0004180017110BDC04604170020F8B5054611
:10D6E0004D20800068432D4909689C27C959C96BA2
:10D6F00049680C18E3F78EFB064600F002FA304347
:10D70000C0B205F05FFA0022E2512E211F236354BC
:10D71000A285800868438000204909680B4694333D
:10D720005B681B189026A3518C23E2508823E2509B
:10D730003023E5549A23E252FF231D4608356255F3
:10D740004122A3542F220723A3547D225204E266D0
:10D75000226701222285124A628719221204A265D9
:10D76000E26522662246B4329423C9581B235380B3
:10D770000818214690314860B420235209480A49CC
:10D78000506091602920C0009081204605F020FA69
:10D7900080342046F7F7C8FBF8BDC04604170020C8
:10D7A000FFFF00001B00480148011B00B0B5044604
:10D7B000F7F748F80021FFF77AFE05462046FFF705
:10D7C00049FE0188044A0A4069880906C90C89187B
:10D7D00010310180B0BDC0460FE0000090214058DC
:10D7E0000188012291430180704780B5FFF732FE26
:10D7F00001880120084080BD80B5FFF72BFE00782E
:10D800004007C00F80BD0000F0B58FB006920D46F6
:10D810000646F7F717F82C21415CC91E4A424A41D7
:10D82000059200240A902146FFF741FE41780491B9
:10D830000990478830462946FFF78CFE0390304612
:10D84000294607942246FFF738FE0B90FAB230467D
:10D8500029460E9200F02AF90C906C4208956C4112
:10D8600030462146FFF77EFE05460D96304621469E
:10D87000FFF770FE3A46F91FCBB20B2B02D30E997D
:10D88000079F01E001270E990C9E012E03D1042D64
:10D8900047D1884245D15549D9400F40160A0B99C6
:10D8A00001291DD10C900E9831460D9E324623461B
:10D8B000FFF760FE042D0CD101214F4001D100285B
:10D8C00007D00C980E99401A411E88410740012F3D
:10D8D0006ED13046214600F0A2F80546052626E026
:10D8E00000240698032849D0012844D10E9E3046D2
:10D8F0000599049AFFF766FE01283CD101240D9D8D
:10D900002846214600F076F807462846214605F0CD
:10D9100068F90546304605F06BF901284AD02246E1
:10D9200049E00D98214600F07AF805460426099F43
:10D9300078781021801CC0B20091019002970124D8
:10D94000002021462246034600F0C7F8284600F092
:10D950006EF800280CD0054632460D9E30463B46F8
:10D96000089F3946A84702463046394600F06CF811
:10D970000A98FFF733FF20460FB0F0BD0D98089DC1
:10D98000294600F04CF80C90002F09D00E98314633
:10D990000D9A2B46FFF7EEFD0446012804D0EAE776
:10D9A00003980E99884213D10326099F0C9DBFE767
:10D9B0000024E0E70222674065403D43099F00D014
:10D9C00022462A2E0ED80320704309490D5C0AE036
:10D9D0000A9805F01DF90128CDD10C980128CAD16B
:10D9E00001257BE716251646A2E7C0464104000044
:10D9F00058F3071080B500F00BF8017801200840BB
:10DA000080BD80B500F004F800784006C00F80BDEE
:10DA100010B50C46F6F716FF0019A83010BD10B56A
:10DA20000C46F6F70FFF0019AC21405C10BD10B595
:10DA300001461439032901D2002010BD8400F7F7F4
:10DA40008FFA8068005910BDB0B514460D46F6F740
:10DA5000F9FE4019AE214454B0BD9A21405A8007C6
:10DA6000C00F70479A21405A4007C00F7047F8B561
:10DA70001C4615460E460746F6F7E4FE8019AC2113
:10DA8000455438463146FFF7C3FF0178DE220A408D
:10DA9000E107890E8918491C0170F8BD80B5FFF7B0
:10DAA000D9FC018804229143018080BDB0B50C46A9
:10DAB0000546FF2A03D0104605F09AF803E02846F1
:10DAC000214605F08EF8002805D00222284621467E
:10DAD000FFF7F3FCB0BD0020B0BD70479A21425A59
:10DAE00004239A434252425A02239A4342527047B5
:10DAF000B0B514460D46F6F7A5FE4019AA214454C8
:10DB0000B0BD0020704700207047000010B50146EE
:10DB100000200D4A914215D00C4A12683423D25C81
:10DB2000521C0B4B1B689C241B59DB6B5B68521E01
:10DB300008D04D24A4001C195B8F8B422346F6D1DC
:10DB40000448201810BDC046FFFF00009C170020AD
:10DB500004170020CCFEFFFF80B5FFF760FF80BDFB
:10DB600010B50C46F6F76EFEA1004018A0214058F3
:10DB700010BD80B5FFF74CFF017810220A430270F8
:10DB80001520F2F745F9E1F767FB80BD80B5FBF79B
:10DB900025FA002806D06021425C802313434354B9
:10DBA000002080BD812080BD10B504460846114686
:10DBB00005F034F880000019C1B202480068F8F797
:10DBC0006FFA10BDA817002070B50C46054605F089
:10DBD00039F8074E326840322846214605F026F9CA
:10DBE000326838322846214605F020F970BDC0461B
:10DBF000A817002080B505F033F980BDF8B50A4DAF
:10DC000005400A4E30680768002F0CD03C46FF697B
:10DC10002088A842F8D13068214605F059F92046FD
:10DC2000FAF77CFDF0E7F8BDFF0F0000B417002005
:10DC3000BCB56022825CD207827A04D16032D2B253
:10DC4000512A04D30FE05032D2B2402A0BD8094AED
:10DC50001268B123D35C002B05D0B132047D0125BD
:10DC6000A540AB4313706A46117100901046E3F76C
:10DC700081FBBCBDB4170020B0B50949CA7A094977
:10DC80000B68002421468A4206D0DD6A2D5B85425E
:10DC900003D01434491CF6E71146C8B2B0BDC046E3
:10DCA00090140020AC17002070470000B0B50C465F
:10DCB000054909680D680321224605F01FF92889E6
:10DCC000001B2881B0BDC046B0170020F8B504463F
:10DCD000C00608D40D46194800684E21405C8007F4
:10DCE00003D4002628E0862626E01F461646144860
:10DCF00000686107C90E40180069452203232146C8
:10DD0000F9F7C2FD002816D001468572042048723A
:10DD10000120087232460026CE71062088714F73AA
:10DD20000A73FF20487182200871280AC8722046B1
:10DD3000F9F734FE00E007263046F8BD041700204E
:10DD4000A0170020BCB50C4601461C4800680568B9
:10DD50002889EA685288131AA34226DAA11A0818F9
:10DD600001A90880164800688069422140220323E7
:10DD7000F9F78AFD002817D004460222C272092052
:10DD8000A07220460C3001A9EAF774F900206072F5
:10DD900006212172E071A171FF2060718220207143
:10DDA00042202146F9F7FAFDBCBD0320224605F0CA
:10DDB000A5F8288900192881BCBDC046B0170020ED
:10DDC000A0170020B0B50D4604460F4800685C213E
:10DDD000405C8006800F05D001202870204605F0A9
:10DDE000A1F80EE0F5F70AFC002805D00120287004
:10DDF000204605F0A1F804E000202870204605F038
:10DE0000A5F80020B0BDC046A4170020F0B587B02B
:10DE10000293009201913A4909683423CA5C702741
:10DE200057430025EC43374B1E68A4360C990691E6
:10DE30000E9903910D9905910494AF425ED0336819
:10DE4000591909897035641C0029F6D1944255D2BC
:10DE50005F193946683908803846703805210170E5
:10DE600038460F38009901703846103800900199F3
:10DE7000017038460E380622234B02991646984701
:10DE8000FE20069A104001210A40022800D01146C7
:10DE900006923C466F3C217002280598039900D0F9
:10DEA00001463D466E3D28463246174B9847384658
:10DEB0001738069901703846163805993246124BC4
:10DEC00098473846583800210422EAF7DDF8381F11
:10DED000663F10213970049901602078294605F0C9
:10DEE0003FF8002805D000980078C00701D0FB203B
:10DEF00038700E20F1F78CFFE1F7AEF907B0F0BDF6
:10DF00009C170020B41700207580051080B505F01F
:10DF100047F880BD80B505F0E3F880BD00210A46D2
:10DF2000062905D0435C002B00D00122491CF7E7ED
:10DF3000D0B27047F0B591B001920091054608A9A2
:10DF40000320088007AA00241480144800681830B1
:10DF500003AF3B46FEF788FE0DAE10223046214649
:10DF6000EAF792F8082230460099EAF783F809ACFC
:10DF700038463146224604F047FA02AE02223046C5
:10DF80002146EAF777F8287802994140019A117002
:10DF9000707869784140517011B0F0BD9C17002035
:10DFA000B0B594B014466A4605F09BF805460028C3
:10DFB00003D16846214602F0ADF9284614B0B0BD41
:10DFC00010B5044601F01EFFFF2805D08120002275
:10DFD000214605F0A7F810BD022010BDB0B50C46D3
:10DFE000054601F00FFFFF2805D0002029462246F4
:10DFF00005F098F8B0BD0220B0BD10B5002915D0CD
:10E0000000220C462346521C2468002CFAD1EFF360
:10E01000108472B6446841601C60018889180180D0
:10E0200062B6002005F0AAF8E1F716F910BD00006D
:10E0300010B588B068462021E2F7E2FA002468466D
:10E04000202C04D00019EAF781F8241DF7E70549D0
:10E05000EAF740F8801C01D0002000E03A2008B028
:10E0600010BDC0469DB80710B0B51C461546002926
:10E0700007D1018900200622FAF71AFB0146002881
:10E0800009D002204880486805724868447206201A
:10E0900001F078FFB0BD8820B0BD0000F8B516468D
:10E0A0000C4605460089FAF7E7FF024601200027E3
:10E0B000114B3946FBF700F82889FFF79FFD022135
:10E0C0002846FFF7B5FD2846183004223946E9F7FF
:10E0D000DBFFE87B2F210140E973002E04D0687834
:10E0E000A91C05F05FF8FB27AF72298902200246C0
:10E0F0002346FFF7EBFDF8BD3075000080B50A49F7
:10E1000009680A7B012A06D1CA7B032A05D10020AF
:10E11000E3F719F880BD002080BD0968081A03499B
:10E120004018C00F80BDC046081700200BFEFFFF3F
:10E1300006494143090C2422D2434A43101881B2B4
:10E14000242900D92538C0B27047C046EB0600002C
:10E15000FF220E324243100A89084143880C401CBA
:10E16000704700002C23434302480068C250C01887
:10E17000416070470C17002080B5E9F7BDFF80BDF6
:10E18000002807D0006D002804D0406D0860411EB3
:10E19000884170470020086070470000064A0E3230
:10E1A0000821491E05D0931E128882421A46F8D3D0
:10E1B00000E00021C8B270478CE10710F0B54308B9
:10E1C00043405C08214619439D082943CA080A4375
:10E1D00092010021403239D11D4A1E4616405F008F
:10E1E0001740BE191440341915406419DB08134058
:10E1F000E3181C0F2AD05C09E3189C0AE3181C0DD5
:10E20000E4187C231C405C2C20D8C4B2114D65431B
:10E21000C5421BD0104948400146114044081440F3
:10E220006118840814400919C40814400919000928
:10E230001040081841090818810A0818010D08182B
:10E240001840042801D8002100E001210846F0BD53
:10E2500084104208FFFEFEFED6BE898EF0B591B056
:10E260001746189A00921A4608900028079119D06C
:10E27000164608466D30CD6FC722002F03D107998F
:10E280008C6FE7890799AA5C0C928A880692009A9B
:10E290001680324600780590086D019008200490A1
:10E2A00009200FE00846B830002F00D1CF8DC17B88
:10E2B0000C91008806900120059000200190032019
:10E2C00004900420039008984542454100207F3384
:10E2D000044600D017980C99022901D30A9401E052
:10E2E00014210A910899002901D108990A91002B5B
:10E2F00001D016990A9101210B91234610940294A2
:10E3000006460997BFB2002F04D1002D02D110B2EA
:10E3100000285FD40B98C0B2002815D015460128FC
:10E3200003D102200B90049802E000200B90039888
:10E3300006990C9A059B00F0E3F8C0B20899079A79
:10E3400000F03CF9431C2A4610B200240D9000282E
:10E35000204600DC032099B2CF190546FF35AF42B5
:10E360000F940E9601D8381A00E0E0431C4616467A
:10E3700091B2002900D10A91C1B20A98C2B20C9898
:10E38000F9F786F910990818AF4204D80F9D2F4667
:10E390003246234605E0099F23463F19FF3F324698
:10E3A0000F9D0E9C0D99CD301090C813C0431218CC
:10E3B00020062846A4D001981099814204D90298D9
:10E3C000C0B20099088000240298401C02900025E9
:10E3D000204695E71098002800D0CD3811B0F0BD48
:10E3E000F0B589B0154608AA00261670002D0693D0
:10E3F0001A4600D12A46070C474011980790002D75
:10E4000004D10023069801281C4638D8109805909E
:10E41000794051400C46022E07D8A0B204F02EFFDE
:10E4200011214143CC19761CF5E72046784086B28D
:10E430003046FFF77DFE242815D8C108059A525CA6
:10E44000C900411AC9B2CA40D1070CD008A9087046
:10E45000079A511C127800239A420DD0CE5C864256
:10E460000BD05B1CF8E7079908784643330CC818B3
:10E47000407808A9087000E02523002D0ED10F99DF
:10E480000E9808ADBAB200900192079802900395D9
:10E49000A2B2DBB2069804F013FF287809B0F0BDF1
:10E4A00080B5034A4A43110A04F00CFF80BDC04600
:10E4B00071020000044800685C21405E0D21414368
:10E4C0004031C8117047C046041700200020704733
:10E4D000B0B50C46054600F03BFB401982B2002562
:10E4E000204629462B46F0F74DFCFF220E322B46E4
:10E4F000F0F748FC0901000F40180E30B0BD0000D5
:10E50000F0B54524A4004D06ED0F861E072E0AD84F
:10E51000201DC0467E4436797600B7440A0F0313A7
:10E520000317191DF0BD8B281BD1002D20D0B12061
:10E530002BE01821002D1DD108461CE088071ED5B0
:10E5400080241DE0002D1FD0C5201EE00320F0BD5B
:10E55000002B1CD088202DE0002B00D00834204652
:10E56000F0BD0A38802822D8002B22D0782021E064
:10E5700071200AE05820022AD4D80846F0BD6C3435
:10E58000002806D0082005E085202018F0BD802056
:10E5900010E038204A08022313408906C90FC91821
:10E5A00008182043A901014301204840F0BD002084
:10E5B000F0BD70202118A8010843F0BD10B5C307B5
:10E5C00001D0072300E00123840700D59B1D4407E9
:10E5D000E40F1B19040700D59B1CC40600D5DB1CE7
:10E5E000840600D512334406E40F1C1940B20028FB
:10E5F00023D5002A21D0002910D0D07A002800D0BD
:10E600000934D06FBE21405CFFF760FF002814D0B2
:10E610004068807F00280FD03B340EE0106D00284A
:10E620000BD0406D002808D0417A002905D0007A2F
:10E63000022802D10A3400E02334E0B210BD10B544
:10E64000846F04F06BFEFF2804D0C000E169096804
:10E65000081810BD002010BDFFB50293039242229E
:10E660000446805CFF282BD0267D0123627D9642E4
:10E67000009301D89A1B01E0B2188A1AA37D2234B4
:10E680000194D2180024D2B2E7B2974218D2A3194B
:10E69000DDB28D4200D35B1ADBB2834201D0641C31
:10E6A000F2E702990029019800D00846009BBB4080
:10E6B0000178039A002A01D0194300E099430170C0
:10E6C000FFBDF0B589B015460F46044606790068CF
:10E6D000616808AA009301923A462B46F6F7F8FCC7
:10E6E00000210F9B0E9A0028079226D10697677982
:10E6F000BE4222D202930390049508A90878059699
:10E7000086420DD0059F2268FDB2ED0056193346B2
:10E71000083B0ACB515173607F1EF9B28142F2D19E
:10E720002168C000069A0A500818049941600598AB
:10E73000401C207101210398029B089A079C2270BB
:10E740001870084609B0F0BDF0B581B004462648FF
:10E7500000689C2280588068C0690179002910D027
:10E7600000920268D31D00221D7880276F40FF09A8
:10E77000BC4202D07F273D4005D00833521C914255
:10E78000F2D100202DE0D1B204F002FE164800685C
:10E79000009940588068C2691179002911D0126827
:10E7A000002307255557002D07D515783D4028260D
:10E7B0006E430568AD192726AB5508325B1C99429C
:10E7C000EFD10020214603F041FE0120002C08D1AA
:10E7D00005490968009A895889685E228B5C5B1E2E
:10E7E0008B5401B0F0BDC04604170020FEB5F6F70B
:10E7F00007FE01904D3002900026D627029800783F
:10E8000086423DD201980068C419A11F0978FF29EA
:10E8100031D025465E3DC05DC0070CD1286800217F
:10E820000160286841602868401C16490968062272
:10E83000E9F720FC06E020464A38016840682A686B
:10E84000116050602078800704D52968204652382E
:10E85000EDF7F0F820465238016840682A68916068
:10E86000D060286808300021EDF776F82868623C0F
:10E87000216829602060012000023F18761CBDE756
:10E88000FEBDC0469C17002010B542788A4207D1D1
:10E89000017D0024002909D00830E9F790FC05E04B
:10E8A0004900426A515E00F01DFF0446204610BD3B
:10E8B00070477F23C35C1B07836B04D48B420A46DB
:10E8C00004D800207047D1435918FAD4991A8163AB
:10E8D0000120704710B504468320205CF7F7CAFA80
:10E8E000E16B002901D040180D38216B49083E39F1
:10E8F000884202D2E063012010BD002010BDB0B5F7
:10E9000004468920205C002814D02046423001882B
:10E91000408888420ED8204682300021C17100789C
:10E9200025464C352946F1F78EF9543420462946C0
:10E93000F6F7C0FDB0BD7047F0B589B00446F7F7F3
:10E940007DF9FF2101817F21615C4A0625467C35E6
:10E95000002A0ED426464836CF06BA0F0DD003AB98
:10E9600000221A75DA749A745A74002F0BD5442752
:10E970000AE0204604F029FD35E0880633D470888B
:10E9800004F024FD2FE03E27090600D507271F735A
:10E990002978FF2917D00846F5F754FF418F03A8BF
:10E9A0008180E17F0174217E4173697981733188AF
:10E9B0000181E979C173216B490AC180193403943B
:10E9C000E2F7E1FA0FE001A98A8003AC22746281C8
:10E9D0006273E281E280019203910C30FFF7ABFF9A
:10E9E0002046E2F7D6FA687AF7F7CEF9687AE2F7C6
:10E9F000F9FA09B0F0BD0000B0B504461348C07A7A
:10EA0000A04222D9EFF3108072B6FF25EC35E9F76A
:10EA1000C8FB4019FFF772FB0D4A136800211972F9
:10EA200062B601280CD1106841600A4A43689342DB
:10EA30000BD8037A002B07D143685B1C4360F5E7D2
:10EA40002046F1F7F7F9B0BD0172B0BD9014002077
:10EA500004170020FFE10400FEB5154800689C2162
:10EA60000291415854200190085ACF6B124C451C1A
:10EA7000A9B2090A0E2901D90E494518002F0FD055
:10EA8000002620683421415CF0B2884208D2F5F7B4
:10EA9000D9FE761CA9B2408F8142F2D12846E6E722
:10EAA000034800680299405801994552A8B2FEBD3A
:10EAB0000417002002F1FFFF9C17002070477047E9
:10EAC000704780B503464920800008182C330A227D
:10EAD0001946E9F7CFFA80BD80B5F5F7B3FE4121BD
:10EAE000405C03490968497AF1F75FF980BDC04687
:10EAF00004170020B0B585214A0081180B8BC46C27
:10EB00005C43038F0A3363431B0B9CB2074DAC423B
:10EB100000D82C46641D8452012008714B801220BD
:10EB2000F1F776F9E0F798FBB0BDC046B30B0000F3
:10EB3000B0B50446FEF786FC2046F5F783FEAA2111
:10EB4000012545542046F5F77DFEAB214554B0BD67
:10EB500001480068008B7047041700204007000F31
:10EB60000149085A7047C0467CE10710F0B58DB0E6
:10EB70000446954800682C21405CC007C50E6F20F4
:10EB8000C6436E40E2F766F9904909683D228B5C06
:10EB9000202213403D31002866D0002B00D110E127
:10EBA000887BC00763D0002D00D11222A08A0C9070
:10EBB000A77DE07D0890608A0B90208A0990A0894B
:10EBC0000A902068059060680790A0680690207EF3
:10EBD0000390607E0490E589A07E02907C480068E6
:10EBE0000069F1B20A23F8F74FFE002800D1E8E0EF
:10EBF0000446019707461F3745720398207304980F
:10EC0000E07202982072280AA07220460D30062574
:10EC100005992A466F4B98472046133006992A4695
:10EC20006C4B98476B4B2046193007992A469847FA
:10EC30002120099921542520089A22542046213068
:10EC4000090A41700A99080A787039700B99080A04
:10EC5000787139710C99080A787239720198F871D3
:10EC6000201D29212222A2E0002B00D1A9E0887AD0
:10EC7000800745D4487AC00700D1A2E008200543A8
:10EC8000E07D0C90608A0B90208A0990A0890A9000
:10EC900020680890207E0690607E0790E789A07E1D
:10ECA00005904B4800680069F1B206232A46F8F740
:10ECB000EBFD002800D184E0044605461335477279
:10ECC000069820730798E07205982072380AA0729F
:10ECD00020460D3006220899E9F7CCF90999080A6F
:10ECE000A07561750A99080A687029700B99080A5D
:10ECF000687129710C986076201D0121132256E05D
:10ED0000002D01D01C2200E00D22E07D0A90678AD0
:10ED1000208A0B90A0890C90206807906068099069
:10ED2000A0680890207E0590607E0690E589A07E10
:10ED30000490274800680069F1B20923F8F7A4FDA0
:10ED400000283ED00446039707461F3745720598B2
:10ED500020730698E07204982072280AA072204658
:10ED60000D30062507992A461A4B9847204613303E
:10ED700008992A46174B9847164B2046193009998F
:10ED80002A46984721200B9A225425200A9921547B
:10ED9000201D21462131120A4A700C9A110A7970FD
:10EDA0003A70039A110A79713A710A211F220423D9
:10EDB00023713E234370E171A271F0B22146F8F74E
:10EDC000EDFD0DB0F0BDC0469C17002004170020DB
:10EDD000A01700207580051070B50D4604461A482E
:10EDE00000682C21405CC007C10E01D111220AE04D
:10EDF000164800683D22825C920624D53D30C07AD8
:10EE0000800720D51F224E20C04341401048006893
:10EE10004069CEB203233146F8F736FD002812D000
:10EE200001468472002008734D7208721220C87166
:10EE3000062088713E20487104200871200AC8729B
:10EE40003046F8F7ABFD70BD9C170020041700207A
:10EE5000A0170020B0B50D460446124800683D21B9
:10EE6000415C89061CD53D30C07A000718D50E4894
:10EE700000684069A1212C220223F8F705FD002833
:10EE80000ED00146047285721420C8710420887166
:10EE90003E224A710871200A4872A120F8F77EFDCF
:10EEA000B0BDC04604170020A0170020F8B50A46E0
:10EEB0000146074800689C23C058C06B006802AB3D
:10EEC000019303AB009324300123FFF7FAFB8FBDBE
:10EED0000417002070B516460D460446F0F72EFDC7
:10EEE0002046F0F73DFD2046F0F75CFD2046214628
:10EEF000F0F778FD2046F0F78CFD20463146F0F71C
:10EF000080FD2046F0F7A1FD2046F0F788FD204661
:10EF1000F0F73CFD2046F0F75EFD002D0DD094206B
:10EF200000210A46F0F740FC01462046F0F785FD37
:10EF300020462946F0F722FD70BD12480068902156
:10EF40004558962001210022F0F72EFC014620466C
:10EF5000F0F773FD2046F0F72BFD2046F0F734FD67
:10EF60002046F0F72BFD2046F0F716FDA91C2046A1
:10EF7000F0F704FD2046F0F745FD2046F0F772FD5E
:10EF800070BDC04604170020F0B587B00446039258
:10EF900090002618B06C4018B06400F0D7FAB16C3D
:10EFA0004218FA320592B264F56F281A401A942179
:10EFB0000191725833468C33314694313746483785
:10EFC000069727469C3704970294E934009400245E
:10EFD0008718FB3F05D5AA1800241C600A6001248D
:10EFE000F6E7842030581E68F643801904D5AA1825
:10EFF000002018600A600124029F049DD043059EF2
:10F00000301802D50698026005926A68002A039EAD
:10F0100006D028688218059DED435219049D24D41A
:10F02000002C03D03846314604F0FCF9287DFF2837
:10F0300012D0E2F70DF9002801D0032400E00124EA
:10F040000025AC4208D9A8003818C06B0699096899
:10F05000F8F788FB6D1CF4E7B819AC21405C069901
:10F060000968F6F737FC07B0F0BDAA68002A1CD083
:10F070001018286000201860012272409200BA180F
:10F080008C23D0502868069B1860286890642868F4
:10F090000860286801995050009800780228C1D172
:10F0A0003846B43003F052F8BCE7194800682C2108
:10F0B000405CC007C10E01D110220AE0154800686B
:10F0C0003D22825C92061ED53D30C07AC0071AD020
:10F0D0001E224E20C04341400F4800684069C9B21B
:10F0E000012305910293F8F7CFFB00280BD00146CE
:10F0F0001120C871029888713E204871042008715F
:10F100000598F8F74BFC3846F8F786FC88E7C046C8
:10F110009C17002004170020A0170020F0B585B030
:10F1200004910746E920385C002804D0012B0392A3
:10F1300003D0012102E000222EE002217C6DBD6D92
:10F14000FF20844302916118000685433E46B43691
:10F15000304601912A46049B04F085F904280FD11A
:10F160000021039801280F46084600D00298044366
:10F17000304621462A46049B04F088F93A460BE0C3
:10F1800001220399002907D10C2141437818B421A9
:10F19000019B4350B4304560104605B0F0BDB0B59A
:10F1A000012907D1F121405C03252840012803D023
:10F1B0002C4602E0012405E0042404F089F901282A
:10F1C00000D02C462046B0BDB0B5AE21415AEB224E
:10F1D000825C0446AE34EB303F2A05D8CB091B06CF
:10F1E00004D00121090202E0002302E0490021804D
:10F1F00040233F252A401A43027088B2012801D1DA
:10F20000012008E0012000F077FBC0B22188491EF0
:10F21000EFF73FFD481C6071B0BDF0B585B0044606
:10F220000068017800220492039202785206D30FFC
:10F2300003AA13700F270F40F91F0225022901D3DB
:10F24000294600E004214118501C0622E8F712FF6D
:10F25000264654362146B0312046EA30042F06D0E7
:10F26000082F01D1032502E042785207D50F377EDF
:10F2700001223A4032760A78FF2A00D0481C0278F0
:10F28000204674302146EE31009101903346183308
:10F2900003A82946E1F76CFD616FA26F6165A26565
:10F2A00037763070FF384142484105B0F0BDF0B5C7
:10F2B00087B00B460546016808780F2404402E46A7
:10F2C00064362F46EA37C209012C04930AD1002084
:10F2D000059005AB1A700690581C08310622E8F715
:10F2E000C9FE17E0C87803900020059005AB1A709E
:10F2F00006900398C00701D00A2200E00422891872
:10F30000581C0622E8F7B6FE042C07D0082C01D1C1
:10F31000032104E078784007C10F00E0022134782F
:10F320000120204030703A7838790094019005A887
:10F330003346E1F72FFD3470696E049A1160A96EAF
:10F3400051601070FF384142484107B0F0BDB0B580
:10F35000AE21415AEB2282560446AE34EB30002AED
:10F3600001D4802306E0012901D8012100E04908E9
:10F37000218040233F252A401A43027001200129A1
:10F3800007D000F0B9FAC0B22188491EEFF781FC1E
:10F39000481C6071B0BDB0B5044682714171012056
:10F3A0002071E01D062519462A46E8F763FE0498F9
:10F3B000607320460E3005992A46E8F75BFE0698F2
:10F3C0002075B0BDFEB516460F460446012A10D181
:10F3D0002046B3300178002903D0491E0170080689
:10F3E0000ED1029760680321017060680C214170A2
:10F3F0000EE01D46606FA16F04F072F8002801D086
:10F40000002567E02046029739462A46E1F76CFE60
:10F4100027465C372546ED35606801782A78D207A3
:10F42000520E0A430270206800784000802101409B
:10F43000606802780A4302702878800702D4204668
:10F44000643015E0606EA16EE0652166E1F754FD61
:10F45000012805D1687801210A463B46F6F74AFDA6
:10F46000606801783A78D207520E0A430270384633
:10F470006268411C901C0625174B2A469847206855
:10F4800002780F21114007290196009201D0022134
:10F4900000E0042146186068083031462A460E4DC7
:10F4A000A847029880002018C06B001D61680E22DA
:10F4B000A8470125019801280CD10020E0662067AB
:10F4C00000984006C00F387411370622384631467E
:10F4D000E8F7D0FD2846FEBD7580051010B504463E
:10F4E000427201720120207120460A30062219461C
:10F4F000E8F7C0FD20461C306061039A227404992D
:10F50000E8F7B8FD0298207610BD704710B5801E50
:10F51000C3B2022B06D840B2830006A0C05808A48C
:10F52000E35801E05020032399400818D100401807
:10F5300010BDC0462C000000D0020000CE0100002B
:10F5400002000000060000000400000001480068FE
:10F55000806870470817002010B50C46EFF3108143
:10F5600072B6FEF7CBFD62B6002800D010BD204673
:10F57000F0F760FC10BDF8B500924588AC081C801F
:10F58000491C8AB2A6188788BE4200D9091B0A19ED
:10F590009200BE4200D96D1C0326354052191A80D4
:10F5A000A3001B180833009C236092B20588521BED
:10F5B0001746374084886743354052199208D2195C
:10F5C00095B2C688B54200D9C280A5420AD809B210
:10F5D000002907D59978FC220A40511C99700830FF
:10F5E00000990860A54201D90020F8BD0120F8BDAE
:10F5F00080B5011DC278142A04D84268807880083A
:10F60000904780BD3D2A03D8002003F08BFF80BDCA
:10F610003F2A03D8002003F08CFF80BD602A02D867
:10F62000002003F091FF80BDB321425C012313430E
:10F6300043547047B321425CFE2313404354704748
:10F64000FEB507464124005DF0F7BFFA0546385D78
:10F65000F0F7B3FAB6236C1EE1B20297B637702505
:10F660000326052932460195294605D861B28A004C
:10F6700019498958194CA258029CE35A7C88401EAB
:10F68000C5B2052D06D840B28000134D2D58019506
:10F69000124D2E589340581800024721CD004019B2
:10F6A0000F49EFF7F6FA0090B440019820180002D5
:10F6B00040190B49EFF7EDFA0646FC88FFF746FFC5
:10F6C00000990818B1B28C4200D821464018CD30BC
:10F6D00002994867FEBDC04624EE04100CEE0410EB
:10F6E00071020000FEB50191044607460837E8F7AD
:10F6F00058FD02900D462678207D002804D038461B
:10F70000E8F75DFD227800E03246701D029CE108BA
:10F71000C1400198401A00B2401EC117083203F0E0
:10F720001FFF02194D4138462B46E8F73EFDC0B297
:10F73000FEBDF0B593B01E4607460FA8059010A871
:10F74000049011A8039012A8029019980B900190B0
:10F75000189C009438460A9103F014FF0D90F5F7B9
:10F76000E1FE0546002E07D011A801782A1D20468B
:10F77000E1F745FB002691E0281D11A90A78D10781
:10F7800008900C9202D100260E960AE0616F491C87
:10F7900006220E92E8F76EFC0C9A606F0078C007A4
:10F7A000460E9007099411D508980E9C00190999E6
:10F7B000496F09310622E8F75DFC0C9A0998406F01
:10F7C000007AC0018619A41D0E94099C2346983323
:10F7D0002146C43110070791069311D5087AD98BB9
:10F7E000089A0E9C115512190F231B020B40079902
:10F7F0000003C018000A50700C9AA41C0E94099CB7
:10F80000D00616D5F81E032805D800F099F80799F8
:10F810000246487400E00A7C08980E9C0019CB78D8
:10F8200006990968F6F76CF80799E41C0E940C9A8F
:10F83000099C90061BD506988168206D406D069046
:10F84000E1F7D5FA00280CD008980E9C001906990B
:10F8500058311222E8F70EFC12340E94099C0C9ACF
:10F8600004E0DF200C9A024011A8027007995006AC
:10F8700001D4089909E008780C92F6F763F80C9A1D
:10F8800008990E9BC8545B1C0E9350B2002805D5F6
:10F890000E980918206D406DE1F7CEFA0D9C129874
:10F8A0006870072F01D0072000E0082006432E7063
:10F8B00011A800887F210140E970FE210F40022F2E
:10F8C00001D0002101E00A99890110AA13883F2282
:10F8D0001A405118A970C0050BD50FA802780B9ECD
:10F8E000B0888118B180316809185819C01CE8F730
:10F8F000C1FB204613B0F0BD1CB501AC2046E8F7B3
:10F900001FFC20881CBD00000188054A8918018061
:10F9100088B204494143080C484080B27047C04651
:10F9200015FCFFFFAB020000096D52228A5A030941
:10F9300053430007C00E0818408E18187047000087
:10F9400010B58AB0064800689C21415848316C4681
:10F950002046F5F7AFFD204603F09EFE0AB010BD2D
:10F9600004170020F8B51F4616460D460446C0068B
:10F970000BD4174800683D21415C890627D53D30EE
:10F98000C07A800723D51F2202E0BF200440112245
:10F99000104800686107C90E40180069032321461A
:10F9A000F7F772FF002812D001460F20C872FF201F
:10F9B00088720F734E720D721220C8710620887102
:10F9C0003E204871042008712046F7F7E7FFF8BD94
:10F9D00004170020A0170020B0B50446D120205CF9
:10F9E000F6F75CFD2546CE35A878F6F757FDCE2014
:10F9F00000212152A87AFF2801D0F8F70BFAFF2046
:10FA0000A872B0BDB0B5054600881224FB2819D8ED
:10FA10001B2817D368880C4A904213D8C00829289D
:10FA200010D3002400290DD0F5F79AFA2988828A8C
:10FA3000914200D3114629806988C08A814200D34F
:10FA4000014669802046B0BD9042000010B50124F7
:10FA5000844008212046F5F75DFA034909689C2295
:10FA600089584C74C86010BD04170020F8B50028F0
:10FA700046D00E46012568212846F5F74BFA214F5E
:10FA800039689C2409598860B540EEB20821304697
:10FA9000F5F740FA3968095989684D72486000964F
:10FAA00075001126212E0FD008212846F5F732FACD
:10FAB0003968095989688919491F086038680059E7
:10FAC000806885550836EDE728210098F5F722FA79
:10FAD00039680959896808600B48022501262946BA
:10FAE0003246F4F717FF396809598968886406486F
:10FAF00031462A46F4F70EFF396809598968C86407
:10FB0000F8BDC046041700208C140020F0B585B065
:10FB1000012B00D082E002AB07C34148C17F0191B5
:10FB2000C47A0094012624213E4A304690473E493B
:10FB300009689C27C959C863382530462946394A7F
:10FB4000904739490968C959C96B08604D2081003F
:10FB50002046344CA04734490968C959C96B4860EC
:10FB600001988640F0B20821A0472F490968C95979
:10FB7000C96B0968282200238B54486228314E70D3
:10FB8000009C13200421274EB04727490968C95912
:10FB9000C96B086120462946B0473346224A11689E
:10FBA000C959C96B8860264620462946154698479C
:10FBB0002968C959C96BC8600298012807D10E216C
:10FBC0003046F5F7A7F92968C959C96B4861039808
:10FBD000012807D108213046F5F79CF92968C95951
:10FBE000C96B88610A9C049801280DD120213046F8
:10FBF000F5F790F92968C959C96BC861012011212D
:10FC0000F5F788F929684866012C07D11C21304690
:10FC1000F5F780F92968C959C96B086205B0F0BDCC
:10FC200090140020154F061004170020F0B585B081
:10FC300004920E4605464D24F5F7E2FB0555066095
:10FC400003904D300121029041700191CB040026B8
:10FC50007C27049AE8B2864226D203980068C351F2
:10FC6000C5195420114929525224002028534224F6
:10FC700029535E2428555C24FF2129555A216854B4
:10FC8000462107246C52286168616B600499002941
:10FC900002D050652C3D2A60019800023F185C326A
:10FCA00002980578761CD5E705B0F0BDFFFF00008F
:10FCB0007047704770477047704770470948C07A6F
:10FCC000094909681231002804D000220A802C3129
:10FCD000401EF8E7054800680021C173FF210902B2
:10FCE00081817047901400200C1700200817002015
:10FCF000B0B50E480068AC214458FF20A07700251D
:10FD0000E577F3F7FDF901280FD103F0D1FC2422A8
:10FD100007498A5C002A2A4600D00268A262232290
:10FD2000895C002900D04568E562B0BD0417002059
:10FD30009014002070470000F8B5174908680D4678
:10FD400024210024445425301122144F2146B84761
:10FD500028683630FF2605223146B84729683B20FF
:10FD60001F230B540122550308463B308552C372B2
:10FD70004731072208462146B847074D28684E30CC
:10FD800008223146B847064800683521445428689F
:10FD900004490162C465F8BD04170020898005107C
:10FDA0009C170020BEFDFFFF80B50448006860304E
:10FDB00000210422E8F768F980BDC046041700203E
:10FDC0007047002A05D003780B70521E491C401C56
:10FDD000F7E7704780B5054800689C214058C06B24
:10FDE00000682430F6F782F880BDC0460417002072
:10FDF0000021034AC16202631921C901818670474B
:10FE000001000100F8B50446FF250A4884420FD0DE
:10FE10000026094F38683421415CF0B2884207D28D
:10FE2000F4F710FD408FA04201D0761CF2E7354672
:10FE3000E8B2F8BDFFFF00009C17002000207047CB
:10FE4000FEB51C4616460F46FDF760FE00280ED094
:10FE50000546029606462C363078022809D13079BC
:10FE60000121FDF7C7FD002805D03A2438E002241F
:10FE700036E00C2434E0307901210091FDF770FE6A
:10FE800001900146303108223846164B9847019FB1
:10FE90003946103110222046124CA0472E3702223C
:10FEA00002983946A047307900990F46FDF761FE68
:10FEB000002428462146F7F7A3FE012801D1014678
:10FEC00000E00621019B28229954401E41424141F5
:10FED00028331971307939463A462346FDF7C7FD74
:10FEE0002046FEBDC3FD0610FEB51A4A126813680F
:10FEF000EFF3108272B606229C5EE2172746974304
:10FF000040000090185E144A0291891849094D1C5E
:10FF10000128019505DB421B564212B2D51335402C
:10FF20003F18D8680022865E09B28E420EDD3EB2CE
:10FF30008E420BDD00995918621BDA800A88019BFA
:10FF4000D21A0A80029903F0BBFB024662B6104641
:10FF5000FEBDC046B0170020FFFF1F00B0B50D4624
:10FF6000044603F0D3FB0146284603F0D7FB0448C0
:10FF700000680068C0682146FEF73FF8B0BDC04683
:10FF8000B0170020FEB50C46011F0646022921D8F5
:10FF9000628800252046294603F0DAFB0227204626
:10FFA0003946324603F0D4FB2582E581257360682B
:10FFB0006061A0616088001D6080207A38432072F3
:10FFC000204603F0CEFB002814D06088001F60801C
:10FFD00081250FE0A0253F280CD020385F2809D8C4
:10FFE00001A886802221044A515C8171019403F0AA
:10FFF000C2FB05462846FEBD90140020F0B59BB01C
:020000041007E3
:100000001446069107460FAE00252E22304629469B
:10001000E8F73AF83046103010220699E8F72AF847
:100020002036F87C03280DD0022812D144480068FD
:10003000806B0FA90870020A4A70020C8A70000EC9
:10004000C87006E03E48016844310FA81022E8F766
:1000500011F8387D294603F090FB0290387D01218C
:10006000059103F08AFB01906120385C30700696A0
:100070000FAE304621303946623106220092314BB4
:100080000490984778780699C87130462830B91C92
:100090000390009A2B4B9847294800680199411812
:1000A000B4310BAF3846093007220192254B9847EF
:1000B0002348006802994118B431B81C019A214BB9
:1000C0009847781C0699C91D059A1E4B98471D4BE9
:1000D00038460699059A98471036102D07D0705D5E
:1000E0000BA9495D414007A841556D1CF5E70FA8D4
:1000F00007A9224602F088F90BAE002510223046EF
:100100002946E7F7C1FF0627304603993A46E7F745
:10011000B1FFB01D04993A46E7F7ACFF102D07D0A8
:10012000605D0BA9495D414007A841556D1CF5E78D
:100130000FA807A9224602F067F91BB0F0BDC04620
:10014000B417002075800510B0B51C461546002870
:1001500004D0F8F723FB002802D113E0002911D1C5
:10016000022D05D208480068AC214058083006E04E
:10017000022D07D104480068AC2140581830206097
:100180000020B0BD1220B0BDB4170020F0B59BB068
:100190001446069107460FAE00252E22304629460A
:1001A000E7F772FF3046103010220699E7F762FF3A
:1001B0002036F87C03280DD0022812D1444800686C
:1001C000806B0FA90870020A4A70020C8A70000E38
:1001D000C87006E03E48016844310FA81022E7F7D6
:1001E00049FF387D0121059103F0C7FA0290387D5F
:1001F000294603F0C2FA01906120385CF07106963E
:100200000FAE304628303946623106220092314B1B
:100210000490984778780699087030462130B91CC8
:100220000390009A2B4B9847294800680199411880
:10023000B4310BAF3846093007220192254B98475D
:100240002348006802994118B431B81C019A214B27
:100250009847781C0699C91D059A1E4B98471D4B57
:1002600038460699059A98471036102D07D0705DCC
:100270000BA9495D414007A841556D1CF5E70FA842
:1002800007A9224602F0C0F80BAE00251022304626
:100290002946E7F7F9FE0627304604993A46E7F77C
:1002A000E9FEB01D03993A46E7F7E4FE102D07D0AA
:1002B000605D0BA9495D414007A841556D1CF5E7FC
:1002C0000FA807A9224602F09FF81BB0F0BDC04658
:1002D000B417002075800510F0B5B9B01C460E4665
:1002E000074601AD20202871102038900A90039213
:1002F000002000902846E7F709FF28463946324695
:10030000E7F70AFF6A4628462146E7F70FFF39B0AC
:10031000F0BD0000F8B50C46054601208873E8786A
:10032000087408461C30294644310226194F3246CB
:10033000B84720461E30291D3246B8472046203097
:10034000A91D0822B8472046283029460E3110261C
:100350003246B8472046383029461E313246B84723
:100360002046483029462E313246B847A86CA06650
:10037000E86CE066687806210140E172E021014006
:10038000607C08436074A878010702D5FE2108400C
:10039000E075F8BD7580051080B503F0F4F980BDF7
:1003A00080B50A4A12683D23D25C0270012A05D04A
:1003B000002A08D1084602F0C9FD02E0084602F012
:1003C000BBFD002080BD862080BDC046B417002044
:1003D000E0B50B46014601AA0120108002480068E2
:1003E0000830FCF741FC8CBD9C17002080B56021D3
:1003F000415CC90706D111214156002902D5817EF1
:100400008A0602D4F8F7F6FC80BD042211438176F7
:10041000E0F761FF80BDF0B597B0044603AE002160
:1004200050223046E7F730FE5920205C71780143B6
:10043000717030463E3021465A3106252A46E7F78C
:1004400019FE207CF070E07D010716D411202056A3
:10045000002804D503A8417880220A43427003AEE5
:10046000301D21461E310222E7F704FEB01D214651
:1004700020310822E7F7FEFD03E0FE21084003A932
:10048000887003A80E302146283110263246E7F73F
:10049000F1FD607C81060CD503AF38461E30214645
:1004A00038311022E7F7E6FD787820210143797092
:1004B000607C40060BD503AF38462E3021464831CC
:1004C0001022E7F7D7FD7878402101437970A07CAE
:1004D000052108420AD003AF3846443021461C317A
:1004E0000222E7F7C7FD7878304301E003A840789F
:1004F000E17A2940014303A84170A16EE26E159193
:10050000169203F053F9054600280CD0A11C01AC4B
:1005100006222046E7F7AEFDA571422005210722FD
:100520002346F5F755FC284617B0F0BD80B52822C4
:10053000504304490968AC23C95808180021E7F75B
:10054000A3FD80BDB417002070B51C460546612090
:10055000285C087029466231062610463246E7F7C5
:1005600089FD68782070A91C04983246E7F782FD5F
:1005700070BD0000F0B5A9B00493029201910590FE
:100580001BAD352106912846E0F73AF8284625307C
:1005900003900124847365202871294868806220B3
:1005A00068700FAF20220092384605992346254EE9
:1005B000B047254A17AB0593244E38460099B047FB
:1005C000681D1027009701993A4623461D4EB047F3
:1005D0002846153002993A462346B047252004990B
:1005E0002954284626302E9906273A462346B047F6
:1005F0002F980399C87128462D3030993A462346E2
:10060000B0470BAF28460699059A3B460F4EB047B8
:1006100031983946009E324623460A4FB8472C701F
:1006200007AF28460699059A3B46084DA8473298D9
:10063000394632462346034CA04729B0F0BDC04698
:10064000746C0000B59D0610F9F30710D90207106D
:10065000F0B595B007920F46064613A80021017029
:1006600012A8017009A810220891E7F70DFDF07C8F
:1006700002280AD152480068806B09A90870020A52
:100680004A70020C8A70000EC870012F21D14C48AC
:1006900004684020205C14AD2870707B012101406B
:1006A0006970307D002103F068F80019B721405CC3
:1006B000A870F07C032827D13046F8F76FF800289F
:1006C00022D0002101220DAB3046FFF73DFD0D99F0
:1006D00016E0307B14AC2070707B8007C00F607018
:1006E000307D012103F049F8C01CC0B234490968CB
:1006F0000818B422805CA070F07C032804D1443137
:1007000009A81022E7F7B6FC6020315C01221140F5
:10071000012F06D1002904D13546483534463834F6
:100720001BE0481E0C4684417B427B41234004D0A1
:1007300035464835344638340BE00846384304D053
:100740008620012F2BD1002929D035463835344653
:100750004834012F25D1002923D00EA8009013A9D9
:1007600010AA12AB3046FFF7EFFE089E079B144815
:10077000006813A9097812AA127805930EAB0493A6
:10078000039210AA0292019114A9009149218900B3
:10079000401809AB21462A4603F02CF8304615B024
:1007A000F0BD3943481E81415340194205D110A87C
:1007B000009012A90EAA13ABD4E78620EFE7C0463B
:1007C000B4170020F8B505460189002415222046FB
:1007D000F7F76EFF00281BD0064611207080706866
:1007E0000D2101724D2080000D4909680B1805216B
:1007F00010223046FCF7ECFD60202F5C2846314685
:10080000F8F706F8002808D1F80703D0432002E0E3
:10081000882402E05420C043A8722046F8BDC04698
:10082000B4170020BFB50D46044601AA084621466C
:1008300003F02CF8002801D103F042F828462146A5
:1008400003F043F804B0B0BD1CB5042107226C4688
:100850002346FCF7A9FD62780A21042A13D86A46C8
:100860009278012A0FD86A46D27892070BD40749AA
:10087000096834228A5C69460979914202D31129B8
:10088000014600D3062108461CBDC046B41700200F
:1008900070B50546008903F03AF8464246411B49C7
:1008A00009683C22895C022904D0002401292AD14C
:1008B000002828D108200143A975154800684E2159
:1008C000405C012480071ED52D891248006880698C
:1008D00002214B220323F6F7D7FF002813D001464D
:1008E0008572042048720B2008720020C871052010
:1008F00088710E73FF20487182200871280AC8721F
:100900000220F7F74BF8204670BDC046B417002010
:1009100004170020A0170020F0B587B0044606A8F1
:100920000026067021890B223046F7F7C1FE002809
:100930001BD00590B020A072E675E07B2F2101400E
:10094000E173434F3D68207D0121049102F015FFC2
:100950004019B721455C38683221405C022806D135
:100960000820284003D1032151E0882661E0207E41
:10097000C00705D106AF3846F7F7F6FE387802E033
:10098000607D06A90870054018202840E17D0143DC
:10099000E175080701D4B42706E02046E0F7DEFC45
:1009A0000146002833D1B2272046F7F7F7FE069814
:1009B0004107C90FE173C007800FA073204600F004
:1009C00091F8204600F0DAF8014600281FD1E07CBB
:1009D000022804D1E07BC00601D44D20C7431C4847
:1009E00000683521405C06A90B78627B617CA57CA0
:1009F0000090019102950221059D2846F7F7EAFE35
:100A000020462946F7F704FF0146002814D0104875
:100A10000068B122825C002A05D0B130237D049D9C
:100A20009D40AA43027001232046059AF4F75CFA20
:100A30000646304607B0F0BDE07AF8210140E17289
:100A4000059831462246F7F7FDFEA772F1E7C0464A
:100A5000B417002010B514460A46406819462346CC
:100A600002F06FFF10BDF0B585B000931746054644
:100A700001AE3046083008242246E7F7FBFA30463C
:100A800039462246E7F7F6FA28463146009A01F041
:100A9000BBFC05B0F0BD0000F0B591B005460F4FAE
:100AA0003A686832002420212046F8F74FF80028E1
:100AB00001D01F240EE001AE402230462946E7F760
:100AC000D9FA38686830064A3146E7F70BFBC01C94
:100AD00000D11224204611B0F0BDC04604170020FA
:100AE00075B70710F0B524490968027D1201083274
:100AF000D2B28B18B5241C5D0473B6241B5D012B88
:100B000003D1437B02241C4344730B463633032535
:100B100015430C46B434655D01262E40877B374370
:100B2000877304263540C77B2F43C7731643A55DE3
:100B3000057405251543645D6025455DED070ED1FF
:100B40001D782C4007252C408474062422438918E4
:100B5000B422895C5A780A402A404274F0BD5D781C
:100B600025404574062422438918B422895C1A78EA
:100B70000A408274F0BDC046B4170020F8B5017B6E
:100B8000427BD30701D0930705D4C37D08241C40C2
:100B900003D0920701D0032219E0C37B0522134240
:100BA00014D0424B1B6840255D5D4A43404B9A1868
:100BB000525DC27403461333002A0BD1002C3DD181
:100BC00001296FD1012D6DD101226CE00122C27487
:100BD000034613336024055D0126354003D11A24F2
:100BE0000457002C26D404460F342478E40704D09C
:100BF000012A02D103241C7052E0C37D1B0703D5D8
:100C0000022A01D10023C376022A11D1C27BEF232D
:100C10001340C373254A12684023D25C0024022A81
:100C2000274618D3042A0BD0022A13D1374612E0E4
:100C3000002435E01D4C24683134D6E7042232E02C
:100C40000229374607D304292F4604D0022901D1AF
:100C5000274600E0FF27174909684E22895C4907AB
:100C60001ED50689144800688069022546220323A0
:100C70002946F6F709FE002812D0014686720420A4
:100C800048720D720024CC71052088710F73FF200B
:100C9000487182200871300AC8722846F6F77EFE35
:100CA0002046F8BD02221A7094E7C046B41700200F
:100CB00096DA051004170020A017002080B506481A
:100CC0000089163080B202F07BFE044800685C2187
:100CD0000122425480BDC04690140020A817002075
:100CE00070B5114CA07A2421F4F714F90F490B6860
:100CF00000221D4650351E4648369A64DE641A6549
:100D00005D65A47A002C0CD002620B685B6D1860E4
:100D100001230370054620350B685D652430641E91
:100D2000F0E79A6570BDC04690140020A817002017
:100D3000084909680A68EFF3108172B60621515E0E
:100D4000CB1799434000105E002800DD091888B2D7
:100D500062B67047B017002080B5818902F040FE6E
:100D600080BD0000811E1E2916D800207944097913
:100D700049008F4418170F1719171B171D171F1736
:100D800021172317251717172717291717171717AD
:100D90002B172D000120704752281BD0D22801D1DB
:100DA0000A2070470F2070470220704703207047C9
:100DB00004207047052070470620704707207047C1
:100DC000082070470B2070470C2070470D2070479B
:100DD0000E20704709207047BCB5002B0FD01C4671
:100DE0006B4699705870012018701A71080AD870F3
:100DF000A189052520462A46FCF7EAFA6580BCBD94
:100E00000022CA61426811601C314160704710B510
:100E10000446C068002815D04188091D89B2FCF736
:100E2000E0FAE168608902F0EBFD002808D16289F0
:100E300021890020FCF7B8FEA08801218843A0800A
:100E40000020E06010BD70B514460D46064680894E
:100E5000401C81B23046FCF7CEFA2880B089C01C15
:100E600081B23046FCF7C7FA208070BD10B54489C6
:100E7000042C00D0062461188AB201890020F7F7FB
:100E800017FC002800D0848110BD000070B509490E
:100E90000A686021535A00210225074C8B4206D074
:100EA000566E765B864203D20835491CF6E721462A
:100EB00088B270BDA8170020FFFF000010B50A46D9
:100EC0000146007C202804D0102805D10C310224D2
:100ED00003E00C31042400E0102410462246E7F71A
:100EE000C9F8204610BD80B502F0A0FD002801D051
:100EF000408880BD002080BD80B502F0CFFD05494F
:100F0000884205D0C00004490968496E081880BDB0
:100F1000002080BDFFFF0000A817002080B50178E9
:100F200002220A43022A02D102F0CEFD80BD40888F
:100F300080BD10B50C4600F009F8616889698B68BE
:100F40008A88022100F014F810BD000007490968E2
:100F500034310968002904D00A89824203D0103153
:100F6000F7E7FF20704708787047C046A8170020B1
:100F700010B54843C408A4B2944201D9002010BD62
:100F8000072210401A5DC2402020411A0020C043B1
:100F9000C840104010BD000008490A68516E622325
:100FA000D25AD2005218083A824202D3401AC008DC
:100FB00001E00020C04380B27047C046A81700205F
:100FC000B0B50C460146020A12200E2A1CD81A2C73
:100FD0001AD80122A2400D4B1A4215D00846FCF740
:100FE00095FD002808D005463020285C02F071FDF0
:100FF000012803D13A20B0BD0220B0BD3035287899
:10100000214602F06DFD0020B0BDC046200008045E
:1010100070B5104800683421405C702141430E488F
:101020000268A43200200346994212D01468E518E1
:10103000AC7A6026AD5DED0704D16034E4B2512C8A
:1010400004D205E05034E4B2412C01D37033EBE715
:10105000012070BD9C170020B417002080B503202C
:10106000DFF776F880BD000001480021017070476D
:10107000DA1700201CB50346064C20785021009159
:1010800000210A46DEF7FDFF0121217002F036FD46
:101090001CBDC046DA170020BCB50A460446C11C78
:1010A00001AD10462A4600F0E6FF032228462146FD
:1010B000E6F7F7FF002800D08120BCBD10B502F094
:1010C0002BFD0024002806D102F03EFD002802D1AD
:1010D00002F04CFD0124204610BD000010B5094966
:1010E0000A686021535A190409D0516E9CB2E40079
:1010F000611808390C785B1E8442F4D100E00021AD
:10110000084610BDA8170020064800686021415A13
:10111000002905D0406EC9000818801F008870475C
:1011200000207047A8170020F0B585B0174604903E
:101130001C4D28686024065B024660325288964245
:1011400017D202940393002917D001970846FFF79E
:1011500023FF441C2868B1B2A2B291420BD3C9004C
:10116000406E4018014608390822E6F783FF761ED4
:10117000F0E7002712E0019F00E03446406EA1B284
:10118000C900049A42544018039A42602868029B9E
:10119000C25A521CC252406E40184780384605B0B1
:1011A000F0BDC046A817002010B50446FFF786FF23
:1011B00000280AD02046FFF79FFE01461220002992
:1011C00002D00A78002A02D010BD0C2010BD0846BB
:1011D00002F07AFC0146204602F0DCFC064800687A
:1011E0005C21425C0223134343540A20EEF710FEB5
:1011F000DEF732F8002010BDA8170020B0B50D466C
:101200000446FFF78BFE6168C98A002908D0C043F5
:1012100008186188401880B2A84206D30020B0BDEB
:101220000020FFF75BFFA042F8D00C20B0BD00000B
:10123000F8B50E460446FFF741FF002875D0122589
:10124000002C73D0207D802801D010286ED110286A
:1012500008D1218A29221202921C914202D1A1694D
:10126000002963D0A1782422114203D06278D21FD2
:10127000092A5BD8102815D1208A2F4A8218052AFE
:1012800010D801239340312213420BD02278012A37
:101290004CD100294AD129210902884202D1A069F2
:1012A000002843D03046FFF727FE00283ED00746EF
:1012B000007802283AD100252846314602F0ACFCDD
:1012C000002835D02E460121FFF798FF054600285B
:1012D0002CD13846FFF722FE0546FFF70DFE0146EA
:1012E0006D1CAAB204202346FFF71EFF854221D1C0
:1012F000207D10280BD1208A29210902891C8842CF
:1013000005D1A069828880680021E6F7BDFE0B4800
:1013100000685C21425C0223134343540A20EEF729
:1013200077FDDDF799FF354600E00C252846F8BD2E
:101330008625FBE78725F9E700D7FFFFA8170020E0
:1013400010B50446FFF7BAFE00281ED02046FFF76E
:10135000D3FD01461220002916D00A78022A13D1A3
:10136000084602F0B1FB0146204602F013FC084893
:1013700000685C21425C0223134343540A20EEF7C9
:1013800047FDDDF769FF002010BD0C2010BDC046F1
:10139000A817002070B586B014460E46054601A871
:1013A00010491422DFF76EF9002E07D101200E49F3
:1013B00001AA02F049FC0646002810D02846FFF793
:1013C000C5FD7168096A8B680849C97A49084A1CD1
:1013D0000421FFF7CDFD204201D0002000E0812054
:1013E00006B070BDE4ED0410FFFF00009014002073
:1013F000F8B51D4616460446F8F778FA1227002875
:1014000024D001461B4800685C22825C8120920740
:101410002CD48988490629D4701E80B2FFF76CFD50
:1014200001460028384621D04868007828421ED05E
:10143000084602F029FC00280AD00646032221466D
:1014400002F052FC002805D0C020F8BD3846F8BD97
:101450008620F8BD102D01D0022500E00125204690
:101460003146FFF766FD054201D00020F8BD0C2093
:10147000F8BDC046A8170020F0B58BB00A931446FB
:101480000D460746F8F732FA002811D006460497B1
:1014900080880C2741077FD4022C01D180077BD4A0
:1014A00002950394109C0A9B012B03D8032503E0AB
:1014B000122771E09800451CA01C1946002904D091
:1014C000028855190830491EF8E7F088022B02D32C
:1014D000A9B2814260D8A9B2814200D30546A9B21F
:1014E00030460691FFF7C2FC00280ED0074603984D
:1014F0000228079701960FD1B9891D22384602F0BC
:1015000068FC0A9801280FD04EE00820EEF780FC16
:10151000DDF7A2FE88273FE0B9890A9801283ED16D
:101520001B22384602F055FC2288B889401C81B243
:10153000384602F00DF96368B889E91E8AB2C01C0A
:1015400081B23846FBF744FF07984580039D022D82
:101550000CD101200499029A02F048FC0028019C59
:101560000CD007460798F7F7D9F815E0E807019C73
:1015700004D0079A107A0821014311720298079942
:1015800002F03EFA0746022D06D1002F04D1A088B2
:1015900002210143A180002738460BB0F0BD232271
:1015A000384602F016FC0A98A71C01210595002870
:1015B000CAD00A90079DA8894018089181B2BB1E25
:1015C000022428462246124EB047A889089E3018A9
:1015D000801C81B22846099422463B460C4CA04709
:1015E000311DA88940188EB206998A1B39888A4213
:1015F00000DB0A4609997B5881B294B228462246FC
:10160000034DA847A11908370A98401E059DCEE74B
:10161000D1D30610F0B589B01F4603920E46054699
:10162000F8F764F9002845D00446C068002841D086
:1016300002970F9801900E9800901F48076838375E
:101640003F68002F0FD03888A84204D13846F8F7F9
:1016500048F9B04201D01C37F2E71748006838302B
:10166000394601F035FCE068FFF776FB411E029831
:10167000002813D0C8B21E2807D04022114004D140
:10168000E3680399029AFFF7A7FB2046FFF7BFFB29
:10169000002F0FD03846F7F741F80BE004A8009A66
:1016A000828141700121017001990891069405978A
:1016B000F8F72EF909B0F0BDA8170020F8B50546D7
:1016C00081884088F8F712F9002808D00446297864
:1016D0001E2906D1A088800639D40C2693E1122653
:1016E00091E1480606D4CA48CA4A0260A088C006EA
:1016F00000D56DE1E0888A1E86261E2A00D991E079
:10170000032752007A4492885200974422007C01B9
:101710001E007C019F007C01A2007C0122007C0154
:101720001E007C0194007C012D017C0190007C0155
:101730007C017C01A9007C01AC007C017C017C0166
:101740007C017C0121007C019400052701E0E088F8
:101750000127B9B2814200D307460097BFB22046A5
:101760003946FFF783FB00282FD006462A78818967
:1017700002F050FB2878811E16292DD84900C0465A
:101780007944898849008F4416000D0170000D01CD
:1017900077000D0193000D01A1000D01AA000D01BC
:1017A000BA000D01C0000D012F000D010D010D014A
:1017B000CE000D01E6009848028AB089401C81B233
:1017C000304601F0C5FF0320EBE00820EEF720FBD8
:1017D000DDF742FD882616E1202800D1CAE0522814
:1017E00002D0D22800D0DDE02A89B089401C81B225
:1017F000304601F0ADFFEB686A89B089C01C81B248
:101800003046FBF7E5FD2878122800D1B8E0D22851
:1018100000D0C7E000980C3870802089314602F073
:1018200006FBBFE0522902D0D22900D0EBE0D2293A
:1018300008D0032107E0297A49004F1C874200D8CD
:1018400087E7E0E00F216A89571882E7E989CF1D11
:101850007FE7E968097C802900D089E0152778E7CF
:10186000A9894F1D75E7022773E76A8929893046E0
:1018700002F00DFB052094E06A892989304602F0C8
:1018800006FBAA89B089401D81B2304601F060FF95
:10189000E889C01DB84200D80746F81F82B22B69FC
:1018A000B089C01D81B23046FBF792FD072078E079
:1018B0006A892989304602F0EAFAB089401DEB684E
:1018C000197C80295ED181B210225EE02A89B0891C
:1018D000401C81B2304601F03BFF0B2061E02A89B9
:1018E000B089401C81B2304601F032FF6A89B0896C
:1018F000C01C81B2304601F02BFF0D2051E028467C
:10190000314602F0D6FA0F204BE06A892989304629
:1019100002F0BDFAB089401DEB68197C802939D1ED
:1019200081B2102239E02A89B089401C81B2304648
:1019300001F00EFF6A89B089C01C81B2304601F007
:1019400007FF2B69AA89B089401D81B23046FBF799
:101950003FFD172025E02A7AB089401C81B230462D
:1019600002F058FA19201CE0E968097C80294CD063
:101970000727EEE62846314602F09BFA212010E0C8
:1019800013200EE081B20C3302223046FBF720FD1B
:10199000092006E081B20C3302223046FBF718FD25
:1019A0001120A070009870802A78B189304602F02A
:1019B00031FA2878410611D41E280FD06289218976
:1019C000032002F013FA002804D03046F6F7A6FEF2
:1019D000842618E0A08810210143A1806089314647
:1019E00002F00EF8002801D081260CE028780026AD
:1019F0001E2808D1628921890220FCF7D5F8A08829
:101A000020218843A0803046F8BD1127A1E6C046BA
:101A1000200600200D74071090140020B0B50C466D
:101A20000546FBF7A5FC014620600220002D09D0E9
:101A3000002907D00879002803D0897806200840BB
:101A400000D00C20B0BD88710879C8718878062252
:101A500002438A7070470000FEB5029301920E4661
:101A60000546F2F7EFFE04460746B4342846F6F77B
:101A700087F80899042E06D1002804D0019A002A7C
:101A80000CD00A220BE088880880012E02D1C00801
:101A90000E3801E080080F38029E0FE00822029EF7
:101AA0008A5A0A800088022801D0012000E0032021
:101AB0000B4BD218C2400B481018C00883B22288C2
:101AC0009A4200D30246002E03D093B2C8899842AE
:101AD00000D3104660803846FDF7B2FDFEBDC0461B
:101AE00088FEFFFFB5FF07007047904201D888428B
:101AF00001D21220704700207047084000D0122009
:101B0000704780B5F4F7BEF8002801D0406980BD69
:101B1000002080BDF8B514460D4606460027102269
:101B200020463946E6F7B0FA002E16D0287820284D
:101B3000394609D3602801D3032100E0022140285F
:101B400000D201211F22104001228240880021582A
:101B5000114321506D1C761EE6E7F8BDB0B5144662
:101B60000D46014605222046E6F784FA601D08224C
:101B70002946E6F77FFAB0BDF0B587B003AC0EC4D6
:101B8000074602900D98051F0C9C611906A80422B7
:101B9000E6F770FA0E9E0096ADB23846039F3946BE
:101BA00022462B4602F091F900960195029839469B
:101BB000049A059B02F0C2F90699884201D081205F
:101BC00000E0002007B0F0BDF0B585B003910646F7
:101BD0000B9C01940A9F009702F0B0F904900C9DB1
:101BE0000095304603993A46234602F06EF92819CB
:101BF00004A90422E6F73EFA05B0F0BD70B5050071
:101C00000C000026002D03D10020C04306001EE07A
:101C10002068286060686860E068E8602069286182
:101C2000A068A860606968610A48E8610A48A8611C
:101C30002D622868002803D10020C043060006E07A
:101C400028688047002802D00020C04306003000EA
:101C500070BD0000791E0710B31E07101CB50400EC
:101C6000606A00280ED16946200000F00FF868462F
:101C70000078242806D068460078262802D0002064
:101C8000C04302E001206062002016BD38B50500A7
:101C90000C0021002800183002F0E8F932BD38B5F8
:101CA00005000C002100A620AA68904732BD38B577
:101CB00004000D0069462000183002F051FA0100BE
:101CC000002901D0080003E0684600782880002041
:101CD00032BD13B5040001A92000183002F050FAFB
:101CE00016BDF1B50E0015001C0023009BB232009A
:101CF000290089B2A620009F3F69B847F2BDFEB512
:101D000084B00700049803906846048B6846858A6F
:101D1000200080B2FF21891C884204DB8020400023
:101D20006946088001E06846048068460388039A93
:101D3000290089B2A620FE68B047019001980028CA
:101D400017D17869804706000121A620BA6890471C
:101D5000029078698047801BA0214900884202D206
:101D600002980028F0D10298002802D00220C04337
:101D700001900398694609884018039068460088D6
:101D80002D1868460088241A200080B2002802D04E
:101D900001980028BCD0019807B0F0BDFEB5040042
:101DA0000D0069462000183002F0A0F9010000295A
:101DB00001D0080027E00020286002001300DBB2F9
:101DC000042B0DDA2B681F026B469C461300DBB216
:101DD0005E4263469B19DB793B432B60521CEDE767
:101DE000686003001800C0B204280BDA68680002BB
:101DF0006A461E00F6B27742D219D27802436A6070
:101E00005B1CEFE70020FEBDF8B507000C0069463B
:101E10003800183002F05AF90600002E01D03000C8
:101E20001EE000A9491C3800183002F02FF9050007
:101E3000002D01D0280013E021003800183002F0F6
:101E400035F90100002901D0080009E06846407812
:101E50006080608800026A4612781043608000202B
:101E6000F2BD1CB5040000206946087069462000D8
:101E7000183002F04BF916BDF1B582B00C00160017
:101E80001D0002980090A00409D52B009BB23200DF
:101E9000210089B2A620009F3F69B84708E02B00C7
:101EA0009BB23200210089B2AE20009F3F69B84743
:101EB000FEBDF5B583B00E001F0003980090B0047E
:101EC00009D53B009BB2049A310089B2A620009C40
:101ED000E468A04727E03B009BB2049A310089B236
:101EE000AE20009CE468A0470400002C1AD10098A2
:101EF0004069804705000121AE20009A9268904712
:101F00000190009840698047401BA0214900884209
:101F100002D201980028EED10198002802D00220B8
:101F2000C0430400200005B0F0BD7CB505000E00E4
:101F30006846290089B2090A01702900417002220D
:101F40000021684600F056F80400200080B2002806
:101F500002D0200080B206E02A0092B202213000B6
:101F600000F048F880B276BDF2B505002A0092B2C2
:101F70001021009800F03EF807003800C0B2002899
:101F800001D0012021E0114C10220021200000F09E
:101F90001FF806003000C0B2002801D0012014E074
:101FA0000020E072280080B2000A207328006073CD
:101FB00010220021200000F01DF801000800C0B22E
:101FC000002801D0012000E00020F2BDCC16002046
:101FD00070B506000D00140023009BB22A0092B2D7
:101FE00031000020F9F73DFA002801D0012000E07F
:101FF000002070BD70B506000D00140023009BB2D8
:102000002A0092B231000020F9F741FA002801D0ED
:10201000012000E0002070BD80B50020F9F74DFAE6
:1020200002BD00000348006800210175418201746F
:102030007047C0460417002080B500BF00BF024AA9
:1020400011001820ABBEFBE72600020010B5F3F725
:10205000D7F94D21425C0021BE238A4208D0046892
:10206000E45A240B05D1012424021B19491CF4E76E
:10207000FF21C8B210BDF0B589B000920F460546E9
:1020800005AE002110223046E5F7FEFF032430465E
:1020900039462246E5F7EEFF01AF284631463A467B
:1020A00000F0B2F9009839462246E5F7E3FF09B09F
:1020B000F0BDB0B50446EFF3108072B62546CE35BC
:1020C000A878F4F7EBF9D120205CF4F7E7F962B6D1
:1020D000A878FCF791FCCE2000212152A87AFF2895
:1020E00001D0F5F797FEFF20A872287A800701D566
:1020F000DEF717FFB0BDB0B50446D620205C8007E0
:1021000001D40020B0BD254684352846DEF70DFFFA
:10211000A16F2846DEF7E1FEA06F08300021DEF750
:10212000CCFE606FA16F6167A0670120B0BD80B574
:10213000DFF78EF880BD000080B50349096856318D
:102140000622E5F797FF80BD0417002080B5002127
:102150003422E5F799FF80BD10B5EF21425C91076D
:1021600001D5262100E027212523D40700D01946D8
:10217000002A00D11946A8228154A830417010BD10
:10218000074A126848321268002A07D053888342EF
:1021900002D193888B4201D02032F4E71046704779
:1021A000A8170020F0B585B00446408804252946CC
:1021B000F7F79CFB06468088800508D5608801F00B
:1021C000EFFF002839D0B0885E490140B1806088B7
:1021D0006A465080A1889180A279531E112B00D9A4
:1021E00067E0C0467B441B795B009F44646873458D
:1021F0004040868B45564C4C5A085008085026697A
:10220000677AF7F773FB0C237B43F1188F88628999
:10221000BF1AC088401F80B2874200DC3846A081C8
:10222000F35A6E463381B081488880187081162039
:10223000307088688018049078E0A1790C20092912
:102240007DD1217F10297AD1218B3F4A914276D1CD
:102250003E490968483109680029B8D062884B882E
:10226000934202D18A790F2A69D12031F3E7684677
:1022700008210170364804E06846082101702046B4
:102280000C3003903BE00B2A42D0202041E068460E
:1022900018210170217A017248E068460C21017012
:1022A0002DE0684612210170A068E1680290039158
:1022B0003CE0862043E068460221017036E0684633
:1022C000102101700021C9434181218901812046EB
:1022D0000C3023E06846062101700521C902818186
:1022E0000021C943418121890181207F102817D114
:1022F000204618300490022016E068460570A06859
:10230000029013E068460A210170218901810DE0E5
:102310000E2069460870207A0872E068039005E094
:1023200020460C30049010206946C8816846FFF7AB
:10233000C5F9002803D1207828432070002005B07B
:10234000F0BDC046FFFD00002A2B0000A8170020AA
:1023500008060020B0B504460020C04362788A42D7
:1023600012D9226A525C8A420ED04800616A0D5A24
:10237000E5F717FFC00821784A1DD040281A00B29F
:1023800005224243D0108840B0BD0000F8B5044695
:10239000F3F736F801464D20085C020200200D4B91
:1023A0000546AA4213D00E687619BE27F75B9F42F6
:1023B00003D0CE27F75D012F03D001263602AD19D9
:1023C000EFE7002C04D0C320305C411E8841F8BDEB
:1023D0000120F8BDFFFF0000B0B505460024DEF780
:1023E000FAFB01280DD1F5F70FFBEB21415CC90782
:1023F00007D0002D04D0EA3000780124044000E02A
:1024000001242046B0BD0000F0B58FB0029207460F
:1024100007A8019010250C4E2A46B0470BAC204669
:1024200039462A46B04703AF0026019821463A466E
:102430003346FBF7A1FE029839462A46024B9847DD
:1024400030460FB0F0BDC04675800510F0B582B0C3
:1024500000901B4802689C20019012589268D6692F
:102460003279002A29D0002407253268505D802661
:1024700007467740FF09B94214D07F273840009BB8
:1024800098420FD9002757550D4A1268019BD25820
:102490009268D2691268535D471E1F43002900D01D
:1024A0003743575506480068019A80588068C669C6
:1024B00030790835641C8442D7D302B0F0BDC046E1
:1024C00004170020B0B584B00B46024606480068E9
:1024D0009C214158C868096903AC01250095019405
:1024E000F2F7F6FD04B0B0BD04170020002908D0B3
:1024F000002809D08BB2202B04D3006820390B04AC
:10250000F6D100211180704700207047F8B50446CD
:102510000588F7F7E6F901462846F7F7E7F9054693
:10252000204601F051FE1D2803D0232801D01B288E
:102530000ED16188EA88914205D8032903D3232864
:1025400067D1042965D82046F6F7E8F80020F8BDE1
:10255000204601F039FEA988CA066ED5012802D0AE
:10256000AA78904269D110208143A9806A8929897B
:1025700003263046FBF718FB6188E888009181420A
:1025800000D99AE0204601F01FFE421E0121CA41F7
:102590000023102A00D988E092001F4601A39A5810
:1025A0003B4697465B2607105F2607106B260710F1
:1025B00089260710E9250710B1260710B126071054
:1025C000B1260710E925071057260710AB2607107C
:1025D0006326071057260710AB260710AB260710F7
:1025E000AB260710B1260710092802D1009904294B
:1025F0005BD3112802D10098062856D3A089401C2D
:1026000081B2204601F0E5FD3B4600284DD0014651
:1026100043E01D280DD1A888800612D46A89298933
:10262000022001F0E3FB00284CD1A88820210143BF
:10263000A980204601F0DDFDF8BD204601F049FEED
:10264000F8BD08354220032102222B46F3F7C0FBD8
:10265000002837D177E70B4627E0052325E03346EE
:1026600023E0009B042B1FD91FE0009806281CD3F1
:10267000A089401C81B2204601F0ABFD01280BD09F
:1026800002281AD1122108E0009802280DD3009BDD
:10269000581E800708D108E00421009EB01EECF708
:1026A000F8FA0029334600D000230098984204D15C
:1026B000074801682046884702E0204601F01CFEDA
:1026C000842801D18420F8BD0020A870F8BDC04640
:1026D00020060020F0B587B004460588F7F701F919
:1026E00001462846F7F702F905462046FEF734FB77
:1026F0000646FEF737FB0F2819D11E2E47D0402083
:10270000304044D105212846FEF7B0FB002845D0D3
:1027100007460021062230463B46FEF75DFB6889EE
:10272000394601F06DF90746002834D12FE00195B4
:1027300000251E2E2F4616D0402006402F4612D1CF
:10274000019B9888C00718D15A89198900263046FC
:1027500001F04CFB0746002805D1019A9088012121
:1027600001439180374602A8058006950595019999
:1027700004910394F7F7CCF80DE0083342200321CD
:102780000222F3F725FB002801D0842703E020462E
:10279000F5F7C4FF0027384607B0F0BD8827FAE7F1
:1027A00080B5827ADD2A23D18A1F042A1ED8D2213D
:1027B0007A44127952009744180211070A00817C6A
:1027C0008A0702D5D32110E0817C49070CD460210F
:1027D000415CC90704D1FDF709FE80BDD42104E0A6
:1027E0000121F6F7D2FA80BDD5218172F6F718FAE9
:1027F00080BD00207047002070470000F8B50446F7
:1028000014206043144B1B68DD6A2D18A878460716
:102810008120002E1FD5AE79761C8E4201D0012971
:1028200019D1E979914216D1AE1CAF1DE81D009077
:1028300018462146F3F734FC0020387000990870E0
:102840003178FB220A40327029794A1CD1B2914278
:1028500000D001212971F8BDAC170020F8B515464C
:102860000E4604465068407A009006211046FAF75A
:10287000C2FD074608212846FAF7BDFDB91EE172E0
:102880006072009A2272320AE271A671000AA07286
:10289000CAB2A8890C34801D81B228462346FAF7B3
:1028A00083FDF8BD907151719078042101439170BE
:1028B00070470000F0B585B0174603910446506894
:1028C000407A04900621164D1046A8470290082130
:1028D0003846A84701900A213846A84706460C21E9
:1028E0003846A8472A4605460E2138469047607468
:1028F000290A2174E573310AA1736673019A110ADA
:102900002173E272029A110AA1726272039A110A89
:10291000E171A27104992172000AA07405B0F0BDA2
:10292000F7D30610F0B585B01E4604920D46074653
:10293000FAF71EFD00280FD00446039640791226B0
:10294000A8420AD10499022907D8A078800707D4A1
:10295000012907D0042006E00226304605B0F0BD6C
:102960000C26FAE70220002900D108460290821DB9
:102970000026304639460192F5F79AFE002827D006
:102980000746406801210172786845720298801CF0
:1029900082B20621384600F0DBFE08213846049D4D
:1029A0002A4600F0D5FE002D05D00A213846029AAD
:1029B000039BFAF70DFD0198788005203946FDF755
:1029C000E1FA002806D03846F5F7A8FE8126C4E7CC
:1029D0008826C2E7A671A078FB210140A170BCE760
:1029E000F0B581B00D460646002A08D0002E2AD048
:1029F00090B2202806D33668203A1004F6D1002E73
:102A000021D00022002B20D02020841AA0B299B21D
:102A1000884200D31C46A7B290B23018011D284648
:102A20003A460093E5F726FB009B1B1B180404D0D5
:102A3000ED1936680022002EE6D198B2002805D0A4
:102A40007E20C04302E0812000E00020C0B201B03F
:102A5000F0BDF0B581B006465009040604D0002E42
:102A60002DD03668401EF8E71C465B1E2046984174
:102A7000002C1FD0002E1DD01F2002402020851AC0
:102A8000A8B2A3B2984200D325460095AFB2B018C1
:102A9000001D3A460D46E5F7EDFA0098241AA1B25A
:102AA0004A1E08469041002904D0E91936680022E0
:102AB000002EE3D1002803D07E20C04300E0812017
:102AC000C0B201B0F0BD0000FEB58124002832D0B4
:102AD0000646029101941948006800680090501E53
:102AE0001F2101434C1CA7B2304601F01AFC0546D9
:102AF00087420CD9601B81B20298FDF7F5F90028D6
:102B0000019C18D001463046FAF75CFC12E0AF4257
:102B100010D20098C06831463A4601F00EFC0446D7
:102B2000781E4009691E4909081A81B2029800F00E
:102B3000F5FD00E000242046FEBDC046B017002091
:102B4000902140580188012008407047F0B587B0B7
:102B50000F460146007900260C9C00282FD00390D8
:102B6000086804914968059206AD009301953A46BC
:102B7000059BF2F7ADFA002821D0029005940D9A3A
:102B8000049C236806A90978CD005B19DB791370D2
:102B90000398401E0390C0B2814223460BD01D68AB
:102BA000CEB2F600AF19BA68FC68AA517C60491C25
:102BB000CAB28242F3D103981871029E059C267016
:102BC00007B0F0BD002801D03020704720207047AA
:102BD0004721890000224250401801210904416028
:102BE000704780B5FAF714FF00788006C00F80BDEB
:102BF00010B50146002005A20346042B04D0D45C86
:102C00005B1C8C42F9D1012010BDC0460100161F8B
:102C1000942140580088C005C00F7047084A1268C8
:102C200034321268002A07D01389834202D15389B3
:102C30008B4203D01032F4E7FF2070475078704782
:102C4000A8170020F0B5A1B0042900D0DEE00746A7
:102C500001F098FB6E4C6F4E012800D0A0E00BAD48
:102C60006D4914222846DDF70DFD10A834460026D4
:102C700044223146E5F708FA012021462A4600F0B1
:102C8000E3FF00280FD004463846FEF75FF961687D
:102C9000096A8B686149C97A49084A1C0421FEF710
:102CA00067F910A90874042104973846F6F71EFE48
:102CB00010A9097C012903D180880006800F06D164
:102CC00057480168833110A81022E5F7D3F9012095
:102CD0000390F6F7EDFE054610A812300290059617
:102CE0004B4C002D34D0B7B2632F31D8287804284C
:102CF0000BD0022827D16868017D102921D1008AD4
:102D0000494988421DD103981CE06868017D10295B
:102D100019D1008AA04216D104982946FEF709F974
:102D2000044602980090E2B202213223384601F0B4
:102D30002FFB0598012801D110A84474761C344C4F
:102D400001E0002005902846F7F720F80546C8E77F
:102D5000012109AA08AB049F384601F02FFB002887
:102D60001CD1B0B240002F4940188008133082B205
:102D700008A8017809A810AB01F056FB00280DD077
:102D8000044606AD09A906222846E5F773F9AC7199
:102D90004220042107222B46F3F71AF81D4E1C4C43
:102DA0000120F6F785FE0546002812D02878042871
:102DB0000BD16868017D102907D1008AA04204D197
:102DC00000223846294601F061FB2846F6F7DEFF6F
:102DD000E9E710AC104914222046DDF753FC01202E
:102DE0003146224600F030FF00280FD00446384616
:102DF000FEF7ACF80949C97A6268126A92680092D3
:102E000049084B1C0421002201F0C2FA21B0F0BD98
:102E100002290000FFFF0000E4ED041090140020E0
:102E2000A8170020FEFF0300052A0000F8B50D4694
:102E3000064600921468002C11D02746E4693888B1
:102E4000B042F8D13846F6F74CFDA842F3D10098CD
:102E5000394600F03DF83846F5F760FCEBE7F8BD81
:102E6000F8B50D460446194E376848373F68002FBD
:102E700010D07888A0420BD1B888A84208D1387801
:102E80001821014339700C20ECF7C2FFDCF7E4F99C
:102E90002037EBE7042D17D13068816D0B46002BEE
:102EA0000BD01A469D680023002DF8D0AB88A342B2
:102EB0002B46F4D1AB689360F1E7002904D08A88EF
:102EC000A24201D189688165F8BDC046A8170020DB
:102ED00003688B4209D01A46DB698B42FBD1CB6970
:102EE000D361002B07D11C3204E0CA690260002ABA
:102EF00001D1024642600020C861704710B5084BFE
:102F00001B681B68EFF3108472B640001C5AA41AA9
:102F10001C524800195A8918195262B610BDC04691
:102F2000B017002080B50349096866310622E5F72D
:102F3000A1F880BDA417002080B50349096860315D
:102F40000622E5F797F880BDA417002080B5034955
:102F500009680622E5F78EF880BDC0469C17002060
:102F6000F8B50C460720C0430C4E05460835182D11
:102F700010D03168A827C95908180A3006222146FE
:102F8000E5F78FF800282846F0D13068C059405D39
:102F9000C00601D40020F8BD0120F8BDB417002000
:102FA000F0B5A1B0044601F0EDF9012814D107A84D
:102FB000454914252A46DDF765FB02A843492A4600
:102FC000DDF760FB44200F9001210DAA0CAB2046D9
:102FD00001F0F4F9002801D021B0F0BD0CA801786F
:102FE0000DA80FAA10AB01F062FA0028F4D10F98D7
:102FF0004428F1D80120364D02AA294600F024FECB
:10300000002810D006462046FDF7A0FF10A90A7C34
:103010003049C97A73681B6A9B68009349084B1C46
:10302000042101F0B5F92C480168833110A8102261
:10303000E5F737F800281FD0012007AA294600F03D
:1030400003FE0028C8D000F01FFE0028C4D00546AB
:1030500004212046F6F74AFC818840220A438280F8
:1030600010A8427C2046294601F010FA0B20ECF70C
:10307000CFFEDCF7F1F8AFE70120F6F719FD0646C1
:1030800010AD12350027002EA6D0B8B26328A3D801
:103090003178042912D171680A7D102A0ED1098A6B
:1030A0000E4A91420AD1022132222B46FDF760FFDF
:1030B00002462046314601F0E9F97F1C3046F6F71A
:1030C00065FE0646DFE7C046F8ED0410E4ED0410A7
:1030D000FFFF000090140020A81700200229000024
:1030E0007047FEB5144601910646FDF7BDFF274621
:1030F00044372046FDF7BEFF002811D16078C00696
:10310000F7D502AD384601992A46FAF713FF022295
:1031100028463146E4F7C5FF0028EAD10020FEBD6D
:103120008120FEBDF8B5144606460846FAF7EEFCC7
:1031300030214156002905D42C300078022803D1D3
:10314000122518E0022516E0CFB2002538462946A0
:10315000FAF70FFD38462946FAF702FD01462B30F3
:10316000002E01D0057006E00122027010311022FD
:103170002046FCF726FE2846F8BD00001F2101402E
:1031800001228A40EFF3108172B6054909684009AF
:103190008000081801691143016162B67047C0469A
:1031A000B8170020FEB50191032002900027304A95
:1031B0003D4616461068A8240059C019801C0622F6
:1031C0000199E4F76EFF002831D0029803283246B7
:1031D00009D110680059C05D8006800F01D003201E
:1031E00000E0E8B2029008376D1C032DE1D11068B1
:1031F0004125415DA830022936D80299CF000068E8
:10320000C019801C164606220199E4F733FF306886
:1032100000591021C1550298C2B200200121154B5E
:10322000F5F74AFF3068415D491C4155FEBD3068E5
:103230000059C35DCF211940103103221A40531C9D
:10324000032A02D0DC2421401943C155032A00D1AE
:10325000134609A0C05C7D21CB004343EAB20020A5
:103260000121F5F729FFFEBD01210172FEBDC04617
:10327000B4170020B80B000003050A1441000A4AE5
:103280000A4040080949014088188100084A0A405C
:1032900080080849014088180101074A0A400009CE
:1032A0000649014088187047AAAA01005555000038
:1032B000CCCC070033330000F0F000000F0F00000B
:1032C0007047000004280AD003280ED0022812D12B
:1032D0002B291CD94F20C0432430022210E048087B
:1032E000E62814D904220C480AE008092C280ED933
:1032F0000622084804E0502909D34F20C043032286
:103300004018D040FE2803D90020C04300E0002030
:10331000C0B2704730FDFFFF32FEFFFFFEB5846F85
:10332000267D8A1B457A00D25219D3B2174F3F7FB0
:10333000AF4200D32F46BB4224D20293254622350A
:103340000F462346423329780191697800911B7812
:1033500039460125BE422E4608D919466A23C05A6D
:10336000238CC01A0B463946464246410298854096
:103370000198054206D00098054003D18B4201D048
:10338000002E00D1FF22D0B2FEBDC0469014002016
:10339000F0B581B002798A4214D9521E0092D3B29C
:1033A0008B420BD00468CDB2ED006619B768F268A5
:1033B00067517260491CCAB29A42F3D100990171F7
:1033C000012000E0002001B0F0BD704710B50446B8
:1033D000124800683D21415C890604D53D300A2130
:1033E0004056002800D410BD0D48006800698021B7
:1033F0002A220223F4F748FA0028F4D00146047286
:103400001020C871032088713E2048710420087183
:10341000200A48728020F4F7C1FA10BD041700207A
:10342000A0170020B0B5EF22825C4018A821415CB3
:10343000A830002A0FD00323DB4325395B1C0FD2B1
:10344000491CCCB2032C00D10021CCB21546E5407A
:10345000EC07F3D004E02439CAB2032A00D10021DA
:1034600025310170B0BDB0B500249BB2042C0BD047
:1034700005688D4205D14568954202D105899D4276
:1034800002D00C30641CF1E7E0B2B0BDF8B5009298
:103490003024025D032A0BD805463035561C2E70A9
:1034A0000C24544301510019038100994160F8BD77
:1034B000541EE2B205461646002EF1D0EF682C6984
:1034C0002F606C60AC8A2C810C35761EF4E700000E
:1034D00002480068006A8005C00F7047041700208A
:1034E000BFB50C460546F1F73BFD3621405C002890
:1034F00001D0002011E00A4800689C214058C06BB0
:103500000168486A896A03AA012300930192FE2296
:1035100095432A462346F1F7DBFD04B0B0BDC04613
:103520000417002080B508468978C91CF7F7F7F919
:1035300080BD80B50846C978027912025118491D2C
:1035400089B2F7F7ECF980BD80B508468978C27872
:1035500012025118091D89B2F7F7E1F980BD000088
:10356000D2B2203A03D3010091400020704752426A
:10357000D0415242203291404140D04090404140A1
:1035800070470000F0B587B01E46144605900C9AAF
:10359000002B03D0D06F1746154602E000251746D2
:1035A0001046C722825C012305980693FAF7A8FF0C
:1035B000002C01D0044602E0202104468C43002E5A
:1035C00011D06D35A978002904D0E9794B424B41DF
:1035D000069303E004218C430121069129780029F8
:1035E00001D108218C43C506E0B231463A46FAF7CC
:1035F000E5FF039006980028214602D010202146BE
:103600008143ED0F0491C8B231463A46FAF7D6FF2E
:10361000E1050022002901D4019512E00D998B8863
:10362000C988C91A0B0409D0FE22131A8DB2AB4205
:1036300029DA0399511A0122019203E001951549F3
:103640000C40114602940E9B8AB255425541059A90
:10365000921E561EB2412A4000D10398119D109E21
:103660000F9F0C18641C1C70002A049B00D1029B45
:103670003B8030802970069948424841002A00D199
:10368000019807B0F0BD069A534253410193049C40
:103690000390D7E7FFFE000010B504460120FCF7B9
:1036A0002BF9C0B22178EBF7F4FA6018407810BD1E
:1036B000024800689C214058006D704704170020A4
:1036C000F0B5114A891849094A1C94B2EFF31081E8
:1036D00072B60021002C13D003889C4210D8641EBF
:1036E00041680D4606D000260D462D68761CB7B2FF
:1036F000BC42FAD82C68446000242C609A1A0280DC
:1037000062B60846F0BDC046FFFF1F00002100283A
:1037100002D00068491CFAE788B2704710B50B4A1E
:1037200012681268EFF3108372B64300D05E44183B
:10373000D4520BB2C318012B02DB4342C10B194018
:10374000D0880818D08062B610BDC046B0170020DF
:10375000E0B501AB1A70120A5A700222F9F738FE6E
:103760008CBD10B50024C46100F0C4FE842800D0D4
:103770008124204610BD002070470001002900D0A0
:103780000830C0B27047BCB50024214620460D4623
:103790000094C0B2214622462346DCF772FCC21CCC
:1037A000691C0120002AF2D1E8B2BCBDB0B594B0CA
:1037B00004464178012529403E306A46F6F70AFC66
:1037C00000280CD1694650222046E4F76AFC002804
:1037D00008D06946487828403E3100F076F8607895
:1037E000102801D2002002E0204600F0F5FE14B0BF
:1037F000B0BD0000F0B59DB00193009202900CAEF8
:10380000102403940125204F304622462B46B8470A
:1038100030461030009922462B46B84730462030BB
:10382000019922462B463C46B84730463030229913
:1038300003222B46B8473320239931543046343085
:10384000249906273A462B46A0473046333025991F
:10385000C17130463B3026993A462B46A04704AF0B
:1038600038460299039A2B46A047412108AC3046BE
:103870003A462346FCF730FD27982146039A2B460B
:10388000014CA0471DB0F0BDB59D0610F8B514461B
:103890000D46064600F0ACFE671C204600F0AEFE6A
:1038A00000280BD1062228463946E4F7FAFB002807
:1038B000F3D12078B042F0D10020F8BDB320F8BD9C
:1038C00080B50220DCF744FC80BDF0B595B00C4615
:1038D0000546FDF7C9FB01AE3E36B32701A8FDF74B
:1038E000C9FB002810D1062230462146E4F7D9FB57
:1038F00001A9497801220A40AA42EFD10028EDD15E
:10390000FFF7DEFF0027E9E7F8B215B0F0BDB0B56C
:10391000F5F764FB002811D0044600252946F5F789
:1039200059F900280BD0A17AF12905D1A17BCA074A
:1039300002D0890700D50020054600E00225284670
:10394000B0BDF0B583B002910646002A08D0002E23
:1039500033D090B2202806D33668203A1004F6D12E
:10396000002E2AD00022002B019320D000271D46D4
:1039700090B21F2814D820218C1AA1B2AAB2914269
:1039800000D32C46A2B2B9B2029B59183018001DC0
:10399000E4F787FB00280FD12D1BE719002200E078
:1039A000203A280404D03668002EE1D100E0002738
:1039B000B8B2019B1B1A00E00346184603B0F0BDE5
:1039C00010B504460821F1F7A5FA044909686022F8
:1039D00000238B52486660314C8010BDA817002030
:1039E0001CB51F2903D801AA1180406805E0406872
:1039F00001AC2246FEF77AFD2188401800791CBDF3
:103A0000B0B50C4605464888001D81B22046F9F73E
:103A1000E8FC28462146FCF7B5FA002804D02046E9
:103A2000F4F77CFE8120B0BD0020B0BDFEB502934E
:103A300015460022884223D80C4616490F6860219B
:103A4000795A00291CD000920191FDF71FFA064611
:103A50002046FDF71BFA0199491E814200D3014619
:103A600089B2B2B28A420DD8786ED300C45CAC423F
:103A700004D1C0184368029CA34205D0761CF0E72D
:103A80001046FEBD0098FEBD03498A4200D10020C9
:103A9000FEBDC046A8170020FFFF000010B5044679
:103AA000FDF7F4F90649884207D0C200054B1B68B0
:103AB0005B6E9A185288A24200D0084610BDC046DC
:103AC000FFFF0000A817002080B500F0A9FD408886
:103AD00080BD80B5F9F7BEFC00788007C00F80BDBF
:103AE00010B580240C43F0F7ADFEB22144541520EC
:103AF000ECF78EF9DBF7B0FB10BD0000C01CC0B2C4
:103B0000042802D37E20C04302E0C1000148C8401F
:103B1000C0B27047B3B7B40010B50A48046838346F
:103B20002468002C09D02046FDF716F91E2802D083
:103B30004021084003D01C34F2E7002010BD0120D2
:103B400010BDC046A8170020E0B501A802210180E1
:103B500000900020044B01460246F5F753FE8638DC
:103B6000414248418CBDC046BBE1071070B5084DCD
:103B70002868846B002C0AD0E66928683830214612
:103B8000FFF7A6F92046F4F7C9FD3446F2E770BD09
:103B9000A8170020FEB50D460446FDF7B5FA00282B
:103BA00034D0AC4232D80646A0422FD32046FFF78D
:103BB00075FF04461648844228D0AE4200D32E46F4
:103BC0003046FFF76BFF13490F686026B95B4A1E4A
:103BD000824217D90190054602948BB26D1CAAB29D
:103BE0009A420DD2796EA0B2C0000818D20089188E
:103BF0000822E4F73FFA07480768B95B641CECE762
:103C0000029C0198C243A2185118B953FEBDC04688
:103C1000FFFF0000A817002010B504460846FDF776
:103C200035F908490968496E82B2D2008B5CA3421B
:103C300005D0421E00041046F6D1002010BD8818A1
:103C400010BDC046A8170020F0B585B014460D463B
:103C5000F5F72EFF06460020002E12D07188A942EB
:103C60000FD86F4630463946F5F734FF20463946BF
:103C700000F000FD002803D03046F6F787F8E9E7AA
:103C8000304605B0F0BD000070B58AB0054605A805
:103C900010A11422DCF7F6FC2878FE210140002454
:103CA000022914D12846F6F771F8054600280ED0EF
:103CB000287802280BD06E4628463146F5F70AFFD1
:103CC00005A8314600F0D6FC0028EBD12C46204652
:103CD0000AB070BDFB349B5F8000008000100000C4
:103CE0000229000010000000F0B585B015460191D2
:103CF00001460478002702230E20032C1A463E4674
:103D000012D30BD0042C58D1486801788C07C9070E
:103D10008A0F002C00D54C32411C02E04868411C3F
:103D20000278801C0E780778012D03D110461840C8
:103D3000184642D00320032D02D1082111403CD067
:103D4000042D02D10421114037D0052D02D140218C
:103D50000A4032D004A903AA02AB019C204600F01D
:103D6000A0FC022802D1002F0FD125E0012D00D0A8
:103D7000FF08052D0BD104A80078022805D102A860
:103D80000078022814D1002013E00E2015E0002056
:103D9000002F12D003A90978FA0703D0032901D212
:103DA00005200AE07A0708D5022908D20F2004E08E
:103DB000052001210F4000D1384605B0F0BD204656
:103DC000314600F094FCB62801D00020F5E70C2025
:103DD000F3E7BCB514464068202904D301AD2A4658
:103DE000FEF784FB298840180471BCBD10B5044659
:103DF00008461146FEF712FF80000019C1B20348C1
:103E000000680022024BF3F706FF10BDA817002040
:103E100030750000BCB514464068202904D301ADBC
:103E20002A46FEF763FB298840180471BCBDF0B533
:103E300089B00E46F5F7D2F8002825D005461C308B
:103E400005A90091FCF7C4FA74882B466833271D36
:103E5000B9B204223046F9F7BBFAFAB201AF0098C2
:103E600031463B4600F053FC08372046083081B20B
:103E7000082230463B46F9F7ABFA0C347480A86E42
:103E8000401CA866002000E0022009B0F0BDB0B5DB
:103E900014460A4605468089401C81B22846FFF731
:103EA00057FCA889C01C81B228462246FFF750FC67
:103EB000B0BD10B50C46C3688989007A4200481C21
:103EC00081B22046F9F784FA10BDF0B591B01F46D3
:103ED00003920291014600260C960B960A960996CB
:103EE0000DA810220092E4F7C5F80124169801905D
:103EF000380421D0A1B205AD02982A4600F0A3FCF7
:103F00000DA909AA2846049200F0ABFCB8B210280B
:103F10003D4600D3009D681E8008401CC3B2B6B267
:103F20000398801901998A19049900F0AAFC7F1B53
:103F3000A8B23618641CDBE711B0F0BDF0B59FB035
:103F40001C4607920991014600261296119610967A
:103F50000F960E960D960C960B961BA810220192AA
:103F6000E4F788F82599080A069013A8821C0592A0
:103F7000401C04900894200A03900A91481E0009EE
:103F8000C01C24990291C5B23746F8B2002185427F
:103F900042D91691159114911391012813D000283C
:103FA00020D113AC492020700D2204980999E4F720
:103FB00061F80A98E0730698A07317A810222146AA
:103FC000E4F758F821E013AC002110222046E4F772
:103FD0005BF8089A62700398207005980799E4F7D7
:103FE00049F80CE0B0B2029909180A9A141A102C78
:103FF00000D3019C13A82246E4F73CF836190BA81D
:1040000013A917AA042300F03CFC17A81BA90BAAAC
:1040100000F027FC7F1CB8E713AC0998224600F09B
:1040200012FC1BA90FAA204600F01BFC0B990F984D
:1040300048401FB0F0BD0000F2B5040016001D009E
:104040002B009BB2320068460188A0686768B847B9
:10405000F2BDF2B5040016001D002B009BB2320029
:1040600068460188A0682768B847F2BD38B50500E2
:104070000C000123220017212800FFF7DDFF002894
:1040800002D00020C04300E0002032BD38B505005A
:104090000C000123220015212800FFF7CDFF002886
:1040A00002D00020C04300E0002032BD38B505003A
:1040B0000C000123220016212800FFF7BDFF002875
:1040C00002D00020C04300E0002032BD38B505001A
:1040D0000C000123220014212800FFF7ADFF002867
:1040E00002D00020C04300E0002032BD38B50500FA
:1040F0000C000823220018212800FFF79DFF00284C
:1041000002D00020C04300E0002032BD7CB5050095
:104110000E00124C01236A4621002800FFF78CFF95
:10412000002802D00020C04316E068460078FE2137
:10413000014030780200D207D20F0A43684602706D
:1041400001236A4621002800FFF783FF002802D0E0
:104150000020C04300E0002076BD000006200000E3
:1041600038B505000C000123220000212800FFF7CC
:1041700063FF002802D00020C04300E0002032BDD1
:1041800038B505000C000123220000212800FFF7AC
:1041900060FF002802D00020C04300E0002032BDB4
:1041A0000849096834310968002907D00A89824220
:1041B00002D14A89042A01D11031F4E7484248412A
:1041C0007047C046A817002080B5818900F001F82B
:1041D00080BD1CB51F2903D801AA1180406805E0E5
:1041E000406801AC2246FEF781F921884018007929
:1041F0001CBDF0B585B0044605888089461C204664
:1042000000F049FB232810D0B1B21B2822D1204650
:10421000F9F7F1F80146284600F042FB00283DD0AE
:104220002046F4F77BFA002550E06788B1B22046BB
:10423000B9422AD2F9F7DFF80146284600F030FBF0
:104240000028EDD1B01C81B22046F9F7D4F830181F
:10425000061DEBE72046F9F7CEF80146284600F0A8
:104260001FFB002824D06E4675802046F5F739FBE9
:10427000B0801E2030703046FDF720FA0546002839
:1042800020D12046F4F74AFA1CE0F5F72AFB024653
:104290000A202946234600F029FB12E02046F5F7C4
:1042A00020FB02460A202946234600F051FB08E085
:1042B0002046F5F716FB02460A202946234600F061
:1042C00079FB0546002D01D07B20C543E8B205B03F
:1042D000F0BD1CB50446008801AB188042200221C5
:1042E0000A46F1F775FD002801D084201CBD204648
:1042F000F4F714FA00201CBD10B50488F5F7F1FAA4
:1043000001462046FDF73CFF002808D0017818221E
:104310000A4302700C20EBF77BFDDAF79DFF0020CB
:1043200010BD002806D000210068491C0028FBD1E0
:10433000480100E0002080B2704770B500240029D9
:104340000AD000260D460968334620339EB29642B5
:104350000ED20029F6D101E023462546D11A89B2B2
:10436000FFF7AEF9286000280AD17920C44307E09E
:10437000002904D0F9F741FE00242C6000E000245D
:10438000E0B270BD80B5FFF7C2FA4142484180BD3E
:10439000B0B54843C408A4B29C420ED8049B07257C
:1043A00028402025691A0025ED43CD402A4082404F
:1043B0008540185DA84310431855B0BDF8B51C469C
:1043C00015460F46F4F70AFE002816D00646811C53
:1043D00006222846E3F74EFE707869460870002FE3
:1043E0001FD000281DD0012809D1F1798A090120A8
:1043F000022A16D8402903D213E00220F8BDF17931
:10440000C0200840402808D1694630462A4600F0BE
:1044100003FB002803D08120F8BD8620F8BD684644
:10442000007820700020F8BDF0B585B01E46174614
:104430000D46044602AA08462146FFF727FA00283F
:104440000BD10498B84206D1BAB20C203146DBF742
:1044500065FE002816D0FFF733FA019602AE3570DC
:10446000701C06222146E3F705FE049730460199A9
:1044700000F0E9FA002805D0064628462146FFF755
:1044800024FA00E00026304605B0F0BDBCB5144665
:104490000D46FCF75BFD696889698B888968009126
:1044A00003210C4002212246FFF772FFBCBDB0B5CC
:1044B00098B01C46154601AAF5F78CFD002816D1C8
:1044C00001A94A78012010403E3115AAFFF7DEF914
:1044D000002801D0B3200AE029681798884201D942
:1044E000872004E0286081B2204600F0B8FA18B0B6
:1044F000B0BD0000F8B506460088F9F707FB0028B4
:1045000012D0044607462C37EFF3108072B63D46B2
:10451000543528463146FCF773FC3878032805D11A
:104520002046F0F727FD1AE00220F8BD787D284EDE
:104530003168497B884212D1E3F733FE316809685C
:10454000C943401801218902401808D55C20385C15
:10455000400604D4204600F08DFA002802D062B64E
:104560008420F8BD2046EBF7E3F9064620462830C4
:1045700086420AD001212046F8F799FF8642EED004
:104580003078102101433170E9E7124800688C212E
:1045900040582E68318AF28951181F220A40171894
:1045A000BD1C20462946EBF7E9F92046314600F0CC
:1045B00067FAE667F8780028D1D001212046F3F7A2
:1045C0001FFB0128CBD16878001D6870C7E7C04683
:1045D0000817002004170020E0B5014600200090D5
:1045E00050220346DBF71FFDFFF788FA8CBD000061
:1045F0000148002101707047D9170020BCB503465F
:10460000064D28780C210091012400222146DBF779
:1046100038FD2C70FFF772FABCBDC046D9170020D8
:10462000F8B5047802252146294302291ED1FCF75A
:10463000B3FC0F49096860228B5A401C82B29A422F
:1046400010D2002C08D0022CF7D1D7004E6EF75DA7
:104650002F43022FF1D106E0D7004E6EF75D002FF9
:10466000EBD100E04E6ED00080190838F8BDC0468E
:10467000A817002080B5027C0B7C9A4206D1202A24
:1046800007D0102A09D18989808908E00020C04319
:1046900080BD1022E3F705FD80BDC968C068401ADF
:1046A00080BDF8B51C4616460D46002129701170D4
:1046B0001970F4F793FC002817D0074601212970E0
:1046C000807AF12810D1009100213846F3F7C7FF16
:1046D0003070012809D102202870F97A4907890F22
:1046E00000D10098207000E031700020F8BD10B5B6
:1046F0000C46F4F773FC002805D0817AF12902D129
:10470000007CA04201D2B62010BD002010BDF0B543
:1047100095B00193174603910025149513951295B2
:10472000119511A90DAC04902246FDF76DFE0F20E6
:104730000290265609A9204600F0E8F9002E67D419
:1047400009A80299445605A900F0E0F9002C6CD4A0
:1047500011A8002410222146E3F796FCFDB2112D8A
:1047600021D3201D81B210220DAB0398F8F71CFE57
:104770000020102807D00DA9095C11AA135C4B403A
:104780001354401CF5E711AD0DAE0498294632468E
:10479000FDF73AFE102228463146E3F76BFC103F46
:1047A0001034A4B2DAE7102D08D1201D81B21022F6
:1047B0000DAB0398F8F7F8FD09A814E00DA8002147
:1047C0001022E3F761FC380608D00DA8431B103314
:1047D000201D81B203982A46F8F7E6FD0DA8401B7C
:1047E0008021C17305A8019A0021102909D00DABC1
:1047F0005C5C435C634011AD6C5C5C406C54491C78
:10480000F3E711A90498FDF7FFFD002015B0F0BDF6
:1048100011A8872101700F2D92D009A8415D11AA1E
:10482000525D4A4042556D1CF5E711A88721017081
:1048300000200F288CD005A90A5C11AB1B5C5340EB
:104840000B54401CF5E7B0B514460D460146012057
:104850001070501C0D22E3F70DFCE573280AA073BD
:10486000B0BD70B514460D46064600F064F900234D
:10487000304629462246F9F77FFC204600F05BF9D6
:1048800070BDB0B5002B05D010C920C8654020C24E
:104890005B1EF7E7B0BD80B5818900F059F980BD96
:1048A000BFB5044600F064F90546002806D10E485D
:1048B000014600F05DF90546002802D0287802285C
:1048C00001D200200DE003A902AA01AB2046FFF7A8
:1048D000E8FE002804D1287802A909788142F0D2A4
:1048E000C02004B0B0BDC046FFFF0000F8B50546CB
:1048F000C00621D40E46134800685221405C0024B3
:1049000000071AD5174600930F4800686907C90EBB
:1049100040180069142203232946F2F7B5FF002846
:104920000DD001460098C8604F810E81074848604D
:104930002846F3F733F800E086242046F8BD072424
:10494000FBE7C04604170020A017002081EC0710E9
:10495000F8B50546C00621D40E461348006851211B
:10496000405C002440061AD5174600930F480068A3
:104970006907C90E40180069102203232946F2F77F
:1049800083FF00280DD001460098C8604F810E813A
:10499000074848602846F3F701F800E086242046DF
:1049A000F8BD0724FBE7C04604170020A01700202D
:1049B00085ED0710F8B50546C00621D40E4613480C
:1049C00000685121405C002480061AD517460093E8
:1049D0000F4800686907C90E401800690F220323B9
:1049E0002946F2F751FF00280DD001460098C86013
:1049F0004F810E81074848602846F2F7CFFF00E05C
:104A000086242046F8BD0724FBE7C0460417002093
:104A1000A017002059B3071070B594B014460E4685
:104A20004178801C6A46F5F7D5FA0546002807D17B
:104A30000020307069463E3106222046E3F71AFB1B
:104A4000284614B070BDE0B50B46014600890090C1
:104A500001200C22DBF7E7FAFFF750F88CBDE0B538
:104A600003460091022001210C22DBF70AFBFFF72D
:104A700045F88CBD942140580088C0B2C0097047E9
:104A8000FEB50C468821415C49060CD48830218A49
:104A90006288521A93B2C58DAB4209D9207AF722A7
:104AA0000240227201E0218A257B1020019005E05E
:104AB000E069431E9841000101901546002902D18A
:104AC000207A800701D4012000E0022002900E48E5
:104AD00000688C27C059001DE28951181F260E401E
:104AE000A9198AB2A16900F055F860612573064BD7
:104AF0001868C05930180199029A114381701868DA
:104B0000C0593018C570FEBD0417002010B50278DA
:104B100052000A70491C00220F2A0BD083185B78C0
:104B20005B008B548456002C02D5012423438B5404
:104B3000521CF1E710BD10B50F210246072906D01F
:104B4000435C147844541370521C491EF6E710BDA0
:104B50001CB51F2903D801AA1180406805E04068F0
:104B600001AC2246FDF7C2FC2188401800791CBD2B
:104B7000074A126858321268002A07D09388834285
:104B800002D153888B4201D00832F4E710467047B7
:104B9000A817002010B5521E1F2313439AB2531CAE
:104BA0009AB29A4201D000220DE053090A46002130
:104BB000541864684450091D2029F9D11168203027
:104BC0005B1E1C04F2D1104610BD0000B248006804
:104BD000802189010840704700B5B049096801404B
:104BE000814201D1012000E0002000BD81B0AC492C
:104BF0000A6802430A60096801400091009901B007
:104C0000704700B5A64909680140814201D10120E1
:104C100000E0002000BDA2490A6882430A60704794
:104C200000B5CC4909680140814201D1012000E072
:104C3000002000BD00B5C84909680140814201D18A
:104C4000012000E0002000BD38B5040080204000B5
:104C5000FFF7D7FF002805D040228021C90520009A
:104C600000F068FB0120FFF7CCFF002805D064228C
:104C70008C492000443000F05DFB0220FFF7C1FFAB
:104C8000002805D0642288492000A83000F052FB9B
:104C90000420FFF7B6FF002806D06422834986204F
:104CA0004000201800F046FB0020B8214900605069
:104CB0008025ED012800FFF7A4FF00280BD0BA20C3
:104CC00040002058002806D10120B821490060503A
:104CD0002800FFF7A0FFA1480068206431BD10B58F
:104CE00004008020C001FFF79BFF002805D024228C
:104CF0009B492000E43000F01DFB1020FFF790FFDF
:104D0000002805D05822974920008C3000F012FB73
:104D100080204000FFF784FF002809D0FFF756FFEE
:104D2000002805D13022904920005C3000F002FBC1
:104D30008020C000FFF774FF002805D03022C24950
:104D400020002C3000F0F6FA80208003FFF768FF87
:104D5000002805D02C228221C905200000F0EAFAA3
:104D600010BD10B504000120FFF764FF10BD10B5A1
:104D700004000120FFF730FF00280DD020229121F0
:104D8000C905CE204000201800F0D4FAA022AF4977
:104D90002000FC3000F0CEFA8020C002FFF71CFF9C
:104DA000002805D08822AA492000743000F0C2FAF9
:104DB00080204002FFF710FF002802D0A5480068BD
:104DC000206780204001FFF707FF002805D0182248
:104DD000A1492000583000F0ADFA0420FFF7FCFE96
:104DE000002805D02C229021C905200000F0A2FA4D
:104DF0000820FFF7F1FE002805D02C22974920005B
:104E00002C3000F097FA96480068DE214900605087
:104E100094480068E0214900605020480068E22181
:104E2000490060504B480068E4214900605010BDC3
:104E300010B500218C4A1268503A13680C00E4B295
:104E4000A4000351491C121D0B00DBB2142BF4DB30
:104E500010BD00B585490968016085490968416050
:104E600000210A00D2B2082A0BDA824A0B00DBB218
:104E70009B00D2580B00DBB29B00C3189A60491C00
:104E8000EFE77D4A126882627C4A1268C262D24AA7
:104E90001268026300BD000008004048500040480E
:104EA0005400404800200040005000400060004096
:104EB00070B5040080204000FFF7A3FE002805D055
:104EC000402221008020C00500F034FA0120FFF7C5
:104ED00098FE00280CD0666C606C012188436064E9
:104EE000674D642221004431280000F023FA2E602F
:104EF0000220FFF786FE00280FD0A8202658A82001
:104F0000205801218843A8216050A94D6422210026
:104F1000A831280000F00EFA2E600420FFF771FE81
:104F2000002813D0862040002658862040002058B4
:104F300001218843862149006050A84D64228620C3
:104F400040002118280000F0F5F92E60206C03497C
:104F5000086070BD580040486000404804100040A0
:104F600000700041006000410050004170B5040035
:104F70008020C001FFF754FE002815D0E4202658F9
:104F8000E420205840218843E4216050944D0C22B5
:104F90002100E431280000F0CDF914222100F43181
:104FA000A34800F0C7F92E601020FFF739FE002853
:104FB00005D0582221008C319E4800F0BBF980209A
:104FC0004000FFF72DFE002814D0FFF7FFFD00285A
:104FD00010D1E66DE06D01218843E065A44D2422E7
:104FE00021005C31280000F0A5F988202058A14953
:104FF00008602E608020C000FFF712FE00280FD04E
:10500000E66AE06A01218843E0620F4D2422210014
:105010002C31280000F08EF9A06DAC4908602E609C
:1050200080208003FFF7FCFD00280CD02568206855
:105030000121884320608226F605202221003000CD
:1050400000F078F9356070BD004000410000704804
:105050000000604800003048000020480000104870
:1050600030004048380040480000041008ED00E0DF
:1050700000E100E000E400E020ED00E010E000E0EE
:105080000020004010B504000120FFF7D3FD10BD43
:1050900010B50400DE20400020588D490860E02053
:1050A000400020588B490860E220400020588A497F
:1050B0000860E42040002058884908600120FFF77C
:1050C0008BFD002826D02022CE20400021189120E0
:1050D000C00500F02FF900208021490060508A218E
:1050E000490060509421490060509E214900605061
:1050F000A82149006050B22149006050BC214900FC
:105100006050C62149006050A0222100FC31744843
:1051100000F010F98020C002FFF75EFD002805D0E6
:105120008822210074316F4800F004F98020400289
:10513000FFF752FD002806D0D02040036A490860DE
:10514000206F6A49086080204001FFF745FD002874
:1051500005D0182221005831654800F0EBF80420F2
:10516000FFF73AFD00280ED0206A62490860606AA5
:10517000614908606069614908602C222100902023
:10518000C00500F0D7F80820FFF726FD00280ED054
:10519000E06C5B490860206D5A490860206C5A49F0
:1051A00008602C2221002C31584800F0C3F810BDB3
:1051B0000050004000B50021554A1268503A0B00DB
:1051C000DBB29B00C3581360491C121D0B00DBB2FD
:1051D000142BF4DB00BD000014E000E00060004090
:1051E0000070004130B501684A4A116041684A4A7E
:1051F000116000210A001300DBB2082B0BDA130048
:10520000DBB29B00C3189B68444C1500EDB2AD00A7
:105210006351521CEFE7836A414C2360036B414C9E
:105220002360414B1960C16A404B196030BD0000DA
:105230001070004100600041F7B504001F00089D98
:10524000099E00203A4988602000FFF7FDFC019884
:10525000FFF745FD0298FFF784FD3800FFF787FD53
:105260003000FFF7E5FD2800FFF7F3FDF7BD000074
:10527000005000412C500041F7B504001F00089D6C
:10528000099EB82040002058002807D00020B821EF
:10529000490060508020C001FFF7A8FC24488068C6
:1052A000002811D03000FFF785FF2800FFF79AFF94
:1052B0003800FFF7EDFE2000FFF7FAFD0198FFF739
:1052C00055FE0298FFF7DEFEF7BD00002C400041BE
:1052D000300040483800404850004048580040489E
:1052E0000000704800006048080030480000304866
:1052F0000000204820000048240000481400004816
:1053000020001048240010481400104800001048E5
:105310000000041008ED00E000E100E000E400E01F
:1053200020ED00E014E000E018E000E010E000E014
:105330000400002030B500239408A34205D29C004D
:105340000C599D0044515B1CF6E730BD0148804775
:105350000148004741290610C9650710A2490A689B
:1053600001239A4302430A6070476F4801689F4ACD
:105370000A400260704781B26C4A1160010C9C4A7D
:10538000116070476A490A6882430A60BC490A682A
:1053900082430A6070479748016808008003C00F85
:1053A0007047000080B5934800688003FBD5B5487E
:1053B000016802220A430260002100910099062937
:1053C00004DA00BF0099491C0091F7E70168042244
:1053D0000A43026001BDAB48016808000007C00F26
:1053E00070478448016810220A4302607047814870
:1053F00001680800C006C00F70477E4801680800B9
:105400008006C00F70477B48016804220A4302608F
:1054100070477848016808004007C00F704775481A
:10542000016808000007C00F704772480168B34A5E
:105430000A400260704700B5B149096801408142E5
:1054400001D1012000E0002000BD10B5EDF72EFADB
:105450008D490968814210D18C480468E1F7F0F960
:105460008B49E9F716FCC721C94348432018A549D1
:105470000968884201D2012000E0002010BDFEB57D
:10548000032000F063F90024824D200028706E1C78
:1054900020003070AF1C20003870FFF79CFF002800
:1054A00001D001202870FFF7A2FF00280BD00120B7
:1054B0003070802149010120E2F744F88021890100
:1054C0000120E2F73FF8FFF7A4FF002801D00120F8
:1054D0003870032000F03BF98B480121BA225200BA
:1054E00081508A4901918A4900918A4B8A4A8B49A5
:1054F000FFF7A2FE029402A8EDF708F88848FFF72C
:105500003AFF0020FFF72AFF8648016804220A4379
:105510000260052000F01AF9FFF797FF002801D17B
:10552000F6F7AAFCF7BD00000400504810005048F0
:10553000280050483EB57C4DA868002803D0EDF700
:10554000B5F951490860534C6078012805D1C02055
:105550008001FFF717FFFFF744FFA078012801D172
:10556000FFF751FF6F4801680422914301606748CB
:10557000019067480090674B674A68496248FFF7A7
:105580007BFE052000F0E3F8042000F0DFF8FFF7D1
:10559000ECFEFFF700FF0028FBD02078012803D1A4
:1055A000FFF700FFFFF741FF6078012803D1FFF705
:1055B00024FF0028FBD0A078012803D1FFF72FFF9C
:1055C0000028FBD00120FFF736FF002803D0574802
:1055D00000680F28FBD0A868002801D0ECF7EEFF88
:1055E000042000F0B4F837BD00005048FFFEFFFF74
:1055F00038005048000040481FB5002000F0A6F8D1
:105600000020244C0100217001006170A070FFF7A0
:10561000E2FE002801D0012020700021C02080017E
:10562000ECF741FF002000F092F837480124BA213E
:10563000490044503549019135490091354B364A6E
:105640003649FFF7F9FD3648FFF795FE029402A8A8
:10565000ECF75CFF0020FFF781FE3248016804226E
:105660000A430260FFF7F1FE002807D1022000F094
:105670006DF8F6F701FC022000F069F81FBD00008C
:105680002C005048080040487417002014E000E047
:1056900040420F00701700201CB5234CA068002862
:1056A00003D0EDF703F9224908601E48016804227F
:1056B000914301601548019015480090154B164A1A
:1056C00016491148FFF7D8FD012000F03FF8FFF719
:1056D0004CFEFFF760FE0028FBD01648007801283A
:1056E00003D1FFF75FFEFFF7A0FEA068002801D0FE
:1056F000ECF764FF012000F02AF813BDFFDFFFFF85
:105700006000404818E000E0700D00200013002009
:10571000F8140020A00B00206C170020E80E0020D9
:10572000FFFFFF0010ED00E00400002010180060F3
:10573000741700207017002080B500F009F8ECF70E
:10574000DEFE01BD80B500F00BF801BD704770476B
:1057500002480168022291430160704710E000E0B6
:105760000248016802220A430260704710E000E02C
:1057700002001000001D03688B431000001D036031
:10578000106808431060704781B079490A68024385
:105790000A60096801400091009901B0704781B02A
:1057A00074490A6802430A6009680140009100993F
:1057B00001B070476F490A6882430A60704770B54C
:1057C00000242600774D8220C005286076480168B5
:1057D0000A00521C026000291BD1280000F0F6FBD1
:1057E000002816D1280000F08FF8280000F0F2FD04
:1057F000002803D00720C04306000AE0002128004B
:1058000000F018FE002803D00720C043060000E087
:105810002600300070BD38B50024634801680029B7
:1058200011D00168491E0160006800280BD15D4D50
:10583000280000F0A1F8280000F02BF9002802D081
:105840000720C0430400200032BD70B506000D00E3
:10585000002480235B012A00310089B2514800F006
:10586000EBFA002802D00220C0430400200070BDE3
:10587000F3B583B017001E0000244A4D802040017C
:105880000290300080B20190009702236846028A9D
:1058900068468189280000F023F900280BD02800F1
:1058A00000F097FB042803D16520C043040002E008
:1058B0000320C0430400200005B0F0BDF3B583B061
:1058C00017001E000024374D802040010290300058
:1058D00080B20190009702236846028A6846818957
:1058E000280000F0CFF900280BD0280000F071FB51
:1058F000042803D06520C043040002E00320C04315
:105900000400200005B0F0BDF0B585B00700386890
:105910008221C905884220D10420FFF735FF0820E5
:10592000FFF732FF0124009412260196029400250D
:105930000395049569469020C005E1F721FC80207D
:105940000090019602940395049569461748E1F783
:1059500017FC80208003FFF722FF01211448FFF786
:1059600007FF80211348FFF703FF05B0F0BD0000DB
:10597000500040485800404810B50400206882217B
:10598000C90588420CD180208003FFF713FF012155
:105990009020C005E1F7E1FC80210448E1F7DDFC3F
:1059A00010BD0000AC120020881700200000104835
:1059B000200050482800504810B50400002C01D1A8
:1059C000012065E04120205C002805D10020402115
:1059D0006054200000F09CFD242041216054206888
:1059E00000680121884321680860606838490140E7
:1059F0002068016137482168896801402268916008
:105A0000E168012906D1A168802212020A432168B7
:105A10008A6005E0A168842212020A4321688A6034
:105A2000E168022907D121684968802212010A43EE
:105A300021684A6005E021684968274A0A402168D0
:105A40004A6021684968254A0A4321684A602168FA
:105A5000C96808402168C860206961690143A0697C
:105A6000000208432168C860E069216A0143206898
:105A70000160206800680121014320680160002066
:105A8000606420214122A1542063422160540020FF
:105A900010BD10B50400002C01D1012017E0242016
:105AA0004121605420680068012188432168086012
:105AB000200000F02EFD0020606401004122A1546E
:105AC000206301004222A15440216054002010BDF7
:105AD000FFFFFFF0FF7FFFFFFFF7FFFF00800002E7
:105AE000FEB582B004000F004120205C202800D0C9
:105AF000C5E00A98002803D06846808D002804D1AC
:105B00008020800060640120BAE04020205C0128F1
:105B100001D10220B4E0012040216054ECF7C6FE20
:105B2000060000961923012280210902200000F0BE
:105B3000EFFA002801D00120A2E021204121605489
:105B4000402042216054002565640A9860626846DE
:105B5000808D6085656301960C9800906846038A85
:105B600068468289390089B2200000F034FA0028A2
:105B700003D040202554012082E0608DFF280DD9FC
:105B8000FF2020850020009080235B04228DD2B26C
:105B9000390089B2200000F0FEFB0CE0608D20850A
:105BA0000020009080239B04228DD2B2390089B25C
:105BB000200000F0F0FB32000C99200000F0E9FA20
:105BC000002801D001205BE0606A007821688862CB
:105BD000606A401C60629548618D09186185218D5D
:105BE00008182085608D00282BD0208D002828D112
:105BF00000960C9B00228021200000F089FA0028EA
:105C000001D001203CE0608DFF280DD9FF202085C8
:105C10000020009080235B04228DD2B2390089B22B
:105C2000200000F0B8FB0CE0608D20850020009083
:105C300080239B04228DD2B2390089B2200000F06B
:105C4000AAFB608D0028B6D132000C99200000F02C
:105C5000D3FA002801D0012012E020202168C86179
:105C600021684968724A0A4021684A6041216054AB
:105C700028004221605440202554002000E00220EA
:105C800005B0F0BDFEB582B004000F004120205CDD
:105C9000202800D0C7E00A98002803D06846808DED
:105CA000002804D18020800060640120BCE04020F6
:105CB000205C012801D10220B6E00120402160547F
:105CC000ECF7F4FD06000096192301228021090259
:105CD000200000F01DFA002801D00120A4E02220BD
:105CE00041216054402042216054002565640A9897
:105CF00060626846808D6085656301960C980090AF
:105D00006846038A68468289390089B2200000F01B
:105D1000A5F9002803D040202554012084E0608D9F
:105D2000FF280DD9FF2020854248009080235B0486
:105D3000228DD2B2390089B2200000F02CFB0CE099
:105D4000608D20853B48009080239B04228DD2B239
:105D5000390089B2200000F01EFB00960C9B002247
:105D60000421200000F0D4F9002801D001205BE0DC
:105D70002068406A616A0870606A401C60622B4853
:105D8000218D09182185618D08186085608D002896
:105D90002BD0208D002828D100960C9B002280213A
:105DA000200000F0B5F9002801D001203CE0608D12
:105DB000FF280DD9FF2020850020009080235B0460
:105DC000228DD2B2390089B2200000F0E4FA0CE052
:105DD000608D20850020009080239B04228DD2B20C
:105DE000390089B2200000F0D6FA608D0028B4D1C5
:105DF00032000C99200000F0FFF9002801D00120AA
:105E000012E020202168C86121684968084A0A40D8
:105E100021684A604121605428004221605440209A
:105E20002554002000E0022005B0F0BDFFFF000077
:105E300000E800FE00240080F7B584B004001E00D6
:105E4000002502952F004120205C202800D0B6E0DC
:105E500020688069000401D50220B1E04020205C68
:105E6000012801D10220ABE0012040216054242010
:105E7000412160546564E068012806D16846808A43
:105E80008105890D4F48084305E06846808A8105F1
:105E9000890D4D48084321684860ECF707FD0390E1
:105EA0002068806901008906C90F68464171206831
:105EB00080690100C906C90F6846017168464079CA
:105EC000694609790143C9B2002925D10020C043A0
:105ED000864212D0ECF7EAFC0399401A864201D3BD
:105EE000002E0AD1202001004122A154616C0843F8
:105EF000606440202554012062E020688069010030
:105F00008906C90F68464171206880690100C90689
:105F1000C90F68460171D1E71020216889690140E5
:105F200000291DD103980090330000222021200079
:105F300000F0EEF800280AD0606C042804D120207C
:105F40002168C86165641DE0012007001AE0202077
:105F50002168C861412160544020255400202FE071
:105F60002168C8610398009033000022202120009E
:105F700000F0CEF8002802D00120070002E0202027
:105F80002168C8610298401C0290029806998842D4
:105F900005D23800C0B2012801D1280007000298BC
:105FA0000699884200D266E7202001004122A154D0
:105FB000616C0843606440202554012000E0022009
:105FC00007B0F0BD00200002002800024121405C23
:105FD0007047406C7047FBB504001700089E099D90
:105FE0004048009080235B0468460289D2B268462C
:105FF0008188200000F0CFF92A003100200000F055
:10600000C8F8002801D0012027E06846008901284F
:1060100004D13800C0B22168886212E0380080B232
:10602000000AC0B2216888622A003100200000F016
:10603000B0F8002801D001200FE03800C0B221687C
:1060400088620095330000228021200000F060F873
:10605000002801D0012000E00020FEBDFBB50400B7
:106060001700089E099D1F4800900023684602897A
:10607000D2B268468188200000F08DF92A003100F4
:10608000200000F086F8002801D0012027E06846B3
:106090000089012804D13800C0B22168886212E06A
:1060A000380080B2000AC0B2216888622A0031003C
:1060B000200000F06EF8002801D001200FE0380029
:1060C000C0B2216888620095330000224021200080
:1060D00000F01EF8002801D0012000E00020FEBDE5
:1060E000000000000020008000B501688969890770
:1060F00002D50021026891620121026892690A407A
:10610000002A04D10268926911430268916100BDBE
:10611000F4B504000D001F00069E20688069284029
:10612000A84201D1012000E0002069460978884298
:106130002DD132003900200000F08CF8002801D069
:10614000012025E00020C0438742E6D0ECF7AEFBFB
:10615000801B874201D3002FDFD12068806928404F
:10616000A84201D1012000E0002069460978884258
:10617000D3D12020616C014361644121605400202F
:1061800001004222A15440216054012000E000207F
:10619000F2BDF8B505000E001700022428688069DA
:1061A0002040002826D13A003100280000F052F8A3
:1061B000002801D001201EE00020C0438642ECD020
:1061C000ECF774FBC01B864201D3002EE5D1286892
:1061D00080690440002CE0D12020696C014369648F
:1061E00041216854002001004222A95440216854F2
:1061F000012000E00020F2BDF8B505000E001700F8
:106200002024286880692040002821D13A003100EC
:10621000280000F01FF8002801D0012019E0ECF759
:1062200045FBC01B864201D3002EE9D12868806956
:1062300020400028E4D1686C2043686441202C543D
:10624000002001004222A95440216854012000E0AE
:106250000020F2BDF7B584B00400002720688069F3
:106260000390002506980190102003990140002911
:1062700053D02168C86120262068806930400028FA
:1062800040D13800C0B200283CD105980021C94354
:106290008842F0D0ECF70AFB0199401A0599814237
:1062A00002D305980028E6D18020C0012168496802
:1062B000014002914221615C6A461170216889693E
:1062C00009040ED5029981420BD06946097820292C
:1062D00007D021684968084321684860ECF7E6FA6E
:1062E00001902068806930400028C4D1ECF7DEFAC4
:1062F0000199401A1A28F4D32800350005430120DB
:106300000700B8E73800C0B2002801D12068C66194
:1063100028000425054301200700206886698020A5
:106320004000064204D001210D432268D0610F00D5
:106330008020C000064206D0290008250D432168B0
:10634000C8610120070080208000064206D0290095
:1063500002250D432168C861012007003800C0B242
:10636000002814D02000FFF7BFFE206840681749BE
:10637000014020684160606C284360642020412116
:106380006054002001004222A15440216054380092
:10639000C0B207B0F0BDF0B4049C0D00ADB2AD05C5
:1063A000AD0D1600F6B236042E431E43264375008B
:1063B0006D0806687768BC46670D054E3E43674624
:1063C000B7432F4306687760F0BC704700E800FED3
:1063D000FF63FF0370B50400002006008221C90599
:1063E000216013496160A0600125E5602061606162
:1063F000A061E06120622000FFF7DEFA002801D0F2
:10640000280006000021200000F014F8002801D028
:10641000280006000221200000F03FF8002800D0EC
:106420002E00012000F069F83000C0B270BD00BF3E
:10643000EC9C901010B502004120105C20282AD15D
:106440004020105C012801D1022025E0012003003A
:106450004024135524234124135513681B68012439
:10646000A3431468236013681B68264C1C40136800
:106470001C6013681B680B431468236013681B6857
:1064800018431368186020204123D0540020402373
:10649000D054002000E0022010BD10B502004120C1
:1064A000105C202827D14020105C012801D1022057
:1064B00022E00120030040241355242341241355D6
:1064C00013681B680124A3431468236013681B68C6
:1064D0000D4C1C400B02234314682360146824688D
:1064E00020431468206020204124105500204024BF
:1064F0001055002000E0022010BD04490A68024344
:106500000A607047FFEFFFFFFFF0FFFF0800004049
:106510007047704703480168034A12788918016080
:10652000704700BF8C1700202E060020C1690800AC
:106530008006C00F7047406AC0B2704780B5F4F75C
:1065400001FC01BD80B5F4F7FDFBFEE77047704725
:1065500080B5FFF7DFFF01BD1CB50C4C2000FFF735
:10656000E5FF012808D12000FFF7E5FF6946087024
:1065700001216846DEF78CFA0F200549086013BD3B
:1065800080B50448E0F7AAFA01BD000000400041D0
:1065900020400041F816002080B5DCF706FA01BD66
:1065A00080B5DCF708FA01BD80B5E0F7B3FD01BDA9
:1065B00080B5E0F7E1FD01BD80B58021C9009020E4
:1065C000C005EBF7F9FB01BD0548014603B4684679
:1065D00080F3098800BF00BF00BF00BF00F002F8D1
:1065E000A5EDF5FE00F00DF8002801D000F00CF844
:1065F00000BF00BF002000BF00BFD9F758FE00F069
:1066000017F801207047000010B507497944183188
:10661000064C7C44163404E0081D0A688918884733
:106620000100A142F8D110BDF08C00002C8D0000BB
:1066300080B500F001F801BD07463846FBF7FCFCC9
:10664000FBE70000F0B58DB00546EFF707FA0690BE
:10665000874C2068E9F749F906462068E9F74DF9C3
:106660000746D020285C2C214143824A12685118E9
:10667000897D142903D10A21032200F003F92C4655
:10668000B4342846DB300490002E38D0059500271E
:106690000C970B97069D2878C0090BA908707648BF
:1066A0000068D822805C0390481C294608310626E1
:1066B0003246E1F7DFFC0A97099728784006C00FB9
:1066C00009A90870481CA91C3246E1F7D3FC2878B8
:1066D0000F260640052E01D1E1F784FDE37B2279E8
:1066E000029707AD019505988430009009A83146BE
:1066F000DAF729FB41087E2907D8014606E0012682
:10670000002F54D10027278056E001212970059DD4
:10671000696F0A680B9B9A422DD149680C9A914285
:1067200029D10746FF3F791E8F41032E23D1FF2831
:1067300021D0A088012780071DD5039801281AD1F0
:106740002846E9F7EEF8607E012809D160894B49B7
:10675000884205D007AA1178C0B2521C00F0A0F8F8
:10676000207FE9F708FB012004990870284600F013
:10677000C9F8002620E0A088C0071AD0052E18D13D
:10678000069800F0DBF8012813D108990798FCF768
:10679000A7FE41424141394001290AD1039801280D
:1067A00007D107AA28460699DAF725FD0126002712
:1067B00002E00027278001262188A07F002822D020
:1067C000002922D1401EA077A08803210140481E45
:1067D000814148002080284600F012F90146207FC0
:1067E000E9F767FA207FE9F7C6FA2846E9F717F9CB
:1067F000E1F7F8FC002004990870284600F082F8C0
:10680000E1F7FBFC2AE0002919D019480068E9F7F4
:1068100074F8002822D02846E9F701F9607C0128A5
:1068200001D0174900E0462114352846E9F72CF934
:106830002088401E2080E9F70AF800260EE0E1F7E4
:10684000D1FC2846E9F7EBF8E088401EE080002103
:10685000284600F01DF9207FE9F7ECFA002F02D05E
:106860002088401E2080F8F750FE30460DB0F0BD65
:10687000941700200C17002004170020FCFF0000D4
:10688000EE02000010B51F231A402C244443034895
:106890000068001982751940417510BD0C17002061
:1068A000F8B50E460546154800683D21415C89064D
:1068B00022D53D30C07A40071ED5144610480068E6
:1068C0004069A1212B220323F0F7DEFF002813D01B
:1068D0000746467205720A3006222146E1F7CAFBD6
:1068E0001320F8710920B8713E20787104203871A6
:1068F000A1203946F1F752F8F8BDC0460417002030
:10690000A017002070B50446C520205CEEF750FFAC
:1069100005462646C536F07A2946E9F73CFAF07A6C
:106920002946E9F702FAE8F792FFEEF7FBFD024687
:10693000B07D214600F08CF970BD0000F0B587B045
:106940000446007E617E09020E18721E082A00D3DA
:106950000822A07E0490E07E0390607D0121274FF5
:106960000191B8470546A07DE17D09020818002184
:1069700006913246B8473346029606462E43192002
:10698000C201062118460592B8473B4605463543E5
:106990000398000204994718FF22F43238460699FA
:1069A000984706462E43781C02994843800881B2D6
:1069B0000A2900D80A21207F627F12021018059A46
:1069C0000E4DA84706432320215C1F2008400521C7
:1069D0001022A847304301D006980CE02046223010
:1069E0000078C00606D11E202228F5D0215C401C6C
:1069F0000029F9D0019807B0F0BDC046EB1A071086
:106A0000FEB50446C220275C01253D40BA07D00FE1
:106A100028187907C90F4018401EC0B2C234267C1E
:106A2000B0420FD1019201200290F8F765FF012ECC
:106A30000AD0022E0ED1C0B20621E8F72AF912A020
:106A4000405C12E0607C11E002990840002D04D106
:106A50000CA108E0B808381A07E00199002901D410
:106A600007A100E005A10818007860747100C2B2A7
:106A7000CA40032010402430FEBDC0460609000075
:106A8000070D00000B0E00001B1E272D36390000DD
:106A9000F0B58FB00746D020385C2C235843684AA5
:106AA00012681018807D3C4694343A46B432059200
:106AB0003E46D6361428049602930AD1E1F771FBBC
:106AC0000546F8F743FD059B28183230A0600125E4
:106AD0001BE0A268561800253046114600F02AF93E
:106AE000002805D0F86FA1680A18A2606D1CF3E7B2
:106AF000059B9888000708D40120EEF70CFD059B44
:106B000050490140A0684018A060988803210140C6
:106B1000481E814148001880987B0122014601925D
:106B200011408207D20F89184007C00F0818401E75
:106B3000987738461E46FFF763FF0146307FE9F736
:106B4000B8F8307FE9F717F90020039004994871ED
:106B500038462830F1F718F9064638463C30F1F748
:106B600013F9002E049E02D03179C90704D1002800
:106B700005D03079800702D53846FBF7BCFAA1680A
:106B80002068059BDA88002A02D1DA7E012A03D028
:106B900088424CDA00284AD0987E002847D098884E
:106BA000000720D50DA80090039981800D9106A8BB
:106BB000019A42763C228276FF228275C181224A66
:106BC00082827A6F137A03768181C175009B079365
:106BD000093206920A910893F7F7C8FF30788007C8
:106BE00001D5DAF79EF9022000F0A8F8012819D1A2
:106BF000059BDA88002A01D03C2000E04320019068
:106C0000124800680299405C0001C0431946A12364
:106C10000343B12018400B7A9A1AD3B28A7A0199A9
:106C2000F8F7A0FE3846F8F7D7FEA168059B187F55
:106C3000EEF750FE0398707128460FB0F0BDC046C5
:106C40000C170020FF0F0000FFFF00009C17002022
:106C5000F8B514460D4606460F46B8370420002EF8
:106C600001460DD139884A0707D4032211404A4210
:106C70004A41022903D0510002E0012100E006212F
:106C80002170002E07D13988014004D12E20285CC4
:106C9000801D60700FE0002E04D02846423000783E
:106CA000801D00E00C20607020460830696F0931BB
:106CB0000622E1F7DFF9696FA01C491C0622E1F703
:106CC000D9F920782F2101402170686F0078C00722
:106CD000400E40182070696F097AC90108182070A9
:106CE000F0F71EFD21784001084320707142714188
:106CF0003888042202409008084001D1082700E0AB
:106D00000E27002801D00C2011E0002E01D03C20DD
:106D100000E028202958002E01D0422000E02E203B
:106D20002D5AE0192A46E1F7A5F97819801E6070FE
:106D30000020F8BDC0434018C00F704703490968E0
:106D40003522895C0840411E884170479C1700200D
:106D500010B504460A4800680069902101221346D4
:106D6000F0F792FD002804D0014644609020F0F72F
:106D700015FE044800688821425C521C425410BD34
:106D8000A017002004170020FEB53D4D28681030E4
:106D90000021062905D004C8528801AB5A52891C2B
:106DA000F7E7EFF3108072B62868046800270760E1
:106DB00062B6E00702D0002000F066F8A00702D516
:106DC000012000F061F8600702D5022000F05CF8B5
:106DD000200702D5032000F057F8E0064AD504202A
:106DE00000F052F846E0780001A90E5A0097BF0063
:106DF0002868C019006901880288B2422AD089082F
:106E0000891C89004418A17803220A40012A02D073
:106E1000002A03D11EE0817A08300446480603D4D4
:106E20002046F8F7E5FB0AE0E078132807D2800057
:106E300014490A58211D20469047002805D128688A
:106E4000C019006921880180D5E70020E8F7E0FF3C
:106E5000D8F702FAEFF3108072B62868C0190069FB
:106E600041880288914202D100210180418062B6AE
:106E7000009F7F1C032FB6D100F014F8FEBDC04662
:106E8000A0170020D0EE0410E0B501AAD0700120B8
:106E9000907010205070042111701046F3F73FFDE0
:106EA0008CBD000010B586B01548046802A801A981
:106EB0006A4600F027F800281FD002A80178608AEF
:106EC000C840C00719D0019A009B03A80824847009
:106ED0001C0EC4721C0C84721C0A44720372C271B0
:106EE0008171FF21417082210170002141710422D2
:106EF0000271C1700C21F3F712FD06B010BDC0463F
:106F00000417002070B503460A480468EFF31080A8
:106F100072B6207D00252575257C0F262E401E701B
:106F2000237C1B090B70E1681160411E884162B629
:106F300070BDC04604170020F0B587B03148046822
:106F400006A9049100200190087005AE0120307060
:106F5000ECF716FB5D200394275C781E3D468541C7
:106F60002020384044420290444104983146F5F7CD
:106F70004FFC002F01D101283ED12C4038D105A86B
:106F80000078002834D0039C20465D30C07B002868
:106F900034D02834029D002D03D021780020D9F769
:106FA0006DFD06A80078012802D10020D9F7DBFD8D
:106FB000ECF7B4FC002804D100200121ECF77AFDA5
:106FC0000190002D0AD021780120D9F757FD002823
:106FD00004D00198002801D0ECF794FD06A80078B1
:106FE000012809D10620E8F713FFD8F735F903E0A7
:106FF00001200146ECF75EFD07B0F0BD0020012145
:10700000F8E7C046A4170020B0B55C2806D10C48AC
:1070100004685D3400256057002800D4B0BD607856
:107020000228FBD1557080201070C8B21146ECF7D1
:10703000B1FD657020787F2101402170B0BDC04650
:10704000A4170020074909685D228A5C88231A4238
:1070500004D0723109884140080501D000207047F2
:1070600001207047A4170020B0B504468088002591
:10707000C00501D4284606E062892189022000F07B
:1070800027F8002800D0B0BD20896189042902D1E9
:10709000EDF752FCEEE7F6F797FD61892089F6F7E8
:1070A000A9FD00202081094909684B6BA34205D046
:1070B0001A461B69A342FBD1103201E00A46343262
:1070C000236913600A6B22610C63B0BDA81700200E
:1070D000F8B50446C00608D40D461948006850218A
:1070E000405C800703D4002727E0862725E016466A
:1070F000144800686107C90E40180069572203232D
:107100002146F0F7C1FB002816D0014606738572B0
:107110000C204872022008720027CF710620887167
:10712000FF20487182200871300A4873280AC8720B
:107130002046F0F733FC00E007273846F8BDC0468C
:1071400004170020A017002080B581080A480068B5
:107150003430006800280ED042788A4201D01030C6
:10716000F7E70121090282880A4382800720E8F7B5
:107170004FFED8F771F880BDA817002080B5406990
:10718000014900F003F880BD49710710FEB5029176
:1071900005464778006AC45DE1F703F8C00801902E
:1071A0002046C2B2BA420DD053006E6AF35A2E780E
:1071B000761D0199F140591A09B2012903DC286AA8
:1071C000805CEEE73846296AC855C6B22846314683
:1071D000F7F75AFBE0B2B04206D0296A0F5C0C54B4
:1071E000029988473C46F5E7FEBD00007CB50446A1
:1071F0008068418904291AD160688189491C89B253
:10720000F6F7F9F80546172800D817251D4E308ADD
:10721000854200D30546A368988800070FD41989D2
:1072200002202A4600F030F8002814D07CBDC36844
:10723000022000210622F9F7CFFD86207CBDD888E8
:10724000A8420ED00833422003210222EEF7C0FDEF
:107250000028EBD105E0A068C580818808220A4398
:107260008280308A01AB587003251D70000A987027
:10727000A068C468A18920462A46F6F7A9F8658067
:1072800000207CBD90140020F8B50446C00608D448
:107290000D46194800685021405C400703D4002780
:1072A00027E0862725E01646144800686107C90EC6
:1072B000401800695822032721463B46F0F7E4FABC
:1072C000002815D00146067385720C2048720F7293
:1072D0000027CF7106208871FF2048718220087135
:1072E000300A4873280AC8722046F0F757FB00E0BE
:1072F00007273846F8BDC04604170020A017002015
:1073000070B5234D2868866C002E40D03446366A0E
:10731000207801070CD44007F6D42046FAF742FF44
:107320008828F1D10C20E8F773FDD7F795FFEBE73C
:10733000A179113902290AD3C006C017812303405D
:10734000A2886188022000F025F80028DCD12046C0
:10735000203029688B6CA34209D01A461B6AA342CD
:10736000FBD103681362002B08D1203205E00A46E6
:10737000483203681360002B00D1CA6400222262E5
:10738000496D0C600121217029684865BCE770BD1A
:10739000A8170020F8B50446C00628D41F46164694
:1073A0000D46154800686107C90E401800695A2249
:1073B00003232146F0F768FA00281AD00146067325
:1073C00085720C204872102008723A460027CF714F
:1073D000072088718A73FF20487182200871300A63
:1073E0004873280AC8722046F0F7D8FA02E08627C8
:1073F00000E007273846F8BDA017002080B50248F6
:107400000068804780BDC0461C060020F0B595B0DE
:1074100005460488F2F765FA01462046FAF7B0FE01
:107420008626002800D108E204462F882846F2F775
:1074300058FA01463846F2F759FA08902078FB21AD
:10744000014021700C273846E8F7E2FCD7F704FF2B
:107450002846FDF720FA012807D16088FFF7F2FDE2
:10746000002860D0204600F049FA20780022010769
:1074700057D4A379591E112900D9DEE1079249009A
:107480007944898849008F44C50002010F019900A1
:1074900099001F01640175017C01B901A600A600D5
:1074A000B8001100B00011001100B000C00600D5F6
:1074B000A7E0A28861880A202B4600F02BFA00285A
:1074C00000D0B4E1A079112800D1B2E1637A21693A
:1074D0000891102800D0D0E10693A889401C81B201
:1074E0002846F5F788FF0590A889C01C81B2284678
:1074F000F5F781FF0026A2896988491F914204900F
:1075000000D0CFE1384606994843089A10188068A1
:10751000618941182846154600F02EFA069B039013
:10752000C4E1164689E109A90FAA0EAB284600F06E
:107530002EFA00282BD02846F1F7F0F80EA8007894
:10754000122808D160880421F2F7D0F9818801223D
:1075500052020A438280A079012804D1089B9988AD
:107560000422914399800EA909780A2908D0072995
:1075700002D10A2800D175E7217810220A4322702F
:107580000E2800D171E7102800D16EE76AE709A83C
:1075900000780790A38862880FA8008821460EAC67
:1075A0002478009001940C46022011461A46079B4D
:1075B00000F008FA0028BED006463EE1A2886188A5
:1075C0000A202B4600F044FA002800D02FE128467C
:1075D00000F070FAC8E0A28861880A200B2B00D066
:1075E00020E12B4600F07CFA1FE1A288618802208E
:1075F00000F0A8FA002800D019E12846F1F78EF82B
:1076000017E16089002800D113E1002626720F20BF
:10761000A07112E1A889401C81B22846F5F7EBFE63
:107620000646172800D81726B348008A8642089FC6
:1076300000D30646B888000714D5F888B04211D0A8
:107640003B460833422003210222EEF7C1FB00280B
:1076500000D0ECE02078102101432170B888082187
:107660008843B8802078C00600D5FE886188022053
:107670003246FFF709FE002800D0D8E0FE80B88827
:107680000821014304208143B9802046DCE0A28820
:1076900061880A202B4600F091FA002800D0C6E04D
:1076A000284600F0BDFA0BE0A28861880A202B462C
:1076B00000F0CCFA002800D0B9E0284600F0F8FA33
:1076C0008C49884253D1B4E0284600F0FEFA089075
:1076D00060890EA9088020460C30079009A80C305C
:1076E00005900FA8401D06900026F7B20FAA284665
:1076F000394600F0F1FA002800D0A1E008980728E8
:1077000005D109A8102101740222059803E009A8F7
:107710008021017410220699E0F7ACFC0EA80FA995
:107720000222E0F7A7FC09A8079900F0F1FA002867
:107730000DD1A28861880898009001954743B81C34
:1077400083B2022000F014FB002800D082E0761CF7
:10775000CBE7A28861880A202B4600F05FFB002857
:1077600065D1284600F08CFB6189884261D2401CBB
:10777000208161E0A28861880A202B4600F09AFBF4
:1077800053E0284600F0A1FA064606946088FFF709
:1077900059FC089002246888A3B2834253D2089807
:1077A00001280ED1A889001981B20FAF28463246B0
:1077B0003B46F5F7F9FD5C2031463A46FFF724FCDD
:1077C0001AE0069FBA88798800960195022000F099
:1077D000CFFA00282BD1387F10280DD10698008BC6
:1077E0004249884208D1069840880421F2F77EF881
:1077F00081883F4A11408180A419CCE7A288618822
:107800000A202B4600F088FB002810D10898C08879
:10781000411E6888401E82B291420AD861890818C8
:10782000608109E02B4600F0A9FB002801D08426E6
:1078300003E0204600F062F8079E304615B0F0BD28
:107840000EA800880AE0069800F058F82846F0F7DD
:1078500065FFF1E70E98401E0EA90880618982B28B
:107860008A4202D2401C208102E0204600F046F805
:107870002846F0F753FF0026DFE76189089AA089C0
:107880004018608180B25F43D11989888842D3D182
:10789000207A401E984224D900266681607A401CD6
:1078A0006072CAE7F0430390069B089D394659432E
:1078B0006A5A2846059D95420BD1024641184A88CE
:1078C00061898A18049DAA4203D1024603980028C0
:1078D000D5D026720F20A07120781021014321708D
:1078E000ABE7012020720F20A071A5E72A2B000032
:1078F000FFFD0000FFFF00009014002080B501781C
:1079000008220A4302700C20E8F782FAD7F7A4FC99
:1079100080BD0000F8B50546C00621D40E461348C8
:1079200000685121405C002400071AD517460093D7
:107930000F4800686907C90E401800690E2203232A
:107940002946EFF7A1FF00280DD001460098C86036
:107950004F810E81074848602846F0F71FF800E085
:1079600086242046F8BD0724FBE7C0460417002004
:10797000A017002041AE071080B50B4642888189D0
:10798000491D89B2521F92B2F9F764F880BDFEB565
:107990000E464188052912D11C46154681890522CB
:1079A00001AF3B46F5F700FD78783070B878F9788C
:1079B000090208182880029820700020FEBD862049
:1079C000FEBD0000F8B50446C00608D40D461E48AA
:1079D000006851214056002804D4002700E0862783
:1079E0003846F8BD1F461646184800686107C90E9C
:1079F000401800695B2204232146EFF745FF002869
:107A000020D00146079A06980090C8730E738D72B5
:107A10000C234B7211230B7238460027CF710A23B7
:107A20008B714A748873FF224A7182220A7100980E
:107A3000000A0874300A4873280AC8722046EFF713
:107A4000ADFFCDE70727CBE704170020A0170020E4
:107A5000F8B50546C00621D40E46134800685021EB
:107A6000405C002480061AD5174600930F48006832
:107A70006907C90E40180069092203232946EFF758
:107A800003FF00280DD001460098C8604F810E8189
:107A9000074848602846EFF781FF00E0862420462B
:107AA000F8BD0724FBE7C04604170020A0170020FC
:107AB000F9AF0710BCB504468089401C81B220464E
:107AC000FCF787FB6188081AA189401881B202225D
:107AD00001AD20462B46F5F767FC2888BCBD0000A9
:107AE000F8B50546C00621D40E461348006851215A
:107AF000405C0024C0071AD0174600930F48006866
:107B00006907C90E401800690C2203232946EFF7C4
:107B1000BBFE00280DD001460098C8604F810E8141
:107B2000074848602846EFF739FF00E086242046E2
:107B3000F8BD0724FBE7C04604170020A01700206B
:107B400089B00710F8B50446C00608D40D46194898
:107B500000685121405CC00603D4002727E0862737
:107B600025E01646144800686107C90E40180069F0
:107B7000592203232146EFF787FE002816D001463D
:107B8000067385720C2048720D2008720027CF7191
:107B900006208871FF20487182200871300A4873DE
:107BA000280AC8722046EFF7F9FE00E0072738469A
:107BB000F8BDC04604170020A0170020F8B5054600
:107BC000C00621D40E46134800685121405C0024B1
:107BD00080071AD5174600930F4800686907C90E39
:107BE000401800690D2203232946EFF74DFE0028B7
:107BF0000DD001460098C8604F810E81074848604B
:107C00002846EFF7CBFE00E086242046F8BD072487
:107C1000FBE7C04604170020A017002069AF07103B
:107C2000BCB504468089401C81B22046FCF7D1FADD
:107C30006188081AA1894018801C81B2022201AD16
:107C400020462B46F5F7B0FB2888BCBDF8B50546A5
:107C5000C00621D40E46134800685021405C002421
:107C6000C0061AD5174600930F4800686907C90E69
:107C700040180069082203232946EFF705FE002873
:107C80000DD001460098C8604F810E8107484860BA
:107C90002846EFF783FE00E086242046F8BD07243F
:107CA000FBE7C04604170020A017002019AD0710FD
:107CB0001CB5818942885118891E89B2022201AC03
:107CC0002346F5F771FB20881CBD80B58189491CCE
:107CD00089B2FCF73DFF80BD70B514460E460546DF
:107CE0008089401C81B22846FCF773FA024646435D
:107CF000B01C6988884208D2A989081881B2284630
:107D00002346F5F751FB002070BD862070BD0000B2
:107D100070B58AB00C46014605AD14262846324699
:107D2000E0F7A8F9684621463246E0F7A3F9287C37
:107D3000802807D005AC0D490C222046E0F79AF9BF
:107D40000020E0816846007C802807D06C46074907
:107D50000C222046E0F78EF90020E08105A8694654
:107D60001022E0F79EF90AB070BDC04649F4071032
:107D7000F0B587B00546C00643D40E4624480068D7
:107D80005221405C002480073CD5049205930C9A54
:107D9000204800686907C90E401800691E4906920C
:107DA000511803220A43113291088BB25C222946F2
:107DB000EFF76AFD002828D007460D990698009035
:107DC00003910191381D3146049A059B00F008F992
:107DD000280704D50398F0F7A1FCF72005400C20F4
:107DE000787212203872FF207871822038710698DC
:107DF000C01DB871000AF87128463946EFF7CEFD6C
:107E000000E08624204607B0F0BD0724FAE7C0460C
:107E100004170020A0170020FDFF0300FEB5044654
:107E2000C00624D41646134800685022805C002502
:107E300000071DD51F46019102950F480068610794
:107E4000C90E401800690725032321462A46EFF78B
:107E50001BFD00280CD00146C760468101980881AF
:107E6000064848602046EFF799FD029D00E0862510
:107E70002846FEBD04170020A017002091AD071072
:107E8000BCB504468089401C81B22046FCF7A1F9AC
:107E90001121C943012800D10E3160884018A18901
:107EA000081881B2022201AD20462B46F5F77CFA74
:107EB0002888BCBDF8B50546C00621D40E46134837
:107EC00000685021405C002440061AD517460093F4
:107ED0000F4800686907C90E401800690A22032389
:107EE0002946EFF7D1FC00280DD001460098C86064
:107EF0004F810E81074848602846EFF74FFD00E0AC
:107F000086242046F8BD0724FBE7C046041700205E
:107F1000A017002081B10710F8B50546C00621D48E
:107F20000E461348006850214056002400281AD5F8
:107F3000174600930F4800686907C90E401800698A
:107F40000B2203232946EFF79FFC00280DD00146A2
:107F50000098C8604F810E81074848602846EFF7B7
:107F60001DFD00E086242046F8BD0724FBE7C0463F
:107F700004170020A0170020EDAE0710F8B5054645
:107F8000C00621D40E46134800685221405C0024EC
:107F900040071AD5174600930F4800686907C90EB5
:107FA00040180069132203232946EFF76DFC0028CF
:107FB0000DD001460098C8604F810E810748486087
:107FC0002846EFF7EBFC00E086242046F8BD0724A6
:107FD000FBE7C04604170020A017002005B10710DA
:107FE0007CB51D46044602728171100A6072080A4F
:107FF000E071079EB089C01881B2022201AB304601
:10800000F5F7D2F90698801E20730199A172090A2A
:10801000E172B1896918891C89B20D34C2B2304647
:108020002346F5F7C1F97CBDF0B589B017460D467A
:10803000064600787488042845D0032877D17168F3
:10804000086A00287DD00A7D102A74D1098A494A1D
:10805000914270D10097012107AA08AB284600F091
:108060008DF800286ED12888F8F770FF07AA1178DC
:1080700007230B40059313707168096A8B683E49AA
:10808000C97A49084A1C0421049003920293F8F724
:108090006FFF059A01461140814257D10298009026
:1080A00004210498039BFCF773F97068006A007858
:1080B000C0073AD02E882846F1F713FC024608A8DC
:1080C000008807A94CE071688869002839D00A7DCA
:1080D000102A30D1098A264A91422CD100970221D8
:1080E00006AA08AB284600F049F800282AD106A8BD
:1080F000008805907088801E81B20220FBF78CFDFD
:10810000002821D005998907890E40680078084029
:10811000884219D106A8028828883146FCF7B6F9AA
:10812000706880690078C00712D100200AE003203F
:108130003870862006E021462A463B4600F042F889
:1081400000E0842009B0F0BDFD20F1E71320EFE747
:108150002E882846F1F7C5FB024608A8008806A924
:108160000090019102203146234600F057F8E9E7DC
:1081700002290000292B000090140020F8B51D46AC
:1081800014460F460646F8F7E7FD0E21C943D228EC
:1081900000D00C317088081882B20699BA4205D90D
:1081A0000D20087000202880862709E000270F7026
:1081B0002880B089C01C81B230462346F5F7F4F818
:1081C0003846F8BDFEB516460C46054682688188DD
:1081D000009302AB3046FFF7D1FF002800D0FEBD70
:1081E0002878810703D4A98802AA118001E00299A6
:1081F0006980C00701D10020FEBD37883046F1F705
:1082000070FB024602A80088A96800900191022034
:108210003946234600F002F8FEBD0000F0B585B0F7
:108220000546C00645D4264800685024005D002459
:10823000C0073FD00293039204910A9E2148006830
:108240006907C90E40180069711E03220A431132E2
:1082500091088BB256222946EFF716FB00282CD046
:1082600007460B9801903E740299B973039B3B73C8
:10827000049ABA72300A7874080AF873180A787384
:10828000100AF8723846123001993246DFF7F2FED2
:108290000C207872012038720A36300AF871BE71EB
:1082A000FF2078718220387128463946EFF776FB37
:1082B00000E08624204605B0F0BD0724FAE7C0465A
:1082C00004170020A0170020F0B587B0054602ACC7
:1082D000274914222046D8F7D5F90120254E3146EA
:1082E0002246FBF7B1FC002700283CD00146286855
:1082F0008288520637D52A79FE2313408624042B20
:1083000032D000890122F9F745F881282BD028685E
:1083100081880A0625D4802739438180287902285C
:1083200022D1288901281FD16889B0421CD1EA686E
:10833000107C102818D190890F49884214D101204F
:108340003146FBF781FC00280ED001A80780296880
:108350000989009001200024084B2246F1F752FAC7
:1083600002E000F00DF83C46204607B0F0BDC046E4
:10837000E4ED0410FFFF00002A2B0000D3E10710FA
:10838000E0B501AAC22111800189009201200022DA
:10839000014BF1F737FA8CBDC7E1071070B58AB011
:1083A000044605AD0DA1142628463246D8F76AF9D1
:1083B00068460FA13246D8F765F920462946FFF7EF
:1083C000A7FC002807D069462046FFF7A1FC01461C
:1083D0004042484100E001200AB070BDFB349B5F81
:1083E0008000008000100000002800001000000045
:1083F000FB349B5F8000008000100000012800001B
:1084000010000000B0B58AB004468088400601D450
:1084100000254BE009A880210180218900900120DE
:108420000025244B2A46F1F7EDF9A18889073DD4B0
:1084300000283BD104AD204914222846D8F722F960
:1084400001201E492A46FBF7FFFB002812D00546F3
:10845000FBF71AFC00280DD001462089F8F769FDCA
:10846000800712D4208900210122F8F793FF0546E6
:1084700081281BD109A84021018021890090012079
:108480000022104BF1F7BEF90FE00D48039001AA4E
:10849000042050806888108003A802906189208998
:1084A000009202220123F8F7E7FF054628460AB0AA
:1084B000B0BDC046BBE10710F8ED0410FFFF00009F
:1084C0000100FFFFC7E10710FEB50C46054622205C
:1084D00012490290085C00270326114B0195C1B296
:1084E0008F4219D21968496B8A19D21E1288AA4282
:1084F0000FD1FF2C02D0895DA1420AD1F8B22546E6
:108500001C4600F00FF823462C46019D02980349B3
:10851000085C34367F1CE2E7FEBDC04690140020A4
:10852000AC17002070B5044622201049085CA04218
:108530001BD90F4D296830200A5C521C0A54342282
:10854000544330314868001983781B0705D5C37838
:10855000112B02D34B785B1E4B7046890021DFF74D
:1085600093FD2868406B0019468170BD901400206F
:10857000AC17002070B514244443144D144800680F
:108580004F21405C000713D52868C06A065B11487C
:1085900000688069062202210B46EFF775F9002872
:1085A00006D001460C4848600E810220EFF7F6F92C
:1085B0002868C06A011900228A718A78F923134059
:1085C0008B70005BFF21FFF77FFF70BDAC170020B1
:1085D00004170020A017002009EE0710FEB504467E
:1085E000ECF730F905462C20285CFE2101400229D9
:1085F0005BD10294852040002F183A79D00619D417
:10860000F0240192144001212846EFF7F9FA0646BA
:1086100000212846EFF7F4FA304306D00298EFF72E
:1086200061FB012801D020200443019A1026264333
:10863000788827E0C0261D48006840214056002861
:108640001CD5688F01901A48006880694221144641
:10865000232202252B46EFF717F9224600280DD0DA
:108660000146019AC2718571572048710420087132
:10867000100A08724220EFF791F9224616407888D6
:108680003988081A0A234343EFF3108072B6387909
:108690008242029902D1032006433E7162B603482A
:1086A0000068B0300122EFF7B6FAFEBD04170020D3
:1086B000A017002080B5044909689C2289584831D8
:1086C0000522DFF7D7FC80BD0417002070B5FF241A
:1086D000062A35D80546900001A210588746C046A4
:1086E000FD86071005870710418707101D870710B3
:1086F000418707104187071021870710012917D1EB
:1087000013241DE0002628463146F5F732FA0822E8
:10871000284631463346F5F7AAF911E0012108E071
:108720000120587003201870012907D0132006E09B
:1087300000210822284600F005F801E01220987078
:10874000204670BD70B516460D460446F5F767F92C
:10875000B04210D120462946F5F75AF900210170A0
:10876000012D01D06C2500E070252046ECF76AF859
:108770007D214904415170BDF8B50D46044600887D
:10878000A189884200D308466082A0882189884256
:1087900000D3084620826788E089874200D30746D5
:1087A000E782E6886089864200D30646A6823020AA
:1087B000285CEFF7E5F9002826D0A9210901C27944
:1087C000042A03D18F4200D80F46E782807904281B
:1087D0001AD13D200001628A92011218E08A824279
:1087E00000D810464B2292008018EA6C074B534386
:1087F0001A0A101A00D20020B04200D80646B0B2C1
:10880000884200D80846A082F8BDC0467102000028
:10881000F8B50C46B821655A038A428A21463031A0
:108820002646B436AA420CD13588AB4209D13589E7
:10883000C78AAF4205D1F588878AAF4201D10025AA
:1088400010E03380B280C28A3281828AF2808288CC
:1088500072814288F281C288B28142897282C08963
:10886000308201250878EFF78BF9002804D0817950
:10887000042905D0012908D1F088C0080E3810E07D
:108880000088022805D0012004E0F08880080F3815
:1088900007E00320F188084A8918C14007480818F2
:1088A000C00882B23188914200D3014671802046CF
:1088B000F6F7C6FE2846F8BD88FEFFFFB5FF0700A5
:1088C000FEB50090D8F77FF90546D8F715FBC0B282
:1088D000C02141432806C50C0D4309200602D8F7E4
:1088E00076F9C7B277432F43D8F7B2FC05033D436F
:1088F0002C4EB047C0B22C4F47432F430D20850666
:10890000F5F7FFF8C4B26C433C4373204504EAF723
:10891000F7FBC7B26F432743EAF7F2FB0546B047C0
:108920002840C0B20325EC0444433C4300F042F825
:10893000800747422743EEF7F3FE800338431B4985
:1089400001430191EAF7DEFBC0B20E244443EAF78B
:10895000DBFB0006470C2743B047F921090104015E
:108960000C403C432E02D8F773FC05467543254363
:108970000120C402D8F72FF90006000B0419D8F71C
:1089800069FAC0B260432843612101430848006886
:10899000006A0840029001A908220098DFF76AFBEC
:1089A000FEBDC046150E0510002000031D00000886
:1089B0000417002000207047F0B585B01E4617460A
:1089C00005460391F5F7CCF804462846EBF73AFF45
:1089D0000246781E06286CD8784400794000874407
:1089E0000303683068355A002C20105C032860D1DE
:1089F0000292F01C074600F05FF8012851D1307A4E
:108A00000190767A052238462146F7F7DAF93002E6
:108A10000199401882B20298214600F068F80026B9
:108A20000227284631463A4600F06AF801232846D4
:108A300031463A46F5F71BF82846039900F070F8DE
:108A400037E0B078012830D02A212FE02846029262
:108A500000F078F804AF388020462946FFF72AFE58
:108A60000120B0700820707003203070F11C0522C6
:108A70002046F7F7A6F90836022238463146F7F7BE
:108A8000A0F93A880298214600F031F82846039967
:108A900000F068F80DE0022228460399FFF752FE25
:108AA00007E02846F4F782FE03E02321104600F099
:108AB00068F8FF2005B0F0BDB0B5014600791F2869
:108AC00011D8002002460346252A0FD0072414405F
:108AD000D5084D5DE540EC0703D05B1CDCB2022CF1
:108AE00003D0521CF0E70020B0BD0120B0BD982398
:108AF000C25298304163418820220A434280704725
:108B000010B51446F4F784FF022C05D8E100034A9F
:108B1000CA4001781143017010BDC046020408002C
:108B2000B0B50446F4F774FF05462046EBF78AFE1D
:108B3000297840220A432A709A21425A012313437A
:108B40004352B0BD80B5EBF77DFE4221415A9122E0
:108B50005200825A008F401C504306224243501854
:108B600080B280BDB0B50446F4F752FF05462046FA
:108B7000EBF768FE297840220A432A7000F00DF8CE
:108B8000B0BD10B504462D2021542D34207D00F0B9
:108B90000BF8207DF5F730FF10BD94214058018877
:108BA00004220A43028070472C2141430248006896
:108BB00040181021418270470C170020F0B591B089
:108BC0001E46144605460C91F4F7CAFF0746284690
:108BD000EBF738FE0346601E072800D9CEE0C046FA
:108BE00078440079400087440303C922C92F7CC41C
:108BF00018462C300078032800D0BFE091204000B8
:108C00000B93191873893289F0880C880021009120
:108C1000019102940A90014609921C4600F006F95F
:108C2000002800D1ADE02846F4F7C0FDA6E0B078FA
:108C300023210F280A4600D02A22002800D01146FE
:108C40001846FFF79EFF99E00B93B01C0890ECF7D5
:108C500087F909902846FFF775FF0446282001216F
:108C600007913954388B798B081840081090B88BCD
:108C70000690F88B05900DA8057110A90F910D971E
:108C8000D8F787FA109838830A942104059A89182E
:108C90000491069C23040343089862490AC004997E
:108CA000016061483080032040021103FC6039619B
:108CB0000799490203C709980068798B0902083FA0
:108CC000884200D30846786110984002B8600B983B
:108CD00039460A9A00F0CFF828460C99FFF742FF70
:108CE0004CE02820385C012843D11C460DA80571B2
:108CF0000D97D8F754FA494800683D21415C890630
:108D000032D53D30407A40072ED5F88B0A90B88B8B
:108D100009903F8B648F42480068006980212422BB
:108D200004263346EEF7B0FD00281DD001460B3077
:108D30004C7207700B97099F4F730A9B03710022B7
:108D40000A720322CA710A228A713E224A710E7186
:108D5000220A8A720B9A120A42703A0A8A731A0A13
:108D600042718020EEF71AFE002128460A4600F0E4
:108D70008BF8002228460C99FFF7E4FCFF2011B085
:108D8000F0BDF078002800D14DE70A99491E082966
:108D900000D30821814200D245E7B2880A998A426D
:108DA00000D940E7FC830999B9830A9B3B837B8305
:108DB00024035B02520240020DC739607C600B99AC
:108DC000CA6C01200C3F9A4207D18A6E944204D1AA
:108DD000088F0999081A411E8841282178540A9859
:108DE00010900DA8057110A90F910D97D8F7D1F922
:108DF000022228460C9C2146FFF782FE0022012316
:108E000028462146F4F733FEB2890B98394600F024
:108E100032F828462146FFF783FEAFE7041700200B
:108E2000A017002000030100030C000070B50446E9
:108E30001220062C1CD31925ED01AC4218D80629A6
:108E400016D3A94214D8A14212D394087C2C0FD86F
:108E5000059C049EB4420BD30A2B09D3AB4207D81E
:108E60000698521C4A4342439008834201D812207C
:108E700070BD002070BD9823C252983001634188B4
:108E800008220A4342807047B0B515460C46EBF7FE
:108E9000D9FC85214900435A002D1A4600D02246AC
:108EA00041180C8BC56C6543008F0A306843000B7A
:108EB00084B2641D944200D3224694B2A3420BD0E4
:108EC00048800A800879012806D002200871122003
:108ED000E6F79EFFD6F7C0F9B0BD0000FEB5044628
:108EE0002B4E3068E6F709FD054630682746D03737
:108EF000E6F7C5FC064601207872D020205C2C21C4
:108F00004143244A12685118897D142903D10A214A
:108F10000722FDF7B7FC002E04D03878E6F78AFF69
:108F20000120FEBD26469836002D23D0B8780028B3
:108F300020D0DFF757F92046E6F771FDB0681649F3
:108F400009680D687B35401B306002A901AAECF767
:108F500079FA401901210A46DFF737F90546B87852
:108F6000401EB870204600F019F8E6F770FC002D9E
:108F7000D3D1D5E71C20305E002806D4DFF732F9C4
:108F80000021204600F036F8C7E7E6F760FCC7E7A7
:108F9000941700200C170020041700207CB504460D
:108FA000FDF72EFD0146D026A05DE6F782FEC52026
:108FB000205CECF7FDFB0546A05D2946E6F7EBFEDD
:108FC000A05D2946E6F7B1FEDB20205C2146B831E2
:108FD000062801D0052802D122463C3201E0224673
:108FE000283209880094019200221346F6F7A1FB6B
:108FF0007CBD0000F0B589B00D460446D020205C51
:109000002C214143574A12685118897D26469836CB
:109010002746B837142909D1DFF7C3F80446F6F715
:1090200095FA211832317160387E09E00497002DDD
:109030000AD01C21715E002906D571684B4A891837
:10904000ECF748FC012788E06842311D224600F019
:109050008FF80746002D00D12F462546D935716877
:10906000B08B002818D00220A870B068401A306079
:10907000049C0D46A17A01220A408B07DB0FD2180F
:109080004907C90F5118491EA17605A906AAECF790
:10909000D9F9294641195DE0287800281DD00291B0
:1090A0000320A87008AA039207AB214600F0A6F897
:1090B0000190039801780498C07B0022EEF7E8FA4B
:1090C0000921C9430931B183D03030600498007858
:1090D0008007254808D0B08315E020460C46EEF7FF
:1090E00071FF2146049C35E00199002938D0206D9C
:1090F00003907D20800002210122E6F755FB014606
:109100000398E6F79AFC20462830EEF73DFE0390E0
:1091100020463C30EEF738FE01460398084313D052
:109120002046B6300191F3F77DF9019903980028A4
:1091300002D06878C00704D1002905D0687880077C
:1091400002D52046F8F7D7FFB168049C607EECF7A3
:10915000C1FB0299207EECF7BDFB384609B0F0BD9B
:10916000C01DB8E70C170020F6FF0000A086010024
:10917000F0B585B0144603911746B4370021019726
:10918000002836DC04900026BD5F002D13D4B87C87
:10919000471BB81C80B22146F6F7C6FB0290781C2C
:1091A00080B22146F6F7C0FB002D0BD00299081AB9
:1091B000019F049E10E00120ECF7ADF90E49084034
:1091C000049E0BE00120ECF7A6F9019FBD5F0A4960
:1091D0000840012D049E01DB691E3980E16F0918EA
:1091E000039B1A68891819608019E16F40180121E2
:1091F000C6E7C8B205B0F0BDFF0F0000F0B58FB0F4
:109200001F460D460446FE202040082803D1AE6FBD
:10921000E86F08360DE020460A38C0B280280AD828
:109220000AAE284621460792324600F01EF8079AF9
:10923000E86F012309E0601FC0B2022801D3282093
:1092400000E03C202E1800232846B821415A08A8E7
:10925000059009A8049003970292019600950022B8
:109260002046FAF78FF90FB0F0BD10B514460A3951
:10927000C9B2F5F7E4F90021002803D0027840686C
:10928000012302E00B460A460846A160E160237410
:10929000E280A180206010BDF0B591B004460CA81A
:1092A0000021089101700AA801250570C5480068D1
:1092B000D821465CC44F38680994B834E6F7DFFA21
:1092C000002805D0DEF78EFF607EE6F7B3FD37E1BC
:1092D000012E04D03868E6F710FB0028F2D03D4696
:1092E000099F3E4698362868E6F7FFFA0796B28B44
:1092F000B6498A4220D106462868E6F7FEFA0028D9
:1093000017D00AA800250570607EE6F7FEFC3E6DCA
:10931000942029462A46E6F747FA01463046E6F702
:109320008CFBE07B401E022818D37D208100FA319F
:1093300015E00798828B30463E46DB36A44951182B
:10934000062914D87944097949008F440310106321
:1093500076108C003846D7F758FFEDE04621099883
:10936000006D1430E6F790FBE6F771FAE4E00028B0
:1093700000D1A3E0386D1430E6F7DAFA054600783C
:109380000F2303406878052B02D0032B00D0D3E0D5
:10939000222800D9D0E00396821C3846DC308D4E5E
:1093A00029460693B047089F10970F972878C00961
:1093B0000FA90870481C2946083106263246854BFD
:1093C00098470E970D9728784006C00F0DA9059174
:1093D0000870481C0495A91C069D32467D4B984791
:1093E000E37A22780998006D014630312830099ED1
:1093F00084360096099E0190029105982946D7F778
:10940000A2FC316D28228F54174641087E2957D877
:10941000014656E0386DE6F702FB3D6D7D20800089
:1094200002210122E6F7C0F901462846E6F705FBCE
:1094300006203070617F217724E0DEF7D3FE386D9F
:10944000E6F7EDFA3D6D942000210A46E6F7ACF907
:1094500001462846E6F7F1FA6088401E6080607E8B
:10946000E6F7E8FC68E0607F20773D6D7D208000B6
:1094700002210122E6F798F901462846E6F7DDFACF
:10948000042030700CAE0BAB39463246FFF7B6FE07
:1094900005463178E07B0022EEF7FAF8D0300799E4
:1094A0000860384600F098F83846EEF77EFC002D4C
:1094B00042D14648C01D079988833DE0384639E0CF
:1094C0000121326DD35D0B43D355716F0A680F9B39
:1094D0009A4213D14968109A9142049B0FD10246D7
:1094E000FF3A511E8A410892032D08D1FF2806D069
:1094F0002088800727D40120089000E0049B208862
:10950000C00716D0052D14D11846FDF717FA01280B
:109510000FD1316D886AC96AF9F7E2FF41424141D2
:1095200008980140012904D10AA93046D7F773FEF3
:1095300002E0304600F06AF8F5F7E7FF0AA8057880
:10954000284611B0F0BD0AA800210170306DE6F781
:10955000E8F90520039908700CAA0BAB3146FFF718
:109560004DFE002812D01948801D0897079FB88328
:10957000356D7D20800002210122E6F715F90146B4
:1095800028463D46089FE6F758FA03E00F48C01DFD
:10959000079DA883E6F75BF90CA80178E07B002221
:1095A000EEF776F8D03028603046EEF7FEFB607DAF
:1095B0000128C1D1326DD15DA0792832521CFDF74E
:1095C0006FF9B9E70417002094170020F6FF000098
:1095D0000700FFFF75800510B0B50446C720205C6A
:1095E000ECF7E6F80546C734A07A2946E6F7D3FB40
:1095F000A07A2946E6F799FBA07AE6F7BCFB617BE7
:10960000A07AE6F756FBE6F722F9B0BD10B504469E
:10961000DEF7E8FDBA20215A491E2152D120205CF4
:10962000E6F708FC10BD000070B50E46044605467E
:109630009C3568680D4941182046D0304078ECF7D9
:1096400049F92046EEF7EDFB8019E16F081A29462B
:109650002246FFF78DFD2046EEF7B4FC9C202158F2
:10966000D020205CECF736F9012070BDFFFFFF0F22
:10967000F0B58DB0099317460D460646F4F770FA1B
:10968000044608963046EBF7DDF80346052F07D170
:109690003D211846FFF775FAFF2738460DB0F0BD9B
:1096A0000794224628321E462C363078022829D1CB
:1096B0001078401EFF270B28EFD8400078448088A0
:1096C000400087440B00A400A700C200CC00D000DB
:1096D000330137015F016F017E0181010A20099981
:1096E0008870FF2738460430088001210898154605
:1096F0000A461C46FFF704FA204600F001FB022050
:109700002870CAE7012F2ED1002050700692002544
:109710001E4618462946EEF773FA099989780329F7
:1097200057D100283346079FB2D1099CE01C394627
:10973000303108220592194B984720460B303946A4
:109740002E310222154B984720460D303946059A96
:10975000124B9847153420370422204639460F4BC8
:10976000984705203BE05078FF270D2895D80597AE
:10977000112109015F184000784480884000874427
:109780000F00100065016D0176019B01D6012002DA
:10979000E9014002ED01FE0114023402C3FD06108E
:1097A000B4E70B200999887002205070FF273846D3
:1097B0000430088000240122089821461D46FFF746
:1097C0009FF9284600F09CFA2846214600F09FFAAF
:1097D00063E70128334600D05AE701252846069F53
:1097E00078703D710024089D284621462246FFF7E7
:1097F00087F9304600F09CFA28462146F4F7B9F97B
:109800000122284621462346F4F731F944E7032094
:10981000107021E1099880780B2800D038E70420E7
:109820001070022118461D4600F071FA0124089EAE
:1098300030462146F4F79DF9002230462146FFF7D5
:109840005FF9284600F074FA27E70B200999887021
:1098500005201070FF273846043008801DE70620D9
:1098600010700121D6E1099CA01C019005970027EA
:10987000FD4D384604931646A84702900B90384693
:10988000A8470C903846059FA8470390FC492180C3
:109890000A903546307A0002717A09044018B17A8C
:1098A000069609064018C01C019C2060079E3046A1
:1098B000333000F045FA606002980006F18D09022D
:1098C0000818E97B4018A06025460BAC601C00F02E
:1098D00037FAE8600398000661794018A179090217
:1098E0004018E1790904401828612A460AAD6878D1
:1098F000A97809020818E97809044018506108227B
:1099000020463146F6F75DFA2036042228463146D5
:10991000F6F757FA072006990870012108980A46B9
:10992000FFF7EEF8049800F0EBF9B6E608201070A7
:109930000427B2E609988078112861D007285FD003
:109940000D285DD00428079C00D0A1E609201070E6
:10995000099FF81C2146083108221D46F6F731FA06
:109960000B372146243104223846F6F72AFA3467A9
:10997000012100220898FFF7C3F8284600F0D8F923
:1099800005278AE609988078112846D00D2844D00A
:10999000052800D07CE6144601210898F4F7E9F880
:1099A0000A200CE0062009998870FF273846043009
:1099B000088002211846144600F0CDF90B202070D3
:1099C0006BE60C201070C7E009988078062800D05C
:1099D0005EE6002015461070C44800682C21405CEB
:1099E000C007C10E6F20C04348401C465A8F2979DA
:1099F000C0B2012900D011E1114600F0BDF911E11A
:109A0000BA4800682C21405C0001C043802101431A
:109A1000902008405A8F1A210BE0B44800682C218E
:109A2000405C0001C04380210143902008405A8FD0
:109A300006211C46002300F0D1F9204600F000FA70
:109A4000204600F005FA01210898F4E00320507048
:109A50000121184600F05BF90B271EE60998807873
:109A60000B2800D014E604205070032715E609984F
:109A700080780328059F079E00D009E605205070D6
:109A8000099CE01C3146303108252A469B4B9847FB
:109A900020460B3031462E310222984B9847204603
:109AA0000D3031462A46954DA847153420360422FC
:109AB00020463146A847ACE0002403948E4D204652
:109AC00004930692A8470B902046A8470C90204686
:109AD000A8470426099CA6700D21617003212170FE
:109AE0000A90E11C0BAD08220292844B284698474D
:109AF0000B340AAF384621463246804B9847079CC4
:109B0000214608312846029A7C4DA847243438461D
:109B100021463246A8470620069948700122089837
:109B20000399FEF7EDFF049800F0EAF8DBE07048D7
:109B300000683D21415C890604D53D30407AC0066D
:109B400000D593E0002108981446F4F712F8204657
:109B50000D27C7E00920507006279EE506200999C9
:109B600088700B205070FF2528460430088001249F
:109B70001846214600F0EFF83C702F468DE5002492
:109B800054705A4800682C21405CC007C10E6F20F9
:109B9000C043484011465A8F0979C0B201294ED1BD
:109BA00011461E4600F0E8F84EE01846154600F053
:109BB00047F90024012208982146FEF7C3FD6C7086
:109BC00091E0D078012810D1052009998870079874
:109BD0003067FF27384604300880002118461446B5
:109BE00000F0B9F80820607057E5099819461C463E
:109BF000154600F037F90C206870204600F028F96F
:109C000071E0099880780628059F00D040E50A2079
:109C1000507000210898F3F7ACFF3EE500210123C6
:109C200000F0DCF8089D204600F00AF9204600F01C
:109C30000FF9012128460A46FEF784FD2DE5002193
:109C40001E46012300F0CAF83046089E3C700446C8
:109C500000F0F6F8204600F0FBF8012230462946D5
:109C6000FEF770FD3FE0C046175506101F4800681C
:109C70002C21405CC007C00E069203D0192202E0DE
:109C8000031700000A22079D6F21C9434840C1B253
:109C9000E88D07905C8F17480068006904230991DC
:109CA0000893EDF7F1FD072700281AD00646047245
:109CB000200A707230460A30303508222946DEF715
:109CC000D9F90799080AF074B1740520F0710D20D4
:109CD000B0713E2070710898307109983146EDF7E7
:109CE0005DFE06984770059FD7E4C0469C1700208C
:109CF00004170020A017002017550610C3FD0610FA
:109D000094214058018880220A430280704794229F
:109D10008058002907D0012903D0018840220A4336
:109D20000280202100E0402102880A43028070471F
:109D3000942140580188012212020A430280704790
:109D40000178427812025118827812048918C0787A
:109D500000060818704794228058002907D001296E
:109D600003D0018810220A430280082100E010215C
:109D700002880A4302807047B0B50D460446C0060B
:109D800006D4144800683B214056002804D4B0BDD6
:109D9000BF200440072200E017220F480068610737
:109DA000C90E4018006902232146EDF76DFD002819
:109DB000EDD0014605720020C87103208871302063
:109DC000487104200871280A48722046EDF7E6FD24
:109DD000B0BDC04604170020A0170020F8B51E46ED
:109DE00015460F460446C00606D4134800683621BF
:109DF0004056002804D4F8BDBF200440062200E0ED
:109E000016220E4800686107C90E40180069022337
:109E10002146EDF739FD0028EDD001460572867226
:109E2000C7710420887108224A710871280A487293
:109E30002046EDF7B3FDF8BD04170020A017002061
:109E4000942140580188802291430180704700008E
:109E5000942140580188024A0A4002807047C04657
:109E6000FFFE00000322027097235B00C95C4907D4
:109E700003D406230D21022203E0062101711121E2
:109E80001346C3708170427070470000F0B585B012
:109E90001C4615460E460746F3F762FE03900297EE
:109EA0003846EAF7CFFC0746FF20062D00D999E097
:109EB0000496972149007B183E462C367D442D7927
:109EC0006D00AF4403088F298F8F4A000499012940
:109ED00060D1092086E0A1780E2902D0082900D09F
:109EE00080E0E41C039908310546082220461E46FE
:109EF000F5F767FF052230462146DEF7BBF8029EE4
:109F00003046049C2146F3F734FE032200233046FA
:109F10002146F3F7ACFD1EE0A178072946D00929B8
:109F200060D10546E41C052218462146DEF7A2F85A
:109F30000398407C002805D07A8F8020002123469A
:109F400000F052F8306E102101433166032202986E
:109F50000499FEF7F7FB284644E00290092001909F
:109F6000607003202070E71C3846FEF7A9FCA0793A
:109F7000F7210140A17108253846039F39462A463A
:109F8000F5F71FFF0498012808D13078022826D160
:109F9000A57026E00446032202981CE00198A070F8
:109FA000E078397A0140E17039741AE03178032998
:109FB00018D104461878F72101401970039B587C8A
:109FC000002805D07A8F083380201A2100F00CF881
:109FD000032202980499FEF7B5FB204602E00E200A
:109FE000A070029805B0F0BDFEB50546C00633D49A
:109FF00017461C4800683D22825C002492062CD53E
:10A000003D30407A000728D5019102931648006838
:10A010006907C90E401800692522042329460093C8
:10A02000EDF732FC00281AD00646477201983072CC
:10A03000380AB07230460B3008220299DEF71AF85F
:10A040000099F1710C20B0713E2070713171284679
:10A050003146EDF7A3FC00E086242046FEBD072430
:10A06000FBE7C04604170020A0170020FEB50091B2
:10A070000646C01C02AD0227204C29463A46A0479E
:10A08000701DA91C3A46A047F01D01AC21463A4676
:10A090001A4B98470936A11C30463A46174B984749
:10A0A00029881222FB290ED81B290CD302A840882C
:10A0B000134B984207D8FF224832521C904201D3DA
:10A0C000002200E0122201A803880020FB2B13D8F5
:10A0D0001B2B11D301AC6488094DAC420CD8E508A8
:10A0E000292D09D3002A07D1009A1181D4819381A7
:10A0F00002A8408850810120FEBDC046C3FD061065
:10A1000090420000F0B585B01D4617460646049102
:10A11000F3F726FD044603963046EAF793FB06461E
:10A12000FF20062F00D9E6E002943446B434C0463E
:10A130007F443F797F00BF440309DE2ADEDE4E0004
:10A140000499002900D195E01520D4E0A9781429BC
:10A1500000D0D0E0044628460299FFF787FF002888
:10A1600000D1B6E0039D2846EAF76CFB8C214258EB
:10A170002023134343502846049E3146F3F7F9FC4D
:10A180000622002328463146F3F771FCA4E0A978A3
:10A19000072900D186E0152900D0ACE001902846BF
:10A1A000029F3946FFF762FF002800D196E038464B
:10A1B0003146FEF7E1FA38463146FEF729FB012821
:10A1C00000D092E0A388E2882188708F24890094CF
:10A1D00000F096F889E001900398EAF733FB8C21B0
:10A1E0004058202606400498012812D1002E10D095
:10A1F0000021039C2046F3F7B3FC029A91888180EA
:10A20000D188C180204600F0B7F8012106222046FF
:10A210006EE0092029466870032028700498012800
:10A22000029F0ED0EAF79CFE018B3980408B78802C
:10A23000002E06D06089B880A089F880039800F0CD
:10A240009BF82E46E91C02252C4C38462A46A0478E
:10A25000B81C711D2A46A047381DF11D2A46A0478B
:10A26000B81D314609312A46A047049801282DD14E
:10A2700014202CE00190029F38463146FEF77CFA0C
:10A2800038463146FEF7C4FA012807D1A388E28890
:10A290002188708F2489009400F032F80021062272
:10A2A000039825E097214900731819780646DF22A4
:10A2B0000A401A700299088B6081488BA08106229F
:10A2C00003980499FEF73EFA304614E01520B0706A
:10A2D00010E00398F3F76AFA20460CE00398F3F7CE
:10A2E00065FA388B6081788BA081062203980499E7
:10A2F000FEF728FA019805B0F0BDC046C3FD061070
:10A30000F8B50D4604461A4800683D21415C8906AF
:10A310002CD53D30407A400628D51F4616461548B4
:10A32000006800698021262204230093EDF7ACFA2F
:10A3300000281BD00146069808748F730E738D7227
:10A340000C720722CA710B228A713E224A71009A4E
:10A350000A71000A4874380AC873300A4873280A18
:10A36000C872200A48728020EDF718FBF8BDC0467D
:10A3700004170020A017002080B5EAF763FA8C21AB
:10A38000425820239A43425080BD0000F0B587B068
:10A390001E4617460D460446F3F7E2FB039004946D
:10A3A0002046EAF74FFAFF23072F00D98DE10295E7
:10A3B00005462C35044698347F00C0467F44BF884C
:10A3C0007F00BF4407001C0041004D006700820170
:10A3D00026006E0028780299012900D0B5E00228F5
:10A3E00000D003E1039E307C032800D158E101280E
:10A3F00000D06AE1022003990874172365E1F07820
:10A4000005A988703079C87004981C4600F09DF941
:10A410005AE128780299012971D10228039900D0C4
:10A42000CEE0087C022800D152E1002800D04CE1A7
:10A430001620B070032070703070C87CF070087DFA
:10A4400030710120087440E1F17805A881703179FC
:10A45000C170657D1E46072D00D190E002218FE07E
:10A46000B078072800D1D2E01128049F00D1E7E09E
:10A47000182800D1FAE0172800D026E105A900200D
:10A480000871F07888703079C87038461C4600F042
:10A49000C1F919E1B1781C46162900D185E02A21BD
:10A4A00084E00193049F3846039E314600F042FA4F
:10A4B000697D384600F05BFA71883088628C904282
:10A4C00002D1A28C91420AD0A1846084EFF3108063
:10A4D00072B60120400261880143618062B6EFF3E9
:10A4E000108072B60120000261880143618062B66B
:10A4F000072238460299FEF725F9019BE5E002287C
:10A50000039966D1087C052800D100E1002800D01D
:10A51000DBE00193049F3846EDF732FB1821B17060
:10A520000521717003253570017AF170407A307120
:10A53000711D02222046F5F744FC0398057420881B
:10A540000028DAD038460299DEE002284AD1039E7C
:10A55000307C032800D09FE01C46707C05A9087160
:10A56000049D2846324600F003FA002800D1ABE0F3
:10A570002846314600F0DEF90722284674E0012122
:10A58000049F817100213846F3F7EAFA0446384601
:10A59000EAF758F92C21405C02280AD1FF20063046
:10A5A0002082072D24D02A2023E02321FEF7E9FA78
:10A5B0008AE0072D29D105A9384600F0C6F824E025
:10A5C0001620B070032070703070C87CF070087D69
:10A5D000A5E01720B070032070703070487DF070D7
:10A5E000887D9CE002220498FEF78AFA18236CE02A
:10A5F0002320A074002438462146F3F7BAFA072234
:10A60000012338462146F3F732FA33465DE01C4613
:10A6100005A90720887000204870F0780870039F13
:10A62000787CC870049E304600F0F8F9287803283A
:10A6300003D13046394600F07DF90722304613E059
:10A6400005A911208870F078087030794870039D52
:10A65000687CC87038461C4600F0E0F93846294648
:10A6600000F068F90722384602992BE00193F01CAC
:10A6700005AE05223146F5F7A4FB039D687C3071D9
:10A68000384631462A4600F073F9002849D038464A
:10A69000294600F04FF92BE7072204981C4611E0E9
:10A6A0001C46707C05A90871049D2846324600F0BE
:10A6B0005FF9002846D02846314600F03BF90121D9
:10A6C00007222846FEF73EF82346184607B0F0BD9D
:10A6D0000193049F3846EDF753FA1821B170052114
:10A6E000717003253570017AF170407A3071711DF7
:10A6F00002222046F5F765FB0398057420880028A0
:10A7000000D1FAE601213846FEF72CFA15E01620B2
:10A71000F0701120B070032070703070887C307140
:10A72000D3E7029D012D04D1012102223846FEF714
:10A73000E7F938462946FEF7F3F96088802101439E
:10A740006180DAE604203074BEE7F0B585B00F46CC
:10A750000446EAF777F80546002120460291F3F710
:10A76000FFF90646012001907074B878F074F8780B
:10A770003075B620285AF08103A804710396D6F7E5
:10A780001BFD2C20285C2C35022808D1707C3871E8
:10A790002046394600F03EF80298307425E0204605
:10A7A000EDF7EEF981787175C778B775337D0B4099
:10A7B000DBB2002B19D081798B4216D0D90702D099
:10A7C000019A114601E00221019A5B0700D504219C
:10A7D000F37C1F407B0703D4C079001F42424241F3
:10A7E000009601232046F7F737F900262046314628
:10A7F000F3F7BFF90722012320463146F3F737F973
:10A800002878022804D1002102222046FEF778F998
:10A8100005B0F0BDFEB50D460446EDF7B1F90646AC
:10A8200028790128029014D1002520462946F3F703
:10A8300097F90746027DC37C9342019505D1032B0E
:10A8400002D3042B019D00D10125F0781840B37884
:10A8500014E0012120460191F3F782F90746AB7815
:10A860004375EA7882750025934204D1032B01D306
:10A87000042B00D10125387D1840FB7C1340002DAE
:10A8800002D08342034607D10021002B0A460AD09A
:10A89000DA0704D0012203E0002211460DE0042271
:10A8A0009B0700D50222002807D0C10701D0012153
:10A8B00000E00421800700D50221B37900209A42EC
:10A8C000034600D013463372F279914200D0084615
:10A8D00070722046E9F7B6FF0546707A002802D16B
:10A8E000307A002815D02046FEF72CF998216852BE
:10A8F000317A002910D0F079009708404007C20F44
:10A9000001232046F7F7A8F8317A2046F7F7ECF84C
:10A9100002E09820002129520298012809D02046FF
:10A92000019D2946F3F725F9022220462946FEF724
:10A93000E7F8FEBDBCB50D460446EDF721F9002849
:10A9400007D08179C079042807D128460C3001222C
:10A9500005E0A81D0022012101E0A81D00220088B9
:10A960006880009500232046F7F776F8BCBD704755
:10A97000FEB501920C460646E9F764FF07463046ED
:10A98000EDF7FEF805462C200297395C032911D11A
:10A9900027780120042F2ED8032F2CD06278042A88
:10A9A00029D8032A27D0029B98336A722F726288B3
:10A9B0001A8000E02F7A002F02D16A7A002A16D07E
:10A9C0000020032917D1697A002914D0EA79019B64
:10A9D00000933A405207D20F044601233046F7F75E
:10A9E0003BF8697A3046F7F77FF8204603E0217993
:10A9F0000120002900D0FEBD0446E97903204A0762
:10AA000000D50146029A528FAB790091590700D5C3
:10AA1000034680200021EDF781F9E6E77CB50D467D
:10AA20000646EDF7ADF804463046E9F70BFFA97886
:10AA3000072907D1FF213031425CF62313404354EC
:10AA40001A2100E06978EA78002A00D07CBDE67916
:10AA50000325720700D52E46428FA379009658072A
:10AA600000D52B468020EDF759F97CBD02490968D5
:10AA70004A680260887B7047081700202C214143F8
:10AA8000064800684018817C102901D0202900D197
:10AA900070471230012101707047C0460C1700202A
:10AAA000B0B52C2444430B480068059D055100199E
:10AAB000049C8460C1600B9981620A994162099982
:10AAC00001620899C1610799817506994175C2743F
:10AAD0004360B0BD0C1700202C224243024800689E
:10AAE000801881747047C0460C170020F0B587B0FD
:10AAF0001F4616460C460546F3F732F804902846E2
:10AB0000E9F7A0FEFF22062E00D9B2E00346C046B8
:10AB10007E4436797600B744030EAC3AACAC5300B1
:10AB2000012C5CD18C20185801068C330029049923
:10AB300060D40C226CE002930392284600F09CF84B
:10AB4000002800D094E0F81C05220192049E3146B2
:10AB5000F5F737F9029F39463C313046019AF5F74F
:10AB600030F98C203858420639468C31002A6ED490
:10AB7000012212021043086028462146F2F7F9FF2D
:10AB80000522002328462146F2F771FF70E0B878CD
:10AB90000C286ED1F81C0526049F394603923246D4
:10ABA0000293F5F70EF9284621463246FDF7CAFD15
:10ABB0000298408F394600F067F82846394655E03C
:10ABC000164606A830210180012C2AD18C20185865
:10ABD000C10521D48C3340210843186021E016467A
:10ABE000052228462146FDF7ADFD2846049900F0D0
:10ABF00073F82AE028461C4600F06EF80121052271
:10AC00002846FDF79FFD2346206880218843FF22C8
:10AC10004021884318602CE0012105222846FDF7D9
:10AC200091FD0D20F8700C20B87006207870032577
:10AC30003D70391D06A802242246F5F7C2F805A882
:10AC40000580B91D2246F5F7BCF8324611E0802296
:10AC5000104308600522284621463C46FDF772FD58
:10AC6000788F314600F010F82846314600F034F86D
:10AC7000039A104607B0F0BD80B5E9F7E3FD8C21DB
:10AC800040580007C00F80BD70B50C4605461048FF
:10AC900000683721405C000719D50E4800688069BC
:10ACA000022121220323ECF7EFFD00280FD00646F6
:10ACB000001D2946224600F01FF80820B0710C2024
:10ACC00070710420307102203146ECF767FE70BDD0
:10ACD00004170020A017002010B50C46E9F7B2FDBC
:10ACE00001468C200A58082313430B503C3105229F
:10ACF0002046F5F766F810BD01710023C370090AFC
:10AD0000417111788171517893780372C171D17852
:10AD10001279827241727047B0B5FFB083B00C46B1
:10AD200005468B68CA8889886846801D00F01AF835
:10AD3000280702D5A068EDF7F1FC6846817A890002
:10AD4000CA1D8270120AC27005220271044A028072
:10AD50000C2242710B31EFF7E2FD7FB003B0B0BDC2
:10AD600082FF0000B0B51C465B88150AC570827072
:10AD70000A0A42700170591E8A080271A589431D92
:10AD80008AB2681C81B22046F2F70EFBB0BD00000B
:10AD9000B0B5FFB083B00C4605468B68CA88898879
:10ADA0006846801D00F01EF8280702D5A068EDF760
:10ADB000B5FC6846C17A039A120251180A46093254
:10ADC0008270120AC27004220271054A02800C22AB
:10ADD00042710D3189B2EFF7A2FD7FB003B0B0BD73
:10ADE00082FF000070B51C4605465E88100AE870B8
:10ADF000AA70080A687029709889401C81B21846A8
:10AE000000F00EF8B11E0A0AAA7169712871A089B2
:10AE1000EB1D8AB2801C81B22046F2F7C5FA70BDE4
:10AE20001CB51F2903D801AA1180406805E04068BD
:10AE300001AC2246F7F75AFB2188401800791CBD67
:10AE4000B0B5FFB083B00C4605468B68CA888988C8
:10AE50006846801D00F01AF8280702D5A068EDF7B3
:10AE60005DFC6846C1890A460C328270120AC270C3
:10AE70000C220271044B03804271103189B2EFF74A
:10AE80004EFD7FB003B0B0BD82FF0000FEB51C4692
:10AE9000174602910546588801909889401C81B256
:10AEA0001846F2F7A8FA0646A089C01C81B22046CF
:10AEB000F2F7A1FA0199491F0A0A6A722972A87168
:10AEC000320A6A712E713A0AEA70AF70029B1A0A4E
:10AED0006A702B70000AE871A0890A358AB2401D99
:10AEE00081B220462B46F2F75FFAFEBDB0B5FFB047
:10AEF00083B00C4605468B68CA8889886846801DE1
:10AF000000F01CF8280702D5A068EDF707FC68469A
:10AF100041890A4608328270120AC2700822027100
:10AF2000054A02800C2242710C3189B2EFF7F7FC1E
:10AF30007FB003B0B0BDC04682FF0000B0B51C4674
:10AF40005B88150AC57082700A0A42700170591E2A
:10AF500001710A0A4271A589831D8AB2681C81B2F7
:10AF60002046F2F721FAB0BDB0B5FFB083B00C4671
:10AF700005468B68CA8889886846801D00F01EF8DF
:10AF8000280702D5A068EDF7C9FB6846C17A039A85
:10AF9000120251180A4609328270120AC2700A223D
:10AFA0000271054A02800C2242710D3189B2EFF71D
:10AFB000B6FC7FB003B0B0BD82FF000070B51C4688
:10AFC00005465E88100AE870AA70080A6870297041
:10AFD0009889401C81B21846FFF722FFB11E0A0A69
:10AFE000AA7169712871A089EB1D8AB2801C81B297
:10AFF0002046F2F7D9F970BDB0B5FFB083B00C466A
:10B0000005468B68CA8889886846801D00F01EF84E
:10B01000280702D5A068EDF781FB6846C17A039A3C
:10B02000120251180A4609328270120AC2700622B0
:10B030000271054A02800C2242710D3189B2EFF78C
:10B040006EFC7FB003B0B0BD82FF000070B51C463F
:10B0500005465E88100AE870AA70080A68702970B0
:10B060009889401C81B21846FFF7DAFEB11E0A0A21
:10B07000AA7169712871A089EB1D8AB2801C81B206
:10B080002046F2F791F970BDB0B5FFB083B00C4621
:10B0900005468B68CA8889886846801D00F01CF8C0
:10B0A000280702D5A068EDF739FB684641890A46B2
:10B0B00008328270120AC27009220271054A0280A7
:10B0C0000C2242710C3189B2EFF729FC7FB003B03A
:10B0D000B0BDC04682FF0000B0B51C465B88150AB3
:10B0E000C57082700A0A42700170591E01710A0A05
:10B0F0004271A589831D8AB2681C81B22046F2F78D
:10B1000053F9B0BDB0B5FFB083B00C4605468B68AF
:10B11000CA8889886846801D00F01CF8280702D577
:10B12000A068EDF7FBFA684641890A46083282704A
:10B13000120AC2701E220271054A02800C2242715C
:10B140000C3189B2EFF7EBFB7FB003B0B0BDC04666
:10B1500082FF0000B0B51C465B88150AC57082707E
:10B160000A0A42700170591E01710A0A4271A589CA
:10B17000831D8AB2681C81B22046F2F715F9B0BD72
:10B18000B0B5FFB083B00C4605468B68CA88898885
:10B190006846801D00F01CF8280702D5A068EDF76E
:10B1A000BDFA684641890A4608328270120AC270A6
:10B1B00007220271054A02800C2242710C3189B2C9
:10B1C000EFF7ADFB7FB003B0B0BDC04682FF00001B
:10B1D000B0B51C465B88150AC57082700A0A4270B9
:10B1E0000170591E01710A0A4271A589831D8AB234
:10B1F000681C81B22046F2F7D7F8B0BDF8B5044616
:10B20000C00628D41F4616460D461548006861073B
:10B21000C90E40180069602203232146ECF734FB75
:10B2200000281AD00146067385720C2048721C2033
:10B2300008723A460027CF71072088718A73FF2071
:10B24000487182200871300A4873280AC872204663
:10B25000ECF7A4FB02E0862700E007273846F8BD9C
:10B26000A0170020F0B5FFB086B00C4605460B894C
:10B27000CA8889886089A689276900900196029703
:10B2800003A8801D00F01CF8280702D52069EDF7FF
:10B2900045FA03A8C1890A460C328270120AC270AC
:10B2A0001B220271054A02800C224271103189B2C0
:10B2B000EFF735FB7FB006B0F0BDC04682FF00005F
:10B2C00070B515460446059A02720498A071237160
:10B2D000A5702170160A6672000AE071180A607182
:10B2E000280AE070080A6070069881890A34491DAE
:10B2F00089B22346F2F758F870BD0000F8B504464D
:10B30000C00620D41F4616460D4611480068610746
:10B31000C90E40180069122205232146ECF7B4FA41
:10B32000002812D001460898079A069B48610A82B5
:10B33000CB818F814E810D81064848602046ECF715
:10B340002DFB0020F8BD8620F8BD0720F8BDC046C3
:10B35000A017002065B20710B0B5FFB083B00C464F
:10B3600005468B68CA8889886846801D00F01CF8ED
:10B37000280702D5A068EDF7D1F903990A460A32E9
:10B3800068468270120AC2700E220271054A02805B
:10B390000C2242710E3189B2EFF7C1FA7FB003B0CF
:10B3A000B0BDC04682FF0000F8B51C4617460E46E9
:10B3B0000546588800909889401C81B21846F2F7DB
:10B3C0001AF80099C91E0A0AEA71A97128713A0A85
:10B3D000EA70AF70320A6A702E70000A6871A08934
:10B3E00008358AB2C01C81B220462B46F1F7DCFF3B
:10B3F000F8BD0000F8B50446C00625D416460D4633
:10B40000144800686107C90E401800695E220323D2
:10B410002146ECF739FA002818D0014606738572E8
:10B420000C204872172008720027CF7106208871FF
:10B43000FF20487182200871300A4873280AC872B8
:10B440002046ECF7ABFA02E0862700E007273846F3
:10B45000F8BDC046A0170020F8B50446C0062ED49B
:10B460001F4616460D46184800686107C90E401869
:10B4700000695F2204232146ECF706FA002820D059
:10B480000146069808748F730E738D720C224A72EF
:10B4900019220A722B460025CD710A228A71FF22D9
:10B4A0004A7182220A71000A4874380AC873300A45
:10B4B0004873180AC8722046ECF770FA02E0862535
:10B4C00000E007252846F8BDA0170020F0B5FFB022
:10B4D00086B00C4605460B7ACA8889886089A68999
:10B4E000276900900196029703A8801D00F01EF8BE
:10B4F000280702D52069EDF711F903A8417B827B6B
:10B50000120251180A460B328270120AC2701A22B5
:10B510000271054A02800C2242710F3189B2EFF7A5
:10B52000FEF97FB006B0F0BD82FF0000B0B5154651
:10B530000446059AC271049860712371A570217048
:10B54000130A2372000AA071280AE070080A6070CA
:10B55000069881890934C91C89B22346F1F724FF72
:10B56000B0BD0000F8B50446C00620D41F461646FC
:10B570000D46114800686107C90E40180069112284
:10B5800005232146ECF780F9002812D001460898DF
:10B59000079A069B48610A82CB810F734E810D8109
:10B5A000064848602046ECF7F9F90020F8BD8620EF
:10B5B000F8BD0720F8BDC046A0170020CDB4071085
:10B5C000F8B50446C00626D416460D461448006851
:10B5D0006107C90E40180069422203232146ECF797
:10B5E00053F9002819D001468572002747721120AF
:10B5F0000872CF71072088718E73FF2048718220F6
:10B600000871280E4873280C0873280AC87220464F
:10B61000ECF7C4F902E0862700E007273846F8BDBA
:10B62000A017002080B540690149FBF7AFFD80BD40
:10B630004DEE0710F0B5C5B00C46087902A90871A7
:10B64000CD1D1034012200211B4EC0B2814224D2F4
:10B65000A81E01912146083909780170681EE11F72
:10B6600009780170A11F009206222846B04722786F
:10B67000AA716168E81DB0472778E819C01D214606
:10B6800008310122B047009A0199D2190A320B35CC
:10B690001434491C02A80079D7E702A80221C1701E
:10B6A00004490180511C8170D1B2091DEFF737F9AF
:10B6B00045B0F0BD043E000075800510F0B5C5B082
:10B6C0000C46087902AF38710E371134012200217F
:10B6D000274EC0B281423BD23846093801912146FB
:10B6E0000939098801700092FA1FE31F1B78137053
:10B6F000090A4170B81FA11F06252A46B047052038
:10B70000205A78712178397061787970A178B97090
:10B71000E178F97021793971E179F971000AB8712C
:10B7200038460830214608312A46B047A27BBA7312
:10B730000F20215838460F30B047009A0199A07B5E
:10B740001218183219371C34491C02A80079C0E7B6
:10B7500002A80D21C17005490180511C8170D1B230
:10B76000091DEFF7DCF845B0F0BDC046043E00000F
:10B770007580051070B588B00446002805D068466D
:10B78000FF212022DCF780FC04E0203168462022E3
:10B79000DCF770FC194800682C21405CC007C50E1E
:10B7A00001D10C220AE0164800683D21415C89065F
:10B7B00022D53D30807AC0071ED01B221220454082
:10B7C0001048006880690A232946ECF75DF80028D4
:10B7D00012D006460472093069462022DCF74AFC82
:10B7E0000920F0712220B0713E2070710420307168
:10B7F00028463146ECF7D2F808B070BD9C170020FF
:10B8000004170020A0170020F0B5C5B00C46C87979
:10B8100002ADE8710979297161796971A179A9711C
:10B820000E35103404270021C0B2814227D2A81F50
:10B8300001912146083909780170681FE11F0978D4
:10B840000170281FA11F09780170E81E611F097887
:10B850000170A81E211F09780170681EE61E32784B
:10B86000027021682846DCF705FC01993078381809
:10B87000871DED1D0C34491C02A8C079D4E702A82D
:10B880002821C17004490180791C8170F9B2091D19
:10B89000EFF745F845B0F0BD043E000070B590B03C
:10B8A000044600280CD10D4620480068683020224C
:10B8B000DCF7E0FB2035684640222946DCF7DAFB5E
:10B8C0001B4800682C21405CC007C50E1FD10B220D
:10B8D0001220454017480068806912232946EBF77B
:10B8E000D3FF00281ED00646047209306946402264
:10B8F000DCF7C0FB0820F0714220B0713E2070716F
:10B900000420307128463146ECF748F80AE0074831
:10B9100000683D21415C890604D53D30092140562F
:10B92000002801D410B070BD1A22D1E704170020FE
:10B930009C170020A0170020054800688821415C62
:10B9400088308078814201D80020704701207047FC
:10B9500004170020054800688921415C89308078FF
:10B96000814201D800207047012070470417002051
:10B9700080B50349C97A814201D3FCF7FBFD80BD44
:10B980009014002080B540690149FBF7FFFB80BDA2
:10B9900071B907102A2804D8032141430248405CAA
:10B9A000704716207047C04658F30710FEB504468E
:10B9B0009A20205AC20725462C35002A00D181E062
:10B9C000264698363288511A0B0404D008B2002853
:10B9D00078D52820FEBD41050FD4010716D4800676
:10B9E00038D42879D5F7EEFB002860D028790121DA
:10B9F00000221346E7F744FD59E02879114600F08C
:10BA000069F8708832490140718050E0606C376B92
:10BA1000796840186064B9683A6828780228029109
:10BA2000019229D1687DE4F7D0F8042801D00628D6
:10BA300000D10220029B796999420A4600D31A4636
:10BA4000226580002018816501984008616C081803
:10BA500060641BE0832040002718716B687DE4F769
:10BA6000F2F83878012804D1716BE0342046E9F708
:10BA700021FD7088202118E0E9F772FA029B0199F4
:10BA800061634068984200D318462065F8682087B3
:10BA90003869E16C0A186266A066994203D0E364D3
:10BAA0002046F7F795F870880821884370807088E1
:10BAB000022101430120814371801520E4F7A8F998
:10BAC000D3F7CAFB2879D5F78FFB0020FEBDC0460F
:10BAD000FFFB000070470000F0B599B00746408EAC
:10BAE000401C788641203D5C2D20385C002808D021
:10BAF000DCF778FB2846FDF757F82846E4F79AF973
:10BB0000A5E22120C0003E1838462C300D903C465E
:10BB100080343846D0300790EA480068E3F7EDFEFD
:10BB2000099000280B940A96089540D03E4614369A
:10BB30003046E3F7F6FE3046E3F7EDFE20460830E8
:10BB40000C90207A800745D43846E3F7F1FE05468D
:10BB50003C4628340D98007800210691032800D037
:10BB6000A6E03046E3F7E4FE0346A54215D0297867
:10BB700003200A460240032A0AD1890600D4022083
:10BB8000285C062804D138460593FEF761F9059B29
:10BB90000C9A1068402101431160187829780143FC
:10BBA000C80674D40C980078C0067DD580E038466D
:10BBB000E3F7B7FE3846E3F7AEFE0EA80026867719
:10BBC00006764677BF4C2068E3F793FE002810D036
:10BBD000012514E03D46A835DCF704FB0D9E707D81
:10BBE000FCF7E2FF00202880132171706083344647
:10BBF000E5E12068E3F765FE0546401E85410EA895
:10BC0000C5762068E3F77CFE06900F90002D1FD0CC
:10BC1000DCF7E8FA0A9DE868002802D0C188491CD0
:10BC2000C180286900280B9C069E0AD00D98407D93
:10BC3000E3F7A4FF4000296908189421425A521CD6
:10BC400042520EA801250576A06808340023B9E009
:10BC50002068E3F74AFE0B9A117A4B090125294621
:10BC600099430EAB997605900E90206814460834DF
:10BC7000E3F71BFE00286ED02078C006049779D425
:10BC8000E3F7E5FD206810210143216076E0079885
:10BC900040680590DCF785FA796C081A0599401818
:10BCA00002D4796F884203D2DCF79CFA0120069017
:10BCB0003846F1F7D4FB02283DD10B984069006863
:10BCC000C10615D4400636D50D98407DE3F7FBFE3E
:10BCD0000B9B5869016840229143016098680821D4
:10BCE000884398601220E4F793F8D3F7B5FA22E07E
:10BCF000059500200F900E900D9D687DE3F7EEFEF8
:10BD0000687D0EA9E3F7DFFF2878032803D10D989B
:10BD1000407DE3F7EBFF0B9B5869016810229143CC
:10BD2000016098680821014399601220E4F770F8D7
:10BD3000D3F792FA059DA5420A9901D0888AC88254
:10BD4000069800280D9C00D036E10798016830461F
:10BD5000E3F79AFE35E15B480068E3F7AEFD0028A3
:10BD600026D00598002823D0DCF73CFA0EA83D2306
:10BD7000837723E0DCF736FA0EA8057637460A9873
:10BD8000C068002802D04188491C41800A9E306961
:10BD900000280AD00D98407DE3F7F0FE400031699D
:10BDA00008184A21425A521C42523B46049F05E061
:10BDB000206810218843206000231D46069E2168CC
:10BDC000202008437142714189014022904340186C
:10BDD0000C942060002D25D00EA8807F002869D10A
:10BDE0000EA8C07E00280D9C0C9D00D0DCE0B86C35
:10BDF000002800D1B6E0344E3068D821415C0129DA
:10BE00004BD10568D4F7E3FE012800D094E02079F7
:10BE10000E21414330689C228058C06B4069401815
:10BE2000C0798AE01C46029238461430E3F780FD60
:10BE3000054611900178032001400EAE0391717503
:10BE40002978890600D40220285CF075FFF7A2FD4E
:10BE50003075B96E796601230699002909D00C99CD
:10BE60000968194005D01626DCF7BCF90EA88677BC
:10BE700020E00B9949694978C907059A18D0002A2A
:10BE800016D0039903290ED13D261428ECD8194663
:10BE900081400E4801420BD1E6E7DCF7A3F90EA87A
:10BEA000012101765DE06878002801D03D26DBE7BE
:10BEB000002C0DD00D9C607DFCF776FE0EA8807FD7
:10BEC00060707CE09417002004170020120010001E
:10BED000019338461446E3F72BFD06460EA80021D1
:10BEE00001774176129606911091002C0D9800D1A1
:10BEF00047E10078022813D1287831780143C80639
:10BF000009D53C6DDCF74DF9796C081A001902D49B
:10BF1000796F884204D2DCF765F90EA80121017619
:10BF20006C78002C00D12CE10C98006808260640A3
:10BF300000D095E00A9CAAE001207E6CE3F75FFF49
:10BF4000281A7864B96C891B0818079A51688142CD
:10BF500001D9081A50600020B8647863384600F0B0
:10BF6000AFFA0C9D0EA8807E012802D1B86E7866CB
:10BF700004E01120E3F74CFFD3F76EF90A98C0688C
:10BF8000002802D00188491C01800A9E30690028DF
:10BF900007D0607DE3F7F2FD400031690A5A521C78
:10BFA0000A52207900F0BAFA0EA8007E012808D1C2
:10BFB0002868102188432860384600F0B0FA01262E
:10BFC00000E00026657D2846E3F7D0FD0C9909685E
:10BFD000002805D0480705D42846E3F774FD04E09F
:10BFE0000807F9D52846E3F779FD002E1DD00B9CF4
:10BFF000E569002D15D00D9E707DE3F7A8FD024682
:10C000002946103101232846F2F7B6F8707DE3F790
:10C0100097FD0146203508222846F3F7D2FE00207E
:10C02000E0610898E3F706FF01E0E3F710FC0998E8
:10C0300000280CD1DCF7ADF87F2805D00546EAF7DB
:10C040003FFA28180A990870384600F0DEFA0124F1
:10C050002046F7F793F8D3F7FFF8204619B0F0BD64
:10C06000D4F7B1FD012801D01C2000E0FC202042C3
:10C070000A9C0CD06878001F68700220A071122002
:10C08000E3F7C6FED3F7E8F80EA8407D03900398C7
:10C09000032810D10EA8C57D022D17D11198407824
:10C0A000022813D10EA8012101770C9D28680221D6
:10C0B0000143296042E00D980078032817D1207AC7
:10C0C000002814D00220109901434AE03846F6F7C0
:10C0D00037FD002821D00D98407DE3F789FE002E22
:10C0E0000C9D2BD00D98407D00F090FA26E0119821
:10C0F0004678D4F768FD012801D01F2501E0069895
:10C10000C543354028061ED00698B867FFF714FCD3
:10C1100000281BD00220109026E00D9800780328FC
:10C1200008D1272D06D1119840780B2802D10EA8EE
:10C13000012141770EA8012141760C9D28688021BC
:10C140000143296014E00698109011E0798FEAB25B
:10C150000198ECF7ADFAB867002801D0019900E02A
:10C1600002211091880703D50D98407DE3F740FE2A
:10C1700011980078A18AE182202101400EA88175E2
:10C18000129E012138460591F1F791F905463B468B
:10C1900028330B980168002911D0087A00070ED5C2
:10C1A000C86900280BD0AE4209D09E4207D00C4689
:10C1B0000C990868029A90430860214603E00F98A2
:10C1C00000280D9C17D0AE42039318D09E4225D074
:10C1D000486988610E46097B069D3573328A51187D
:10C1E00031828AB273889A421AD2F2895118C906EA
:10C1F00019D034461AE0E3F72AFB0B9EE3E00C4625
:10C2000003213846F1F731F93846E3F77DFBA8788A
:10C2100027280ED10EA8012141770AE00C4608E03C
:10C22000F469042502E000683446B06110982843A0
:10C2300010903846F8F71EFC05463846F1F70FF91E
:10C240000EA90E7F002E24D1012822D101213846CB
:10C250000691F1F72CF9064638463146E3F78EFB96
:10C260003246307880060B9E21D4907827284CD017
:10C27000154602280D9C52D10C990868069A104365
:10C280000860607D1F210A46FAF7FCFAB86E38672D
:10C2900045E0FFF75FFB002818D0E3F7D8FA0E98C7
:10C2A00000280D9C09D00B9E0399059808E01546BF
:10C2B0003846E3F75CFB0D9C31E011200B9E03999F
:10C2C000388538460D46E3F759FB71E0002CE4D081
:10C2D000012DE2D0012EE0D0E3F7B9FA77480068EB
:10C2E0008C214058218AE28951181F220A401018D7
:10C2F000811C38460D46E3F741FB38462146F8F7E6
:10C30000BFFBFC670B9E0D9C52E00D99887D507120
:10C31000C87D1546907100200A9A90820C4670697B
:10C320000068010715D4800610D5607DE3F7CBFBCC
:10C3300070690168202291430160B068042188433C
:10C34000B0601220E3F764FDD2F786FFE3F77FFACF
:10C350001FE0002017901690607DE3F7BFFB607D23
:10C3600016A9E3F7ECFC2078022802D1607DE3F700
:10C37000F4FCE3F76CFA70690168082291430160EC
:10C38000B06804210143B1601220E3F741FDD2F708
:10C3900063FF02213846F1F768F8706901684A07BF
:10C3A00006D5042291430160708B0699084370837F
:10C3B00001213846EBF724FC012804D168780028D5
:10C3C00001D0001D68701098810707D50C99097875
:10C3D000090703D5607D00F019F91098410705D5CC
:10C3E0003046ECF7F0FDF1F781F81098C0071ED049
:10C3F000119844780026D4F7E6FB012801D01F25C8
:10C4000000E0F5432540B86F40681199891C2A4621
:10C4100000F00EF9B86FC6614580119909780322C2
:10C420000A40017A11430172FAF792FCBE670EA826
:10C43000407E012831D100213846F1F738F8054611
:10C44000119801784078000240182880D4F7E2FC67
:10C450000646F1F756FB3043C0B2F6F7B3FB0EA920
:10C46000897D202901D0022100E00321119A511871
:10C47000001FC3B252789A420B9C00D30246D2B23C
:10C48000A81CDBF7F7FD2069016801220A4302605E
:10C490001520E3F7BDFCD2F7DFFE0EAD3846294686
:10C4A00000F0DDF8A87D202800D095E41198807870
:10C4B0008109384600F0D4F88EE4C0460417002005
:10C4C00070B5044606462C360546D035D4F77FFBBA
:10C4D00001280BD130790E2141430E4800689C227F
:10C4E0008058C06B40694018C07900E00120E3F734
:10C4F00086FC09494843000A103028603278032A34
:10C5000007D1626BA36C5B009A185143090A0818A3
:10C51000286070BD04170020710200007047F0B55C
:10C5200085B0054645208000039028582E464236A7
:10C53000002802D08188491C81802C4680342846FE
:10C5400000F08FF8686C02903788284600F08AF86F
:10C5500002462846394600F0CEF8EA6C4243696C40
:10C560008918696401903818049087B23088B842FD
:10C5700007D903982818092149016918C08900F0D2
:10C58000BCF8A06880218843A06028463946FFF7A0
:10C590000DFA074604983080002F18D1686C029974
:10C5A000461A2846314600F0A9F8074600280ED161
:10C5B0002846314600F0B1F80746002807D1284642
:10C5C0003146019A00F0DFF80746002806D02D35E5
:10C5D000287DFCF7E9FA2F7000206083206800288E
:10C5E00001D0C6690DE000260BE03546F669287AD1
:10C5F000000706D520462946F6F76AFC2846ECF7E0
:10C600008DF8002EF1D105B0F0BD70471CB5044681
:10C610006946E3F7BBFA0098411E0091002802D159
:10C620000198401E019069462046E3F74CFB1CBD73
:10C63000B0B5521E1F2313439AB2531C9AB29A42AA
:10C640000CD15209031D00240D591D51241D202C0D
:10C65000FAD100682031521E1304F3D1B0BD7047E7
:10C660007047704770B505462C20285C01240328CC
:10C670003FD1288F00283CD02846E3F759F92946B6
:10C680002831884235D12E462C365C20305C00069D
:10C69000800F2ED1FF20083028180078800728D47A
:10C6A0008F20400028180088002822D130790124EA
:10C6B0002146F1F79FF9002805D130790021F1F7E3
:10C6C00099F9002813D0284698304188C90710D01E
:10C6D000F18A0088401A81B202290AD3441EA1B20D
:10C6E000288F401C82B2914203D3044601E0288F78
:10C6F000441CA0B270BD104670477047426E511A7C
:10C700004166491E01D4002070478821405C8006A4
:10C7100001D5082070473E207047F8B50D46044605
:10C720003020205C0121F1F765F9274630370128D8
:10C730000ED13878012100F09CF8002808D1206F34
:10C74000411E1DD47D214904884200D8411B216728
:10C75000387800263146F1F74DF9012811D13878A3
:10C760000026314600F085F800280AD1E06E411E0F
:10C7700006D47D214904884200D8411BE16600E0CF
:10C7800022263046F8BDF0B585B00F46044641205C
:10C79000205C83214900615C25462C3501290DD19F
:10C7A000E3F7A7F9EA8A6E7D0023009301900293D4
:10C7B0002146E0313046E8F7D2FE10E01646E3F7B6
:10C7C000CDF904970746464368793618B0B2F1F7B9
:10C7D000AFFC6871F01B049F80B2F1F7A9FC014621
:10C7E000687DE3F7FBFA287802280CD12046E3F7AE
:10C7F00016F92046E3F7CAF8687DE3F7BCFA626CE5
:10C80000216D687D2DE0A66C608D3946F1F7A0FCA6
:10C810008019A16C002900D10D30E16C49083E3926
:10C82000884201D9082022E0A064616B4000002901
:10C8300001D00F1805E0616F0818276DB84200D8C5
:10C840000746264614363046E3F7E9F83046E3F764
:10C850009DF8687DE3F759FA606CA16C421A687D17
:10C860003946F1F77FFC608E401C6086002005B0E1
:10C87000F0BD80B5F1F7D3F8FD21084041424841B1
:10C8800080BD000070B504460C4800689C214558E6
:10C89000483526460E36052230462946DBF701FC90
:10C8A00000280AD0052230462946DBF7E3FB0120A9
:10C8B000E0726A20205A0A30A08170BD041700205F
:10C8C0001CB5EFF793FD0749884209D00402E8F749
:10C8D00097FD0068001901A9E8F79AFD01981CBDB1
:10C8E00000201CBDFFFF0000F0B583B004466F20A0
:10C8F000205CA76F26466C36002806D0307A0028C8
:10C9000001D0401E00E0F07930721B480068E2F769
:10C91000F4FF002814D03878002811D11748006897
:10C920000568786802A901AAE8F78CFD281ACD30BD
:10C93000012529462A46DBF748FC00280AD03D702D
:10C94000A06F083000F01CF83078E3F773FA01208C
:10C9500003B0F0BDE2F77BFFA17A3078E3F7A9F9E5
:10C9600020461430F6F798FEA0720921204600F008
:10C970000AF80020ECE7C0469417002004170020B6
:10C9800000218180704770B58AB00C46054609AA1F
:10C9900008AB08462946FCF731FC6F20285C0028CC
:10C9A00003D028466F30427800E00022687A0028E1
:10C9B0000ED003AE284621463246FCF756FCA98825
:10C9C00000950196002201232046F2F7B2FE16E000
:10C9D000E86FC721405C09A90978EAF759FECD3014
:10C9E000AE6F7060A9883046083000950190002233
:10C9F00001232046F2F79DFE4142414131700AB0C9
:10CA000070BD0000F8B50D460446C06FC721465CF6
:10CA1000E8F788FD084909680F684078801CC1B2B2
:10CA200000223046EAF734FE381AE863697C0029B0
:10CA300000D0F8BD6065F8BD04170020F0B587B0E0
:10CA40000590876FB8680390FE6BDBF7AAFB029036
:10CA5000787C01904000F969496808184478FD68BD
:10CA6000384624300490E2F75CFF0398801902995D
:10CA7000081A2946E2F70DF9064601250390002D14
:10CA800022D0F0B2A0421FD2761CBE7406A905982F
:10CA9000E8F76CFF0546DBF784FB01460698411A70
:10CAA000573907D400210A46DBF78FFB002803D053
:10CAB0000125E4E7DBF7A1FBE2F7C9FE049829466C
:10CAC000E2F7E2FF0025DAE7154804682046E2F7BE
:10CAD0000CFF00280ED02046E2F7FBFE002809D10B
:10CAE0000598C06FBE21405CFA7C0399CBB20199D6
:10CAF00000F018F8002D10D08C203C5C0A21072291
:10CB00002046F9F7BFFE6C200599085C0B2108222E
:10CB1000F9F7B8FE2046E3F78DF9E8B207B0F0BDAB
:10CB200094170020F0B597B01746002A0C910B908F
:10CB30000A931BD0E8F792FF04460DAD2946E9F7AA
:10CB4000D1FA287D0990DBF724FB0646E9F7B8FC0B
:10CB50003618687B23183F20C043A178C94301439E
:10CB6000607840182D7C0021089105E00020FF2509
:10CB70007F260895034609967C427C411C4909683A
:10CB80003D228A5C920630D53D310D22895600291E
:10CB90002BD5C0B20790401E0321014315318808F0
:10CBA0001F4683B2134800684069A1210522EAF7B5
:10CBB0006BFE002819D03A460746F0B20999009159
:10CBC000019002950A9803900898049007980590A0
:10CBD0000692381D0B990C9A234600F00FF8064870
:10CBE0007860A1203946EAF7D9FE17B0F0BDC046FB
:10CBF00004170020A017002009B80710B0B514468C
:10CC0000099A4273089D0573079DC572069D85723A
:10CC1000059D4572049D05720125C571837144719E
:10CC200001710346143303610A991846DBF722FAAF
:10CC3000B0BD0000B0B50446856F0E480068E2F74D
:10CC40005CFE411E8841E87420462946FFF7DAFE63
:10CC50008C20285C0B210822F9F714FE6C25605DFE
:10CC60000A210722F9F70EFE605DE3F7E3F80120E1
:10CC7000B0BDC04694170020F0B593B00B910546A7
:10CC8000006D0A90686D12906A200690285A11AEC5
:10CC9000308028466A3080780590687A0C90AC6FB6
:10CCA000E06B109060680D908C20275C2846FFF7A1
:10CCB000E9FD2C20089778434A49096809580FAFC5
:10CCC000049710A80390029612A801900D98009066
:10CCD0000B980C9A0A9B00F089F809900699685AFB
:10CCE000079030880B90685212996965109AE26338
:10CCF000387860744223E35C98420CD1401CC3B284
:10CD00000C9EB3420D9B07D30FAB002018700A9BFB
:10CD1000C9188B1A00E000230D93C0B20A9040009E
:10CD2000E16949680E5CA674081847780EA9284680
:10CD3000E8F71CFEB81B401CC2B228462146E8F7A3
:10CD400068FE01460E980D9A82180898F1F70AFAC3
:10CD500020462430E2F763FE284600F07EF80B9F61
:10CD60000798B8420C9E12D03746059E3046E2F72F
:10CD7000C0FEA16B00970190029129461431012356
:10CD800030463E460B9F3A46E8F7E9FBA872E07D45
:10CD9000400618D1701E00D801201349097F491E92
:10CDA000022900D30221B14200D30146C8B20A9938
:10CDB0004018E17DA27D521CD3B2984201D2E175A8
:10CDC0000DE0801AE075E86FBE21405C002231461C
:10CDD0002346E8F74BFE002800D07F1C27840998E3
:10CDE00013B0F0BD0C17002090140020F0B585B0F2
:10CDF0001E4601920B9A03921768C91B04900D18E6
:10CE000028461946E1F745FF044600964643A81B0D
:10CE10000A9D2946E1F73DFF411C0C980288131931
:10CE2000F7190E9A02920D9C019A914203D22E4656
:10CE30004E43F61904E000997E185B1C002137462A
:10CE4000039A1760038026600298017004982946AF
:10CE5000E1F71FFF401C05B0F0BDF0B581B00446FE
:10CE6000C07A00281ED026466036A089718981428A
:10CE700018D30020E072307B25460E352946E2F7B4
:10CE8000E2FE377820465C3005222946DBF7F2F8CF
:10CE9000E02038403178014331701434204629466F
:10CEA000E8F708FB01B0F0BDF0B58FB0099104467A
:10CEB000006D0A90606D0E906A20215A0DA80180C5
:10CEC000667A21466A3108918B78A76FF96B0C91CD
:10CED0002C21079359437A68264B1B6859580BAD90
:10CEE00004950CAB039302900EA801900692009259
:10CEF000099832460A9BFFF779FF4221795C2D7829
:10CF00008D42099009D1069B0A9A6D1CE8B2B04285
:10CF1000079805D20C99C91804E00C99079801E00C
:10CF20000E998918E8F7D6FC7F7C089800880DA92F
:10CF30000988814208D1E8B2F9B2814216D220466E
:10CF400000F01AF87F1CF6E7F9B2B14204D220468D
:10CF500000F012F87F1CF7E70026E8B2F1B2814238
:10CF600004D2204600F008F8761CF6E709980FB0C6
:10CF7000F0BDC0460C170020B0B5856FF6F7CEF9AE
:10CF8000FF280FD00446C000E96909680818416805
:10CF9000A1200022FEF714FB0120A04023216A5C9F
:10CFA00002436A54B0BD0000F0B593B01C4605467C
:10CFB000012964D10121062A66D12846F0F7D0FD67
:10CFC00007462846E7F73EFC4221465ABB7AC26C28
:10CFD000416C002B77D005910692F888FFF770FC22
:10CFE00000287FD00546049601465A3102913889BF
:10CFF00008AE30800888B080E86F0790B01D2946E1
:10D000005C310522394FB84730460B302946613133
:10D0100004220192B84730460F3029466531032279
:10D020000392B847079B1846C73040793076029F75
:10D03000B979E0220A40596F0B78DB07DB0E034316
:10D040001343337630461A30491C0622274B984743
:10D05000019A388AF082C721079B595C032900D0C6
:10D060000A46727606994900059A89184A426B6DFC
:10D07000049E99180DD5296DCB18401CF9E7204660
:10D080002946D3F711FF2DE009222846FBF75AFB6A
:10D0900028E008AA16845082B01C9082901C0022BE
:10D0A000E8F7E0FB687A03992170002811D02A2064
:10D0B000A0702B20607008A922312846D3F7B4FE57
:10D0C0006078421E0AE0009438463346D3F7DDFE0E
:10D0D00008E01C20A070232060702222E01C08A918
:10D0E000DAF7C8FFFF2013B0F0BDC0467580051009
:10D0F00080B540690149FAF749F880BD35F107105C
:10D10000F0B585B004468120205C04908220255C27
:10D110008020205CE76B26467A36002801D03178E3
:10D120000FE0204642300288A06A0023009301905D
:10D130000293214654312846E8F711FA01460120AE
:10D14000B0712846E2F7B5FD09484743390A091886
:10D150000498032801D04B3102E0FF201430091855
:10D160002046E2F791FC204600F004F805B0F0BD3F
:10D170007102000070470000B0B5044640694821C4
:10D18000405CE7F75FFB05464120285C2C214143CA
:10D19000094A12685118897C012906D12C35E9F712
:10D1A0007BFC00202870FF206875204600F006F800
:10D1B0002046F1F7C1FBB0BD0C17002070B54569E2
:10D1C000AC202C5C5F20C643002E09D0A819B221E8
:10D1D000415CFF2902D0AC3000F006F80C36F3E7D2
:10D1E0002046E9F759FC70BD10B50446016880205F
:10D1F0000122FEF7E5F9FF20A07110BDF0B5E3B004
:10D200000746FB4D2868E2F770FB04462868E2F702
:10D2100074FB0FAE00210C913172012171800A91D3
:10D220000902B181FF221146023171814221795AEE
:10D2300031807D693F21695C71721102109139461C
:10D2400040310B910E977D370D97002C09925BD0E2
:10D25000E8F704FC074600780F25284005287ED112
:10D260000D98807808903846F9F768FB06900E997B
:10D270008869C969239122A907910C9ECE712290D9
:10D280001996189638784006C00F18AC2070601CAC
:10D29000B91C06220590DAF7EDFE397817A802903E
:10D2A00013A8019007980090294001222046334698
:10D2B000D3F749FDFF2800D1CFE0D3F71DFE0128A9
:10D2C00006D117A800780021012213ABE8F712FE5F
:10D2D0003E7800241894F50918A807900570199451
:10D2E00008370622059839460592DAF7C3FE1594E9
:10D2F00015AF3D700C94169470B2002800DB85E0E9
:10D30000E0480168563183E0002868D02F463F3757
:10D31000787AE7F797FA04460FA800264673E8F7ED
:10D320009DFB014622A8FF22827201231B02038279
:10D33000C673043282810B9A528902817A7AC27250
:10D340004122A25C82730E9F3A46183223922291A8
:10D35000E9F7CCFB2846E2F762FB0D9E01E134467B
:10D360000D34EAF7D7F918AD8020287322A8199058
:10D3700038462946E8F7B6FE01220E9F3846294670
:10D380002346E8F73BFF012835D0002839D1301D6E
:10D39000079008360D9D6879E2F70FFC7C69B94962
:10D3A000096809680891E2F72AFD08990A1A2146D6
:10D3B0003F3108944434E87801280694059100D060
:10D3C00097E00C9828700220E8701D9868720F98FA
:10D3D00020800878002800D090E0FA628EE0EAF71A
:10D3E00099F90D9EB07800077ED40FA8FF218171B6
:10D3F00001210E9FB2E00B98C088401C0FA9488005
:10D40000A9E001213846E8F745FFA4E09E480168FD
:10D41000079C059A781CDAF72DFE17A8007800956E
:10D42000019001260222204631463B46D3F7B2FC4A
:10D43000FF2812D0D3F760FD18A901280CD1087875
:10D44000012809D118A88079C0210140402903D1C1
:10D4500022A815A9DEF7EEFA0C960E9FB869F969B5
:10D46000F6F73EF80899090736D40699012933D111
:10D470000C99002930D000282ED10D9E7079E2F74A
:10D480007AFC7869E2F74DFAE2F7E1F9E8F74AF851
:10D490000546082028701598C007400E08302870EF
:10D4A0000321E9700D21A9700E2169701399C9013A
:10D4B0000818287015A8411C281D06242246DAF7F2
:10D4C000D9FD13A8411C0A3528462246DAF7D2FDB9
:10D4D0000FA80021817202E0EAF71CF90D9E0020DE
:10D4E000F8630FA9487337E00FA8002141730E9F1E
:10D4F00037E018A8007D7F2800D0687218AF04922A
:10D500003A7B19990E98E8F7C6FE0FAC0C98E072BA
:10D51000787BE0711C98607129460B9DE888401C5F
:10D5200060804A7930460799E8F7FFFE2073089932
:10D5300004980864886205980078069A9070496992
:10D54000085CD07078890E9F2880386B796B401802
:10D55000B8630C98F8630D9E0FA8C17A384600F0A6
:10D5600095F8EDF7C8F90FA8807A00280AD00FA81F
:10D570004188384600F0DCF801467079002931D046
:10D58000E2F758FC0FA8407B002877D03846E8F730
:10D59000FAFEB078800771D50FA8407A7969183102
:10D5A000EDF778FA002869D04120840022A82146AE
:10D5B000D3F726F8E8F75CFF05460FA88079FF2827
:10D5C00018D0E8F74BFA014640780C900FAFFE797F
:10D5D00022A82246DAF74EFD0C98801B811CB879F0
:10D5E0000A9E0AE0E8F75AFF7079E2F723FC45E06B
:10D5F0009417002000210A9E09980C91CFB2AF42E7
:10D6000000D80646DAF7C5FD0446E8F759FF01469B
:10D6100018A8C672AF422E4600D80C9E86726118BA
:10D6200041730D99497A01730B99498981800FA93A
:10D630004A7942720F9AC2804A7A0272C97922AA42
:10D6400051181891DEF7D2FCAF420ED90FA98A7992
:10D6500018A8C2720C9A521B8272C97922AA511858
:10D66000F2B289181891DEF7C1FC0FA94B790A7A3A
:10D67000087B097900910E99E8F72EFF012063B02D
:10D68000F0BDC046041700209C170020F0B58BB0F9
:10D690000D4604464220215A66693F20325C3046DE
:10D6A0004C3000F090F8FF2838D0002D06D00C2127
:10D6B000414370184C30FFF797FD2FE02146813130
:10D6C0003546AC3568700C224243B0185322825C58
:10D6D0000A925422825CB06A0990F06A0890376B13
:10D6E0000978B08FEDF7EAF903462878716B0C4A98
:10D6F00007920C4A06920C4A05920C4A04920A229E
:10D7000003920292099A089DAA180A9D6F43D219A2
:10D71000019200918D222146E8F768F80BB0F0BD28
:10D72000BDD107106BF1071011D8071093F1071046
:10D73000FEB50E46044645693E20295C28463E302B
:10D74000029047782A461832384600F04FF82246B1
:10D750007F32B8420192009006D9C01B6F6B4743DD
:10D760001078000710D516E023464233002151708F
:10D77000198889191980E26A216B71435218E26293
:10D78000C01B6A6B42435718204639463246F1F7B0
:10D7900090F8002814D020463946F1F79BF800286D
:10D7A0000ED00646029800994170A86AC019A86276
:10D7B000E16B4908411A0198C078E8F78BF800E05E
:10D7C00000263046FEBDB0B50023FF24082B0AD04A
:10D7D0008579954202D00C305B1CF6E782888A423C
:10D7E00002D0FFF701FD2346D8B2B0BD70B5144694
:10D7F0000D460646F0B2401C2946E1F74AFA0E46AD
:10D8000008462146EDF746F90028F3D0F0B270BD86
:10D81000F8B546694720345CAC25705D3146AC31C3
:10D820004F78E2F7A8FA705D2146E2F742FA0C2041
:10D83000784330185421445CC56CB68FE7F772FE0C
:10D8400007210170710605D4611C4170032100227B
:10D8500002230CE002218170E11C4170C17840225A
:10D860000A43C270054909684A7A05210423C25453
:10D87000401829462246DAF7FDFBF8BD04170020C0
:10D88000F0B589B0054646693F20325C80202B5CAC
:10D89000EF6B2C46803461780891A078002B1AD168
:10D8A0002B46423331463E3105921A8804920A785B
:10D8B000A96A079073690092019102932946543135
:10D8C000012006900798049A069BE7F748FE079800
:10D8D000059A069921707169895CE2F7EAF90A48AC
:10D8E0004743390A09180898032801D04B3102E050
:10D8F000FF20143009182846E2F7C6F82846FFF73B
:10D9000039FC09B0F0BDC04671020000F0B5C7B0E7
:10D910000446EAF779F80546F320285C211D0C91AE
:10D920003EAA214620310D912E46EA36002838D0F5
:10D93000002777720D9EDAF755FCA86B001DE2F701
:10D940006EF8F07AFDF79AF8FF20F072B07AE2F7FD
:10D9500071FAB0352878FF2850D1022F41D0012F1D
:10D960004CD1A07E0546E53D00D20025317B264600
:10D97000E27E4408722C01D920231A43002902D1E7
:10D98000FF210C9B1970401BC1B2D3B200220C982E
:10D99000D3F7BCFB732C31D3F37EE9B2E5220C98AC
:10D9A0002AE00A920B94DD4C2068E1F79EFF0746BF
:10D9B0002068E1F7A2FFDA490968D822895C0029CA
:10D9C0000CD000281DD0A86B001DE1F7AAFFE1F7DD
:10D9D0003EFF0D998879401C88710FE000270B9C51
:10D9E000A8E70021A1766161E07E40220243DF23A7
:10D9F0001340E3760C980A46D3F788FB002047B023
:10DA0000F0BD002F2ED0DAF7C8FBF17903220A40CF
:10DA100080001018F071E1F71AFF0D98C07A092103
:10DA20000A46F8F72FFF2F68B9783878099030AA9E
:10DA30007F209082FF20D0740023309380220692B2
:10DA400033920EAA31920F22079289060B9C1FD0A7
:10DA5000F978C9073A461FD10D99097B002924D0CE
:10DA6000002032E00D988079022701280B9C07D016
:10DA7000042805D0032802D12846F1F7A5FB00278A
:10DA80007078400700D555E70020E866286751E721
:10DA9000059318463A463BE001200D990873284645
:10DAA0001746F1F7BAFB3A460FE000213F913E904E
:10DAB000174632783EA8009101900346E7F738FCFC
:10DAC0003A460146FF3948424841D178890702D495
:10DAD0000021059109E001210591002805D12EA919
:10DAE00028461746F1F7E3FB3A4691788B0901285F
:10DAF0000ED1307A002808D1284674300893174692
:10DB0000D3F74DFA3A46089B3072401E411E8841B9
:10DB10000999079F3940002808931DD107291BD177
:10DB2000099130AF10463946E8F7DCFAF97C00205D
:10DB3000FF290FD0A18C30AA12898A42089B09992B
:10DB40000AD00D9881790A1F50425041012926D0F0
:10DB5000470025E0089B0999002806D1002B04D036
:10DB6000082906D10D98807909E001280ED10027F7
:10DB700016E007290AD10D988079002806D0021FE7
:10DB80005142514101280AD04F0009E00F460D983B
:10DB9000C07AE2F712F804280CD002460BE0022704
:10DBA000E9F7B8FD0126F1F7B0FC002E0D9E00D07C
:10DBB000C1E6CEE602223946072F089F4BD10790D7
:10DBC0000392309B581E1946814109910493002B02
:10DBD00050D0E9F79FFDA86B001DE1F720FF30A8AA
:10DBE0000390807B06214143C8B2C5490968096892
:10DBF0000A913099E8F73EF90646C2494143CC09FB
:10DC00000798E2F7FCF807467D2000012118A86B71
:10DC1000309C001DE1F738FF7008C0190A990919F6
:10DC2000091A0D9CE07AE7F755FE0398C07B6072F5
:10DC3000E07A06990843E2F7FDF8A0790026042867
:10DC40003FD003280B9C40D00127002801D10D981C
:10DC500087713346EAE0012600270829A3D10D98F1
:10DC6000807906289FD128462146D3F721FA00273C
:10DC70003E4698E70D98807900282CD030A8407D4A
:10DC800001280D9E00D0A4E028465430317B0029A5
:10DC900048D0294655310A794B791B029A183AAB7C
:10DCA0009A805522AA5C4B781B029A188B78C97807
:10DCB0000902C918090489183A9129465B3102788A
:10DCC00044E001273B460B9CB0E004200D9988718D
:10DCD00001273B46AAE0002FD0D00D98C079281824
:10DCE000AA21405C0128C9D12EA800787178490783
:10DCF00000D589E0022F0D9E6BD1FD2869D0012748
:10DD00000023284603993A460A93F1F75BFB012862
:10DD10005FD10220B0710A9B1E4687E09417002055
:10DD200004170020617AA27A120251183AAA91804F
:10DD30006179A27912025118E279237A1B029A18AA
:10DD4000120451183A9121460B3122790A9F20374B
:10DD5000FF2A17D1294675310A794B791B029A1887
:10DD60003AAB9A807522AA5C4B781B029A188B7882
:10DD7000C9780902C918090489183A912021425C1E
:10DD800029467B31039230AEF07C0A9008780790E8
:10DD9000307B31993CAA0692D3F734F97870002091
:10DDA00038703EAF039838760D99087A78750698E2
:10DDB000409016363F960E46384619303AA906224C
:10DDC000D2F760FC0A9807990143F9773846D3F7F0
:10DDD000ECF8B079801E002304280ED801271E46D7
:10DDE00078440079400087442102021E2100284621
:10DDF000F1F7ADFA01200A9000E00A93E9F78AFCF6
:10DE000001273E460A9B11E0012F0D9EE1D1FD281E
:10DE1000DFD00022012328460399F1F7D3FA012825
:10DE2000D7D10520B07100273B463E46A18C28463D
:10DE3000099A0A93F1F772F9012802D100270A9B87
:10DE400056E00996E07E17210140E17628680B90A4
:10DE50000D9EF1792846F1F7A2F92077317A28460C
:10DE600000F052F8E0773598A077DAF792F9064695
:10DE7000E8F726FB3018607730A8417B0B9A5118E1
:10DE8000616191781346C943C0220A4359788918C1
:10DE9000A176C07CFF2801D00D99087030A8407D84
:10DEA0000128089A0A9B01D0002000E03698099EBC
:10DEB0002083E07E0499002901D020210843002B13
:10DEC00001D0082108431043E0760D99097B012910
:10DED00004D1696DAA6D0C9B06C30A9B05990029A4
:10DEE00006D02F992E9AE260216104210843E07642
:10DEF000002B00D157E60020E866286753E6C046AD
:10DF0000041700207102000070B50C46F121455C39
:10DF100003266640F5F7DCFA0121414031430C222B
:10DF20002A40042A204600D11046002900D020466D
:10DF300070BD0000F0B585B00D460446002901D043
:10DF4000032000E00120E7F733FC0390274F04A8EB
:10DF5000FCF78CFD00280FD026469C36A9006318DC
:10DF60008C21595884229A58511A012807D10398B4
:10DF7000012806D81F4F05E03946C2311AE008468D
:10DF80000EE01B4F02930191F1F7E0FA381A049961
:10DF90004018019F0490B84200D33846029B134FAB
:10DFA0007168002905D0326851189A6C891A81422B
:10DFB00000D3014621656619A820315C0295AC2585
:10DFC000705DE1F776FE705D0399E1F7AEFE705D7E
:10DFD000E1F79BFE0298800020188068216D4F4376
:10DFE000390AE1F751FD05B0F0BDC04671020000ED
:10DFF000DCFBFFFF34FEFFFF80B50349C97A814295
:10E0000001D9FAF7EBFA80BD9014002080B5406981
:10E010000149F9F7BBF880BDF9DF071010B50446D8
:10E0200000200121074B2246EBF746F8064800681E
:10E03000A8214058E100425CCF23134020334354D1
:10E0400010BDC046204E0000B4170020F8B5294E80
:10E050003168A8254959C4000A5DD3060ED4930639
:10E0600046D50919930735D0FC231340521E0324CB
:10E070001440E2180A70FFF7D1FFF8BDFFF7CEFF9A
:10E08000306840590019841C6520C64337466537FF
:10E09000194800683421405C7F1C874228D215480B
:10E0A0000068A42540598019703668300622214640
:10E0B000D9F7F7FF0028EBD10E4800684059815D81
:10E0C000FB2915D1102181550E20E1F7A1FED1F7D2
:10E0D000C3F8F8BD35460024082208462146D9F782
:10E0E000D3FF3068B02144544121425C521E425457
:10E0F000F8BDC046B41700209C17002080B5022848
:10E1000002D8FFF7A3FF80BD0449C97AC91C814228
:10E1100003D9C01EC0B200F003F880BD90140020E7
:10E12000FEB505467020029045430F480068A421C3
:10E1300001914058471939890220012400262246BE
:10E140003346EFF7C3FD38462146EFF771FD3889B6
:10E15000EFF754FD044800680199405840193146D2
:10E16000029AD9F791FFFEBDB417002080B540692F
:10E170000149F9F70BF880BDFDE00710F401FA0042
:10E18000960064004B0032001E001400F401FA00F7
:10E19000960064004B0032001E00140038B50500E4
:10E1A0000C002000E2F766FCA04200D00025280009
:10E1B00032BDD021FF224254704709888088084030
:10E1C00000D086207047098882888A438280002098
:10E1D0007047098882880A43828000207047B0B562
:10E1E00005468068428901894220FDF703F904460B
:10E1F000002810D1A868428901890120EFF7D4FCDA
:10E20000A86881884A0603D5FAF7BAF8A868818811
:10E210000222914381802046B0BD10B504460078AB
:10E22000002801D0002010BD60688189491C89B296
:10E23000F5F7D6FB0346A068428901890220FCF766
:10E24000DDFF002800D010BDA068C06881891922B8
:10E25000F5F7BFFDA068C06801214180842010BD92
:10E26000F0B591B0074609AC102020747868818918
:10E27000491D89B2EFF7BFF8A08178680FAE0EADE7
:10E2800031462A46F2F7DFFD368878680697B96886
:10E290004488C868818907220290F5F79AFDE01F3B
:10E2A000298804910121059180B203900196059877
:10E2B00087B23C1D06988068C08884423CD8B0B2C2
:10E2C00009AA0499F5F7C0FC002835D0054610A826
:10E2D0000090002208AB0698294600F03DF88628F9
:10E2E00028D0002836D16E88089843680698406880
:10E2F0008189C91D89B2039F3A46F2F7ABFB0899A1
:10E300000988B94216D1002814D107AF3E70300AEF
:10E3100078702846F2F702FE0646B870000AF870D8
:10E3200002988189059A891889B204223B46EFF741
:10E330004FF80594761CBAE7012F07D106200A2270
:10E340000199029BF2F748FD862003E002980599A7
:10E350004180002011B0F0BDFEB51F460646089D65
:10E3600000242C700078012807D1306900281FD0C4
:10E370000C363E600020287029E00292B0680089C7
:10E3800001913A462B4600F024F8002812D0842848
:10E390001DD101984388B068428901890298009094
:10E3A0000220FDF759F8002811D17B20C0430EE070
:10E3B0000E2005E038680188029A914203D20720B6
:10E3C0002870862003E04168891841602046C0B269
:10E3D000FEBDF8B51C4600920E46074601220846CF
:10E3E0003946F5F781FC20708625002808D138468B
:10E3F0003146009AEBF796FB862802D10E2020705A
:10E400002846F8BDF0B58FB0014640680191896893
:10E41000CF680DAD0EAC29462246F2F714FD2888D0
:10E420000790EBF745FB02462088029000252B461B
:10E4300000950395002A069550D0508807900299C0
:10E4400088424BD8A8B2C01801998968C988884207
:10E4500044D81C4608AD059210462946EBF73AFB16
:10E460002E7C0398000606D00098864239D1C00859
:10E470000490069D16E0B98905223846F5F7A9FCF7
:10E48000102E01D0022200E00122069DB889401C16
:10E4900081B238460392F5F79CFCAD1CF00804905D
:10E4A000841C0096B889401981B23846079AF5F75E
:10E4B0004FF9B8892818861C08A800F020F80346F0
:10E4C000B1B20498C2B23846EEF782FFE0B22D181E
:10E4D0000598EBF75BFC02462346ABE70398000682
:10E4E00003D006987880002007E0079881B20420C6
:10E4F0000A223B46F2F770FC86200FB0F0BD017C8B
:10E50000802900D00C30704770B586B00446007882
:10E51000002814D0A589A068C188491FA94200D845
:10E520000D46AAB22369C0688189491D89B2EEF7F8
:10E530004FFF681DA168C9684880002040E06068FE
:10E540008189491C89B2EEF756FF0546032205ABC7
:10E550002046294600F036F8002808D00246A06878
:10E56000C36816202946F2F737FC862028E0606849
:10E570008189C91C89B2EEF73EFF06466068A16832
:10E580004A89098943885B1F9BB2009601930290D8
:10E590000A202B46FCF7B2FE002811D103AB5D70B8
:10E5A000280A9870DE7017201870300A1871A06859
:10E5B000C06881890522EEF70BFF0020606084208F
:10E5C00006B070BDF0B585B01E4614460F46054630
:10E5D00001A801810271A9680191F9F775FE8628E9
:10E5E00001D112200CE03846F2F786FC306000289A
:10E5F00005D0A96809892246F5F776FB00E00120DD
:10E6000005B0F0BDF0B597B00446406815A914AA4E
:10E61000F2F719FC0A9460688189491D428889B221
:10E62000072A05D1EEF7E7FE0FA98881102004E044
:10E6300010220FABEEF7B8FE80200FA908740A98DD
:10E640004078102801D0022100E0042107910A9AA5
:10E650009168CC68CB8805931278002A04940AD07C
:10E660006588022D15D3A089401C81B22046F5F79C
:10E67000B7F906460EE015AA1588102812D10FA882
:10E68000F9F78CFE002800D1B8E00895A189112285
:10E690001BE00026A089401981B22046EEF7ABFEB0
:10E6A000089018E00BA8058102220271149A428199
:10E6B0000B910FA90E91F9F707FE862802D116A833
:10E6C00012229DE00895A18909222046F5F781FBD9
:10E6D0000125658000260598801E019014A80088F9
:10E6E00003900996F6B20695AFB2B819059988421B
:10E6F00074D8089885B20FAA28460399F5F7A4FAAA
:10E7000000286BD00446029516A8009000250BAB9C
:10E710000A9821462A46FFF71FFE00284FD10B9882
:10E72000008807990918012F11D1FF2900D3FF2173
:10E730000198814200D301990991CAB2049EB0891F
:10E74000401C81B23046F5F744FB022703E0B1429A
:10E75000049E069F5CD165882046F2F7DFFB089097
:10E76000B089C01981B230462A46F4F7F1FF079804
:10E7700009990A1A3C46BF1C0A98407810280AD109
:10E78000B089C01981B23046089D17462A46F4F771
:10E79000DFFF3A46271D2C46B089C01981B20B987D
:10E7A0004368D5B230462A46EEF712FE7D197580D1
:10E7B00002200A990870601C0890099E91E786283B
:10E7C000069A16D084280546049821D18189891893
:10E7D00089B2029AF4F7BCFF842519E0012F06D113
:10E7E00016A80A22027015A80588049C09E00025D5
:10E7F0000EE016A80278049C089D02E016A81022DC
:10E8000002700A984078A9B22346F2F7E5FA862505
:10E81000284617B0F0BDF0B58BB005468068C468D7
:10E82000C7882878002824D02E460C3605966868BC
:10E830008089401C81B2042204AB2046EEF7B4FD6F
:10E84000308869787F1E0C2903D1874253D20499FE
:10E85000401A80B2874200D30746BAB27368A089D3
:10E86000401C81B22046EEF7B3FD781C608000208A
:10E870004DE068780C28029707D168688189C91C27
:10E8800089B2EEF7B8FD0D2201E00B22002004AFA3
:10E8900003903880A1892046F5F79BFA6868818942
:10E8A000491C89B2EEF7A7FD0646788007A80681C5
:10E8B00001270771A9680791F9F706FD862801D19C
:10E8C000122715E03046F2F717FB002810D001465A
:10E8D00006A8009005AB2846039AFFF73DFD0028E7
:10E8E00017D0842818D0862811D106A8077807E009
:10E8F00006A8077004E006A80B27077004A846883E
:10E90000687831463A462346F2F766FA86200BB01D
:10E91000F0BD059E029F93E7A089401C81B20422AE
:10E9200004AB2046EEF754FD8420F0E7F0B58DB03F
:10E930008168CE68C988069101780029079009D0BE
:10E940007788B089C01981B23046EEF754FD079937
:10E9500002460CE040780E2801D0212200E00F2270
:10E96000B1893046F5F735FA01221746079948680C
:10E970008078801AC0B2450808780028029666D0D0
:10E98000079908460C300190EDB2FF35E8B200233C
:10E990000393A84200D1B3E0BCB20698A04200D8CD
:10E9A000AEE0486881890592891889B202220CABD1
:10E9B0000492EEF7F9FC07990878012802D1019832
:10E9C00008900DE00CA80088F2F796FA0146079827
:10E9D0008068008908AAEBF7A5F80799842865D014
:10E9E0000698041B48780E2809D1B089C1190898E7
:10E9F0000288944200DB144689B2A2B213E0B089C7
:10EA0000C01981B2089A304616883246F4F7A0FE43
:10EA1000A41EB44200D33446A2B2BF1C029EB089E9
:10EA2000C01981B2089843683046EEF7D1FC3F190F
:10EA30007780079948782028059A04D10698C01B4A
:10EA400080B202285CD304980870921C9CE70021D5
:10EA50000592079C88B2A84292D20491490060684E
:10EA600082895118491C89B202220CABEEF79CFC3A
:10EA700008A8012606710C990181A1680891F9F78F
:10EA800023FC86282AD00CA80088F2F735FA002843
:10EA900027D00799896809890122F5F725F9002807
:10EAA0001ED10499491C029E059AD3E70CA803883D
:10EAB000886842890189002000900220FCF7CCFC84
:10EAC00003900028059A1BD17780B089C01981B2C4
:10EAD00092B23046F4F73CFE842010E0122600E0AB
:10EAE00006460CA80188079840780E2801D10E2010
:10EAF00000E020203246029BF2F76EF98620039058
:10EB000003980DB0F0BDF0B589B004460078002838
:10EB100001D000203BE06068A168C9680691468882
:10EB20008189491C89B2EEF766FC0546F11E6078C2
:10EB3000002752280CD0D2280ED1A0684089042882
:10EB400024D10F3E052201270020049005960EE0F7
:10EB50000591042204970AE00591069EB1891322CB
:10EB60003046F5F736F9012004907080032207AB98
:10EB700020462946FFF726FD024608A80270002A13
:10EB800007D060782946069BF2F726F9862009B05F
:10EB9000F0BD002F08D06168A068008900F023F85C
:10EBA000002801D00022ECE76168079808AAF9F76D
:10EBB0003BFA0028EBD0842812D16068A1684A890A
:10EBC0000989059B9BB20095019302900A20049B42
:10EBD000FCF7C8FC0028DAD1002060608420D6E76A
:10EBE00008A80278CDE7F0B58DB00D464F88EAF75A
:10EBF000F5F9002805D00446407C400603D4B12036
:10EC000034E0022032E02146483105A81022D9F72D
:10EC100031FA083FB9B20C2202AE28463346EEF76D
:10EC2000C3FB3078717809020818B17809044018DC
:10EC3000F17809064118E06E814201D8401C10D1DC
:10EC40000191FAB205A809AE29463346F5F75FFDF2
:10EC500002A8001D083608223146D9F722FA0028FA
:10EC600001D0052002E00198E06600200DB0F0BD63
:10EC7000D021FF2242547047D121FF2242547047D5
:10EC8000F0B5FFB08CB00C4605468B68CA88898801
:10EC900007A8801D00F034F8280702D5A068E9F71E
:10ECA0003DFD07A84189059101890391C188029121
:10ECB0000C3004900025049EA8B2059988421CD20D
:10ECC00031188AA8069002242246D9F7D3F9A81C45
:10ECD00080B2311889AF38462246D9F7CBF9281DC2
:10ECE00084B230193B8806990A88009002980399EB
:10ECF00000F01CF838882518DEE77FB00CB0F0BDB6
:10ED0000B0B51C465B88150AC57082700A0A42704D
:10ED10000170591E01710A0A4271A589831D8AB2C8
:10ED2000681C81B22046EEF73FFBB0BDB0B5FFB026
:10ED300083B01C466D462B73AA722972A8711B0AF8
:10ED40006B73120AEA72090A6972000AE8712846AE
:10ED50000E3086992246D9F78DF920460A30A870E0
:10ED6000000AE8700F202871FF2068708220287048
:10ED70000C2068710E34A1B22846EBF7D0FD7FB0AD
:10ED800003B0B0BDB0B5FFB085B00C4605468B688A
:10ED9000CA88898802A8801D00F011F8280702D5CA
:10EDA000A068E9F7BBFC02ACA38962892189E088ED
:10EDB0000E340094FFF7BAFF7FB005B0B0BDF8B5D0
:10EDC0001C4617460E460546588800909889401CF8
:10EDD00081B21846EEF70FFB0099C91E0A0AEA71C4
:10EDE000A97128713A0AEA70AF70320A6A702E70FF
:10EDF000000A6871A08908358AB2C01C81B2204619
:10EE00002B46EEF7D1FAF8BD10B5FFB083B0898874
:10EE10006C46A01D00F014F8217A481DA070000A6D
:10EE2000E07001202071FF20607082202070082097
:10EE3000607109312046EBF772FD7FB003B010BD61
:10EE4000017000228270090A4170704780B5022863
:10EE500007D0012809D0002806D10020D1F746FEAE
:10EE600080BD0020D1F73BFE80BD0020F8F764F89C
:10EE700080BD1CB589886C46E01C00F00BF80520AD
:10EE8000A070132060700420207008212046EBF74A
:10EE900046FD1CBD002202710122C2704170027049
:10EEA000090A8170704700207047002070470020D9
:10EEB0007047704770B504463020255C608FFFF7BF
:10EEC000F8FFFF20123026182846D2F7A6F80028AF
:10EED00004D03034607C0121FBF7FEFD002030704F
:10EEE0001520E0F795FFD0F7B7F970BD7CB5044663
:10EEF000E0F71EFD054601212046EEF7D8FA26462A
:10EF00002C36214628318D4210D085420ED0E16F3B
:10EF10002046F5F7B5FD01212046E8F771FE0128EE
:10EF200004D16878002801D0001D68702546D035CE
:10EF30003078032813D101A8FBF798FD012806D0EB
:10EF400000280AD1606FA16C4900081806E0216D05
:10EF50000198884202D3084600E0206D6860204690
:10EF6000F0F76EFB2046FDF7ABFA29681434204613
:10EF7000E0F78AFD7CBDF0B589B04222855A426C2B
:10EF800001925118069191214900411802910146C0
:10EF90004231059101462D31039107909A3004903A
:10EFA00000200890A9B20122079E3046FDF7A3FB7E
:10EFB000F16C4143726C54187464089941180891BB
:10EFC0002D18AFB230463946FCF7F0FC0646002853
:10EFD00002D10698201AE5D4059C2088B84207D9AA
:10EFE000092040010799091802980088FDF785FB60
:10EFF0002580002E089D18D10798416C019A8F1A20
:10F000003946FDF77BFB064600280ED107983946A6
:10F01000FDF783FB0646002807D1079839462A46A4
:10F02000FDF7B1FB0646002807D0039C207DF9F7C9
:10F03000BBFD2670002004990880284609B0F0BD69
:10F0400080B5002100F001F880BD002901D0002129
:10F05000C16700210172704710B504466C20205C26
:10F06000A17AE0F726FE20461430F4F715FBA072D3
:10F0700008212046FDF787FC10BDF0B583B00D4692
:10F080000446FDF7FFFB266D28463146DFF701FEFB
:10F090006A27E15B451C4819E0536E43606D811996
:10F0A000616526466A36B078E6F714FC2046FDF71F
:10F0B000D4FEB078E0F71DFDE25BB6780023009344
:10F0C00001900293214614313046E6F748FAA072C7
:10F0D000A06F0830E8F758FE284603B0F0BD80B5B1
:10F0E000FFF7AEFF80BDB0B50546846F8C20205C75
:10F0F000617CA26B515CE0F7DCFD00212846E6F75D
:10F1000035FC014624342046E0F7BEFCB0BDB0B566
:10F1100004466C20205CA16F4D7C896B495DE0F753
:10F12000C8FDA01DEDF77EF90A35E9B22046FDF7CE
:10F130002AFCB0BD80B5002800D080BDE6F778FF7E
:10F1400080BDB0B50A460446016B1046DFF7A1FD4D
:10F15000451C20462946E7F7EAF8002803D182201B
:10F16000205CE7F79BF92846B0BDB0B54469AC20F8
:10F17000205C2146AC314D78FBF780FCFF20E0F7A6
:10F1800059FE0C20684320184C30FEF72DF8012062
:10F19000B0BDB0B54469AC20205C2146AC314D789F
:10F1A000FBF76CFC0C20684320184C30FEF71CF871
:10F1B0000120B0BDF8B504464669B06A471820463C
:10F1C00082300090002501212046FEF7B1FA002888
:10F1D00003D100980078E7F761F9B06AC0433818A6
:10F1E0006D1C0028EFD52846F8BDB0B50446282090
:10F1F000205CE6F7DDFA05462834E0782946E0F79A
:10F2000094FDE0782946E0F7C6FD6178E078E0F704
:10F2100050FDE078E0F779FDB0BDB0B504462B2590
:10F22000405DFBF72BFCFF2060550120B0BD80B591
:10F230000121FEF77FFE80BD80B50021FEF77AFE3A
:10F2400080BD10B501242246EFF79EFE204610BD7A
:10F2500080B50022EFF798FE012080BD70B4012335
:10F26000002413E00168001D194202D04D466918C0
:10F27000491E0C60091D121F042AFAD20D009607C0
:10F2800001D50C80AD1C1A4000D02C700268001D06
:10F29000002AE7D170BC7047F1B401684118436897
:10F2A00058080A1800988068DB0701D54B46C0183B
:10F2B00091422DD00D78491C032403262E4002D103
:10F2C0000E78F61C491C2B090F2B07D10B780F3336
:10F2D000491C03E00F78491C0770401C761EF9D1C9
:10F2E000002BE5D00E78491CAD082C40032C01D131
:10F2F0000C78491C24023419654244190025AE1EBD
:10F300009E42D5D02678641C0670401C6D1CF6E722
:10F3100000980C30F2BC704745FFFFFF040000006E
:10F3200030000020640000005C000020AC110000F0
:10F33000300600200000000061FFFFFF19010000FF
:10F340000E000000C000002051FFFFFF1001000070
:10F350007003000050020020000C000208000402AC
:10F3600000011703010D0301010001010015020056
:10F370000309000309000101000101000506001452
:10F3800002000309011618001618001403000801F2
:10F39000010801000609010609010703020703002D
:10F3A0000705001603000A02020A010009230012E1
:10F3B00002011202010E24020E09020E10001004B6
:10F3C000000B04020B05000B0500110B02110B00D2
:10F3D0000C04010D0B00092B00BD1A3CCDA6B899F9
:10F3E0005899B740EB7B60FF4A503F10D2E3B3C956
:10F3F00074385FC5A3D4F6493F6C888391AAF5A5FC
:10F400003860370BDB5A6083BEE69D350E4801033A
:10F41000CCDBFDF4AC1191F4EFB9A5F9E9A7832C8D
:10F420005E2CBE97F2D203B0208BD28915D08E1CF1
:10F43000742430ED8FC24563765C15525ABF9A3200
:10F44000636DEB2A65499C80DCFB349B5F80000088
:10F450008000100000F2FF0001F16A01520001F08B
:10F460000302E95305100001C3B55218400B455380
:10F470004C5F5858000002010607090D10160303DF
:10F4800057180080100410280046006492041012DF
:10F49000001E0001000702700F000020170020016D
:10F4A0003000FC00EC00008048404B700140488078
:10F4B0000CF10718A101420A1623080103F00133D9
:10F4C000020A0001322201114B10062217410032BC
:10F4D0002000C80212010F200201900030611006C6
:10F4E00003072000FB349B5F921780000620010277
:10F4F000290007100400A8B704100308121104F033
:10F50000020F741600208D100CFFFF0000A4E6040B
:10F510001046450000ECEA0811EF200690C70410E1
:10F5200011001800481232041003C4140020FF0117
:10F53000212E160239A17843002A786101E002D019
:10F5400003002024D20124E00250E2041024D2045B
:10F5500024F2025C24D2A624126824B001220709F6
:10F5600024C3882B242101B1B04218209201241217
:10F57000020C12E4B8D203706554129C68B1D0F149
:10F5800002446101214C10035D1C07108D04129F81
:10F590000412AF0412D30412E30422FF0451011138
:10F5A0004212482B200448004000410448100A241D
:10F5B000F4000204010150130020A0045250042161
:10F5C0001B6108F40411840500207005D4F00207C3
:10F5D000E7D60510046180D001E2ED041420040098
:10F5E00000DE050510D4F20A8864F006030534062F
:10F5F0001011340610206510A52C4703282C140682
:10F600005BC60510D342071020000704025B01010E
:04F61000050F01EAF7
:04000005100765C9B2
:00000001FF
